Unnamed: 0,dim1,dim2,dim3,phase,library
SRR11286370,0.13855724,-0.08929353,0.9863208,G2M,U2OS
SRR11286371,0.40860724,-0.0634299,0.91050357,G2M,U2OS
SRR11286372,0.93209314,-0.12649511,0.33941308,G2M,U2OS
SRR11286374,-0.10533021,-0.9861448,-0.12815526,G1,U2OS
SRR11286375,0.7665105,0.08069708,0.6371417,S,U2OS
SRR11286377,0.72446495,0.07181392,0.6855605,G2M,U2OS
SRR11286378,0.21665925,0.64119565,-0.73615694,G1,U2OS
SRR11286379,0.4229779,-0.25096598,0.8706927,G2M,U2OS
SRR11286380,0.084696375,-0.9605297,0.26496997,G1,U2OS
SRR11286381,0.5576081,0.17659454,0.8111026,G2M,U2OS
SRR11286383,0.9541727,0.26008397,0.14802267,S,U2OS
SRR11286384,0.79308057,0.39743966,-0.46158963,G1,U2OS
SRR11286385,0.9432237,0.32009366,0.08870802,S,U2OS
SRR11286386,0.18188146,-0.6875931,0.70294744,G2M,U2OS
SRR11286387,0.9041578,-0.16321988,0.39478838,S,U2OS
SRR11286388,0.007736149,-0.46303526,0.886306,S,U2OS
SRR11286389,-0.0017813577,-0.72288376,0.69096714,G2M,U2OS
SRR11286390,-0.70773596,0.43672556,-0.5553203,G1-G0 transition,U2OS
SRR11286391,0.8942288,0.20358351,-0.39863312,S,U2OS
SRR11286392,0.29741248,-0.6005036,0.74225414,G2M,U2OS
SRR11286393,0.277059,-0.79878753,0.5340194,G2M,U2OS
SRR11286394,0.9806335,0.16810341,-0.100494966,S,U2OS
SRR11286396,0.76110613,0.6483494,0.018986672,S,U2OS
SRR11286397,0.63735396,-0.16569334,0.752546,G2M,U2OS
SRR11286398,0.9542789,0.28873795,-0.07734452,S,U2OS
SRR11286399,-0.05578064,-0.6902249,0.7214417,G2M,U2OS
SRR11286401,0.58748925,0.7698291,-0.24943855,S,U2OS
SRR11286402,0.71001154,0.30401328,0.6351845,S,U2OS
SRR11286403,0.2644691,-0.9642148,-0.018597787,G1,U2OS
SRR11286404,0.35164115,-0.76618403,0.5378761,G2M,U2OS
SRR11286405,0.12432636,-0.24520603,0.9614661,G2M,U2OS
SRR11286406,0.61559665,-0.6139757,-0.49403885,G1,U2OS
SRR11286407,0.55743986,0.052502256,0.8285555,S,U2OS
SRR11286408,-0.03297345,-0.7653467,0.642773,G2M,U2OS
SRR11286411,0.9689492,0.21938342,-0.114053935,S,U2OS
SRR11286412,0.81366026,0.28504145,0.5066639,G2M,U2OS
SRR11286413,0.87018263,0.47633573,0.12604146,S,U2OS
SRR11286414,0.28193688,-0.6695691,0.68716,G2M,U2OS
SRR11286416,-0.03879908,-0.64448726,0.7636299,G2M,U2OS
SRR11286417,-0.8803978,0.43481603,0.18930048,G1-G0 transition,U2OS
SRR11286419,0.07040262,-0.99412787,0.082178414,G1,U2OS
SRR11286420,0.17598768,-0.6954878,0.6966528,G2M,U2OS
SRR11286422,0.80300367,0.4116744,0.43093994,S,U2OS
SRR11286423,0.41266504,0.03769523,-0.91010255,G1,U2OS
SRR11286424,0.55027187,0.65381604,-0.51935095,G1,U2OS
SRR11286425,0.37634334,-0.9068424,-0.18974312,G1,U2OS
SRR11286426,0.9353,0.24982737,-0.25059947,S,U2OS
SRR11286427,0.09819081,-0.9495945,0.29770583,G1,U2OS
SRR11286428,0.82983714,-0.19113235,-0.52425075,G1,U2OS
SRR11286429,0.8188699,0.5676122,-0.085255586,S,U2OS
SRR11286430,0.56042075,0.025509322,0.827815,G2M,U2OS
SRR11286431,0.6384382,0.082951136,0.76519,S,U2OS
SRR11286432,-0.20460914,-0.63499177,0.74492985,G2M,U2OS
SRR11286433,0.025505163,-0.99856734,0.047040183,G1,U2OS
SRR11286434,0.8645173,-0.1456324,0.48104164,G2M,U2OS
SRR11286435,0.078881234,-0.8390547,0.53829813,S,U2OS
SRR11286436,-0.05882622,-0.5343491,0.84321433,G2M,U2OS
SRR11286437,0.6669654,-0.21554239,0.71323115,G2M,U2OS
SRR11286438,-0.22510703,-0.64222527,0.73271656,G2M,U2OS
SRR11286441,0.81161565,0.18627666,-0.5536977,S,U2OS
SRR11286442,0.09950805,-0.43614295,0.8943587,G2M,U2OS
SRR11286443,0.8631582,0.498679,0.07922661,S,U2OS
SRR11286444,0.9564836,-0.006271262,-0.29171848,S,U2OS
SRR11286445,0.29848814,0.09894299,0.94927084,G2M,U2OS
SRR11286446,0.7426934,-0.12871854,-0.6571437,G1,U2OS
SRR11286447,0.2740044,-0.28926435,0.91719556,G2M,U2OS
SRR11286449,0.67817545,0.27521664,0.6814205,G2M,U2OS
SRR11286450,0.76823145,0.55277246,0.32289782,S,U2OS
SRR11286451,0.8642768,0.36239776,0.34884572,S,U2OS
SRR11286452,-0.73060447,0.53821063,-0.42017427,G1-G0 transition,U2OS
SRR11286453,0.48275313,-0.2829394,0.8287911,G2M,U2OS
SRR11286454,0.8192571,-0.21762465,-0.5305255,G1,U2OS
SRR11286456,0.10862505,-0.6898761,-0.71573144,G1,U2OS
SRR11286457,-0.09086614,0.984611,-0.14927934,G1-G0 transition,U2OS
SRR11286459,-0.9219284,0.18865249,-0.3383168,G1-G0 transition,U2OS
SRR11286460,-0.7989032,0.58396035,0.14402743,G1-G0 transition,U2OS
SRR11286461,0.71120304,0.3187591,0.62656444,S,U2OS
SRR11286462,-0.10465656,-0.6997725,0.7066581,G2M,U2OS
SRR11286463,0.6391992,-0.50362515,-0.5811937,G1,U2OS
SRR11286464,-0.6118474,0.6225639,0.4879107,G1-G0 transition,U2OS
SRR11286465,0.020662613,-0.651378,0.75847214,G2M,U2OS
SRR11286466,0.6904141,-0.09075862,0.71769863,G2M,U2OS
SRR11286467,-0.7743604,-0.36967343,-0.51352453,G1-G0 transition,U2OS
SRR11286468,0.5764081,0.09198777,0.811968,G2M,U2OS
SRR11286469,0.83578855,0.14881632,-0.52849895,S,U2OS
SRR11286470,-0.041002315,-0.51524264,0.856063,G2M,U2OS
SRR11286471,0.38045955,0.27986425,0.8814344,S,U2OS
SRR11286472,0.91873366,0.31177974,-0.24232592,S,U2OS
SRR11286475,-0.023205971,-0.6245583,0.78063333,G2M,U2OS
SRR11286476,-0.12629084,-0.7344271,-0.66683406,G1,U2OS
SRR11286477,0.8641971,0.14584137,0.48155335,S,U2OS
SRR11286478,-0.648672,0.18185443,-0.73902214,G1-G0 transition,U2OS
SRR11286479,0.63966733,0.62639004,-0.44549,S,U2OS
SRR11286480,0.7845488,-0.3576296,0.5065413,G2M,U2OS
SRR11286482,-0.5749108,-0.28067908,-0.76856804,G1-G0 transition,U2OS
SRR11286483,-0.8402554,0.5172017,-0.16270633,G1-G0 transition,U2OS
SRR11286484,-0.07559257,-0.47524533,0.87660015,G2M,U2OS
SRR11286485,-0.17482883,-0.60473,-0.77700484,G1,U2OS
SRR11286486,0.98436004,-0.07360983,0.16005285,G2M,U2OS
SRR11286487,0.7337697,-0.055757985,-0.67710644,G1,U2OS
SRR11286489,-0.3113577,-0.41054067,-0.85703707,G1,U2OS
SRR11286490,0.8058388,0.51878506,0.28545752,S,U2OS
SRR11286491,0.45937672,-0.23148996,0.8575461,G2M,U2OS
SRR11286492,-0.74778455,0.4863765,0.45194712,G1-G0 transition,U2OS
SRR11286493,0.42035094,-0.45439076,0.7853878,G2M,U2OS
SRR11286494,0.50988233,0.051868908,-0.858679,G1,U2OS
SRR11286495,0.37211308,-0.91670656,-0.14553656,G1,U2OS
SRR11286496,-0.0020435064,-0.72523737,0.688496,G2M,U2OS
SRR11286497,0.7876357,0.14656813,0.59845454,S,U2OS
SRR11286498,0.8199635,0.56225306,0.1073829,S,U2OS
SRR11286499,0.9682843,0.17144017,0.18175156,G2M,U2OS
SRR11286500,0.6293127,0.042242344,0.7760032,G2M,U2OS
SRR11286502,0.7103114,-0.23255838,0.66436,G2M,U2OS
SRR11286504,0.8958303,0.1806325,-0.4060295,S,U2OS
SRR11286505,0.815028,0.53325874,0.22663742,S,U2OS
SRR11286506,0.2753037,-0.9613553,-0.0019358171,G1,U2OS
SRR11286507,-0.4494742,-0.69778687,-0.55773324,G1,U2OS
SRR11286508,0.7759445,0.6295821,0.039198812,S,U2OS
SRR11286509,0.8571915,-0.03976815,0.51346004,G2M,U2OS
SRR11286510,0.7959399,0.2877293,0.532627,S,U2OS
SRR11286511,0.7533936,-0.22386894,-0.6182886,G1,U2OS
SRR11286512,-0.31011635,-0.6624273,0.6819223,S,U2OS
SRR11286513,0.49190748,-0.19552247,0.8484091,G2M,U2OS
SRR11286514,-0.16239025,-0.91351086,0.37299752,S,U2OS
SRR11286515,0.08664297,-0.76204175,0.641705,G2M,U2OS
SRR11286516,-0.43268627,-0.58386284,-0.68694013,G1,U2OS
SRR11286517,-0.025712468,-0.9735245,-0.22713132,G1,U2OS
SRR11286518,0.23345096,-0.27260184,0.93337494,G2M,U2OS
SRR11286519,-0.15188885,-0.61618716,0.7728151,G2M,U2OS
SRR11286520,0.21317302,-0.9698533,0.118075475,G1,U2OS
SRR11286521,0.6952768,-0.51954067,0.49665648,G2M,U2OS
SRR11286522,0.8089745,0.24267162,0.5354163,S,U2OS
SRR11286523,0.41108888,-0.8759144,-0.25254664,G1,U2OS
SRR11286524,0.21675543,-0.25090802,0.9434311,G2M,U2OS
SRR11286525,0.79793644,-0.09353428,0.59544003,S,U2OS
SRR11286526,0.9511234,0.13490266,0.27778694,S,U2OS
SRR11286527,0.38614216,-0.13597015,0.912363,G2M,U2OS
SRR11286528,-0.7350978,0.46129927,-0.4968241,G1-G0 transition,U2OS
SRR11286529,0.8172612,0.23583432,-0.5258005,G1,U2OS
SRR11286530,0.29878846,0.12007493,-0.94673514,G1,U2OS
SRR11286531,0.75463104,0.3495614,0.5552827,S,U2OS
SRR11286532,0.66792756,-0.4578113,-0.586755,G1,U2OS
SRR11286533,-0.04545469,-0.61028576,0.7908761,G2M,U2OS
SRR11286534,-0.13136378,-0.615567,0.777059,G2M,U2OS
SRR11286535,0.9881358,0.15355183,0.0030964252,S,U2OS
SRR11286536,0.30755335,0.2388847,-0.92105657,G1,U2OS
SRR11286537,0.21130164,-0.5721366,0.7924717,G2M,U2OS
SRR11286538,0.7387757,-0.231971,0.63277173,G2M,U2OS
SRR11286539,0.13942996,-0.28389755,0.94866294,G2M,U2OS
SRR11286540,0.437946,-0.40053737,0.8048435,G2M,U2OS
SRR11286541,-0.2997515,0.39281178,-0.86939514,G1-G0 transition,U2OS
SRR11286542,-0.83778685,0.54536545,0.026262369,G1-G0 transition,U2OS
SRR11286543,0.8895475,0.2232746,0.39856455,S,U2OS
SRR11286544,0.023861352,-0.54725516,0.8366256,G2M,U2OS
SRR11286545,-0.120803565,-0.9696712,0.2124719,G1,U2OS
SRR11286546,0.9713381,0.20364761,0.12259617,S,U2OS
SRR11286547,0.12771444,-0.9912249,-0.034091286,G1,U2OS
SRR11286549,0.9538792,0.29937318,-0.02214019,S,U2OS
SRR11286550,-0.25368774,-0.93990797,-0.2285073,G1,U2OS
SRR11286551,-0.038720455,-0.8173131,0.5748913,G2M,U2OS
SRR11286552,-0.12692988,-0.46892074,0.87407213,G2M,U2OS
SRR11286553,-0.6513778,0.6923911,-0.31032476,G1-G0 transition,U2OS
SRR11286554,-0.77295595,0.5349315,0.34115613,G1-G0 transition,U2OS
SRR11286555,0.06956949,-0.58694106,0.8066352,G2M,U2OS
SRR11286556,-0.032113336,-0.5440341,0.83844835,G2M,U2OS
SRR11286558,0.85359436,0.51916975,-0.042886905,S,U2OS
SRR11286559,0.87771606,0.16662444,0.449278,S,U2OS
SRR11286560,0.9835297,0.15554254,-0.09206383,S,U2OS
SRR11286561,0.30063415,-0.8111077,-0.5017203,G1,U2OS
SRR11286562,0.08022882,-0.48535305,0.87062955,G2M,U2OS
SRR11286563,0.99284637,0.055708297,0.105605714,S,U2OS
SRR11286564,0.81269896,0.5763191,0.085887566,S,U2OS
SRR11286565,-0.092495576,-0.8783889,-0.4689109,G1,U2OS
SRR11286566,0.2614305,0.76259863,-0.59169024,G1,U2OS
SRR11286568,0.056965444,0.20215073,-0.9776962,G1,U2OS
SRR11286569,0.09712444,-0.40892768,0.90738356,G2M,U2OS
SRR11286570,0.44118014,0.89741796,0.0010020481,G1,U2OS
SRR11286571,-0.10317168,-0.7410591,0.66346574,G2M,U2OS
SRR11286572,0.798838,0.2284982,0.5564589,G2M,U2OS
SRR11286573,-0.33476612,-0.28880885,-0.896951,G1,U2OS
SRR11286574,0.514705,-0.016638905,0.8572058,G2M,U2OS
SRR11286575,0.3770119,-0.92291176,-0.07807645,G1,U2OS
SRR11286576,0.6713243,0.07718085,0.7371341,G2M,U2OS
SRR11286577,0.13359095,-0.695583,0.70591635,G2M,U2OS
SRR11286578,-0.07134786,-0.34937015,0.9342645,G2M,U2OS
SRR11286579,-0.9179499,0.2863051,-0.27458584,G1-G0 transition,U2OS
SRR11286580,0.33564055,-0.94150573,0.030209301,G1,U2OS
SRR11286581,0.12818393,-0.91558385,0.3811497,G1,U2OS
SRR11286582,0.5300897,0.07476342,0.8446392,S,U2OS
SRR11286583,0.1513539,0.36036444,0.92045075,G2M,U2OS
SRR11286584,-0.42418352,0.64187,-0.6388044,G1-G0 transition,U2OS
SRR11286585,0.8292742,0.10018593,0.54978836,G2M,U2OS
SRR11286586,-0.05904703,-0.7504279,0.6583093,G2M,U2OS
SRR11286587,0.79977024,0.27318895,0.53454226,G2M,U2OS
SRR11286590,-0.053760063,-0.9168703,-0.39554858,G1,U2OS
SRR11286593,0.2945445,-0.39804077,0.8687964,G2M,U2OS
SRR11286594,0.91249216,-0.11062477,-0.39385307,S,U2OS
SRR11286595,0.9487067,0.21227384,0.23429777,S,U2OS
SRR11286596,0.8234542,0.34982175,-0.44670787,S,U2OS
SRR11286597,0.90960866,0.07032957,0.4094701,G2M,U2OS
SRR11286599,0.029152803,-0.54518914,-0.8378061,G1,U2OS
SRR11286600,0.124055795,0.035201415,0.9916506,G2M,U2OS
SRR11286601,0.5516579,-0.7823468,-0.28914887,G1,U2OS
SRR11286602,0.8860456,0.46168643,0.042056937,S,U2OS
SRR11286603,0.7306321,0.19745263,0.6535972,S,U2OS
SRR11286604,0.17015138,-0.9824702,-0.076162755,G1,U2OS
SRR11286605,0.9615624,0.15543747,0.2263555,S,U2OS
SRR11286606,0.805132,0.34492123,0.48248518,S,U2OS
SRR11286607,0.103677444,-0.994492,-0.015381448,G1,U2OS
SRR11286608,0.48065558,0.041513547,0.8759261,S,U2OS
SRR11286609,0.06734111,-0.87986225,-0.47043332,G1,U2OS
SRR11286610,-0.20774733,-0.4419039,0.87267524,G2M,U2OS
SRR11286611,0.9738321,0.22701217,0.010788615,S,U2OS
SRR11286613,0.10801476,-0.40852997,0.9063311,G2M,U2OS
SRR11286614,0.9703671,-0.18964192,0.14974546,G2M,U2OS
SRR11286615,-0.055332255,-0.6260354,0.777829,G2M,U2OS
SRR11286616,0.40092593,-0.4741897,0.7838384,G2M,U2OS
SRR11286617,0.2873194,-0.9256274,-0.24629551,G1,U2OS
SRR11286618,0.9884865,0.08350873,0.12617691,S,U2OS
SRR11286619,0.4834456,0.13397306,0.86506164,G2M,U2OS
SRR11286620,0.83217084,0.50777376,0.2228397,S,U2OS
SRR11286621,-0.25510755,-0.94214743,-0.21743609,G1,U2OS
SRR11286622,0.8381408,0.54444534,-0.03315583,S,U2OS
SRR11286623,0.72631913,-0.4464005,-0.52267313,G1,U2OS
SRR11286624,-0.1545306,-0.5842279,0.7967421,G2M,U2OS
SRR11286625,0.6784992,-0.26003376,0.687038,G2M,U2OS
SRR11286626,-0.19933407,-0.2990571,0.93318313,G2M,U2OS
SRR11286628,-0.56205314,-0.3487065,-0.75000006,G1-G0 transition,U2OS
SRR11286629,0.049016148,-0.06817142,-0.9964688,G1,U2OS
SRR11286630,0.22408108,-0.8810293,0.41662332,G2M,U2OS
SRR11286631,0.64383096,0.2636357,-0.718316,G1,U2OS
SRR11286633,0.925664,0.35915244,-0.11897759,S,U2OS
SRR11286634,0.4416425,-0.8910466,0.10482312,G1,U2OS
SRR11286635,0.6098242,0.13323265,0.7812577,G2M,U2OS
SRR11286636,0.97660136,0.18918948,0.10226026,S,U2OS
SRR11286638,0.53476435,0.20577441,0.8195633,G2M,U2OS
SRR11286639,0.40250263,-0.83346254,0.37859195,G2M,U2OS
SRR11286640,-0.17884818,-0.56811655,0.8032788,G2M,U2OS
SRR11286641,-0.33649936,0.52240485,-0.78349304,G1-G0 transition,U2OS
SRR11286642,0.90256155,0.35445023,-0.24443369,S,U2OS
SRR11286643,-0.030109234,-0.75797033,0.6515937,G2M,U2OS
SRR11286644,-0.27264783,-0.6718871,0.6886443,G2M,U2OS
SRR11286645,0.6561314,0.08055249,0.75033516,G2M,U2OS
SRR11286647,0.78074807,-0.047543883,-0.62303466,S,U2OS
SRR11286649,0.9459241,0.31764412,0.0658014,S,U2OS
SRR11286650,0.62884015,-0.40049452,-0.66645646,G1,U2OS
SRR11286651,0.3812465,-0.5261616,-0.7601348,G1,U2OS
SRR11286652,0.12547468,-0.67225593,0.72960824,G2M,U2OS
SRR11286653,0.030703276,-0.9045185,-0.42532775,G1,U2OS
SRR11286654,0.8358709,0.5177248,-0.1824304,S,U2OS
SRR11286656,0.99092174,0.05973495,0.120440066,S,U2OS
SRR11286657,0.043565083,-0.58526725,0.80966926,G2M,U2OS
SRR11286658,0.648605,-0.68656236,-0.32854775,G1,U2OS
SRR11286659,0.9807027,0.1434563,-0.13282529,S,U2OS
SRR11286661,0.20525514,-0.6345916,0.74509317,G2M,U2OS
SRR11286662,-0.08456719,-0.78062844,0.6192475,G2M,U2OS
SRR11286663,0.51884156,-0.23302312,0.8224983,G2M,U2OS
SRR11286664,-0.84349895,0.49726567,-0.20306757,G1-G0 transition,U2OS
SRR11286665,0.31879035,-0.61644965,-0.719974,G1,U2OS
SRR11286666,0.23860767,-0.5323335,0.8122115,G2M,U2OS
SRR11286667,0.1817806,0.056552343,-0.9817116,G1,U2OS
SRR11286668,0.93122405,-0.03427229,0.36283204,S,U2OS
SRR11286669,0.86895216,-0.27749515,-0.40977848,G1,U2OS
SRR11286670,0.8392696,0.18856248,0.50997126,S,U2OS
SRR11286671,0.68470615,0.07902931,-0.72452193,G1,U2OS
SRR11286672,0.37407285,-0.43059608,-0.8213747,G1,U2OS
SRR11286673,0.17473127,-0.5545935,0.8135693,G2M,U2OS
SRR11286674,0.20494916,-0.97871125,0.010961337,G1,U2OS
SRR11286675,-0.09270776,-0.6019513,0.793133,G2M,U2OS
SRR11286676,-0.42232272,-0.5589902,0.7135638,G2M,U2OS
SRR11286677,0.96859646,0.22678368,0.10193217,S,U2OS
SRR11286678,-0.26694748,-0.9440643,-0.19360144,G1,U2OS
SRR11286679,-0.104731604,-0.8284886,0.5501255,G2M,U2OS
SRR11286680,0.75731194,0.65303963,0.0042294962,S,U2OS
SRR11286681,0.9624157,-0.032050904,0.26968253,S,U2OS
SRR11286683,0.89649534,0.1354282,0.42184752,S,U2OS
SRR11286684,0.9461244,0.15165089,0.28609583,S,U2OS
SRR11286685,0.83001405,0.17838746,0.5284455,S,U2OS
SRR11286686,0.67753327,0.2703997,0.68398297,S,U2OS
SRR11286687,0.8472531,-0.22697686,0.48025373,S,U2OS
SRR11286688,0.17515954,0.2709525,-0.946522,G1,U2OS
SRR11286689,0.43630534,-0.0042269793,0.89978874,G2M,U2OS
SRR11286690,-0.12928899,-0.60313565,0.7870906,G2M,U2OS
SRR11286691,-0.6569317,0.69464487,-0.29310274,G1-G0 transition,U2OS
SRR11286693,0.64635694,-0.12038669,0.75347847,G2M,U2OS
SRR11286694,0.8820627,0.4695062,0.039105333,S,U2OS
SRR11286695,0.6428089,-0.37026113,-0.67059916,G1,U2OS
SRR11286696,0.17662068,-0.9784606,-0.106864005,G1,U2OS
SRR11286697,-0.10268421,-0.94193494,-0.31971,G1,U2OS
SRR11286698,-0.33612993,0.5946808,-0.7303228,G1-G0 transition,U2OS
SRR11286699,0.9176629,0.22564213,0.3270786,S,U2OS
SRR11286700,0.68755215,-0.49451455,-0.5317211,G1,U2OS
SRR11286702,0.89080733,0.43867195,0.11844548,S,U2OS
SRR11286703,0.30446607,-0.64766246,-0.6984509,G1,U2OS
SRR11286704,0.46417302,-0.85049766,-0.24738026,G1,U2OS
SRR11286705,0.7993014,0.39223137,-0.455271,S,U2OS
SRR11286706,0.9006632,0.27421626,0.33706263,S,U2OS
SRR11286707,0.88550717,0.39990917,0.23653701,S,U2OS
SRR11286708,-0.9649122,0.25907704,-0.042702354,G1-G0 transition,U2OS
SRR11286709,0.76721233,0.5496123,-0.33062285,S,U2OS
SRR11286711,0.66004074,0.14703964,0.7366992,S,U2OS
SRR11286712,0.13448822,-0.7022632,0.6990988,G2M,U2OS
SRR11286713,0.341634,-0.9192621,-0.19555919,G1,U2OS
SRR11286714,0.82743293,0.54820395,-0.12176614,S,U2OS
SRR11286715,-0.14869921,-0.9842554,0.09555077,G1,U2OS
SRR11286716,0.37750316,0.13266972,0.9164552,G2M,U2OS
SRR11286717,-0.34530142,-0.4080512,0.8451397,G2M,U2OS
SRR11286718,0.696923,-0.52203155,-0.49171278,G1,U2OS
SRR11286719,0.34566683,-0.12563758,0.9299084,G2M,U2OS
SRR11286722,0.4684904,-0.15132956,-0.87041146,G1,U2OS
SRR11286723,0.043818627,-0.6565474,0.7530108,G2M,U2OS
SRR11286724,0.8719683,0.48831385,-0.034941934,S,U2OS
SRR11286725,0.79510254,0.4532666,0.4029407,S,U2OS
SRR11286726,0.4164795,-0.28963768,0.8617742,G2M,U2OS
SRR11286727,-0.18981616,-0.59575325,0.7804152,G2M,U2OS
SRR11286728,-0.20217772,-0.97171575,-0.12203569,G1,U2OS
SRR11286729,0.14107819,-0.98771924,-0.067137584,G1,U2OS
SRR11286730,0.113128684,-0.63728535,0.7622791,G2M,U2OS
SRR11286731,-0.8958459,0.44409883,0.0153711075,G1-G0 transition,U2OS
SRR11286732,-0.7237769,-0.22855654,-0.65108293,G1-G0 transition,U2OS
SRR11286733,0.8580668,0.5062445,0.08624454,S,U2OS
SRR11286734,0.9592827,-0.030417088,0.28080505,S,U2OS
SRR11286735,0.15260549,-0.3967443,0.9051549,S,U2OS
SRR11286737,-0.25932613,-0.664444,-0.7009024,G1,U2OS
SRR11286738,0.73946476,0.00083424855,0.67319477,S,U2OS
SRR11286739,0.72856987,0.13582398,0.67136997,S,U2OS
SRR11286740,0.97306013,0.008523605,0.23039368,S,U2OS
SRR11286741,0.13777639,-0.48482892,0.8636889,G2M,U2OS
SRR11286742,0.08938879,-0.9959868,-0.0044538737,G1,U2OS
SRR11286743,0.6132514,0.032197516,-0.78923124,G1,U2OS
SRR11286744,-0.7469709,0.6224555,0.2336314,G1-G0 transition,U2OS
SRR11286745,0.29700536,0.12304609,0.94691473,G2M,U2OS
SRR11286746,0.7159001,-0.062506,-0.69539917,G1,U2OS
SRR11286747,0.45051232,0.8102542,-0.374869,G1,U2OS
SRR11286748,0.43596452,-0.8315084,-0.34427997,G1,U2OS
SRR11286749,0.3961255,-0.9180853,-0.014286635,G1,U2OS
SRR11286750,0.67541564,-0.5835116,-0.45091906,G1,U2OS
SRR11286751,-0.35196158,-0.9155234,-0.19478121,G1,U2OS
SRR11286753,0.62716985,0.32376012,-0.7084048,G1,U2OS
SRR11286754,0.30842254,-0.5312077,-0.7891096,G1,U2OS
SRR11286755,0.4959404,-0.8292458,-0.25767133,G1,U2OS
SRR11286756,0.13867232,-0.50971514,-0.84909385,G1,U2OS
SRR11286757,0.27361816,-0.47319338,-0.8373894,G1,U2OS
SRR11286758,-0.7139704,-0.38285145,-0.5862346,G1-G0 transition,U2OS
SRR11286759,0.78484005,0.10863652,-0.6101019,G1,U2OS
SRR11286760,-0.21117122,0.77318853,-0.597985,G1-G0 transition,U2OS
SRR11286761,0.4126947,0.18980534,-0.89087415,G1,U2OS
SRR11286763,0.12631467,-0.5062931,-0.85306036,G1,U2OS
SRR11286764,0.30839342,0.42019603,-0.85342187,G1,U2OS
SRR11286765,0.7787159,0.3258474,-0.5361203,G1,U2OS
SRR11286766,0.39795598,-0.8810564,-0.25567695,G1,U2OS
SRR11286767,0.16575363,0.96233755,-0.21548092,G1-G0 transition,U2OS
SRR11286768,0.2575866,-0.96407706,-0.06484063,G1,U2OS
SRR11286769,-0.1109904,-0.9899189,0.08798632,G1,U2OS
SRR11286770,0.12065647,-0.9806294,0.15429871,G1,U2OS
SRR11286771,0.49451527,-0.74713117,-0.44412798,G1,U2OS
SRR11286772,0.6397904,-0.53278947,-0.55389845,G1,U2OS
SRR11286773,-0.644501,0.11304527,-0.75620055,G1-G0 transition,U2OS
SRR11286774,-0.5536486,0.7194077,0.41943535,G1-G0 transition,U2OS
SRR11286775,-0.27310193,-0.32170588,-0.9065984,G1,U2OS
SRR11286776,-0.018984543,-0.24131526,-0.9702611,G1,U2OS
SRR11286777,0.14390805,-0.98188627,0.12324669,G1,U2OS
SRR11286778,0.392447,-0.19447662,-0.8989796,G1,U2OS
SRR11286779,0.0068606175,-0.95822686,-0.2859268,G1,U2OS
SRR11286780,0.47779462,0.0908785,-0.8737582,G1,U2OS
SRR11286781,-0.20781082,0.6467584,-0.733838,G1-G0 transition,U2OS
SRR11286782,-0.1456734,-0.5724812,-0.8068733,G1,U2OS
SRR11286783,-0.3516477,-0.872569,0.33906814,G1,U2OS
SRR11286784,-0.3105431,0.4638193,-0.8297197,G1-G0 transition,U2OS
SRR11286785,-0.9903346,0.08194139,0.111906245,G1-G0 transition,U2OS
SRR11286786,0.3502033,-0.9365217,-0.016878977,G1,U2OS
SRR11286787,0.46574923,0.26944026,-0.8428995,G1,U2OS
SRR11286788,-0.3141954,0.30831578,-0.897899,G1-G0 transition,U2OS
SRR11286789,0.41391507,-0.60002315,-0.6845776,G1,U2OS
SRR11286790,-0.1174008,-0.9887858,-0.09230307,G1,U2OS
SRR11286791,0.42870888,-0.62923896,-0.6482799,G1,U2OS
SRR11286792,0.22771794,-0.89741564,-0.37787536,G1,U2OS
SRR11286793,-0.7385225,0.609941,0.28732634,G1-G0 transition,U2OS
SRR11286794,-0.005154804,0.8386159,-0.5446988,G1,U2OS
SRR11286795,0.074104354,0.90394187,-0.4211859,G1-G0 transition,U2OS
SRR11286796,-0.0121904425,0.40958703,-0.91218966,G1-G0 transition,U2OS
SRR11286797,0.38551635,0.83848196,-0.38513002,G1,U2OS
SRR11286798,0.55019295,-0.6167209,-0.56297696,G1,U2OS
SRR11286799,-0.4090401,-0.9066995,0.10286992,G1,U2OS
SRR11286800,0.007610698,0.87401474,-0.48583975,G1-G0 transition,U2OS
SRR11286801,-0.05117283,-0.9973245,0.052200336,G1,U2OS
SRR11286804,-0.74229443,0.66287136,-0.097983785,G1-G0 transition,U2OS
SRR11286805,-0.59631294,0.75954765,-0.2598044,G1-G0 transition,U2OS
SRR11286806,-0.38012335,-0.53377616,-0.75537354,G1,U2OS
SRR11286807,-0.9043797,0.27671504,-0.32484806,G1-G0 transition,U2OS
SRR11286808,0.7456363,-0.5039982,-0.43590406,G1,U2OS
SRR11286809,0.24545772,-0.64154744,-0.7267513,G1,U2OS
SRR11286810,0.12391652,-0.9909486,-0.051625792,G1,U2OS
SRR11286811,0.5857773,-0.5349352,-0.60885924,G1,U2OS
SRR11286812,-0.010910978,0.9283937,-0.37143794,G1-G0 transition,U2OS
SRR11286813,0.7414711,-0.4285122,-0.5163311,G1,U2OS
SRR11286815,-0.9510429,0.068081684,-0.30146706,G1-G0 transition,U2OS
SRR11286816,0.887611,-0.18101418,-0.42353368,G1,U2OS
SRR11286817,0.678252,0.15163617,-0.7190137,G1,U2OS
SRR11286818,0.94055766,0.0038163355,0.33961272,S,U2OS
SRR11286819,0.6470289,0.45810038,0.6095059,S,U2OS
SRR11286820,0.8529396,0.2362785,0.4654744,S,U2OS
SRR11286821,0.9145438,0.29846868,-0.27299452,S,U2OS
SRR11286822,0.2188902,-0.49650365,0.8399829,S,U2OS
SRR11286823,0.83939385,0.5255104,0.13876918,S,U2OS
SRR11286824,0.8962955,0.3444684,0.27927732,S,U2OS
SRR11286825,0.7249927,0.08270469,0.68377286,S,U2OS
SRR11286826,0.89397836,0.4277922,0.1334038,S,U2OS
SRR11286827,0.9469954,-0.03761242,-0.31903768,S,U2OS
SRR11286828,0.9663501,0.2091268,-0.14977771,S,U2OS
SRR11286829,0.84948534,0.44284227,0.28681928,S,U2OS
SRR11286830,0.84241813,0.5206538,-0.13874903,S,U2OS
SRR11286831,0.9499678,0.18869847,-0.24890585,S,U2OS
SRR11286832,0.8888538,0.20053828,0.411975,S,U2OS
SRR11286833,0.4018786,0.23394954,0.8853029,S,U2OS
SRR11286834,0.8028743,0.2063609,-0.5592924,S,U2OS
SRR11286835,0.93945533,0.29984736,-0.16587687,S,U2OS
SRR11286836,0.8673278,0.3104493,-0.38905498,S,U2OS
SRR11286837,0.8652622,0.25084493,0.43404856,S,U2OS
SRR11286838,0.99616295,0.08750644,0.0013854154,S,U2OS
SRR11286839,0.9471769,0.24965365,0.20131803,S,U2OS
SRR11286840,0.9453174,0.22056353,0.24026391,S,U2OS
SRR11286841,0.91378045,-0.0142859,0.40595713,S,U2OS
SRR11286842,0.8728915,0.48592383,-0.04402682,S,U2OS
SRR11286843,0.8942024,0.42205167,0.14924645,S,U2OS
SRR11286844,0.718279,0.19611983,0.66754186,S,U2OS
SRR11286845,0.90076166,-0.05415969,-0.43092343,S,U2OS
SRR11286846,0.57932144,0.13974129,0.803031,S,U2OS
SRR11286847,0.929271,0.34880707,0.12161051,S,U2OS
SRR11286848,0.777513,0.18233252,0.60185415,S,U2OS
SRR11286851,0.97081214,0.13202913,0.20022953,S,U2OS
SRR11286852,0.52599406,-0.015419953,0.8503484,G2M,U2OS
SRR11286854,0.38527063,0.22701226,0.89444506,G2M,U2OS
SRR11286855,-0.00922071,-0.5839351,0.81174797,G2M,U2OS
SRR11286856,0.19928858,-0.97417843,0.10611562,G1,U2OS
SRR11286857,-0.121309586,-0.58565885,0.8014285,G2M,U2OS
SRR11286858,0.08345984,-0.94214004,0.32466394,G1,U2OS
SRR11286859,0.24273835,-0.50253046,0.82978386,G2M,U2OS
SRR11286861,-0.30030763,-0.47159064,0.82910657,S,U2OS
SRR11286862,0.03799374,-0.19008893,-0.9810315,G1,U2OS
SRR11286864,-0.20167762,-0.2312363,-0.9517646,G1,U2OS
SRR11286865,0.99721855,0.060129046,-0.04404165,S,U2OS
SRR11286867,0.92692673,0.30195963,-0.22277166,S,U2OS
SRR11286868,0.6716114,0.47972786,0.56462306,S,U2OS
SRR11286869,-0.8881656,0.45912182,0.019208571,G1-G0 transition,U2OS
SRR11286870,0.20083581,-0.9784735,0.047481723,G1,U2OS
SRR11286871,0.3745158,-0.21432956,0.90210897,G2M,U2OS
SRR11286876,0.7569988,0.2847296,0.5881173,S,U2OS
SRR11286877,0.5081353,0.035861194,0.8605304,G2M,U2OS
SRR11286878,0.6239432,-0.6816135,-0.38222754,G1,U2OS
SRR11286879,-0.049021006,-0.91471934,0.4011051,G1,U2OS
SRR11286880,0.48254606,-0.7850712,-0.38834584,G1,U2OS
SRR11286881,0.95962876,0.27406174,0.06326761,S,U2OS
SRR11286882,0.8561806,-0.023582885,0.516138,G2M,U2OS
SRR11286883,0.6409324,0.13699491,0.75527364,S,U2OS
SRR11286884,0.0027026657,-0.9903888,-0.13828494,G1,U2OS
SRR11286885,0.7977931,0.36037552,-0.48337963,G1,U2OS
SRR11286886,0.20117079,-0.062814385,0.9775401,G2M,U2OS
SRR11286888,0.79372245,-0.027654849,0.6076511,G2M,U2OS
SRR11286889,0.40811914,-0.09114997,0.9083669,S,U2OS
SRR11286890,0.5172519,-0.15708053,0.84129435,G2M,U2OS
SRR11286891,0.8579741,0.4265067,0.28630856,S,U2OS
SRR11286892,-0.27409628,0.9265532,-0.25762445,G1-G0 transition,U2OS
SRR11286893,0.4680313,0.11850199,0.8757305,G2M,U2OS
SRR11286894,0.41490492,-0.8296143,-0.37362295,G1,U2OS
SRR11286895,0.026658423,-0.95591414,-0.29243353,G1,U2OS
SRR11286896,0.0352124,-0.6478821,0.7609263,G2M,U2OS
SRR11286897,0.76475143,0.28917313,0.57579005,S,U2OS
SRR11286899,0.83660007,0.008914834,0.5477416,S,U2OS
SRR11286900,-0.98120165,0.19244768,0.014389714,G1-G0 transition,U2OS
SRR11286901,-0.30872765,-0.8733745,-0.3767017,G1,U2OS
SRR11286902,0.7542971,-0.5340688,-0.3818457,G1,U2OS
SRR11286903,-0.30997086,-0.5889366,-0.74637234,G1,U2OS
SRR11286904,0.64275146,0.19530588,0.74076056,S,U2OS
SRR11286905,0.4198871,0.039282884,0.9067258,G2M,U2OS
SRR11286907,0.58907515,-0.22782724,0.77529687,G2M,U2OS
SRR11286910,-0.029687801,-0.676616,0.73573726,G2M,U2OS
SRR11286911,-0.054524142,-0.27178586,0.9608119,G2M,U2OS
SRR11286912,0.79646343,0.5264343,0.29751125,S,U2OS
SRR11286913,0.8258631,0.54623383,-0.139924,S,U2OS
SRR11286914,0.8798136,0.23698056,0.41202936,S,U2OS
SRR11286915,0.22770436,-0.41645494,0.8801796,G2M,U2OS
SRR11286916,-0.28824326,0.8100238,-0.51066357,G1-G0 transition,U2OS
SRR11286917,0.3163793,-0.614525,0.72267765,G2M,U2OS
SRR11286919,0.95419365,-0.09231784,0.28459105,S,U2OS
SRR11286921,0.34719473,-0.24878061,0.9041925,S,U2OS
SRR11286922,0.6202703,0.38831455,-0.6815251,G1,U2OS
SRR11286923,0.069540136,-0.997573,-0.0034917444,G1,U2OS
SRR11286925,0.79323244,0.44884494,-0.4114857,S,U2OS
SRR11286926,0.12930094,-0.5529398,0.82312745,G2M,U2OS
SRR11286928,0.39472336,0.12515213,0.9102364,G2M,U2OS
SRR11286929,0.50577253,-0.6267617,-0.59275967,G1,U2OS
SRR11286930,0.2082982,-0.7302858,0.65061074,G2M,U2OS
SRR11286932,0.20497294,-0.544969,0.8130159,G2M,U2OS
SRR11286934,-0.040827874,-0.6805897,0.7315264,G2M,U2OS
SRR11286935,0.29878774,-0.43398184,-0.8499328,G1,U2OS
SRR11286936,0.017553957,-0.39589223,0.91812915,G2M,U2OS
SRR11286937,0.7843527,0.43221432,0.444951,S,U2OS
SRR11286938,0.24826872,-0.9160764,-0.31490716,G1,U2OS
SRR11286939,0.63059556,-0.3187733,0.70762473,G2M,U2OS
SRR11286940,0.13472205,-0.5520686,0.82284284,G2M,U2OS
SRR11286941,0.7492507,0.3547229,0.55928075,S,U2OS
SRR11286942,0.45794725,-0.6697323,-0.5845879,G1,U2OS
SRR11286943,0.6442037,0.2484014,0.72339344,G2M,U2OS
SRR11286944,0.16490519,-0.39054272,0.90569454,G2M,U2OS
SRR11286945,-0.24019901,-0.7172165,-0.65414435,G1,U2OS
SRR11286946,-0.03608164,-0.61504364,0.78766704,G2M,U2OS
SRR11286947,0.66150963,-0.05516777,0.7479048,S,U2OS
SRR11286948,0.2689106,0.73216295,-0.6257992,G1,U2OS
SRR11286949,0.5059598,-0.025141265,-0.86219054,G1,U2OS
SRR11286952,0.81749266,0.34906575,0.45810375,S,U2OS
SRR11286953,0.2726621,-0.9321704,0.23814632,G2M,U2OS
SRR11286954,-0.08008144,-0.9648368,-0.2503537,G1,U2OS
SRR11286955,0.91526586,0.21352603,0.34160662,S,U2OS
SRR11286956,0.29631558,0.82844144,-0.47527033,S,U2OS
SRR11286957,0.24424747,-0.24837331,0.93736535,G2M,U2OS
SRR11286958,0.8055166,0.45906556,0.37470248,S,U2OS
SRR11286960,0.514842,-0.22119832,0.8282566,G2M,U2OS
SRR11286961,0.48194548,-0.35177547,0.8024853,G2M,U2OS
SRR11286962,0.774832,0.066295944,0.62868124,G2M,U2OS
SRR11286963,0.23538221,-0.5677228,0.788851,G2M,U2OS
SRR11286964,0.5021022,0.18239324,0.8453557,G2M,U2OS
SRR11286965,-0.22273132,-0.84987646,0.4775989,G2M,U2OS
SRR11286966,0.8731218,0.44312328,0.20322405,S,U2OS
SRR11286969,0.19925039,-0.5454933,0.81408614,G2M,U2OS
SRR11286970,0.61335754,-0.29813817,0.7313727,G2M,U2OS
SRR11286971,0.7826973,-0.4036324,-0.47377837,G1,U2OS
SRR11286972,0.10475508,-0.96600235,-0.23635946,G1,U2OS
SRR11286973,0.802393,0.59285605,0.06846401,S,U2OS
SRR11286974,0.51512635,-0.5866512,0.62488806,G2M,U2OS
SRR11286975,0.6371694,-0.54871804,-0.5412242,G1,U2OS
SRR11286977,0.8357052,0.46483952,-0.29243943,S,U2OS
SRR11286978,0.15913409,-0.6530706,0.7403884,G2M,U2OS
SRR11286979,0.4457423,-0.4159041,0.7926774,G2M,U2OS
SRR11286980,-0.7008549,0.37290964,-0.6080631,G1-G0 transition,U2OS
SRR11286981,-0.9606944,0.15642472,-0.22934172,G1-G0 transition,U2OS
SRR11286982,0.5276448,0.78746146,-0.3185834,G1,U2OS
SRR11286983,-0.22465493,-0.759571,0.6103951,S,U2OS
SRR11286984,0.93752366,0.040155876,-0.3455964,S,U2OS
SRR11286985,0.6217649,-0.21341932,-0.7535652,G1,U2OS
SRR11286986,-0.120168045,-0.7074984,0.6964235,G2M,U2OS
SRR11286987,-0.63110876,0.7242929,-0.27767155,G1-G0 transition,U2OS
SRR11286988,-0.5259189,-0.83351994,-0.16927458,G1,U2OS
SRR11286990,0.5780722,-0.05106471,0.8143861,G2M,U2OS
SRR11286991,-0.9526019,0.2183893,-0.21179153,G1-G0 transition,U2OS
SRR11286992,0.76831967,0.632912,0.095432274,S,U2OS
SRR11286993,0.6219995,0.29951656,0.72346836,S,U2OS
SRR11286994,0.6436342,-0.21177551,0.7354496,G2M,U2OS
SRR11286995,0.5755478,-0.40098923,-0.71270776,G1,U2OS
SRR11286996,-0.53413296,0.7185796,-0.4453595,G1-G0 transition,U2OS
SRR11286997,0.63179606,-0.00035618496,-0.7751345,G1,U2OS
SRR11286998,0.9373639,0.3446883,0.050388496,S,U2OS
SRR11286999,-0.31949493,-0.91228604,0.25623697,G1,U2OS
SRR11287000,-0.19358566,-0.6785444,-0.70859164,G1,U2OS
SRR11287001,0.6370713,-0.32600042,-0.6984724,G1,U2OS
SRR11287002,0.31731847,-0.71779096,0.61974585,S,U2OS
SRR11287003,0.82987285,0.55422926,-0.06435003,S,U2OS
SRR11287004,-0.17612155,-0.70056176,0.6915161,G2M,U2OS
SRR11287005,0.39910936,0.27321863,-0.87525034,G1,U2OS
SRR11287006,0.71615857,-0.1841669,0.67320096,G2M,U2OS
SRR11287007,0.04169113,0.7384426,-0.6730263,G1-G0 transition,U2OS
SRR11287008,0.66281366,-0.20586511,0.71992874,S,U2OS
SRR11287009,0.605301,-0.6566215,-0.44995418,G1,U2OS
SRR11287010,0.13125871,-0.57395035,0.8083019,G2M,U2OS
SRR11287011,0.4600043,-0.26858997,0.84631866,G2M,U2OS
SRR11287012,0.6541905,-0.52119595,-0.5480781,G1,U2OS
SRR11287013,-0.13057126,-0.58111167,0.80328095,G2M,U2OS
SRR11287014,0.376801,0.68219686,-0.6266007,G1,U2OS
SRR11287015,0.79697186,-0.07502346,0.599339,G2M,U2OS
SRR11287018,-0.083024174,-0.4362349,0.8959945,G2M,U2OS
SRR11287019,0.90613174,-0.06679348,-0.41768852,S,U2OS
SRR11287020,0.7360124,-0.18343677,0.6516415,S,U2OS
SRR11287021,-0.1328483,-0.6880469,0.7134023,G2M,U2OS
SRR11287022,0.3910096,-0.49862424,0.7736183,G2M,U2OS
SRR11287023,0.2829869,-0.85072726,0.44292396,G2M,U2OS
SRR11287024,0.82893276,0.1831646,-0.5285083,S,U2OS
SRR11287025,0.0753514,-0.97346205,0.2160875,G1,U2OS
SRR11287026,-0.30813068,0.46562365,-0.8296085,G1-G0 transition,U2OS
SRR11287027,0.8578508,0.21264589,0.4678394,G2M,U2OS
SRR11287028,-0.11610053,-0.71018755,0.69437337,G2M,U2OS
SRR11287029,0.87919253,0.47073188,0.073702015,S,U2OS
SRR11287030,0.51801485,0.014795215,0.85524356,G2M,U2OS
SRR11287031,0.40306965,-0.016521694,0.91502017,G2M,U2OS
SRR11287032,0.29179808,-0.9541777,-0.066324435,G1,U2OS
SRR11287033,-0.4484489,0.7072148,-0.5465719,G1-G0 transition,U2OS
SRR11287034,0.25078377,-0.3135818,0.91584593,G2M,U2OS
SRR11287036,-0.21447636,-0.9126928,0.34783882,G1,U2OS
SRR11287037,0.10496385,-0.9049339,-0.41240415,G1,U2OS
SRR11287038,0.15185109,-0.22380002,0.962733,S,U2OS
SRR11287039,0.7809536,0.08737266,0.61844754,S,U2OS
SRR11287040,0.9752686,0.16118091,0.15123393,G2M,U2OS
SRR11287041,0.8671267,-0.1873702,0.46150154,G2M,U2OS
SRR11287043,0.9850625,0.14430073,0.09396378,S,U2OS
SRR11287044,0.65108687,-0.62710917,-0.42757437,G1,U2OS
SRR11287045,0.865565,0.108375624,0.48892936,G2M,U2OS
SRR11287046,0.8775952,0.069764346,0.47429916,S,U2OS
SRR11287049,0.7961159,0.5739335,0.19183314,S,U2OS
SRR11287051,0.7829761,0.39001486,0.48459968,S,U2OS
SRR11287052,0.041745227,-0.7247621,0.68773353,G2M,U2OS
SRR11287053,0.8601202,-0.0063229073,0.51005244,G2M,U2OS
SRR11287054,0.75383806,0.6536757,-0.06660461,S,U2OS
SRR11287055,0.25884375,-0.12753218,-0.9574631,G1,U2OS
SRR11287056,-0.17317481,-0.6904435,0.7023519,G2M,U2OS
SRR11287057,-0.36388114,-0.60471934,-0.70845264,G1,U2OS
SRR11287058,-0.06688837,-0.36539572,0.9284459,G2M,U2OS
SRR11287060,0.23403467,-0.9693185,0.07516202,G1,U2OS
SRR11287061,0.38452658,-0.91973656,-0.078892864,G1,U2OS
SRR11287062,0.81528026,-0.275055,0.5095714,G2M,U2OS
SRR11287063,-0.70439553,0.5104023,-0.4932709,G1-G0 transition,U2OS
SRR11287064,0.659393,0.2286137,0.71619594,S,U2OS
SRR11287065,0.95027107,0.3106269,0.022268962,S,U2OS
SRR11287066,0.8966304,0.26273358,0.35640582,S,U2OS
SRR11287067,0.39806822,-0.40315863,0.8240176,G2M,U2OS
SRR11287068,-0.105338424,-0.5734909,0.81241107,G2M,U2OS
SRR11287070,0.7272848,-0.27879274,-0.6271614,G1,U2OS
SRR11287072,0.51349133,0.19598861,0.8354131,S,U2OS
SRR11287073,-0.5157602,0.6539844,-0.55344003,G1-G0 transition,U2OS
SRR11287074,0.8918808,0.28567877,-0.35062236,S,U2OS
SRR11287075,0.7586995,0.12464844,0.6394044,G2M,U2OS
SRR11287076,-0.76196957,0.5886959,-0.26988804,G1-G0 transition,U2OS
SRR11287077,0.72737384,-0.12490621,0.6747784,G2M,U2OS
SRR11287078,0.93937594,0.20280193,0.27648553,S,U2OS
SRR11287079,0.8688183,0.49319384,0.043757357,S,U2OS
SRR11287080,-0.18206064,0.67235166,0.7174936,G1-G0 transition,U2OS
SRR11287081,0.09989763,-0.46575773,0.8792555,G2M,U2OS
SRR11287082,0.68608737,0.23197828,0.68954337,S,U2OS
SRR11287083,0.9323473,0.3558721,0.063902885,S,U2OS
SRR11287085,0.2146868,-0.3345858,0.91758484,G2M,U2OS
SRR11287087,0.5404885,-0.7422888,-0.39608014,G1,U2OS
SRR11287088,0.99416995,0.014827033,-0.10680075,S,U2OS
SRR11287089,0.96756315,-0.03711557,0.2498882,S,U2OS
SRR11287092,0.9396021,0.14455906,0.31024274,S,U2OS
SRR11287093,-0.7346286,0.6772392,0.040840734,G1-G0 transition,U2OS
SRR11287094,0.9204187,0.27981073,0.2730118,S,U2OS
SRR11287095,-0.12477536,-0.14450754,0.9816052,S,U2OS
SRR11287096,-0.6141385,0.7882278,-0.039126996,G1-G0 transition,U2OS
SRR11287097,0.41151926,-0.88714296,-0.20887601,G1,U2OS
SRR11287098,0.8812748,0.36872134,0.29563388,S,U2OS
SRR11287099,0.59383035,-0.16128306,0.7882596,G2M,U2OS
SRR11287100,0.94572127,0.25847864,-0.19697766,S,U2OS
SRR11287101,0.0535455,-0.80599594,0.5894941,G2M,U2OS
SRR11287102,0.9770739,-0.02118684,0.21184328,S,U2OS
SRR11287103,0.4598519,-0.76417744,-0.45229307,G1,U2OS
SRR11287104,0.034486048,-0.7697429,0.6374217,S,U2OS
SRR11287105,-0.13561288,-0.9758374,0.17131966,G1,U2OS
SRR11287106,0.9797496,-0.026139945,0.19851275,S,U2OS
SRR11287107,-0.090918936,-0.56004494,0.8234582,G2M,U2OS
SRR11287108,0.8841193,0.274183,-0.37836078,S,U2OS
SRR11287109,0.69003624,-0.046473376,0.7222812,G2M,U2OS
SRR11287110,0.9630749,0.05314187,0.26393715,S,U2OS
SRR11287112,0.512625,0.106314816,0.85200524,G2M,U2OS
SRR11287113,0.37833494,-0.4244498,0.8226208,G2M,U2OS
SRR11287114,-0.08525239,-0.5286633,0.8445395,G2M,U2OS
SRR11287115,0.43507764,-0.31882483,0.84205586,G2M,U2OS
SRR11287116,0.023351233,-0.6256595,0.7797467,G2M,U2OS
SRR11287117,0.80278695,-0.07707899,0.59126306,S,U2OS
SRR11287118,0.72622633,0.37185562,0.5782031,S,U2OS
SRR11287119,-0.7442223,0.44036508,-0.50220686,G1-G0 transition,U2OS
SRR11287120,0.6194524,0.30175486,0.72472256,S,U2OS
SRR11287121,0.14293537,-0.9894769,0.022476854,G1,U2OS
SRR11287122,0.19126768,-0.083174504,0.97800744,G2M,U2OS
SRR11287123,0.13203073,-0.9900679,0.04830607,G1,U2OS
SRR11287124,0.651751,0.18383648,0.7358157,S,U2OS
SRR11287125,0.22521216,-0.28509825,0.9316642,G2M,U2OS
SRR11287126,0.8502771,0.5185543,0.090167984,S,U2OS
SRR11287127,0.6779932,-0.02405302,0.7346746,G2M,U2OS
SRR11287129,-0.57418555,0.68933904,0.4417267,G1-G0 transition,U2OS
SRR11287130,0.348772,-0.9270068,-0.13790013,G1,U2OS
SRR11287131,-0.2656831,-0.78653616,-0.55747044,G1,U2OS
SRR11287132,0.991623,-0.08440761,0.09777115,S,U2OS
SRR11287133,0.9123681,0.36632392,0.18273266,S,U2OS
SRR11287134,-0.016746702,-0.9592343,-0.28211543,G1,U2OS
SRR11287135,0.9978336,0.013633278,0.06435921,S,U2OS
SRR11287136,-0.09734489,-0.60652804,0.78908026,G2M,U2OS
SRR11287137,0.49745512,-0.10343161,-0.86130154,G1,U2OS
SRR11287138,0.5585295,-0.26332274,0.7865786,G2M,U2OS
SRR11287139,0.95141304,0.17295985,-0.2547511,S,U2OS
SRR11287140,0.18069933,-0.9631864,-0.19904715,G1,U2OS
SRR11287141,0.71426034,-0.023429431,0.69948786,G2M,U2OS
SRR11287142,0.8134824,0.47010127,0.34241962,S,U2OS
SRR11287143,-0.7164168,0.61641264,0.32677567,G1-G0 transition,U2OS
SRR11287144,0.740113,0.37771535,-0.5563846,S,U2OS
SRR11287145,0.59471965,-0.09676214,0.79808867,G2M,U2OS
SRR11287147,0.26308662,-0.96477216,5.8697544e-05,G1,U2OS
SRR11287148,0.18447632,-0.4422588,0.87771046,G2M,U2OS
SRR11287149,0.87406486,0.3634698,0.32233566,G2M,U2OS
SRR11287150,0.66643023,-0.38928995,-0.6358648,G1,U2OS
SRR11287151,-0.058545433,-0.58136004,0.8115374,G2M,U2OS
SRR11287153,0.71791434,0.47094342,0.5126512,S,U2OS
SRR11287154,-0.18197706,0.40340477,-0.8967434,G1-G0 transition,U2OS
SRR11287156,0.7113444,-0.12796386,0.6910964,G2M,U2OS
SRR11287157,0.4527175,-0.028799074,0.89118874,G2M,U2OS
SRR11287158,0.66824347,-0.120019846,0.7341975,G2M,U2OS
SRR11287159,0.92359656,0.27475765,0.2673529,S,U2OS
SRR11287160,-0.6494276,-0.3432244,-0.6785579,G1,U2OS
SRR11287161,0.7390161,0.17406225,0.6508128,G2M,U2OS
SRR11287162,-0.040305883,-0.44068804,0.896755,G2M,U2OS
SRR11287163,-0.21552928,-0.56812334,-0.79421836,G1,U2OS
SRR11287164,0.9476005,0.2861782,0.14197028,S,U2OS
SRR11287165,0.23442248,-0.867134,-0.4394595,G1,U2OS
SRR11287166,-0.1676888,-0.4299271,0.8871546,G2M,U2OS
SRR11287167,0.5609318,-0.12354767,0.81859106,G2M,U2OS
SRR11287170,0.7602772,0.64075637,-0.10681643,S,U2OS
SRR11287171,0.087325044,-0.995962,-0.020831408,G1,U2OS
SRR11287172,0.096215524,-0.97356355,-0.2071632,G1,U2OS
SRR11287173,0.6594259,-0.2642767,0.7037864,G2M,U2OS
SRR11287174,0.9276066,0.36798492,0.06428939,S,U2OS
SRR11287175,0.9413289,0.20071669,0.2713167,S,U2OS
SRR11287176,0.24811175,-0.85154986,0.4618478,G2M,U2OS
SRR11287177,0.09217873,-0.8287151,0.55202746,G2M,U2OS
SRR11287178,-0.21068364,-0.6139093,0.76074153,G2M,U2OS
SRR11287179,0.5414224,-0.7892985,-0.28960288,G1,U2OS
SRR11287180,-0.21064655,-0.9253036,0.31534326,G1,U2OS
SRR11287181,0.85786253,-0.17179601,0.48431176,G2M,U2OS
SRR11287182,0.19752094,0.5319438,-0.82342035,G1,U2OS
SRR11287183,0.0666624,-0.94743145,0.31293735,G1,U2OS
SRR11287184,0.7023133,0.15443404,0.6949145,G2M,U2OS
SRR11287186,0.935382,0.19862856,0.29258686,S,U2OS
SRR11287187,0.8441589,0.51793736,0.13833462,S,U2OS
SRR11287188,0.83728313,0.40739924,0.36466804,S,U2OS
SRR11287189,0.14217871,-0.97812366,0.15185279,G1,U2OS
SRR11287190,0.22161251,-0.5615295,0.79722804,G2M,U2OS
SRR11287191,0.9924565,-0.03729655,0.11678588,S,U2OS
SRR11287192,0.44333753,0.1290924,0.88701016,G2M,U2OS
SRR11287193,-0.14402647,-0.52931654,-0.83611023,G1,U2OS
SRR11287194,0.56898165,0.09316095,0.8170562,G2M,U2OS
SRR11287195,0.789827,-0.24144001,0.5638086,S,U2OS
SRR11287196,-0.111934595,-0.97654146,0.18394932,G1,U2OS
SRR11287197,0.62881666,0.030187646,-0.7769673,G1,U2OS
SRR11287198,0.65535414,0.2867476,0.6987752,G2M,U2OS
SRR11287199,0.15331997,-0.8594728,0.48764658,S,U2OS
SRR11287200,0.33058533,-0.78639984,0.5218129,G2M,U2OS
SRR11287202,0.56485265,0.092416145,0.8200004,G2M,U2OS
SRR11287203,0.08088824,0.2304622,0.9697135,G2M,U2OS
SRR11287204,-0.7385224,0.09677062,-0.6672482,G1-G0 transition,U2OS
SRR11287205,0.8237668,0.5659731,-0.032902543,S,U2OS
SRR11287206,0.018276803,-0.53079927,0.84730047,G2M,U2OS
SRR11287207,0.8299218,0.51066077,0.22462288,S,U2OS
SRR11287208,0.83752716,0.38109738,0.39155215,S,U2OS
SRR11287209,0.81450033,0.01472613,0.5799761,G2M,U2OS
SRR11287210,0.3435912,-0.3077357,0.88726765,G2M,U2OS
SRR11287211,0.20997345,-0.85597664,0.47245657,G2M,U2OS
SRR11287212,0.7313538,0.045699276,0.68046546,G2M,U2OS
SRR11287213,0.7238535,0.037460614,0.68893605,G2M,U2OS
SRR11287214,0.8868522,-0.1445953,0.43884537,S,U2OS
SRR11287215,0.19636147,0.7041083,-0.6824029,G1,U2OS
SRR11287216,0.16843097,-0.38127494,0.90898865,G2M,U2OS
SRR11287217,0.8910671,0.34027037,0.3003589,S,U2OS
SRR11287218,0.94528574,0.2637341,0.19203949,S,U2OS
SRR11287219,0.97148055,0.0008290244,0.23711756,S,U2OS
SRR11287220,0.15479456,-0.5005767,0.85174036,S,U2OS
SRR11287222,0.5862179,0.048263866,0.8087145,S,U2OS
SRR11287223,-0.079849824,-0.7719614,0.6306343,G2M,U2OS
SRR11287224,0.6458207,-0.66586596,-0.3735483,G1,U2OS
SRR11287225,0.8667795,0.35157728,0.35367602,S,U2OS
SRR11287227,0.50482625,-0.49084994,0.71008205,G2M,U2OS
SRR11287228,-0.5716087,0.7807288,-0.25244004,G1-G0 transition,U2OS
SRR11287229,-0.77879095,0.61835384,-0.10546596,G1-G0 transition,U2OS
SRR11287230,0.8805975,-0.18563761,0.4359894,G2M,U2OS
SRR11287231,0.009323522,-0.91662455,-0.39964044,G1,U2OS
SRR11287232,0.25958887,-0.027706038,0.9653217,G2M,U2OS
SRR11287233,-0.920157,0.12098751,-0.3723882,G1-G0 transition,U2OS
SRR11287234,0.1714254,-0.2531544,0.9521167,G2M,U2OS
SRR11287236,0.85437214,0.30631065,0.41978815,S,U2OS
SRR11287237,-0.07877758,-0.75633395,0.64942515,G2M,U2OS
SRR11287238,-0.074642085,-0.80354685,0.5905429,G2M,U2OS
SRR11287239,0.9201287,-0.06348644,-0.38643566,S,U2OS
SRR11287240,0.40949365,0.061752103,0.9102207,G2M,U2OS
SRR11287241,-0.5770938,0.08707421,-0.8120226,G1-G0 transition,U2OS
SRR11287242,0.5808678,-0.503707,-0.6394308,G1,U2OS
SRR11287243,-0.677082,0.6948747,-0.24229951,G1-G0 transition,U2OS
SRR11287245,0.77819335,0.60001504,0.18546441,S,U2OS
SRR11287246,0.609228,-0.13642915,0.7811711,G2M,U2OS
SRR11287247,0.037815727,-0.23142937,0.9721164,S,U2OS
SRR11287248,0.3921031,0.0458923,0.91877586,G2M,U2OS
SRR11287249,0.9403827,0.21550281,0.2631328,S,U2OS
SRR11287250,0.9413134,0.21339388,-0.26151875,S,U2OS
SRR11287252,-0.057538748,0.9856282,-0.15882799,G1-G0 transition,U2OS
SRR11287254,0.2596515,-0.9455983,0.1960221,G1,U2OS
SRR11287255,-0.08640866,-0.9355035,0.34258842,S,U2OS
SRR11287256,-0.135214,-0.9627338,-0.23422348,G1,U2OS
SRR11287257,0.8686867,0.15628071,0.47006372,G2M,U2OS
SRR11287258,0.3855646,-0.1660211,0.90762156,G2M,U2OS
SRR11287259,0.77290833,0.30395883,0.5569755,S,U2OS
SRR11287260,0.7602062,0.45766506,0.46111733,S,U2OS
SRR11287261,0.09858532,-0.45902324,0.88293743,G2M,U2OS
SRR11287262,0.77322483,-0.11136863,0.624276,S,U2OS
SRR11287263,0.97874945,0.18261968,-0.09327122,S,U2OS
SRR11287265,0.51785845,-0.46057498,0.72089756,G2M,U2OS
SRR11287266,0.88070714,0.40852273,0.23971678,S,U2OS
SRR11287267,-0.6240835,0.13445307,-0.7697026,G1-G0 transition,U2OS
SRR11287270,0.7396674,0.06704293,0.6696247,S,U2OS
SRR11287271,0.31924725,-0.9476555,-0.005495927,G1,U2OS
SRR11287272,0.42317557,0.44246423,-0.7906628,G1,U2OS
SRR11287273,0.12094449,-0.4417268,0.88896,G2M,U2OS
SRR11287274,0.08512906,-0.77314895,0.6284853,G2M,U2OS
SRR11287275,0.85304266,0.1980059,0.4828164,S,U2OS
SRR11287276,0.116832286,-0.60215324,0.78978586,G2M,U2OS
SRR11287277,0.3332794,-0.7537048,0.5664397,G2M,U2OS
SRR11287278,0.22579746,-0.45816088,0.8597116,G2M,U2OS
SRR11287279,0.22257403,-0.7665023,-0.6024408,G1,U2OS
SRR11287280,0.8262404,0.5314732,0.18671636,S,U2OS
SRR11287281,0.022122514,-0.84077686,0.54092956,G2M,U2OS
SRR11287282,0.8009074,0.5273935,-0.2835552,S,U2OS
SRR11287283,0.5532191,0.25995198,0.7914377,S,U2OS
SRR11287284,0.10361798,-0.22836691,0.9680453,G2M,U2OS
SRR11287285,0.92791075,0.29527697,0.22758111,S,U2OS
SRR11287286,0.9910436,0.13353205,-0.0012631676,S,U2OS
SRR11287287,0.6511238,-0.51053935,-0.5615934,G1,U2OS
SRR11287288,0.4736454,-0.49584582,0.7278716,G2M,U2OS
SRR11287290,0.4084416,-0.48700392,0.7720121,G2M,U2OS
SRR11287291,0.8977002,0.09270329,0.43074405,G2M,U2OS
SRR11287292,-0.07640179,-0.5442449,0.8354402,G2M,U2OS
SRR11287293,-0.20359598,-0.71574646,0.6680237,G2M,U2OS
SRR11287294,0.42424425,-0.03902087,0.9047066,S,U2OS
SRR11287295,0.7228216,-0.02693603,-0.6905095,G1,U2OS
SRR11287296,0.84918153,0.017870221,0.52779865,S,U2OS
SRR11287297,0.577855,-0.02698752,0.81569314,G2M,U2OS
SRR11287298,-0.26723292,-0.6927753,0.6698126,G2M,U2OS
SRR11287301,0.8902342,0.34422654,0.298314,S,U2OS
SRR11287302,0.56010824,-0.030387178,0.8278619,G2M,U2OS
SRR11287303,0.72552055,0.27244964,0.631974,S,U2OS
SRR11287305,0.8722229,0.34932718,0.34234157,S,U2OS
SRR11287306,0.8843328,0.32017297,0.33977148,S,U2OS
SRR11287307,0.6556766,0.1582237,0.7382773,S,U2OS
SRR11287308,0.5707126,0.03498393,-0.82040423,G1,U2OS
SRR11287309,-0.04812893,-0.96896076,0.24248436,G1,U2OS
SRR11287310,0.8176954,0.5494472,-0.17170349,S,U2OS
SRR11287311,0.20873879,-0.9725435,0.102894686,G1,U2OS
SRR11287312,0.4304596,-0.8964638,-0.10515309,G1,U2OS
SRR11287313,0.42841876,-0.23944958,0.8712756,G2M,U2OS
SRR11287314,0.65283567,0.71892554,-0.23864546,S,U2OS
SRR11287315,0.4226125,-0.11568823,0.8988965,G2M,U2OS
SRR11287317,-0.20125219,-0.66723293,0.7171455,G2M,U2OS
SRR11287318,-0.123565964,-0.5316038,-0.83793116,G1,U2OS
SRR11287319,-0.0414765,-0.48110798,0.8756797,G2M,U2OS
SRR11287320,-0.650725,0.7588562,0.026353413,G1-G0 transition,U2OS
SRR11287322,0.9155961,0.1140504,0.3855857,G2M,U2OS
SRR11287323,0.5653477,-0.3030619,-0.7671606,G1,U2OS
SRR11287324,0.37121558,-0.16967218,0.91291296,G2M,U2OS
SRR11287325,-0.06583105,-0.8109162,0.58144736,G2M,U2OS
SRR11287326,0.1805344,-0.98323464,0.025631,G1,U2OS
SRR11287327,0.9249965,0.13451935,-0.3553674,S,U2OS
SRR11287328,0.55822015,0.046383146,0.8283953,G2M,U2OS
SRR11287329,0.008621545,-0.8199158,0.5724193,G2M,U2OS
SRR11287330,-0.5290736,0.6320154,-0.5662488,G1-G0 transition,U2OS
SRR11287331,0.74284196,-0.48034495,-0.46632046,G1,U2OS
SRR11287332,0.9847967,-0.16425098,-0.056542266,S,U2OS
SRR11287333,0.5299325,-0.43631625,-0.72718614,G1,U2OS
SRR11287334,0.80855054,0.21908426,0.546121,S,U2OS
SRR11287335,-0.1312602,-0.71143764,0.690382,G2M,U2OS
SRR11287336,0.4322639,0.079231404,0.8982595,G2M,U2OS
SRR11287339,0.69091386,-0.14071082,0.70911103,S,U2OS
SRR11287340,0.595039,0.04486783,0.8024435,S,U2OS
SRR11287341,-0.04195686,-0.9503792,-0.30825138,G1,U2OS
SRR11287342,-0.21371613,-0.90691453,-0.36308607,G1,U2OS
SRR11287343,0.6513328,-0.67988735,-0.33692545,G1,U2OS
SRR11287344,0.8710595,0.22687274,-0.4356421,S,U2OS
SRR11287345,0.082386985,-0.738202,0.66952986,G2M,U2OS
SRR11287346,0.41383412,0.19498308,0.889226,G2M,U2OS
SRR11287348,-0.26038077,-0.43355978,-0.86268634,G1,U2OS
SRR11287349,-0.13759717,-0.9304248,-0.33967122,G1,U2OS
SRR11287350,0.9766095,0.1722316,0.12872483,S,U2OS
SRR11287351,0.2728574,-0.26732942,0.92416644,G2M,U2OS
SRR11287352,0.08312043,-0.9703172,0.22710246,G1,U2OS
SRR11287353,-0.32632348,-0.75846446,-0.56413174,G1,U2OS
SRR11287354,-0.12390834,-0.8406191,-0.52726305,G1,U2OS
SRR11287355,-0.08130801,-0.760667,0.64403,S,U2OS
SRR11287356,0.89947706,0.13607359,0.41524076,S,U2OS
SRR11287358,-0.36800215,-0.6221599,-0.69100773,G1,U2OS
SRR11287359,0.4574529,0.11201595,0.88215035,G2M,U2OS
SRR11287360,-0.09807469,-0.65640444,0.74800706,G2M,U2OS
SRR11287361,0.1954131,-0.55342937,0.8096479,G2M,U2OS
SRR11287362,-0.21068907,-0.43055487,0.8776289,G2M,U2OS
SRR11287363,0.17076379,-0.42329958,0.8897511,G2M,U2OS
SRR11287364,0.6083555,0.78720945,-0.10101915,G1,U2OS
SRR11287365,-0.19749175,0.73153335,-0.6525763,G1-G0 transition,U2OS
SRR11287366,0.0517454,-0.6487613,0.7592307,G2M,U2OS
SRR11287367,0.94952357,0.26817736,0.16274452,G2M,U2OS
SRR11287368,0.97618,0.0014018476,0.21695712,S,U2OS
SRR11287369,0.98480344,0.1403944,0.10223188,S,U2OS
SRR11287370,0.63311815,-0.0762045,0.7702948,G2M,U2OS
SRR11287371,0.22921143,0.6963118,-0.68015593,G1,U2OS
SRR11287372,0.86738205,0.10207028,0.48706266,G2M,U2OS
SRR11287373,0.52007896,-0.070743494,0.8511834,G2M,U2OS
SRR11287374,0.97419226,0.011043329,0.22544976,S,U2OS
SRR11287376,-0.08312784,-0.661372,0.7454373,G2M,U2OS
SRR11287377,-0.10794831,-0.66893303,0.73544264,G2M,U2OS
SRR11287378,0.90487146,0.07393595,0.4192148,G2M,U2OS
SRR11287379,0.59918666,0.6944,-0.39847726,G1,U2OS
SRR11287380,-0.34502968,0.927113,-0.14634182,G1-G0 transition,U2OS
SRR11287381,0.8539113,0.03959486,0.5189104,S,U2OS
SRR11287383,0.6888638,0.23222135,0.6866875,S,U2OS
SRR11287384,0.09055854,-0.91358024,0.3964472,G1,U2OS
SRR11287385,0.40351152,-0.21414776,0.8895612,G2M,U2OS
SRR11287386,0.29277968,-0.30566224,0.906008,S,U2OS
SRR11287387,0.5797127,0.8128726,-0.056313984,G1,U2OS
SRR11287388,0.3347727,0.40510336,0.8507753,G2M,U2OS
SRR11287389,0.7083271,0.10330246,0.6982846,G2M,U2OS
SRR11287390,0.12454988,0.8621919,-0.491032,G1-G0 transition,U2OS
SRR11287391,-0.15230143,-0.65982014,0.7358273,G2M,U2OS
SRR11287392,0.22144817,-0.45403695,0.8630244,G2M,U2OS
SRR11287393,0.57575876,0.054864984,0.81577677,G2M,U2OS
SRR11287394,0.055510648,-0.9974368,-0.045148674,S,U2OS
SRR11287395,-0.24192546,-0.19465388,0.9505693,G2M,U2OS
SRR11287396,0.91402054,0.22125909,0.34001595,S,U2OS
SRR11287397,0.5541606,-0.06364031,0.8299734,G2M,U2OS
SRR11287398,0.7831919,0.61886185,0.060170323,S,U2OS
SRR11287400,-0.034523953,-0.57189494,0.8196001,G2M,U2OS
SRR11287401,0.048578236,-0.9981075,-0.037703484,G1,U2OS
SRR11287402,0.46565616,-0.37176335,0.8030917,G2M,U2OS
SRR11287403,0.9151073,0.22192097,0.33664492,S,U2OS
SRR11287404,0.9073941,-0.18311338,0.37829268,G2M,U2OS
SRR11287406,0.9631705,-0.035892684,0.2664851,S,U2OS
SRR11287407,0.53486633,0.14378954,0.8326119,G2M,U2OS
SRR11287408,-0.77076054,0.6195377,-0.14866412,G1-G0 transition,U2OS
SRR11287409,0.53818065,-0.17473447,0.82451755,G2M,U2OS
SRR11287410,0.97716343,0.12844719,0.1692719,S,U2OS
SRR11287411,0.93976593,0.34103435,0.02313772,S,U2OS
SRR11287412,0.61894804,0.12986232,0.7746219,S,U2OS
SRR11287413,0.8852325,-0.020981388,0.46467528,S,U2OS
SRR11287414,-0.19094136,-0.6287415,0.7538074,S,U2OS
SRR11287415,0.9795329,0.18773575,0.072598696,S,U2OS
SRR11287416,0.77297217,0.4686693,0.427625,S,U2OS
SRR11287417,0.9604884,0.13598438,-0.24283807,S,U2OS
SRR11287418,0.6353843,0.7591058,-0.14158064,S,U2OS
SRR11287419,0.8474475,0.49288198,0.19723113,S,U2OS
SRR11287420,0.8685067,0.24699718,0.42975408,S,U2OS
SRR11287421,0.95841134,-0.04496592,-0.2818259,S,U2OS
SRR11287422,0.7895137,0.42581588,0.44198292,S,U2OS
SRR11287423,0.10603548,-0.25279033,0.961693,S,U2OS
SRR11287424,0.9667909,0.2555538,-0.0027402786,S,U2OS
SRR11287425,0.8462507,0.5327847,0.00040836283,S,U2OS
SRR11287426,0.8785418,0.46993673,0.0855785,S,U2OS
SRR11287427,0.904555,-0.2164528,-0.36732587,S,U2OS
SRR11287428,0.78528726,0.5366907,-0.3086861,S,U2OS
SRR11287429,0.7022419,0.7051295,0.09822682,S,U2OS
SRR11287430,0.8450526,-0.026833825,-0.53400946,S,U2OS
SRR11287431,0.99443185,-0.08653411,-0.060142566,S,U2OS
SRR11287432,0.8778349,-0.07628856,-0.47284842,S,U2OS
SRR11287433,0.93059975,0.16966948,0.32433984,S,U2OS
SRR11287434,0.78092694,-0.020286841,0.6242929,S,U2OS
SRR11287435,0.8273174,0.31867462,-0.462593,S,U2OS
SRR11287436,0.6129778,0.5587217,0.5586485,S,U2OS
SRR11287437,0.39172497,-0.2126116,0.89518034,S,U2OS
SRR11287438,0.69346684,0.43107036,0.5773059,S,U2OS
SRR11287439,0.98768455,0.1454213,0.057722677,S,U2OS
SRR11287440,0.99321824,-0.109367706,0.039450053,S,U2OS
SRR11287441,0.25164375,-0.35726348,0.8994655,S,U2OS
SRR11287442,0.7305105,0.6353175,0.25045165,S,U2OS
SRR11287443,0.71541625,0.66786885,-0.20525774,S,U2OS
SRR11287444,0.7728954,0.47695476,0.41850555,S,U2OS
SRR11287445,0.8097782,0.1291512,0.5723453,S,U2OS
SRR11287446,0.75816864,-0.05160068,0.6500136,S,U2OS
SRR11287447,-0.19511749,-0.18220904,0.96370584,S,U2OS
SRR11287448,-0.18691412,-0.77253354,0.60684013,S,U2OS
SRR11287449,-0.03396232,-0.7547052,0.65518427,S,U2OS
SRR11287450,-0.13077119,-0.7218882,0.67954123,G2M,U2OS
SRR11287451,0.5687562,0.08916151,0.8176591,G2M,U2OS
SRR11287452,0.9513743,0.08004782,0.2974548,G2M,U2OS
SRR11287453,0.15618688,-0.6800468,0.7163393,G2M,U2OS
SRR11287454,-0.17794484,-0.62307876,0.76164854,G2M,U2OS
SRR11287455,0.46250513,-0.12268413,0.8780875,G2M,U2OS
SRR11287456,-0.029796759,-0.54041594,0.8408702,G2M,U2OS
SRR11287457,0.07087963,-0.6177022,0.7832113,G2M,U2OS
SRR11287458,0.36384037,-0.026748307,0.9310772,G2M,U2OS
SRR11287459,0.39043513,-0.20092997,0.8984361,G2M,U2OS
SRR11287460,0.6534792,0.273227,0.70591205,G2M,U2OS
SRR11287461,0.28822628,-0.34665337,0.8926125,G2M,U2OS
SRR11287462,0.16522337,-0.34106767,0.9254048,G2M,U2OS
SRR11287463,-0.17306419,-0.7116837,0.6808488,G2M,U2OS
SRR11287464,0.16922195,-0.52064776,0.83683306,G2M,U2OS
SRR11287465,-0.04054431,-0.75166345,0.6582995,G2M,U2OS
SRR11287466,-0.07988149,-0.3715391,0.9249744,G2M,U2OS
SRR11287467,0.9023767,0.12627992,0.41203108,G2M,U2OS
SRR11287468,0.118913956,-0.73787063,0.6643843,G2M,U2OS
SRR11287469,-0.24950561,-0.6556865,0.7126164,G2M,U2OS
SRR11287470,0.23928823,-0.5603611,0.79292905,G2M,U2OS
SRR11287471,0.09556625,-0.6219938,0.7771685,G2M,U2OS
SRR11287472,0.17219253,-0.6372772,0.75115085,G2M,U2OS
SRR11287473,0.46553192,-0.47499952,0.74676335,G2M,U2OS
SRR11287474,-0.07749164,-0.4300026,0.8994959,G2M,U2OS
SRR11287475,0.7621511,0.078720964,0.6425953,G2M,U2OS
SRR11287476,-0.1370002,-0.2050636,0.96911293,G2M,U2OS
SRR11287477,0.813354,0.12894027,0.5673002,G2M,U2OS
SRR11287478,0.13589986,-0.4628605,0.8759517,G2M,U2OS
SRR11287479,0.5059158,-0.18049313,0.8434876,G2M,U2OS
SRR11287480,0.6537546,0.027565572,0.75620425,G2M,U2OS
SRR11287481,0.43943593,-0.14577569,0.8863664,G2M,U2OS
SRR11287482,0.63461185,0.12132758,0.7632479,G2M,U2OS
SRR11287483,-0.002846006,-0.26307952,0.9647699,G2M,U2OS
SRR11287484,0.062249716,-0.7196233,0.69156873,G2M,U2OS
SRR11287485,0.27925923,-0.23661472,0.9306061,G2M,U2OS
SRR11287486,0.42856368,-0.6206211,0.6566298,G2M,U2OS
SRR11287487,0.11174236,-0.19847868,0.9737144,G2M,U2OS
SRR11287488,0.39645153,-0.01714713,0.91789544,G2M,U2OS
SRR11287489,0.08256773,-0.5509896,0.8304174,G2M,U2OS
SRR11287490,-0.09866631,-0.57588124,0.8115576,G2M,U2OS
SRR11287491,0.2452565,-0.87049955,0.426708,G2M,U2OS
SRR11287498,0.5093259,0.08718347,0.85614616,G2M,U2OS
SRR11287499,0.37783125,-0.5508815,0.7441593,G2M,U2OS
SRR11287500,0.5437429,-0.008330809,0.83921045,G2M,U2OS
SRR11287501,0.82630914,0.35962132,0.4334579,G2M,U2OS
SRR11287502,0.10105506,-0.68759716,0.7190257,G2M,U2OS
SRR11287503,0.9061556,0.26690143,0.3280942,G2M,U2OS
SRR11287504,0.5151849,-0.14402598,0.8448911,G2M,U2OS
SRR11287505,0.45742717,-0.18931828,0.86886066,G2M,U2OS
SRR11287506,0.37947914,0.10731959,0.91895485,G2M,U2OS
SRR11287508,0.2887215,-0.47771674,0.8297148,G2M,U2OS
SRR11287509,0.27562353,-0.36750665,0.88824016,G2M,U2OS
SRR11287511,0.41499922,-0.15463099,0.89658505,G2M,U2OS
SRR11287512,0.67439145,0.0340033,0.73759073,G2M,U2OS
SRR11287513,0.0024858795,-0.53958607,0.84192675,G2M,U2OS
SRR11287514,0.03941827,-0.6760958,0.73575866,G2M,U2OS
SRR11287515,-0.037360575,-0.5255826,0.8499219,G2M,U2OS
SRR11287516,0.932928,-0.007011442,0.35999444,G2M,U2OS
SRR11287517,0.040951908,-0.71870375,0.69410944,G2M,U2OS
SRR11287518,0.007896901,-0.7996885,0.60036325,G2M,U2OS
SRR11287519,0.6382952,0.2918598,0.7123182,G2M,U2OS
SRR11287520,0.3233564,-0.5463538,0.7726177,G2M,U2OS
SRR11287521,0.20281251,-0.49410358,0.8454163,G2M,U2OS
cell_9387,-0.8512756,0.4108736,-0.32636297,G0,Fibroblast
cell_10579,-0.042988095,-0.99075454,-0.12867555,G1,Fibroblast
cell_12914,0.848847,0.24997936,0.4657995,S,Fibroblast
cell_19210,0.75580865,0.64251864,-0.12618627,G1,Fibroblast
cell_21047,-0.075327106,-0.36337736,-0.9285918,G1-G0 transition,Fibroblast
cell_22865,0.76957077,0.092557386,0.631818,S,Fibroblast
cell_25261,-0.35149062,-0.6809212,0.64249563,G2M,Fibroblast
cell_27312,-0.6844039,0.46772882,0.55930424,G0,Fibroblast
cell_27774,0.85584646,0.32901296,-0.3990956,S,Fibroblast
cell_30718,-0.089482725,0.7272596,0.6805044,G0,Fibroblast
cell_33109,-0.63839954,-0.107123815,-0.76221424,G1-G0 transition,Fibroblast
cell_33326,-0.9794187,0.18407626,-0.08279497,G0,Fibroblast
cell_34215,-0.61681455,0.7799308,0.10605503,G0,Fibroblast
cell_39269,0.83792496,-0.16893198,0.51898336,G2M,Fibroblast
cell_42373,-0.79198605,0.59696305,0.12803638,G0,Fibroblast
cell_47437,-0.8525238,0.16839358,0.4948202,G0,Fibroblast
cell_49519,-0.90388393,0.35002735,0.24591611,G0,Fibroblast
cell_54454,-0.9629691,0.16265042,0.21502402,G0,Fibroblast
cell_59742,0.7645166,0.35514832,0.5379441,S,Fibroblast
cell_59937,0.008185994,-0.8781842,-0.47825256,G1,Fibroblast
cell_61765,-0.7707186,0.63686615,0.019859504,G0,Fibroblast
cell_63049,-0.83090305,0.466939,-0.30260205,G0,Fibroblast
cell_66804,-0.4351583,0.65796083,0.6145932,G0,Fibroblast
cell_69130,0.8293928,-0.06387006,0.555003,S,Fibroblast
cell_72499,-0.7581114,0.5219524,0.3909383,G0,Fibroblast
cell_72989,-0.43917215,0.18936847,-0.87821823,G1-G0 transition,Fibroblast
cell_73811,-0.9296026,0.06975371,0.36190256,G0,Fibroblast
cell_74371,-0.31472912,0.9069081,0.2801131,G0,Fibroblast
cell_74451,0.8785999,-0.21572693,-0.42605627,S,Fibroblast
cell_74924,0.9070684,-0.20752823,0.36627728,S,Fibroblast
cell_76985,-0.68614227,0.22123359,-0.69301116,G0,Fibroblast
cell_80289,-0.037329447,-0.99920976,0.013651583,G1,Fibroblast
cell_81536,-0.7450206,0.66407144,0.06287522,G0,Fibroblast
cell_81977,0.064951874,-0.6616585,0.7469867,G2M,Fibroblast
cell_82373,0.3827436,0.600969,-0.70167196,G1-G0 transition,Fibroblast
cell_84043,0.23328845,-0.9409983,0.2451499,G2M,Fibroblast
cell_91349,-0.7249855,0.4924221,0.48157704,G0,Fibroblast
cell_94138,-0.85339713,0.5055935,-0.1268407,G0,Fibroblast
cell_96793,-0.7598184,0.2943927,0.5796628,G0,Fibroblast
cell_97867,0.82813483,0.3332843,0.45068198,S,Fibroblast
cell_100051,-0.031997308,-0.75029165,0.660332,G2M,Fibroblast
cell_101447,0.7183166,0.69540185,-0.020919781,G1,Fibroblast
cell_102737,0.57510537,0.22570181,0.7863286,S,Fibroblast
cell_102768,-0.93601733,0.10541261,0.3357972,G0,Fibroblast
cell_102888,-0.6605854,0.53574437,0.5259323,G0,Fibroblast
cell_104930,-0.083711416,-0.6206836,-0.7795795,G1-G0 transition,Fibroblast
cell_108305,0.10793628,-0.43596512,0.8934675,G2M,Fibroblast
cell_116377,0.7977452,0.059478335,0.60005397,S,Fibroblast
cell_116475,-0.675318,0.53681237,0.50574505,G0,Fibroblast
cell_117254,-0.88335127,0.31826818,0.34408703,G0,Fibroblast
cell_120169,0.38051093,-0.9141474,-0.13980635,G1,Fibroblast
cell_121717,-0.5898454,0.6373117,-0.49589944,G1-G0 transition,Fibroblast
cell_122195,-0.012420045,0.9287848,0.37041116,G0,Fibroblast
cell_122497,-0.36144227,0.55601776,-0.7484675,G1-G0 transition,Fibroblast
cell_123206,0.37735575,0.92172074,-0.089630134,G1,Fibroblast
cell_123270,-0.91029155,0.15613215,0.3833953,G0,Fibroblast
cell_125328,0.7386187,0.14884517,0.6574859,S,Fibroblast
cell_125644,0.59542775,-0.6610076,-0.45665598,G1,Fibroblast
cell_127389,-0.3024688,0.86071867,-0.40948254,G0,Fibroblast
cell_128045,0.9351895,0.35268444,0.032162167,S,Fibroblast
cell_130233,-0.58560866,0.75050867,-0.30626678,G0,Fibroblast
cell_130316,-0.78340024,0.6112018,0.112766996,G0,Fibroblast
cell_131889,-0.6736303,0.7032503,0.22729136,G0,Fibroblast
cell_132875,-0.5234967,0.07827314,-0.8484247,G1-G0 transition,Fibroblast
cell_135383,0.050558027,-0.72216845,0.6898671,G2M,Fibroblast
cell_137128,-0.9635536,0.1469773,0.22352198,G0,Fibroblast
cell_137303,0.8457595,0.4334546,-0.31113973,S,Fibroblast
cell_138024,-0.51652396,0.7615915,0.391384,G0,Fibroblast
cell_140969,0.35141915,0.7861414,-0.5084156,G1-G0 transition,Fibroblast
cell_141283,0.205192,0.862135,-0.46327043,G1-G0 transition,Fibroblast
cell_142995,0.19604552,-0.6460339,0.7377034,G2M,Fibroblast
cell_146636,0.21176767,-0.779663,0.5893046,G2M,Fibroblast
cell_146787,0.21511532,-0.6599323,0.7198712,G2M,Fibroblast
cell_147463,-0.2570844,-0.2943016,-0.9204857,G1-G0 transition,Fibroblast
cell_147465,0.94870585,0.17600136,-0.26264173,S,Fibroblast
cell_150578,-0.98916906,0.09032634,-0.11569627,G0,Fibroblast
cell_152161,0.5943158,0.73239964,-0.3322339,G1,Fibroblast
cell_152407,0.47709024,-0.73024666,-0.4890041,G1,Fibroblast
cell_154206,-0.023261597,-0.24530683,-0.96916634,G1-G0 transition,Fibroblast
cell_156938,0.7130064,0.17118725,-0.67993873,G1,Fibroblast
cell_156967,0.92689586,0.2881042,0.24054135,S,Fibroblast
cell_158105,-0.6886589,0.53524125,0.489148,G0,Fibroblast
cell_160238,-0.77523726,0.54480654,0.31967643,G0,Fibroblast
cell_161388,0.53253275,0.84360164,-0.06888472,G1,Fibroblast
cell_163368,0.57671165,-0.116137475,0.80865055,G2M,Fibroblast
cell_165216,0.91814667,0.39111745,-0.06351105,S,Fibroblast
cell_166375,-0.78000546,0.5369172,-0.32142088,G1-G0 transition,Fibroblast
cell_166918,0.9671098,0.17637151,0.18328054,S,Fibroblast
cell_166933,-0.8820322,-0.06514828,0.4666634,G0,Fibroblast
cell_168298,-0.8070263,0.5712884,-0.14945917,G0,Fibroblast
cell_175974,0.17285292,-0.61759275,0.76726854,G2M,Fibroblast
cell_178236,-0.88067245,0.32600588,0.3437094,G0,Fibroblast
cell_178440,-0.87608373,0.4040711,0.2630662,G0,Fibroblast
cell_178791,0.66060823,0.09698514,0.74443984,S,Fibroblast
cell_180329,0.76189923,-0.29840934,0.5748576,G2M,Fibroblast
cell_180434,-0.38022208,0.69197077,0.6136837,G0,Fibroblast
cell_183614,0.045399778,0.48650444,0.8724977,G0,Fibroblast
cell_184126,-0.3104271,-0.8538078,-0.4179082,G1,Fibroblast
cell_185270,0.5350703,0.04247682,0.84373903,S,Fibroblast
cell_186094,-0.8737521,0.21827473,0.43464154,G0,Fibroblast
cell_186442,-0.898557,0.111389145,-0.42448524,G0,Fibroblast
cell_188876,-0.86055905,0.3797899,-0.3394079,G1-G0 transition,Fibroblast
cell_190208,-0.4600258,0.6321065,0.62355244,G0,Fibroblast
cell_192534,0.5642151,0.16816917,-0.80831945,G1,Fibroblast
cell_192548,0.0004964468,0.3384922,-0.940969,G1-G0 transition,Fibroblast
cell_193069,0.5934049,-0.8018163,-0.07043737,G1,Fibroblast
cell_198379,-0.2981798,-0.5098564,-0.8069294,G1-G0 transition,Fibroblast
cell_200330,-0.8452627,0.21253328,0.49026588,G0,Fibroblast
cell_200516,-0.42400625,0.49902546,-0.75577265,G1-G0 transition,Fibroblast
cell_201349,-0.25328267,-0.6499748,-0.7165058,G1-G0 transition,Fibroblast
cell_204439,-0.70761204,0.27110064,-0.65252554,G1-G0 transition,Fibroblast
cell_205630,-0.7606645,0.24653962,0.60050625,G0,Fibroblast
cell_209407,-0.9579449,-0.010169683,0.28677216,G0,Fibroblast
cell_211635,-0.70546913,0.6791468,-0.20266496,G0,Fibroblast
cell_211704,-0.87945026,0.40059808,0.25707668,G0,Fibroblast
cell_211956,-0.91872317,0.35294107,0.17714508,G0,Fibroblast
cell_214079,0.4942521,0.2614506,0.82907087,S,Fibroblast
cell_214757,0.7772481,0.122656904,0.6171229,S,Fibroblast
cell_215076,0.46447694,0.8188258,0.33732074,G1,Fibroblast
cell_215252,-0.204336,-0.9490635,0.23984464,G1,Fibroblast
cell_216979,0.056937102,0.3720552,-0.9264627,G1-G0 transition,Fibroblast
cell_217551,0.99135727,-0.017502414,0.13001676,S,Fibroblast
cell_217811,-0.3626285,0.15880348,-0.9183039,G1-G0 transition,Fibroblast
cell_218535,-0.089293316,-0.9854735,0.14446004,G1,Fibroblast
cell_219294,-0.6163742,0.786643,-0.035712615,G0,Fibroblast
cell_221321,0.9620902,0.01728054,0.2721835,S,Fibroblast
cell_221704,-0.520319,0.43604222,-0.73425835,G1-G0 transition,Fibroblast
cell_225709,0.11729469,0.83029187,-0.5448461,G1,Fibroblast
cell_225926,0.11044455,-0.94743675,-0.3002761,G1,Fibroblast
cell_225954,0.03698071,-0.6524234,0.7569519,G2M,Fibroblast
cell_227374,0.97543097,0.16421129,-0.14686431,S,Fibroblast
cell_229420,0.8804776,0.43211517,-0.19502765,G1,Fibroblast
cell_230446,-0.75605494,0.49003065,0.4338789,G0,Fibroblast
cell_230520,0.86765087,0.21403158,0.44874534,S,Fibroblast
cell_233419,0.31058675,-0.75092477,-0.5827931,G1,Fibroblast
cell_234891,-0.6187462,0.7032938,0.35004425,G0,Fibroblast
cell_236468,0.4521477,-0.39129624,0.8015296,S,Fibroblast
cell_238451,-0.91672,0.39930514,-0.0134113245,G0,Fibroblast
cell_243006,-0.97744715,0.11725587,0.1756364,G0,Fibroblast
cell_244818,-0.17654845,-0.55057126,-0.8159056,G1-G0 transition,Fibroblast
cell_246116,0.12370714,0.93540424,-0.33123305,G0,Fibroblast
cell_248247,0.9569854,0.2781973,0.082371324,S,Fibroblast
cell_250608,0.32243094,-0.020864928,-0.9463631,G1,Fibroblast
cell_252870,-0.87920755,0.47642156,-0.0040574064,G1-G0 transition,Fibroblast
cell_255062,-0.728456,0.36631387,-0.5789352,G0,Fibroblast
cell_255411,0.30946934,-0.4711207,-0.8259988,G1,Fibroblast
cell_255794,-0.33636266,0.91790956,0.21048109,G0,Fibroblast
cell_258994,0.46834558,-0.8276267,-0.30933204,G1,Fibroblast
cell_260192,0.017533582,-0.8595727,-0.5107127,G1,Fibroblast
cell_260541,0.027134614,-0.97362,-0.22655624,G1,Fibroblast
cell_265158,-0.045413565,-0.96299654,-0.26565978,G1,Fibroblast
cell_267756,-0.9338388,0.3272158,0.14448155,G0,Fibroblast
cell_270679,-0.101148896,-0.99457604,0.024232049,G1,Fibroblast
cell_270866,-0.5917535,0.5246752,-0.6119998,G1-G0 transition,Fibroblast
cell_271944,0.64505583,0.6272335,-0.43644154,G1,Fibroblast
cell_278074,-0.9681429,0.24794666,-0.034952566,G0,Fibroblast
cell_278880,-0.97174025,-0.11275935,0.20738004,G0,Fibroblast
cell_281760,0.5192731,-0.07029813,0.85171217,S,Fibroblast
cell_283401,0.49822313,0.6737764,-0.54570967,G1,Fibroblast
cell_283455,0.88211006,-0.28534365,0.37478107,S,Fibroblast
cell_285628,0.7530992,0.5110776,0.41429612,G0,Fibroblast
cell_285982,-0.6202605,0.784091,0.021866025,G1-G0 transition,Fibroblast
cell_287006,0.7705688,0.1622127,0.61636907,S,Fibroblast
cell_287372,-0.5160007,0.80022043,0.30559865,G0,Fibroblast
cell_290940,0.64090914,0.056341294,0.76554626,S,Fibroblast
cell_291624,-0.77264345,0.62668526,-0.10142784,G0,Fibroblast
cell_292301,-0.03853133,-0.9790444,0.1999688,G1,Fibroblast
cell_293309,-0.59012765,-0.5104405,-0.62545973,G1-G0 transition,Fibroblast
cell_293599,-0.9202888,0.37245092,0.11978612,G0,Fibroblast
cell_296107,-0.9524197,0.30272666,-0.035402134,G0,Fibroblast
cell_297715,0.34190756,0.30101308,0.8902192,S,Fibroblast
cell_298411,0.73572975,0.44424644,-0.5112209,S,Fibroblast
cell_301451,-0.12840171,-0.693165,0.70924973,G2M,Fibroblast
cell_303285,-0.63727236,0.49479866,-0.59081155,G1-G0 transition,Fibroblast
cell_304770,-0.97857755,-0.0004306613,-0.20587808,G0,Fibroblast
cell_305874,-0.99067366,-0.106757134,-0.08466775,G0,Fibroblast
cell_306322,0.7666656,-0.066454194,0.63859826,S,Fibroblast
cell_306790,0.56474507,-0.3104993,0.764626,G2M,Fibroblast
cell_308272,-0.70316035,0.7072415,-0.073315434,G0,Fibroblast
cell_309583,-0.79611945,0.60415196,-0.03455734,G0,Fibroblast
cell_310997,-0.81815195,0.42954087,-0.382259,G0,Fibroblast
cell_311707,-0.57730836,0.7726079,-0.26418203,G0,Fibroblast
cell_312146,-0.31119752,0.9065787,0.2850808,G0,Fibroblast
cell_312464,0.44078696,-0.47070146,0.7642951,G2M,Fibroblast
cell_313602,-0.04737544,-0.971046,0.23414807,G1,Fibroblast
cell_313683,0.9897699,0.14263256,0.00337836,S,Fibroblast
cell_315614,-0.68100554,0.721923,-0.12271403,G0,Fibroblast
cell_315874,-0.5987617,0.746228,0.29090914,G0,Fibroblast
cell_316427,-0.90790516,0.08426873,0.41061792,G0,Fibroblast
cell_316683,-0.89904624,0.009276839,-0.43775544,G1-G0 transition,Fibroblast
cell_317625,-0.79490626,0.5964882,0.111022994,G0,Fibroblast
cell_317885,-0.76495063,0.55281675,0.3305212,G0,Fibroblast
cell_318822,-0.01216486,0.97374094,-0.22733386,G1-G0 transition,Fibroblast
cell_319645,-0.8539688,0.06622051,-0.5160932,G1-G0 transition,Fibroblast
cell_321206,0.7281786,0.16724329,0.66466963,S,Fibroblast
cell_326015,-0.058387294,-0.9696886,-0.23726569,G1,Fibroblast
cell_326864,0.68166816,0.5702647,-0.45839587,G1,Fibroblast
cell_328211,0.37847054,-0.2673387,-0.8861661,G1,Fibroblast
cell_329731,-0.9499917,0.29360235,0.10636474,G0,Fibroblast
cell_331796,0.7004596,0.70667756,0.09981543,G1,Fibroblast
cell_333886,-0.0057607153,-0.9821255,0.18813914,G1,Fibroblast
cell_334293,0.4326196,0.87945753,-0.19848096,S,Fibroblast
cell_334836,-0.39454937,0.38407144,-0.83475727,G1-G0 transition,Fibroblast
cell_335420,0.9797033,0.12640595,0.1555727,S,Fibroblast
cell_335632,-0.99228644,0.10457978,-0.06656097,G0,Fibroblast
cell_338900,-0.92077744,0.2662124,0.2851314,G0,Fibroblast
cell_339206,-0.1975231,-0.042175557,-0.9793906,G1-G0 transition,Fibroblast
cell_339338,-0.6717197,0.15058042,-0.72534,G1-G0 transition,Fibroblast
cell_342137,0.5385291,-0.37341988,-0.75534356,S,Fibroblast
cell_343111,0.9184564,0.08866036,0.38545716,S,Fibroblast
cell_344551,-0.08650898,0.05125344,-0.9949318,G1-G0 transition,Fibroblast
cell_344974,0.061049808,-0.46302053,0.88424253,G2M,Fibroblast
cell_345190,-0.40378407,-0.6272002,-0.66601664,G1-G0 transition,Fibroblast
cell_346746,-0.85561526,0.32289392,0.40455166,G0,Fibroblast
cell_350716,0.6559271,-0.06290667,-0.7521984,G1,Fibroblast
cell_353204,0.79991454,0.41348878,-0.43492967,S,Fibroblast
cell_358341,-0.6442774,0.75601846,-0.115510784,G0,Fibroblast
cell_358408,0.39911115,0.09701717,0.9117553,S,Fibroblast
cell_363060,-0.60586375,0.6455273,-0.46499854,G0,Fibroblast
cell_363855,0.9643216,0.22399405,-0.14110468,S,Fibroblast
cell_364209,0.9514369,0.11503987,0.285541,S,Fibroblast
cell_365226,0.9820697,-0.06411775,0.17727962,S,Fibroblast
cell_366424,0.15531503,-0.9838389,0.08909687,G1,Fibroblast
cell_366566,-0.1290702,0.9737823,-0.18732058,G0,Fibroblast
cell_368916,0.8082792,0.5866801,-0.049912654,S,Fibroblast
cell_369626,-0.9544198,0.16450627,0.24903925,G0,Fibroblast
cell_369863,-0.83451825,0.5498009,-0.036029644,G0,Fibroblast
cell_371395,-0.87208015,0.24579534,0.42315575,G0,Fibroblast
cell_372668,-0.54761714,0.77554095,0.31408852,G0,Fibroblast
cell_373792,0.46270865,-0.24808,-0.85109156,S,Fibroblast
cell_376590,0.29431084,-0.94483984,-0.14373131,G1,Fibroblast
cell_377051,0.6961017,0.5852818,-0.41579753,G1,Fibroblast
cell_377412,0.6273393,0.22923347,-0.7442429,S,Fibroblast
cell_378791,-0.89697206,0.1868735,0.40064877,G0,Fibroblast
cell_379162,-0.28641695,-0.5652109,-0.77362907,G1-G0 transition,Fibroblast
cell_386238,0.45289472,-0.4213532,-0.78571486,G1,Fibroblast
cell_391537,-0.76027507,0.61428314,-0.21127725,G0,Fibroblast
cell_392284,-0.600561,0.73459244,0.3157539,G0,Fibroblast
cell_392617,-0.15003389,-0.98791945,-0.038791507,G1,Fibroblast
cell_393517,-0.94748825,0.094289124,0.30557394,G0,Fibroblast
cell_396749,-0.8229716,0.107691236,0.5577816,G0,Fibroblast
cell_398082,-0.6096705,0.71127725,0.34983766,G0,Fibroblast
cell_399698,0.25871158,-0.92578775,-0.27565414,G1,Fibroblast
cell_403800,-0.26919967,0.66089195,-0.70053786,G1-G0 transition,Fibroblast
cell_403946,-0.9006857,0.28021756,0.3320291,G0,Fibroblast
cell_405123,-0.61593956,0.75872165,0.21203735,G0,Fibroblast
cell_407198,-0.90794694,0.38426292,-0.16725586,G0,Fibroblast
cell_407682,0.94131947,0.021456685,0.33683416,S,Fibroblast
cell_408874,-0.2740473,-0.6760869,-0.6839621,G1-G0 transition,Fibroblast
cell_414818,-0.742161,0.5138938,-0.4302443,G0,Fibroblast
cell_416852,0.13917229,-0.9735133,0.18139127,G1,Fibroblast
cell_417495,-0.86099124,0.50280726,0.0766731,G0,Fibroblast
cell_417972,0.95873255,0.28384203,0.016294993,S,Fibroblast
cell_419747,0.94955474,0.27342886,-0.15356544,S,Fibroblast
cell_420972,0.06717351,-0.6344579,0.7700331,G2M,Fibroblast
cell_423188,-0.9139844,0.35190475,-0.20197925,G1-G0 transition,Fibroblast
cell_431439,-0.86453813,0.2920607,0.40899196,G0,Fibroblast
cell_432268,0.08651559,0.8012779,-0.59200406,G1-G0 transition,Fibroblast
cell_432892,0.40325597,-0.54146475,-0.73769945,G1,Fibroblast
cell_433126,-0.21903846,0.2827904,-0.93383706,G1-G0 transition,Fibroblast
cell_433981,0.5368738,-0.30067793,-0.78826344,G1,Fibroblast
cell_434182,-0.92184025,0.21424492,-0.3229701,G1-G0 transition,Fibroblast
cell_434801,0.39195964,0.9097017,-0.13715121,G1,Fibroblast
cell_437841,0.42267966,-0.30885404,-0.8520276,G1,Fibroblast
cell_438744,0.031354707,0.56522083,-0.8243436,G1-G0 transition,Fibroblast
cell_442618,-0.8452222,-0.19157024,-0.49889916,G1-G0 transition,Fibroblast
cell_446542,0.6362239,0.7606835,-0.12876268,G1,Fibroblast
cell_447269,0.8985756,0.06299005,0.43427423,S,Fibroblast
cell_450391,-0.9542125,0.22991137,0.19136135,G0,Fibroblast
cell_450427,0.6259467,-0.35148752,0.69616604,S,Fibroblast
cell_455033,0.6931577,-0.65761113,-0.29509294,S,Fibroblast
cell_455368,0.32785836,0.9446209,0.014153884,S,Fibroblast
cell_455689,-0.81359816,0.58003116,-0.04027106,G0,Fibroblast
cell_457116,-0.85752755,0.49759826,0.13054639,G0,Fibroblast
cell_457496,0.6407125,-0.48488763,0.595291,G2M,Fibroblast
cell_458310,-0.38925982,0.007121807,-0.92110044,G1-G0 transition,Fibroblast
cell_458450,0.0555987,-0.41214088,-0.9094221,G1,Fibroblast
cell_458888,0.58666277,-0.52655417,0.6152785,G2M,Fibroblast
cell_459094,-0.63968635,-0.0042335712,-0.7686245,G1-G0 transition,Fibroblast
cell_459096,0.28488353,-0.11778888,-0.95129764,G1-G0 transition,Fibroblast
cell_462275,0.5199416,-0.85409945,-0.013213313,G1,Fibroblast
cell_462549,0.7584827,-0.24424744,0.60419136,S,Fibroblast
cell_463004,-0.8818649,0.35577318,-0.30941826,G0,Fibroblast
cell_465032,0.9350181,0.33019382,0.12927948,S,Fibroblast
cell_470704,0.038659178,-0.9989598,0.024185149,G1,Fibroblast
cell_471382,0.5441766,-0.37958565,-0.7481888,S,Fibroblast
cell_471394,-0.17331983,0.50284195,-0.8468235,G1-G0 transition,Fibroblast
cell_475994,0.4753634,0.58307374,-0.6588282,G1,Fibroblast
cell_479324,0.27809507,-0.3308481,0.9017775,G2M,Fibroblast
cell_479498,0.27037126,-0.46600035,-0.8424625,G1-G0 transition,Fibroblast
cell_480387,0.019070879,0.9859099,-0.16618651,G0,Fibroblast
cell_482294,0.9801106,0.10613383,-0.16768712,S,Fibroblast
cell_482884,-0.82675695,0.50602734,0.24578293,G0,Fibroblast
cell_486264,-0.5843138,0.8109349,-0.031013677,G0,Fibroblast
cell_486426,0.9149781,0.2538447,0.3136528,S,Fibroblast
cell_487964,-0.9592567,0.26642698,-0.09403824,G0,Fibroblast
cell_488795,0.7444573,0.65858847,-0.109747864,G0,Fibroblast
cell_494764,-0.9133375,0.045237802,-0.40468296,G0,Fibroblast
cell_498856,0.025222939,-0.8814147,0.47166923,G2M,Fibroblast
cell_500363,-0.8837446,0.15087444,0.44298127,G0,Fibroblast
cell_503481,0.9235532,0.32489493,0.20369743,S,Fibroblast
cell_504413,-0.3953527,0.5055445,-0.7668906,G0,Fibroblast
cell_506473,-0.864432,0.29663038,-0.40591606,G0,Fibroblast
cell_506928,0.8038343,0.56107545,-0.19759734,S,Fibroblast
cell_507408,-0.96478987,0.22722223,0.13247852,G0,Fibroblast
cell_509765,-0.82198256,0.5419317,0.17508508,G0,Fibroblast
cell_510150,0.6353887,-0.16204904,0.75499755,S,Fibroblast
cell_512486,-0.39083248,0.3023214,-0.86939734,G1-G0 transition,Fibroblast
cell_512702,0.3186339,-0.6636409,-0.67679626,G1,Fibroblast
cell_514029,-0.568036,0.81629974,-0.10483079,G0,Fibroblast
cell_516901,0.9769946,0.07038333,-0.20131487,S,Fibroblast
cell_519372,0.41592103,-0.60214967,-0.68148774,G1,Fibroblast
cell_519419,0.3962481,0.63013947,-0.66776615,G1,Fibroblast
cell_519534,-0.27979487,0.88784665,-0.36529875,G0,Fibroblast
cell_520906,0.35612193,-0.9189402,-0.1694877,G1,Fibroblast
cell_521045,-0.3981331,-0.69828725,-0.5948822,G1-G0 transition,Fibroblast
cell_522567,0.97745997,0.077359505,0.1964371,S,Fibroblast
cell_522762,-0.24788855,-0.42063358,-0.8727076,G1-G0 transition,Fibroblast
cell_522983,0.73035866,0.6830035,0.009084371,G1,Fibroblast
cell_526887,0.6445516,0.7445913,-0.17360047,S,Fibroblast
cell_530176,-0.8536816,0.09313492,0.51239985,G0,Fibroblast
cell_532059,0.6021758,0.15676573,0.7828211,S,Fibroblast
cell_532818,-0.9543247,0.19854376,0.22325924,G0,Fibroblast
cell_533460,0.11456837,-0.41473165,0.9027024,G2M,Fibroblast
cell_533673,0.4666499,-0.074738786,0.88127863,S,Fibroblast
cell_534628,-0.013056594,-0.7144251,-0.6995901,G1,Fibroblast
cell_535488,0.77807176,-0.08017248,0.62303835,S,Fibroblast
cell_535996,-0.62090313,-0.058479935,-0.7817028,G1-G0 transition,Fibroblast
cell_539991,-0.6077221,0.21903998,-0.7633448,G1-G0 transition,Fibroblast
cell_540606,-0.66047126,0.32006043,-0.67921937,G1-G0 transition,Fibroblast
cell_541218,-0.62127775,0.6538902,-0.4317888,G0,Fibroblast
cell_544290,-0.11219728,-0.5336269,-0.8382447,G1-G0 transition,Fibroblast
cell_545724,0.9156029,0.36315012,0.17260784,S,Fibroblast
cell_546283,-0.98498017,-0.17250846,0.0074050846,G0,Fibroblast
cell_546425,0.33673334,-0.93052244,0.14400865,G1,Fibroblast
cell_547343,0.05005522,-0.96617484,0.25298342,G1,Fibroblast
cell_547936,0.8122937,0.409516,-0.4153018,S,Fibroblast
cell_548788,-0.21740425,-0.59467787,-0.7740113,G1-G0 transition,Fibroblast
cell_552164,0.9786987,0.0704371,0.19284058,S,Fibroblast
cell_555222,-0.84502864,0.41388997,-0.3385584,G0,Fibroblast
cell_555606,-0.98042166,0.13674036,0.14168741,G0,Fibroblast
cell_556314,-0.60970515,0.6701983,0.42319453,G0,Fibroblast
cell_558890,-0.91550744,0.39132446,0.09333375,G0,Fibroblast
cell_562697,-0.18075478,-0.95683014,-0.22760454,G1,Fibroblast
cell_567710,0.62671065,0.31219804,0.7139792,S,Fibroblast
cell_571055,-0.8804368,0.018415477,0.47380576,G0,Fibroblast
cell_572193,-0.6230325,0.69888717,0.35126477,G0,Fibroblast
cell_573628,0.6477495,0.11244541,-0.7535095,G1,Fibroblast
cell_573674,-0.7715468,-0.047651507,-0.63438547,G1-G0 transition,Fibroblast
cell_574382,0.61475325,0.3385959,-0.7123421,G1,Fibroblast
cell_577299,0.7187457,-0.010442563,0.6951945,S,Fibroblast
cell_578092,0.75351584,0.2810214,0.5943407,S,Fibroblast
cell_580049,0.85134387,0.40750295,-0.33038598,S,Fibroblast
cell_581528,0.087328926,-0.99037474,0.10738461,G1,Fibroblast
cell_583598,-0.7352847,0.6255444,-0.26086536,G0,Fibroblast
cell_583618,0.04899299,-0.9968908,0.061711732,G1,Fibroblast
cell_585193,0.32160428,-0.94371086,-0.07733295,G1,Fibroblast
cell_589956,0.8229956,0.44270205,-0.3559398,G1,Fibroblast
cell_590234,0.36251822,-0.79946905,-0.47898823,G1,Fibroblast
cell_593956,-0.5562103,0.7891318,0.26057824,G0,Fibroblast
cell_594471,-0.8368048,0.42768872,-0.3418186,G0,Fibroblast
cell_596793,-0.57912457,0.7773374,0.2456853,G0,Fibroblast
cell_597030,0.8520185,0.33218145,0.4046232,S,Fibroblast
cell_597781,0.46914268,-0.28074145,-0.8373108,G1,Fibroblast
cell_599498,-0.9220145,0.38188267,0.06367908,G0,Fibroblast
cell_601827,-0.45438173,0.26462606,-0.850594,G1-G0 transition,Fibroblast
cell_603058,0.76683205,-0.13544597,-0.6273937,S,Fibroblast
cell_603961,0.76192933,0.6275852,-0.16000089,S,Fibroblast
cell_604716,-0.8614512,0.36730525,-0.3506973,G0,Fibroblast
cell_605091,0.67309004,-0.00538969,-0.7395409,S,Fibroblast
cell_608294,-0.42978075,-0.30369574,-0.8503278,G1-G0 transition,Fibroblast
cell_613213,-0.9491559,-0.033082493,0.31306255,G0,Fibroblast
cell_613270,-0.9348089,0.31897953,-0.15615499,G0,Fibroblast
cell_614963,-0.7286079,0.6745826,-0.11861226,G0,Fibroblast
cell_615069,-0.6111719,0.7490402,0.2557493,G0,Fibroblast
cell_618409,-0.7984285,-0.013886514,-0.6019295,G1-G0 transition,Fibroblast
cell_621989,0.19132043,-0.98097134,-0.033042505,G1,Fibroblast
cell_622162,-0.55092365,0.82578,0.12070887,G0,Fibroblast
cell_623174,-0.17439623,0.9563323,-0.23455115,G0,Fibroblast
cell_623794,-0.57809955,0.81319237,0.06722377,G0,Fibroblast
cell_624913,0.7708641,-0.3289068,0.54551697,G2M,Fibroblast
cell_629762,0.7531818,-0.3959536,-0.52529794,S,Fibroblast
cell_637236,0.10536939,-0.8829986,-0.4573956,G1,Fibroblast
cell_638234,0.8998128,-0.25657615,0.35285324,S,Fibroblast
cell_638516,-0.967945,0.24145564,-0.0691497,G0,Fibroblast
cell_638713,-0.9886494,-0.11231482,0.09978799,G0,Fibroblast
cell_639461,0.48865685,-0.73624355,-0.46814516,G1,Fibroblast
cell_640349,-0.7848836,0.5922831,0.18209437,G0,Fibroblast
cell_640966,-0.9970559,0.073133916,-0.023043936,G0,Fibroblast
cell_643047,-0.84483105,-0.04877058,-0.5328055,G0,Fibroblast
cell_646249,0.09270377,-0.8745326,-0.47602364,G1,Fibroblast
cell_646602,0.6627048,0.040077772,-0.74780744,S,Fibroblast
cell_647350,-0.9145075,0.37368694,-0.1550293,G0,Fibroblast
cell_649009,0.8416272,-0.2478602,0.47982192,S,Fibroblast
cell_651117,0.44872066,-0.85302067,-0.26646847,G1,Fibroblast
cell_652315,0.2553959,-0.9148375,0.31280255,G2M,Fibroblast
cell_652510,0.03410796,-0.81698996,-0.5756422,G1,Fibroblast
cell_652969,0.8377641,0.19119217,-0.51146555,S,Fibroblast
cell_656517,0.98101383,0.16779372,0.09724784,S,Fibroblast
cell_658364,0.44282508,-0.89655715,0.009543434,G1,Fibroblast
cell_658964,-0.94559145,0.059145264,-0.3199349,G0,Fibroblast
cell_659326,0.10070351,-0.58643705,0.80371046,G2M,Fibroblast
cell_660979,0.6154074,-0.46178803,-0.6387686,G1,Fibroblast
cell_662188,-0.7741211,0.47861937,-0.41431883,G0,Fibroblast
cell_662926,0.34190723,-0.91714567,-0.20480044,G1,Fibroblast
cell_663308,-0.18110399,-0.9745142,0.13237576,G1,Fibroblast
cell_664830,-0.91021717,0.23622097,0.34015328,G0,Fibroblast
cell_665057,-0.9419683,0.25496626,0.21837582,G0,Fibroblast
cell_665063,-0.44379762,0.8720675,0.20625742,G0,Fibroblast
cell_665175,0.57656294,-0.1715931,-0.7988311,G1,Fibroblast
cell_665185,-0.9396796,0.08113752,0.33229315,G0,Fibroblast
cell_665529,0.7847362,-0.003870503,-0.6198177,S,Fibroblast
cell_667633,-0.9721673,0.23113906,-0.03828206,G0,Fibroblast
cell_668890,-0.41394755,0.73775685,0.53325635,G0,Fibroblast
cell_669310,-0.74341744,0.14525512,-0.652864,G1-G0 transition,Fibroblast
cell_671270,-0.94954,0.2452574,0.19550559,G0,Fibroblast
cell_673660,0.38036144,-0.7015987,0.602565,G2M,Fibroblast
cell_674669,-0.5453471,0.8315204,-0.105689384,G1-G0 transition,Fibroblast
cell_675228,-0.8297484,0.5402086,-0.14032874,G0,Fibroblast
cell_675471,-0.25702837,-0.5911563,-0.76450676,G1-G0 transition,Fibroblast
cell_677088,0.8495266,0.30823535,0.42813042,S,Fibroblast
cell_677245,0.5507644,-0.10928571,0.82747525,S,Fibroblast
cell_678432,0.30386814,-0.6556369,0.691234,G2M,Fibroblast
cell_678542,-0.98262656,0.17098536,-0.07217327,G0,Fibroblast
cell_679231,-0.3353405,0.64652336,-0.6852403,G1-G0 transition,Fibroblast
cell_679927,-0.7790601,0.3368586,-0.5287644,G1-G0 transition,Fibroblast
cell_680676,-0.9203158,0.35196945,0.17069401,G0,Fibroblast
cell_681991,0.89349025,-0.03818459,0.44745612,S,Fibroblast
cell_683286,0.58718234,0.007685712,0.80941826,G2M,Fibroblast
cell_683571,0.9246172,-0.08861175,0.3704472,S,Fibroblast
cell_684392,-0.09720878,-0.5430159,0.8340768,G2M,Fibroblast
cell_684892,0.14685832,-0.97931975,-0.13916008,G1,Fibroblast
cell_685483,-0.9393656,0.13399284,0.31565505,G0,Fibroblast
cell_686416,0.7443145,0.43492192,-0.5067927,S,Fibroblast
cell_696688,-0.45849156,0.5132221,-0.72552633,G1-G0 transition,Fibroblast
cell_697004,0.7560422,0.5823005,-0.298875,S,Fibroblast
cell_697670,0.10198439,-0.6211987,0.7769885,G2M,Fibroblast
cell_700525,-0.2531436,-0.40018117,-0.88078,G1-G0 transition,Fibroblast
cell_701227,0.12473305,0.6340011,-0.7632066,G1-G0 transition,Fibroblast
cell_706666,0.5463147,0.5135281,-0.66168666,G1,Fibroblast
cell_709279,-0.66667104,0.52764195,-0.5264444,G1-G0 transition,Fibroblast
cell_710723,-0.2646926,-0.9151901,-0.30391568,G1,Fibroblast
cell_712394,-0.58560723,0.6401908,0.49721235,G0,Fibroblast
cell_714094,0.38020203,-0.8311002,-0.40585554,G1,Fibroblast
cell_717083,-0.11481624,0.11933952,-0.98619235,G1-G0 transition,Fibroblast
cell_718660,0.7884693,-0.20100932,0.58130133,S,Fibroblast
cell_720048,0.23339601,-0.85953176,0.45467716,G2M,Fibroblast
cell_721120,-0.85453564,0.5081011,0.107713446,G0,Fibroblast
cell_722488,-0.6961936,-0.16715574,-0.6981215,G1-G0 transition,Fibroblast
cell_725326,0.97034144,0.04907249,0.23670496,S,Fibroblast
cell_725373,0.87129563,0.47236004,0.13311632,S,Fibroblast
cell_731154,0.5877732,0.75402427,-0.29320654,G1,Fibroblast
cell_734593,-0.90852594,0.151479,0.38940293,G0,Fibroblast
cell_734834,-0.8401769,0.3649532,0.40113822,G0,Fibroblast
cell_735523,0.83861005,0.4194435,-0.34756318,S,Fibroblast
cell_735703,0.44144145,0.12740418,0.8881991,S,Fibroblast
cell_737198,0.856023,0.20065215,0.47640663,S,Fibroblast
cell_737261,0.08360481,-0.44449657,0.8918705,G2M,Fibroblast
cell_737526,-0.8571257,0.5015493,-0.11740415,G0,Fibroblast
cell_740990,0.50569445,0.5882659,-0.63104403,G1,Fibroblast
cell_744855,-0.2825247,0.23982996,-0.9287957,G1-G0 transition,Fibroblast
cell_745073,0.19911641,-0.5780654,-0.7913235,G1,Fibroblast
cell_745125,-0.9390861,0.28474152,0.1924563,G0,Fibroblast
cell_745294,0.95008105,0.25399873,0.18119226,S,Fibroblast
cell_745373,0.8425517,-0.014038228,0.5384324,S,Fibroblast
cell_751522,-0.92037696,0.26470262,0.28781736,G0,Fibroblast
cell_755425,-0.8674405,0.40950048,-0.2825888,G0,Fibroblast
cell_755630,-0.22435123,-0.2992223,-0.92743325,G1-G0 transition,Fibroblast
cell_757500,0.611616,0.43453047,0.66114223,S,Fibroblast
cell_757670,-0.52942175,0.39062425,-0.7530773,G1-G0 transition,Fibroblast
cell_761706,0.94828284,0.22301918,0.2258805,S,Fibroblast
cell_762939,-0.9542931,0.15664208,0.2545347,G0,Fibroblast
cell_764512,-0.73607916,0.559891,0.3804071,G0,Fibroblast
cell_764865,0.5807638,0.36501834,-0.72765017,G1,Fibroblast
cell_773141,0.31947827,-0.9470329,-0.03259468,G1,Fibroblast
cell_774861,0.7444108,-0.18715122,0.6409578,S,Fibroblast
cell_775518,0.27136138,-0.1810312,-0.94529927,G1,Fibroblast
cell_777085,-0.90125126,-0.31710702,-0.2952785,G1-G0 transition,Fibroblast
cell_779534,-0.75958145,0.6415636,-0.10692159,G0,Fibroblast
cell_783698,-0.33746657,0.36485747,-0.86775297,G1-G0 transition,Fibroblast
cell_786150,0.793536,-0.46246055,-0.39551362,S,Fibroblast
cell_786906,0.43602398,-0.5681375,-0.69792753,G1,Fibroblast
cell_787883,-0.96250945,0.16369578,0.216285,G0,Fibroblast
cell_787889,-0.020439293,-0.52655727,-0.8498939,G1-G0 transition,Fibroblast
cell_789395,0.04855976,-0.7739388,0.6313959,G2M,Fibroblast
cell_789397,0.8880109,-0.12079197,0.44367322,S,Fibroblast
cell_791535,-0.29281166,0.8459789,0.44562435,G0,Fibroblast
cell_791600,-0.8708399,0.47369456,0.13134451,G0,Fibroblast
cell_794574,0.9284825,0.28817338,-0.23425673,S,Fibroblast
cell_794745,0.8024085,0.08716147,0.5903757,S,Fibroblast
cell_794945,-0.003851608,-0.53810316,-0.84287024,G1-G0 transition,Fibroblast
cell_795648,-0.32670933,0.8903435,0.3170954,G0,Fibroblast
cell_796711,-0.99019426,-0.10725758,0.08950528,G0,Fibroblast
cell_799465,0.5292678,-0.35536754,-0.7704476,G0,Fibroblast
cell_799690,0.49487117,0.48391423,-0.7217545,G1,Fibroblast
cell_800728,0.0604506,0.7454557,-0.6638083,G1-G0 transition,Fibroblast
cell_802784,-0.080282636,0.14584152,-0.9860451,G1-G0 transition,Fibroblast
cell_803467,-0.8291382,0.5385898,0.14983585,G0,Fibroblast
cell_806454,-0.94894975,0.06326896,0.30901688,G0,Fibroblast
cell_807605,-0.6915151,0.6634486,0.28573212,G0,Fibroblast
cell_809937,-0.81608987,0.3189903,-0.48191544,G0,Fibroblast
cell_810171,-0.6351324,0.77184796,0.029285671,G0,Fibroblast
cell_810932,-0.086722106,-0.7186695,0.68992287,G2M,Fibroblast
cell_811109,-0.8574795,0.19452982,-0.4763266,G1-G0 transition,Fibroblast
cell_817038,-0.46654892,-0.64888304,-0.60106814,G1-G0 transition,Fibroblast
cell_817365,0.43657386,-0.82621473,-0.3560513,G1,Fibroblast
cell_819744,-0.6661813,0.6461214,-0.3724642,G1-G0 transition,Fibroblast
cell_820569,0.2019492,-0.6990132,0.6860008,G2M,Fibroblast
cell_821420,-0.9834799,0.10764637,0.14553207,G0,Fibroblast
cell_822791,0.6785137,-0.0757787,0.73066866,G2M,Fibroblast
cell_824731,-0.030632053,-0.15927698,-0.98675853,G1-G0 transition,Fibroblast
cell_826510,-0.43977213,-0.8580989,-0.26507896,G1,Fibroblast
cell_829500,-0.6520162,0.6143351,-0.44437292,G0,Fibroblast
cell_829506,-0.4648837,-0.5521531,-0.6921054,G1-G0 transition,Fibroblast
cell_829813,-0.9938247,-0.06292153,-0.09139672,G0,Fibroblast
cell_830020,-0.7589791,-0.21647917,-0.61407447,G1-G0 transition,Fibroblast
cell_831392,-0.28265926,-0.804414,-0.522515,G1,Fibroblast
cell_837522,0.56100184,-0.583142,0.5875561,G2M,Fibroblast
cell_837717,-0.03277645,-0.6534523,-0.75625783,G1-G0 transition,Fibroblast
cell_838099,0.90694374,0.42109352,0.011549598,S,Fibroblast
cell_838169,0.7405284,0.36718294,0.562845,S,Fibroblast
cell_839194,0.5000628,0.41890424,-0.75792897,G1-G0 transition,Fibroblast
cell_839800,0.8302891,-0.06104858,0.5539793,S,Fibroblast
cell_840685,-0.8831648,0.4687784,-0.01633011,G0,Fibroblast
cell_840786,-0.96659684,0.22960101,0.11390327,G0,Fibroblast
cell_843028,-0.10498108,0.8527111,0.51172537,G0,Fibroblast
cell_844134,0.23533143,-0.9177137,-0.32003236,G1,Fibroblast
cell_845959,0.13869356,-0.7968748,0.588009,G2M,Fibroblast
cell_846422,-0.67721754,0.3375621,-0.6537799,G1-G0 transition,Fibroblast
cell_846812,0.79066074,-0.18108706,0.58486176,S,Fibroblast
cell_847734,0.55095524,0.7672498,-0.32829276,G1,Fibroblast
cell_848039,-0.9015271,0.43263325,-0.008793474,G0,Fibroblast
cell_849495,-0.9383233,0.15024455,0.31140924,G0,Fibroblast
cell_852203,-0.23386101,0.47514462,-0.8482609,G1-G0 transition,Fibroblast
cell_852569,0.28959036,-0.67491597,-0.6786941,G1,Fibroblast
cell_852845,-0.65502644,0.6929208,-0.3013321,G0,Fibroblast
cell_853225,0.71479416,0.6890281,-0.119622484,G1,Fibroblast
cell_853858,0.21407606,-0.9734686,0.08080999,G1,Fibroblast
cell_854345,-0.92171293,-0.008157451,0.387787,G0,Fibroblast
cell_856252,0.02943835,0.7103246,-0.70325834,G1-G0 transition,Fibroblast
cell_857738,0.6356975,0.10316225,0.76501405,S,Fibroblast
cell_857754,-0.16302316,-0.118420035,-0.97948974,G1-G0 transition,Fibroblast
cell_860905,0.4746162,0.86777073,0.14735441,G1,Fibroblast
cell_862304,-0.6325043,0.7511447,-0.18899716,G0,Fibroblast
cell_864510,-0.49601594,0.8681096,0.018815685,G0,Fibroblast
cell_866344,0.94407785,0.26242045,0.19963089,S,Fibroblast
cell_866841,-0.4916307,-0.021253971,-0.87054443,G1-G0 transition,Fibroblast
cell_868924,-0.92267126,-0.23030868,-0.30925012,G1-G0 transition,Fibroblast
cell_872560,0.23101245,-0.35781026,0.90476793,G2M,Fibroblast
cell_873831,0.813568,0.019834364,0.58113134,S,Fibroblast
cell_874825,-0.6954488,0.71831805,-0.019235257,G0,Fibroblast
cell_879784,-0.7140685,0.3082192,0.6285753,G0,Fibroblast
cell_880583,-0.9182341,0.39541078,-0.02227719,G0,Fibroblast
cell_881624,-0.3646055,0.6821264,-0.6338506,G0,Fibroblast
cell_883699,-0.16240613,-0.6677457,-0.7264571,G1-G0 transition,Fibroblast
cell_884530,0.9911911,0.121362254,0.05302373,S,Fibroblast
cell_884602,0.12209634,-0.63703084,0.7611071,G2M,Fibroblast
cell_884680,0.3317377,-0.6819327,-0.65185726,G1,Fibroblast
cell_887027,0.046517696,-0.3951246,-0.91744894,G1-G0 transition,Fibroblast
cell_887245,-0.87839305,-0.08001373,-0.4711936,G1-G0 transition,Fibroblast
cell_887854,-0.37091607,-0.67755336,-0.6350927,G1-G0 transition,Fibroblast
cell_888452,0.4612699,0.6601735,-0.59279096,G1,Fibroblast
cell_888479,-0.94825554,0.19124526,-0.2534494,G0,Fibroblast
cell_891892,-0.37284428,0.07518494,-0.9248428,G1-G0 transition,Fibroblast
cell_892421,0.9354526,0.050144445,0.3498773,S,Fibroblast
cell_892789,0.36979744,-0.65630716,-0.6576553,G1,Fibroblast
cell_893660,0.72361344,0.5402621,-0.42953518,S,Fibroblast
cell_895155,0.88054156,-0.039237026,0.4723421,S,Fibroblast
cell_896018,0.18708128,-0.4404262,0.8780805,G2M,Fibroblast
cell_896464,0.97600305,-0.116882734,0.18372923,S,Fibroblast
cell_897493,0.16509256,-0.5967919,-0.7852285,G1-G0 transition,Fibroblast
cell_898837,-0.84854525,0.3571335,-0.39041865,G0,Fibroblast
cell_899175,-0.82631165,0.10166716,0.5539612,G0,Fibroblast
cell_899863,-0.96425617,0.2541894,0.07481845,G0,Fibroblast
cell_902185,0.9045539,0.088481285,0.41707698,S,Fibroblast
cell_903254,0.8923659,-0.12726709,0.43299684,S,Fibroblast
cell_903683,0.7538961,0.45133153,-0.47743103,G1,Fibroblast
cell_904306,-0.11136134,0.28311586,-0.9525986,G1-G0 transition,Fibroblast
cell_906657,0.78120613,-0.021785386,0.62389296,S,Fibroblast
cell_906665,-0.93130803,0.07591714,0.35623282,G0,Fibroblast
cell_910034,0.067976,-0.69970495,0.71119076,G2M,Fibroblast
cell_910578,-0.952403,0.08600844,0.29245687,G0,Fibroblast
cell_912415,0.13764732,0.32029545,-0.9372641,G1-G0 transition,Fibroblast
cell_914202,-0.80824685,-0.048739217,-0.5868232,G1-G0 transition,Fibroblast
cell_916157,0.3806524,-0.64305615,-0.6645168,G1,Fibroblast
cell_918230,-0.34551653,-0.80838084,-0.47659063,G1,Fibroblast
cell_922643,-0.024542103,-0.62144333,0.7830746,G2M,Fibroblast
cell_922808,0.94204134,-0.056783084,0.33065653,S,Fibroblast
cell_923519,0.28651744,0.5440162,-0.78864074,G1-G0 transition,Fibroblast
cell_942097,0.09088062,-0.65325534,0.75166357,G2M,Fibroblast
cell_942751,-0.38048002,0.61228806,0.6930644,G0,Fibroblast
cell_942935,-0.5210834,0.75143135,-0.40475047,G0,Fibroblast
cell_943625,-0.956393,0.260144,0.13280696,G0,Fibroblast
cell_944198,-0.7696765,0.6364526,0.050260004,G0,Fibroblast
cell_945141,-0.21534875,-0.8943621,-0.39209852,G1,Fibroblast
cell_945665,-0.73827815,0.24946791,-0.62666667,G0,Fibroblast
cell_947587,-0.877326,0.45841196,0.14197718,G0,Fibroblast
cell_947620,0.81892407,-0.38309833,-0.4273161,S,Fibroblast
cell_948196,-0.9096102,0.2847649,0.30251977,G0,Fibroblast
cell_951514,0.56904435,-0.38890323,0.7245293,G2M,Fibroblast
cell_954595,0.6001938,0.07232214,0.7965783,S,Fibroblast
cell_961461,-0.6869584,0.71437585,0.13324851,G1-G0 transition,Fibroblast
cell_962997,-0.7770292,0.543069,0.3182791,G0,Fibroblast
cell_963717,0.01230166,-0.9995985,0.025525697,G1,Fibroblast
cell_965770,-0.9781052,0.17725213,0.109050564,G0,Fibroblast
cell_966474,-0.81193316,0.26020977,0.5225472,G0,Fibroblast
cell_967502,0.08343768,-0.8280854,0.55435795,G2M,Fibroblast
cell_967765,-0.9575112,0.2774996,0.07852592,G0,Fibroblast
cell_968832,0.3955526,-0.9184145,0.007276673,G1,Fibroblast
cell_969502,0.7516174,0.41797522,0.5102626,S,Fibroblast
cell_971026,-0.9002207,0.21907403,-0.37631002,G0,Fibroblast
cell_973095,0.12765339,-0.99176353,0.010472062,G1,Fibroblast
cell_975592,0.8016705,0.434682,-0.41033617,S,Fibroblast
cell_978934,0.38003254,0.72459793,-0.57492,G1,Fibroblast
cell_980680,0.38276315,-0.39266485,0.83624566,G2M,Fibroblast
cell_980939,-0.33914006,0.3882977,-0.85685986,G1-G0 transition,Fibroblast
cell_985402,0.90445167,0.17840406,0.387478,S,Fibroblast
cell_986889,0.8040608,0.55855656,0.20371774,S,Fibroblast
cell_987195,0.66793805,0.19787644,-0.71742845,G1,Fibroblast
cell_988081,-0.7678896,0.6159711,-0.17585523,G0,Fibroblast
cell_989150,-0.8470804,0.19788304,-0.49325138,G0,Fibroblast
cell_989438,-0.8186863,0.4712138,0.3281923,G0,Fibroblast
cell_990170,-0.58627987,0.09644472,-0.80434716,G1-G0 transition,Fibroblast
cell_992872,0.037139185,-0.3347699,-0.9415676,G1-G0 transition,Fibroblast
cell_993197,0.44500136,0.5465783,-0.7093841,G1-G0 transition,Fibroblast
cell_993681,0.16116989,-0.6758197,0.71923006,G2M,Fibroblast
cell_993952,-0.42642388,-0.46095607,-0.7782558,G1-G0 transition,Fibroblast
cell_994638,0.883639,0.29351753,-0.36473227,S,Fibroblast
cell_995438,0.7522585,0.64334697,0.14216764,S,Fibroblast
cell_997636,0.12858927,0.33029175,-0.9350785,G1-G0 transition,Fibroblast
cell_998646,0.65672606,0.51038486,-0.5551738,S,Fibroblast
cell_998932,-0.75699145,0.1281307,-0.6407391,G1-G0 transition,Fibroblast
cell_1001207,-0.8466091,0.48569113,0.21761654,G0,Fibroblast
cell_1001544,-0.97483265,0.1343577,0.17790227,G0,Fibroblast
cell_1003166,0.733353,-0.17986535,0.65562314,G2M,Fibroblast
cell_1003404,0.5970292,-0.7060905,-0.38077858,G1,Fibroblast
cell_1003700,0.2604303,0.70196,-0.6628939,G1,Fibroblast
cell_1004644,-0.8701268,0.46839094,0.15326187,G0,Fibroblast
cell_1006183,0.6570941,-0.44435158,0.6089161,G2M,Fibroblast
cell_1007082,0.6609052,-0.30780345,-0.6844423,G1,Fibroblast
cell_1008618,-0.63094795,-0.12950948,-0.7649391,G1-G0 transition,Fibroblast
cell_1009549,-0.4567549,0.88686943,0.069551826,G0,Fibroblast
cell_1012443,-0.06601125,-0.3875031,0.9195019,G2M,Fibroblast
cell_1012831,-0.9568083,-0.18509041,-0.22418587,G0,Fibroblast
cell_1013143,-0.2677081,-0.4192888,-0.8674845,G1-G0 transition,Fibroblast
cell_1013623,-0.780709,0.438265,0.44544044,G0,Fibroblast
cell_1014244,0.96080476,0.1644716,-0.22316632,S,Fibroblast
cell_1015874,-0.90760934,0.3733963,0.19188723,G0,Fibroblast
cell_1018261,-0.80037963,0.5316658,-0.27699107,G0,Fibroblast
cell_1020882,-0.71004087,0.340117,-0.61657304,G1-G0 transition,Fibroblast
cell_1021996,0.6019307,-0.4640947,0.64984274,G2M,Fibroblast
cell_1023957,0.6763149,-0.6676347,-0.3112266,G1,Fibroblast
cell_1024127,-0.98974967,0.09770596,0.1041582,G0,Fibroblast
cell_1025997,-0.68015915,0.0044001257,-0.7330513,G1-G0 transition,Fibroblast
cell_1027526,0.91165054,-0.15710121,0.37975308,S,Fibroblast
cell_1028524,-0.82254285,0.56766874,-0.034284938,G0,Fibroblast
cell_1031903,-0.87411785,0.2935747,0.38695195,G0,Fibroblast
cell_1033284,0.7525174,-0.17712006,0.63430756,G2M,Fibroblast
cell_1034012,0.5481723,-0.7379588,-0.39360377,G1,Fibroblast
cell_1038846,0.5225965,0.85091007,-0.053337988,G1,Fibroblast
cell_1040018,-0.9566445,-0.0010986151,0.2912558,G0,Fibroblast
cell_1040320,0.44052583,0.8285502,0.34560323,G1,Fibroblast
cell_1045385,-0.8854508,0.04483491,0.4625654,G0,Fibroblast
cell_1046951,0.6962759,0.22610234,-0.6812324,G1,Fibroblast
cell_1050204,0.025864255,-0.6653589,0.7460755,G2M,Fibroblast
cell_1050290,-0.72111595,0.6335781,0.28030404,G0,Fibroblast
cell_1051211,-0.8718033,0.13502295,0.47087994,G0,Fibroblast
cell_1053022,-0.017704325,-0.35497156,-0.9347095,G1-G0 transition,Fibroblast
cell_1053227,-0.8826176,0.43367285,-0.18142256,G0,Fibroblast
cell_1053711,0.6423378,-0.02801745,0.7659093,S,Fibroblast
cell_1056845,0.07889729,-0.72613394,0.68301153,G2M,Fibroblast
cell_1059276,-0.38526937,-0.030308362,-0.9223062,G1-G0 transition,Fibroblast
cell_1060413,-0.9696157,-0.086452276,-0.22884798,G0,Fibroblast
cell_1061553,0.5540792,-0.011223758,-0.8323883,G1,Fibroblast
cell_1064527,-0.9387799,0.34376946,-0.022689158,G0,Fibroblast
cell_1064924,0.97319883,0.2276921,0.03225472,S,Fibroblast
cell_1068977,0.441428,-0.35149014,0.8255884,G2M,Fibroblast
cell_1072010,-0.9624123,0.22701931,-0.14907981,G0,Fibroblast
cell_1072083,-0.95813173,0.0606488,0.27983078,G0,Fibroblast
cell_1072465,0.76766837,0.3973874,0.5027607,S,Fibroblast
cell_1075901,0.91846865,0.3898429,-0.06661691,S,Fibroblast
cell_1078487,0.9721656,0.22997826,0.04476545,S,Fibroblast
cell_1079345,0.8312608,-0.3470374,-0.434247,S,Fibroblast
cell_1082793,-0.042024717,0.14688848,-0.9882599,G1-G0 transition,Fibroblast
cell_1083258,0.66259897,0.7324173,-0.15661274,G1,Fibroblast
cell_1083278,0.07266415,0.32513013,-0.9428735,G1-G0 transition,Fibroblast
cell_1084313,-0.040281486,-0.9056115,-0.42219076,G1,Fibroblast
cell_1084869,0.05111464,-0.7419093,0.6685491,G2M,Fibroblast
cell_1091087,-0.4765703,0.86546457,0.15444048,G0,Fibroblast
cell_1092760,-0.17563912,-0.28380448,-0.94265884,G1-G0 transition,Fibroblast
cell_1092763,-0.93252134,0.31246758,0.18101941,G0,Fibroblast
cell_1094154,0.33036995,0.89896876,-0.28759497,G1-G0 transition,Fibroblast
cell_1099208,-0.46318173,0.84106135,-0.27942526,G1-G0 transition,Fibroblast
cell_1099530,-0.43110827,0.82077795,-0.37479237,G0,Fibroblast
cell_1100455,0.5587517,0.1637027,-0.81301785,G1,Fibroblast
cell_1100615,-0.06665832,0.9077936,-0.4140864,G0,Fibroblast
cell_1101666,-0.054859713,-0.7713058,-0.634096,G1,Fibroblast
cell_1102182,0.18558238,-0.85591555,-0.48266748,G1,Fibroblast
cell_1102897,-0.8859233,0.454057,-0.09472141,G0,Fibroblast
cell_1104332,-0.91009814,0.41213897,-0.043158785,G0,Fibroblast
cell_1106401,0.12681818,-0.9860926,-0.10741711,G1,Fibroblast
cell_1108503,0.070363685,0.18008235,-0.9811316,G1-G0 transition,Fibroblast
cell_1110113,0.9875033,0.1567976,-0.015868591,S,Fibroblast
cell_1111240,-0.5537998,-0.088974856,-0.82788235,G1-G0 transition,Fibroblast
cell_1112860,0.77054965,0.24258947,-0.5894096,S,Fibroblast
cell_1113449,0.24699402,0.5344026,-0.80833644,G1-G0 transition,Fibroblast
cell_1113713,-0.76155066,0.6474303,0.029572675,G0,Fibroblast
cell_1116123,0.9431362,0.27955833,-0.17983684,S,Fibroblast
cell_1117291,0.70557535,0.15911187,0.690541,S,Fibroblast
cell_1119893,-0.9874175,0.13685362,0.079233915,G0,Fibroblast
cell_1120673,-0.27164358,0.3498998,-0.8965377,G1-G0 transition,Fibroblast
cell_1122281,-0.9543042,0.1538092,0.2562148,G0,Fibroblast
cell_1123917,-0.35401538,0.20178975,-0.9132108,G1-G0 transition,Fibroblast
cell_1125486,0.2600486,-0.64082247,0.7223027,G2M,Fibroblast
cell_1126482,0.984991,0.11151482,0.13174666,S,Fibroblast
cell_1129357,-0.74306726,0.66712534,-0.052865554,G0,Fibroblast
cell_1129663,0.37470227,-0.3833828,0.84416574,S,Fibroblast
cell_1131998,-0.67433816,-0.007175845,-0.73838776,G1-G0 transition,Fibroblast
cell_1133272,0.07117218,-0.04892587,-0.99626344,G1-G0 transition,Fibroblast
cell_1133850,0.8425986,0.5357271,0.05499131,G1,Fibroblast
cell_1134317,0.95591974,0.23297593,0.178717,S,Fibroblast
cell_1141709,-0.9913654,0.117235355,-0.058741424,G0,Fibroblast
cell_1143468,-0.21057202,-0.97180444,0.10609182,G1,Fibroblast
cell_1143836,0.7496831,0.39493808,-0.53103566,S,Fibroblast
cell_1147245,-0.34236622,0.8527779,-0.39440504,G1-G0 transition,Fibroblast
cell_1147271,-0.8106486,0.07185897,-0.5811068,G1-G0 transition,Fibroblast
cell_1150627,-0.7605532,0.56486887,-0.32012817,G0,Fibroblast
cell_1151227,-0.6896069,-0.12188163,-0.7138537,G1-G0 transition,Fibroblast
cell_1153187,-0.97149813,0.21855327,0.09179239,G0,Fibroblast
cell_1153796,0.41643628,0.23764592,-0.8775563,G1,Fibroblast
cell_1155063,0.050002944,-0.6165605,0.785718,G2M,Fibroblast
cell_1157549,0.9443226,-0.0054649333,0.32897538,S,Fibroblast
cell_1157781,0.6297342,0.63982344,-0.44052345,G1,Fibroblast
cell_1159397,-0.009130869,-0.59099996,0.80661994,G2M,Fibroblast
cell_1159724,-0.26993698,0.3566722,-0.8943819,G1-G0 transition,Fibroblast
cell_1160066,-0.76018834,0.6491191,-0.027532762,G1-G0 transition,Fibroblast
cell_1163934,0.78189874,-0.18303865,0.5959288,S,Fibroblast
cell_1165480,0.20029289,-0.3720265,0.90635484,G2M,Fibroblast
cell_1166756,0.80696446,-0.18802793,0.5598696,G2M,Fibroblast
cell_1168005,0.88913983,0.42796338,-0.1621041,S,Fibroblast
cell_1170544,0.20691387,-0.6352042,-0.74411166,G1,Fibroblast
cell_1170555,0.098653905,-0.60873383,0.78721684,G2M,Fibroblast
cell_1171264,-0.82786113,0.3444696,0.4427036,G0,Fibroblast
cell_1172080,0.7782152,-0.18820748,0.59913176,G2M,Fibroblast
cell_1173072,0.67454106,-0.2964107,-0.6761174,G1,Fibroblast
cell_1173623,-0.5239045,-0.06499886,-0.84929335,G1-G0 transition,Fibroblast
cell_1175028,0.92328966,-0.05216986,0.38054493,S,Fibroblast
cell_1175470,0.2655111,-0.9607028,0.08095839,G1,Fibroblast
cell_1177493,-0.840817,0.45995748,0.28542233,G0,Fibroblast
cell_1179506,-0.14177942,-0.3953397,-0.90752685,G1-G0 transition,Fibroblast
cell_1179900,-0.90784526,0.09434059,0.4085546,G0,Fibroblast
cell_1179964,0.02001839,-0.5363706,0.8437452,G2M,Fibroblast
cell_1180615,0.46503147,-0.8614115,-0.20424478,G1,Fibroblast
cell_1180981,-0.29448205,0.6626098,-0.68864256,G1-G0 transition,Fibroblast
cell_1183058,-0.61942434,0.69778883,0.3597279,G0,Fibroblast
cell_1183725,0.6537543,0.005614509,0.7566861,S,Fibroblast
cell_1186309,-0.29323927,-0.9335584,-0.20610607,G1,Fibroblast
cell_1189385,0.686369,0.7063185,0.17323928,S,Fibroblast
cell_1189783,-0.72225416,0.5627497,-0.40207183,G1-G0 transition,Fibroblast
cell_1190184,0.07910667,-0.9197928,-0.38434803,G1,Fibroblast
cell_1190296,-0.22975971,-0.44550115,-0.86529726,G1-G0 transition,Fibroblast
cell_1194608,0.01878734,-0.82381237,0.5665512,G2M,Fibroblast
cell_1197495,-0.9985611,-0.049934812,0.019552466,G0,Fibroblast
cell_1200324,-0.823204,0.32339293,0.46663952,G0,Fibroblast
cell_1204529,-0.78415847,0.29085746,0.54817635,G0,Fibroblast
cell_1205682,-0.47341537,0.86692834,-0.15592599,G0,Fibroblast
cell_1206688,-0.942253,0.23203605,0.24149236,G0,Fibroblast
cell_1207344,-0.8964446,0.4161609,-0.15230572,G0,Fibroblast
cell_1211540,0.5894723,-0.5699653,-0.5724176,G1,Fibroblast
cell_1211803,0.7530498,0.3509434,0.5565561,S,Fibroblast
cell_1211848,0.51282126,-0.57751447,-0.6352097,G1,Fibroblast
cell_1212774,0.54364115,-0.3363991,-0.7689537,G1,Fibroblast
cell_1212983,-0.6996909,0.71441084,-0.0070601343,G0,Fibroblast
cell_1214159,0.008364034,0.006029997,-0.9999467,G1-G0 transition,Fibroblast
cell_1214419,-0.74177444,0.5374579,-0.4011354,G1-G0 transition,Fibroblast
cell_1218646,-0.9608053,0.15282746,0.23129408,G0,Fibroblast
cell_1219672,0.44056207,-0.5778751,0.68699735,G2M,Fibroblast
cell_1223945,-0.7505098,0.5257245,0.40043578,G0,Fibroblast
cell_1224191,-0.12253908,-0.99232924,-0.016332146,G1,Fibroblast
cell_1226112,0.8162994,0.024103373,-0.5771257,S,Fibroblast
cell_1226311,-0.97303516,-0.07715934,0.21736887,G0,Fibroblast
cell_1226712,-0.9160015,0.18022539,0.35841304,G0,Fibroblast
cell_1226864,-0.16176875,0.8356034,0.5249741,G0,Fibroblast
cell_1227281,-0.7709016,0.6318971,-0.080104105,G1-G0 transition,Fibroblast
cell_1227849,0.8260317,-0.23901582,0.5104341,S,Fibroblast
cell_1230886,-0.07537721,-0.9961491,-0.044781797,G1,Fibroblast
cell_1231388,0.17119433,-0.32731813,-0.92927676,G1-G0 transition,Fibroblast
cell_1232946,-0.7248496,0.5776604,0.3753687,G0,Fibroblast
cell_1233522,0.9570407,0.2501839,0.1465641,S,Fibroblast
cell_1233615,-0.047763493,0.71427405,-0.69823444,G1-G0 transition,Fibroblast
cell_1234640,-0.7004635,0.57396156,-0.42416868,G0,Fibroblast
cell_1238732,-0.78406245,0.56225306,0.26290217,G0,Fibroblast
cell_1239427,0.26016584,-0.58279413,0.76984733,G2M,Fibroblast
cell_1242124,0.86031085,0.22835469,0.45576254,S,Fibroblast
cell_1247557,-0.8291804,0.52802014,-0.1834514,G0,Fibroblast
cell_1248551,-0.29603636,-0.9296984,0.21914229,G2M,Fibroblast
cell_1249096,-0.90836084,0.3557778,0.21977873,G0,Fibroblast
cell_1250360,0.2362422,-0.5725145,-0.78512216,G1,Fibroblast
cell_1252442,0.56781805,-0.024341129,-0.8227941,S,Fibroblast
cell_1254046,0.8476372,0.31884056,0.42408958,S,Fibroblast
cell_1254526,-0.94587576,0.22859345,-0.23035674,G0,Fibroblast
cell_1256268,0.3684595,-0.57609856,-0.72962195,G1,Fibroblast
cell_1257183,0.14077191,-0.34944057,-0.9263232,G1,Fibroblast
cell_1259349,0.6047085,0.52713025,-0.59704393,G1,Fibroblast
cell_1260811,0.7659441,-0.041779954,0.6415481,S,Fibroblast
cell_1262220,0.90522534,0.40912127,-0.114834264,S,Fibroblast
cell_1264647,0.4202865,-0.52710277,0.73859453,G2M,Fibroblast
cell_1265637,0.2693076,-0.89091605,-0.36570752,G1,Fibroblast
cell_1269286,0.9867106,0.063460246,-0.14958239,S,Fibroblast
cell_1272527,-0.75011337,-0.34115687,-0.56651735,G1-G0 transition,Fibroblast
cell_1273918,-0.74984574,0.65315574,0.10544674,G0,Fibroblast
cell_1276451,0.82491165,0.54748034,-0.14066227,S,Fibroblast
cell_1277111,0.069348246,0.05778351,-0.9959176,G1-G0 transition,Fibroblast
cell_1278998,-0.8622891,0.47674796,0.17078964,G0,Fibroblast
cell_1279128,-0.9922443,0.12218765,-0.022829866,G0,Fibroblast
cell_1282390,0.6522789,-0.2250907,-0.72378606,S,Fibroblast
cell_1282515,0.24425507,0.05639371,-0.96806985,G1,Fibroblast
cell_1284486,-0.9804479,0.020662041,0.19569127,G0,Fibroblast
cell_1287456,0.48989186,-0.098889254,-0.86615634,G1,Fibroblast
cell_1290905,-0.22626595,-0.22422938,-0.9479055,G1-G0 transition,Fibroblast
cell_1293251,-0.35837504,0.06097969,-0.931584,G1-G0 transition,Fibroblast
cell_1298005,-0.30596736,0.36267656,-0.8802554,G1-G0 transition,Fibroblast
cell_1298893,0.6739532,0.30064777,-0.6748318,S,Fibroblast
cell_1299328,0.62349844,0.4984741,-0.6023067,G1,Fibroblast
cell_1299562,0.6401445,0.08265151,0.7637956,S,Fibroblast
cell_1301826,0.2488455,-0.67471254,-0.694866,G1,Fibroblast
cell_1303447,0.8168079,-0.08725353,0.5702732,S,Fibroblast
cell_1304396,-0.6975004,0.34517857,0.62796897,G0,Fibroblast
cell_1305828,0.6185227,0.62330365,-0.47845826,S,Fibroblast
cell_1306301,-0.6140365,0.14967062,-0.7749567,G1-G0 transition,Fibroblast
cell_1306364,-0.32912984,0.70469224,-0.62855554,G0,Fibroblast
cell_1307204,-0.9364503,0.33933273,-0.08896123,G0,Fibroblast
cell_1309013,0.40786853,-0.8066848,-0.42767143,G1,Fibroblast
cell_1309193,-0.6784859,0.2914909,-0.67430705,G1-G0 transition,Fibroblast
cell_1311529,-0.093285725,0.26316386,-0.9602304,G1-G0 transition,Fibroblast
cell_1312251,-0.8241143,0.48330107,0.29539052,G0,Fibroblast
cell_1312388,-0.34728095,0.91968066,0.18325791,G0,Fibroblast
cell_1312952,0.87797093,-0.053011023,0.47576988,S,Fibroblast
cell_1315211,-0.96905404,0.1804433,0.16844663,G0,Fibroblast
cell_1315280,0.9782465,0.20737012,-0.005611586,S,Fibroblast
cell_1319364,-0.88323253,0.45104006,0.12830883,G0,Fibroblast
cell_1320486,0.19766645,-0.98007536,0.019501518,G1,Fibroblast
cell_1325905,0.54863614,0.82491565,-0.13606043,S,Fibroblast
cell_1326074,-0.9670372,0.06205621,0.24695742,G0,Fibroblast
cell_1326480,-0.19759108,0.55164087,-0.8103394,G1-G0 transition,Fibroblast
cell_1326876,-0.8329343,0.5483049,0.07471389,G0,Fibroblast
cell_1328731,0.07656344,-0.8234362,0.56221956,G2M,Fibroblast
cell_1328829,-0.2565957,-0.42575684,-0.86769223,G1-G0 transition,Fibroblast
cell_1329323,-0.94291353,0.05330047,-0.32874474,G0,Fibroblast
cell_1331607,-0.54318744,0.56551015,0.6206011,G0,Fibroblast
cell_1331645,0.9724084,-0.009636548,0.23308572,S,Fibroblast
cell_1332043,0.75779086,-0.5005281,-0.4185985,S,Fibroblast
cell_1332844,-0.68766475,-0.26874706,-0.6744569,G1-G0 transition,Fibroblast
cell_1332886,0.41510904,-0.41585082,0.80916786,G2M,Fibroblast
cell_1332994,0.81946325,0.31995547,0.4755087,S,Fibroblast
cell_1333501,0.9388873,-0.07582878,0.33576876,S,Fibroblast
cell_1336625,0.22037812,-0.84181297,0.49273154,G2M,Fibroblast
cell_1336994,-0.0030577234,-0.9977419,-0.06709502,G1,Fibroblast
cell_1342978,0.9241065,0.0426981,0.379742,S,Fibroblast
cell_1343979,0.78500557,-0.037769966,0.61833626,S,Fibroblast
cell_1344482,-0.44454062,0.27011934,-0.8540604,G1-G0 transition,Fibroblast
cell_1344647,-0.8223904,0.52990484,0.20706275,G0,Fibroblast
cell_1348504,0.9859857,0.019741533,0.16565724,S,Fibroblast
cell_1349454,0.07247513,-0.9562121,0.283559,G1,Fibroblast
cell_1350477,0.76795256,-0.02606398,0.6399762,S,Fibroblast
cell_1350690,0.27002457,-0.7758734,0.57018167,G2M,Fibroblast
cell_1351280,-0.7344073,0.6678717,0.12080237,G0,Fibroblast
cell_1351507,-0.7631737,0.64619094,-0.0017730779,G0,Fibroblast
cell_1354112,0.8975791,-0.18738425,0.39904767,S,Fibroblast
cell_1355787,0.918503,0.14134033,0.36929,S,Fibroblast
cell_1357651,-0.9369783,0.2557753,-0.23801403,G0,Fibroblast
cell_1358000,-0.83577955,0.5485793,0.023094818,G0,Fibroblast
cell_1358713,-0.10081285,-0.9609328,-0.25776908,G1,Fibroblast
cell_1359057,-0.77081347,0.61509174,0.16585737,G0,Fibroblast
cell_1362203,-0.2599543,-0.42607796,-0.8665341,G1-G0 transition,Fibroblast
cell_1369745,-0.30088484,0.6860001,-0.6624743,G0,Fibroblast
cell_1369854,-0.6752328,0.73735225,0.019291835,G0,Fibroblast
cell_1370948,-0.0107391365,0.4539437,-0.8909656,G1-G0 transition,Fibroblast
cell_1371969,-0.9181125,0.38449305,0.096096426,G0,Fibroblast
cell_1373407,0.022228185,-0.7232272,0.6902522,G2M,Fibroblast
cell_1373760,-0.8589678,0.19609079,-0.47299337,G0,Fibroblast
cell_1374114,0.35426328,-0.4212533,0.83489114,G2M,Fibroblast
cell_1374622,0.80450016,0.037744727,0.5927519,S,Fibroblast
cell_1377130,-0.8229162,0.16733888,0.5429609,G0,Fibroblast
cell_1377714,-0.8631926,0.4416243,-0.24467622,G1-G0 transition,Fibroblast
cell_1377867,0.270003,-0.04433823,-0.96183807,G1-G0 transition,Fibroblast
cell_1378133,-0.37623075,-0.36841124,-0.85013145,G1-G0 transition,Fibroblast
cell_1378140,-0.92898583,0.36084372,-0.08232316,G0,Fibroblast
cell_1378449,-0.14733517,-0.6537472,-0.74223113,G1-G0 transition,Fibroblast
cell_1380415,0.53241396,0.115981005,-0.8385009,S,Fibroblast
cell_1380977,0.3412223,-0.06974437,0.9373916,S,Fibroblast
cell_1383777,-0.29794756,-0.8352305,-0.46218723,G1,Fibroblast
cell_1385002,-0.48327363,0.87064993,-0.09173473,G0,Fibroblast
cell_1385057,0.52441573,-0.5822938,0.6212264,G2M,Fibroblast
cell_1385378,-0.6151576,0.68592227,0.38870522,G0,Fibroblast
cell_1385889,0.92996395,0.3440104,-0.12970704,S,Fibroblast
cell_1385963,-0.44534847,0.33815315,-0.82904595,G1-G0 transition,Fibroblast
cell_1388215,0.8586928,0.47355565,-0.19593799,S,Fibroblast
cell_1390993,-0.4552874,-0.11395601,-0.8830218,G1-G0 transition,Fibroblast
cell_1391036,0.43330893,0.87807065,0.20306526,G1,Fibroblast
cell_1392337,0.94437003,0.23673524,0.2283017,S,Fibroblast
cell_1393047,0.705105,-0.50947607,-0.493215,S,Fibroblast
cell_1394501,0.36250955,-0.8823455,0.30008858,G2M,Fibroblast
cell_1398252,-0.78300023,0.608654,0.12826066,G0,Fibroblast
cell_1399444,-0.9378289,-0.028887192,0.34589335,G0,Fibroblast
cell_1400748,0.7946667,0.55057746,0.25567424,S,Fibroblast
cell_1401865,0.12264791,0.24573326,-0.96154696,G1-G0 transition,Fibroblast
cell_1402300,0.32277474,0.93121034,0.1693044,G0,Fibroblast
cell_1402776,0.21274018,0.5626867,-0.7988276,G1-G0 transition,Fibroblast
cell_1404144,0.41155815,-0.5448474,-0.7305896,G1,Fibroblast
cell_1405033,0.42271098,-0.87481356,-0.23667827,G1,Fibroblast
cell_1409405,0.14995287,-0.94452894,-0.29219738,G1,Fibroblast
cell_1410016,-0.9505913,0.31034154,-0.008017557,G0,Fibroblast
cell_1410473,-0.4959084,-0.035194468,-0.8676614,G1-G0 transition,Fibroblast
cell_1414178,0.8870993,-0.1597479,-0.43305385,S,Fibroblast
cell_1418241,0.34288517,-0.48729083,-0.8031049,G1,Fibroblast
cell_1418476,-0.76685375,-0.055168293,-0.63944644,G1-G0 transition,Fibroblast
cell_1418544,0.004907634,-0.7567449,0.6536919,G2M,Fibroblast
cell_1419284,-0.8157165,0.5557464,-0.16047603,G0,Fibroblast
cell_1420123,0.061401214,-0.77501965,0.628947,G2M,Fibroblast
cell_1420904,-0.94602156,-0.035734434,-0.32212767,G1-G0 transition,Fibroblast
cell_1421711,0.6247481,0.73270464,-0.2698772,G1,Fibroblast
cell_1421871,-0.98530775,0.17078723,0.000662988,G0,Fibroblast
cell_1422303,0.4412005,0.8960396,0.0495497,G1,Fibroblast
cell_1424667,0.47056115,0.03827876,-0.8815366,G1,Fibroblast
cell_1427380,-0.6616565,0.7494004,-0.024694556,G0,Fibroblast
cell_1427489,0.030196749,-0.9995268,-0.0058634565,G1,Fibroblast
cell_1427848,0.8976508,0.37224546,-0.23591608,S,Fibroblast
cell_1429308,-0.9493066,0.17742667,0.25949314,G0,Fibroblast
cell_1430868,-0.49653515,0.77669144,-0.38756055,G0,Fibroblast
cell_1431978,0.8514347,-0.36079177,-0.380642,S,Fibroblast
cell_1433788,-0.85267794,0.16926035,0.4942581,G0,Fibroblast
cell_1434538,-0.862941,0.119608335,0.49094477,G0,Fibroblast
cell_1438060,-0.84090066,0.49658874,-0.21514091,G0,Fibroblast
cell_1438324,0.78090674,0.058733407,-0.6218803,S,Fibroblast
cell_1442635,0.07225508,-0.27607837,-0.9584154,G1-G0 transition,Fibroblast
cell_1442909,-0.9568582,0.112571865,0.26786172,G0,Fibroblast
cell_1443288,-0.23987122,-0.9679531,0.07435465,G1,Fibroblast
cell_1443485,-0.8162592,0.3945082,-0.42200032,G0,Fibroblast
cell_1443767,0.34329057,0.27017903,-0.8995303,G1-G0 transition,Fibroblast
cell_1446270,0.960448,0.060480636,0.27181175,S,Fibroblast
cell_1448235,0.56445044,0.5229533,-0.6386826,S,Fibroblast
cell_1450675,0.9035835,0.40849343,-0.12911129,S,Fibroblast
cell_1453611,-0.635224,0.6984866,-0.32955575,G0,Fibroblast
cell_1455038,0.43058553,-0.40410778,-0.8070272,G1,Fibroblast
cell_1458605,0.44893652,-0.42105556,0.78814226,G2M,Fibroblast
cell_1461602,-0.92933124,-0.16453034,0.33056486,G0,Fibroblast
cell_1461925,0.9305071,0.14958699,0.33433548,S,Fibroblast
cell_1464890,0.55905634,-0.11707788,0.82082194,S,Fibroblast
cell_1466658,0.8482267,0.09730242,-0.5206185,S,Fibroblast
cell_1467105,-0.85288095,0.351445,0.38610968,G0,Fibroblast
cell_1467813,-0.93151474,0.29823646,0.20817086,G0,Fibroblast
cell_1469063,-0.86975944,-0.033907544,-0.49230963,G1-G0 transition,Fibroblast
cell_1469136,0.53940237,0.41808668,0.7309232,S,Fibroblast
cell_1469590,0.5309174,0.21808939,0.81887954,S,Fibroblast
cell_1473192,0.75369877,0.6343314,0.17193504,G1,Fibroblast
cell_1477673,-0.5584236,0.53804725,0.6314018,G0,Fibroblast
cell_1482966,-0.6891837,0.3491674,0.6349078,G0,Fibroblast
cell_1483018,-0.04733002,-0.65482336,0.75429845,G2M,Fibroblast
cell_1485784,-0.77779543,0.6225551,0.08636832,G0,Fibroblast
cell_1490934,-0.84135526,0.53917366,-0.037589733,G0,Fibroblast
cell_1492180,-0.24015792,0.24637341,-0.93894845,G1-G0 transition,Fibroblast
cell_1495275,0.61415386,0.6325835,-0.4718613,G1,Fibroblast
cell_1496751,-0.8109136,0.3930761,0.43348625,G0,Fibroblast
cell_1496797,-0.51674896,0.4069286,0.753246,G0,Fibroblast
cell_1496830,0.21204458,-0.74194384,0.6360476,G2M,Fibroblast
cell_1496832,-0.9144671,0.38016382,0.13865508,G0,Fibroblast
cell_1497626,0.8980758,0.42105424,0.12717338,S,Fibroblast
cell_1499269,-0.5606609,0.69125473,0.45587954,G0,Fibroblast
cell_1504899,-0.59420854,0.71760887,0.3632543,G0,Fibroblast
cell_1505278,0.52094036,0.81575876,0.25131416,S,Fibroblast
cell_1506529,-0.007442329,-0.19511586,-0.98075193,G1-G0 transition,Fibroblast
cell_1508914,0.27534387,-0.5413958,0.7944031,G2M,Fibroblast
cell_1509536,-0.91759974,0.12897171,0.37600133,G0,Fibroblast
cell_1511496,0.670043,0.70239437,0.24017586,G1,Fibroblast
cell_1513525,0.051891647,0.89193296,-0.4491802,G1-G0 transition,Fibroblast
cell_1514388,0.7649384,-0.12747881,0.6313623,S,Fibroblast
cell_1516202,-0.7312122,0.24424587,-0.6369242,G1-G0 transition,Fibroblast
cell_1516818,0.56653243,-0.30196616,0.76671857,S,Fibroblast
cell_1518499,0.4443951,0.85241944,-0.2754888,G1-G0 transition,Fibroblast
cell_1518549,0.6961898,-0.4274774,-0.57669985,S,Fibroblast
cell_1519176,0.09101692,-0.562926,0.82148045,G2M,Fibroblast
cell_1519503,-0.13061388,-0.7133399,-0.68853915,G1-G0 transition,Fibroblast
cell_1522503,-0.94255835,0.12545834,-0.30958658,G0,Fibroblast
cell_1524455,-0.76847166,0.18573932,-0.61233336,G1-G0 transition,Fibroblast
cell_1526959,0.9882911,0.13552216,0.070104785,S,Fibroblast
cell_1528706,0.19652346,-0.941747,0.27293065,G2M,Fibroblast
cell_1529239,0.056759585,-0.99740684,0.04424885,G1,Fibroblast
cell_1530023,0.26604337,0.9395871,0.21539949,G1,Fibroblast
cell_1530346,0.8312135,-0.15267256,0.53457934,S,Fibroblast
cell_1530459,0.90367067,-0.13822111,0.40530732,S,Fibroblast
cell_1530625,0.47227842,0.7985544,-0.3731809,G1,Fibroblast
cell_1531765,0.98547786,0.13388757,0.10443875,S,Fibroblast
cell_1533851,-0.41622975,0.20635661,-0.8855335,G1-G0 transition,Fibroblast
cell_1533895,-0.7275698,0.6436871,-0.23729523,G0,Fibroblast
cell_1535520,0.47750336,0.5207196,-0.7077017,G1,Fibroblast
cell_1535999,-0.87475616,0.19931006,0.44167528,G0,Fibroblast
cell_1536696,0.62950677,-0.35862854,0.6892799,G2M,Fibroblast
cell_1539590,-0.26917514,0.8554133,-0.44250754,G0,Fibroblast
cell_1539598,0.029991966,-0.9514144,-0.3064491,G1-G0 transition,Fibroblast
cell_1540107,0.25919217,-0.3127588,-0.9137841,G1-G0 transition,Fibroblast
cell_1541173,-0.6820028,-0.5623027,-0.4676407,G1-G0 transition,Fibroblast
cell_1542955,-0.7468903,0.52065206,-0.4136136,G0,Fibroblast
cell_1543527,0.4136162,0.09737821,-0.9052286,G1-G0 transition,Fibroblast
cell_1544034,-0.75457746,0.22906029,0.6149344,G0,Fibroblast
cell_1545207,-0.45380294,0.5733702,-0.682136,G1-G0 transition,Fibroblast
cell_1545242,0.69069254,-0.0879979,0.71777445,G2M,Fibroblast
cell_1545833,-0.9400283,0.1932649,0.28106117,G0,Fibroblast
cell_1547311,-0.8133181,0.30803138,0.4935892,G0,Fibroblast
cell_1547338,-0.09968498,0.18350664,-0.977951,G1-G0 transition,Fibroblast
cell_1548423,0.25731754,0.95546514,-0.14447851,G1,Fibroblast
cell_1553408,0.9954958,-0.059004277,-0.07420596,S,Fibroblast
cell_1555079,-0.82541084,0.5529061,0.11398135,G0,Fibroblast
cell_1555278,-0.61316144,0.6797209,-0.40250766,G1-G0 transition,Fibroblast
cell_1556596,0.31067416,-0.81204134,-0.49403474,G1,Fibroblast
cell_1556792,-0.7744509,0.38997048,0.4981452,G0,Fibroblast
cell_1557792,-0.58371156,0.38025326,-0.71741784,G1-G0 transition,Fibroblast
cell_1559891,0.99086714,0.09930026,0.09122334,S,Fibroblast
cell_1561305,-0.79707426,0.55925304,0.22783484,G0,Fibroblast
cell_1563791,0.8916601,0.061647117,0.44848844,S,Fibroblast
cell_1565571,-0.72457606,0.68341583,-0.08906409,G0,Fibroblast
cell_1566090,0.51616967,-0.8377687,-0.17808098,G1,Fibroblast
cell_1568357,0.48240805,0.6563807,-0.58004034,G1-G0 transition,Fibroblast
cell_1570600,-0.9820675,0.18761306,0.018564198,G0,Fibroblast
cell_1572156,-0.40633553,0.9013052,0.1501341,G1-G0 transition,Fibroblast
cell_1572579,-0.9133832,0.35480675,0.1996081,G0,Fibroblast
cell_1575884,0.8344206,0.54533106,0.07972576,S,Fibroblast
cell_1581016,-0.3153766,-0.8282509,-0.46318263,G1,Fibroblast
cell_1581321,0.7458702,0.66509336,-0.036448147,S,Fibroblast
cell_1581761,-0.85330665,0.08726448,0.51405513,G0,Fibroblast
cell_1585917,-0.69249576,0.664117,0.28177667,G0,Fibroblast
cell_1587876,-0.6630115,0.6963418,-0.27481583,G0,Fibroblast
cell_1588957,-0.7740957,0.6329473,-0.01238778,G0,Fibroblast
cell_1589293,-0.88695765,0.416499,0.19958648,G1-G0 transition,Fibroblast
cell_1590030,0.49502188,0.75248516,-0.43441838,G1,Fibroblast
cell_1591301,-0.8979887,0.26939285,0.34791347,G0,Fibroblast
cell_1594868,0.40953165,-0.5367164,0.73771226,G2M,Fibroblast
cell_1595381,-0.971376,0.0479591,0.2326551,G0,Fibroblast
cell_1596105,-0.20309925,0.45880884,-0.8650117,G1-G0 transition,Fibroblast
cell_1597044,0.95856625,0.14171931,0.24711622,S,Fibroblast
cell_1597542,0.42629156,-0.6610584,-0.61747646,G1,Fibroblast
cell_1598079,-0.81050056,0.30484167,0.50016046,G0,Fibroblast
cell_1598954,0.9746851,0.037106436,0.22048143,S,Fibroblast
cell_1601176,-0.70504427,0.70520216,-0.07484986,G0,Fibroblast
cell_1601941,-0.8430499,0.41744322,0.33912846,G0,Fibroblast
cell_1601950,-0.8120405,0.5832828,-0.01926903,G0,Fibroblast
cell_1602645,-0.8129504,0.5652149,-0.14015587,G1-G0 transition,Fibroblast
cell_1603855,-0.9398495,0.269332,0.21010266,G0,Fibroblast
cell_1604144,-0.84601676,0.24911886,-0.4713763,G0,Fibroblast
cell_1606578,-0.5268253,0.62079906,0.5805718,G0,Fibroblast
cell_1607688,-0.8197645,0.5693967,0.06142963,G0,Fibroblast
cell_1609521,0.6224327,0.43575257,-0.6501519,G1,Fibroblast
cell_1609532,-0.8985214,0.25304508,0.35864666,G0,Fibroblast
cell_1610989,0.89044106,0.401703,-0.21389127,S,Fibroblast
cell_1611192,-0.795032,0.5893534,0.14348005,G0,Fibroblast
cell_1611351,0.9019627,0.24543092,-0.3552846,S,Fibroblast
cell_1611655,-0.77594393,0.6288225,-0.0499312,G0,Fibroblast
cell_1616978,0.55479026,-0.6005508,-0.5758007,G1,Fibroblast
cell_1617327,-0.85972726,0.43926966,-0.26059768,G0,Fibroblast
cell_1618162,0.013545578,-0.60338205,-0.7973373,G1,Fibroblast
cell_1618246,0.739833,0.47149667,-0.47993532,S,Fibroblast
cell_1618771,0.41691172,0.8084672,-0.41540992,G1,Fibroblast
cell_1618997,-0.82405955,0.4281126,0.37100607,G0,Fibroblast
cell_1621892,-0.8694064,0.19244154,0.45508078,G0,Fibroblast
cell_1622711,0.8354408,-0.19206299,-0.5149275,S,Fibroblast
cell_1624011,0.9297081,0.36828405,-0.0031113138,S,Fibroblast
cell_1624390,-0.29623502,-0.07658955,0.95203936,G0,Fibroblast
cell_1628082,0.5955963,0.33406085,-0.7305261,S,Fibroblast
cell_1629830,-0.79212785,0.32206458,0.51846665,G0,Fibroblast
cell_1631171,-0.8960918,0.4429674,-0.028270647,G0,Fibroblast
cell_1633933,-0.36322853,-0.548392,-0.7532139,G1-G0 transition,Fibroblast
cell_1635233,-0.020073514,-0.99464506,0.10138184,G1,Fibroblast
cell_1635741,-0.92115927,0.352069,-0.16587056,G0,Fibroblast
cell_1639479,-0.945439,0.020959783,-0.32512414,G0,Fibroblast
cell_1639746,0.81885594,0.4192516,-0.39204988,S,Fibroblast
cell_1640441,-0.7189968,0.19490305,-0.6671255,G0,Fibroblast
cell_1640712,-0.703965,0.21956058,0.67544526,G0,Fibroblast
cell_1644214,0.44215104,0.89679694,-0.016054085,G1,Fibroblast
cell_1646611,-0.7483158,0.5862008,0.31047058,G0,Fibroblast
cell_1647458,-0.88502634,0.22829746,0.4057201,G0,Fibroblast
cell_1648131,0.72220486,0.17006259,-0.6704467,S,Fibroblast
cell_1651395,0.84227663,-0.0066193547,0.53900486,S,Fibroblast
cell_1653088,-0.7355303,0.4958071,0.4617039,G0,Fibroblast
cell_1657558,-0.7913568,0.16579287,-0.5884447,G1-G0 transition,Fibroblast
cell_1659362,0.3745147,-0.9249716,0.06454703,G1,Fibroblast
cell_1659524,0.35171992,0.25142944,-0.9017074,G1,Fibroblast
cell_1659895,-0.8849692,0.3898056,0.25471765,G0,Fibroblast
cell_1660258,0.32044342,0.4362579,-0.8408299,G1,Fibroblast
cell_1660594,-0.5882815,0.78711563,0.18540172,G0,Fibroblast
cell_1664593,-0.84690905,0.31774566,0.4263599,G0,Fibroblast
cell_1665932,0.20943342,0.57774407,-0.7888912,G1-G0 transition,Fibroblast
cell_1672822,0.8697227,0.35090882,0.34705225,S,Fibroblast
cell_1673245,-0.9045739,0.39056185,0.17090172,G0,Fibroblast
cell_1673406,-0.119161546,-0.8157409,0.56601,G2M,Fibroblast
cell_1676672,-0.9785281,0.18336281,0.094132446,G0,Fibroblast
cell_1682122,-0.8184291,-0.021728856,-0.5741965,G0,Fibroblast
cell_1688210,-0.79793775,0.43675104,-0.41538388,G1-G0 transition,Fibroblast
cell_1689619,-0.889666,0.42557147,-0.16547847,G0,Fibroblast
cell_1690839,0.9814293,0.0025612183,0.191807,S,Fibroblast
cell_1690921,0.6003605,-0.052506108,0.798004,S,Fibroblast
cell_1691470,-0.988329,0.15233473,7.624439e-05,G0,Fibroblast
cell_1692617,-0.30873305,0.6524268,0.692115,G0,Fibroblast
cell_1693104,-0.8345615,0.548555,0.050936628,G0,Fibroblast
cell_1693432,-0.6376195,0.6022782,-0.4803148,G1-G0 transition,Fibroblast
cell_1693800,-0.9035345,0.20445038,-0.3765973,G0,Fibroblast
cell_1696748,0.8167816,-0.047555827,-0.57498366,S,Fibroblast
cell_1700324,-0.99278307,0.107830845,0.052481387,G0,Fibroblast
cell_1704198,-0.8840777,0.3296908,0.33122575,G0,Fibroblast
cell_1706432,0.56659645,-0.32754323,0.7560978,G2M,Fibroblast
cell_1706497,-0.9194637,0.012208875,0.39298525,G0,Fibroblast
cell_1707054,0.86827856,-0.20596233,0.4513001,S,Fibroblast
cell_1707131,0.5461569,-0.12712345,0.8279807,S,Fibroblast
cell_1707696,0.2945157,-0.3614565,0.8846522,G2M,Fibroblast
cell_1709272,0.4920274,0.8692838,-0.047485225,G1,Fibroblast
cell_1710704,-0.9160904,0.2759181,-0.29094246,G1-G0 transition,Fibroblast
cell_1712444,0.19512305,0.9751636,0.10479999,G1,Fibroblast
cell_1713892,-0.7740275,0.62634176,0.092614554,G1-G0 transition,Fibroblast
cell_1715752,0.8563269,0.47136182,-0.21100266,S,Fibroblast
cell_1717754,0.5926041,0.12005598,-0.7964966,G1,Fibroblast
cell_1718927,0.9064297,0.37828383,-0.18784724,S,Fibroblast
cell_1718983,-0.0991596,0.9279116,-0.35937083,G1-G0 transition,Fibroblast
cell_1720051,-0.98894024,-0.102358684,0.107331015,G0,Fibroblast
cell_1723416,-0.6876179,0.42394024,-0.5894541,G1-G0 transition,Fibroblast
cell_1724579,-0.8264539,-0.031580124,-0.56211805,G1-G0 transition,Fibroblast
cell_1725259,-0.82042414,0.39692485,0.41152725,G0,Fibroblast
cell_1726369,-0.7725092,0.57146364,0.2768732,G0,Fibroblast
cell_1727356,0.46586913,-0.8297226,-0.30745164,G1,Fibroblast
cell_1727487,0.5365696,-0.6209526,-0.5714113,S,Fibroblast
cell_1727738,0.40360972,-0.698767,-0.59061307,G1,Fibroblast
cell_1728602,0.40525076,-0.8462501,-0.34587967,G1,Fibroblast
cell_1729108,-0.72326666,0.6904684,0.011777754,G0,Fibroblast
cell_1729911,0.7966581,0.5358705,-0.27960435,S,Fibroblast
cell_1730663,-0.9212392,0.07490902,0.38171571,G0,Fibroblast
cell_1731445,0.09104965,-0.819811,-0.56534934,G1,Fibroblast
cell_1731935,-0.8721561,0.13545926,0.47010064,G0,Fibroblast
cell_1732126,-0.049388975,-0.37291625,-0.9265497,G1-G0 transition,Fibroblast
cell_1741657,0.19297366,0.3722439,-0.9078521,G1,Fibroblast
cell_1749082,-0.4247792,0.16612539,-0.8899241,G1-G0 transition,Fibroblast
cell_1752190,-0.16600734,-0.6230872,0.7643323,G2M,Fibroblast
cell_1753019,-0.06199931,0.28604656,-0.9562078,G1-G0 transition,Fibroblast
cell_1754198,-0.7628493,0.62486273,0.1661552,G0,Fibroblast
cell_1757228,-0.66469055,0.7031141,0.2526204,G0,Fibroblast
cell_1758765,0.9185035,-0.027036764,0.39448732,S,Fibroblast
cell_1759928,0.2325347,-0.8375952,0.4943296,G2M,Fibroblast
cell_1760104,0.019540833,0.044092618,-0.9988364,G1-G0 transition,Fibroblast
cell_1764268,0.05694149,-0.5728719,-0.8176647,G1-G0 transition,Fibroblast
cell_1764744,-0.8298671,0.3077456,0.46541724,G0,Fibroblast
cell_1766259,-0.82278883,0.1800167,0.53908485,G0,Fibroblast
cell_1766684,-0.9493375,0.21740283,0.22692388,G0,Fibroblast
cell_1772338,-0.5920109,0.8006972,-0.09168988,G0,Fibroblast
cell_1772601,0.27477232,0.028828401,-0.961077,G1-G0 transition,Fibroblast
cell_1772872,-0.7076756,0.68791413,0.16115052,G0,Fibroblast
cell_1772953,0.7876742,0.27630925,0.5506563,S,Fibroblast
cell_1779152,-0.8162232,0.5499593,0.17698717,G0,Fibroblast
cell_1779874,0.92415404,-0.25620815,-0.2833664,S,Fibroblast
cell_1780461,0.17134191,-0.6775368,0.7152523,G2M,Fibroblast
cell_1783344,0.20745482,-0.90911597,0.36120716,G2M,Fibroblast
cell_1783977,-0.98924416,-0.10717614,0.09954449,G0,Fibroblast
cell_1786154,0.50270504,-0.73422456,-0.45629153,G1,Fibroblast
cell_1787551,-0.45746455,0.8130374,0.36013383,G0,Fibroblast
cell_1787771,0.48017225,0.86634046,-0.13743706,S,Fibroblast
cell_1788048,-0.20690282,-0.70573556,-0.6775902,G1-G0 transition,Fibroblast
cell_1790273,-0.522904,-0.23033486,-0.82068104,G1-G0 transition,Fibroblast
cell_1790577,0.0846543,-0.9951234,0.050626952,G1,Fibroblast
cell_1790857,0.6298638,0.42409363,-0.6507042,G1,Fibroblast
cell_1791564,0.89432037,0.38820857,0.22245283,S,Fibroblast
cell_1791664,-0.6735095,0.46558002,0.5741256,G0,Fibroblast
cell_1793986,0.17348643,-0.6897163,0.70298934,G2M,Fibroblast
cell_1794375,-0.7825365,0.6156521,-0.09278512,G0,Fibroblast
cell_1795967,0.5398459,-0.52645326,0.65682054,G2M,Fibroblast
cell_1796531,0.40215877,0.46441153,-0.7890439,G1-G0 transition,Fibroblast
cell_1801814,-0.96534675,-0.12940454,-0.2266275,G0,Fibroblast
cell_1803073,-0.33177313,-0.71140647,-0.61953807,G1-G0 transition,Fibroblast
cell_1803184,-0.8140127,0.5804444,0.021618037,G0,Fibroblast
cell_1803998,0.6129027,0.41832718,0.6703377,S,Fibroblast
cell_1809841,0.11486146,-0.80098474,-0.58756286,G1,Fibroblast
cell_1814208,-0.9234904,0.062121592,0.37855807,G0,Fibroblast
cell_1816122,-0.8184774,0.52356243,-0.23659484,G0,Fibroblast
cell_1816524,-0.8489825,-0.09609689,-0.51960945,G1-G0 transition,Fibroblast
cell_1816615,0.7026154,0.3752238,-0.60459805,S,Fibroblast
cell_1817899,0.84433866,0.094923,0.5273345,S,Fibroblast
cell_1818960,-0.70529956,0.4625041,0.53725445,G0,Fibroblast
cell_1819005,-0.8681761,0.13596556,0.47726673,G0,Fibroblast
cell_1819516,-0.48086852,0.575653,-0.66135377,G1-G0 transition,Fibroblast
cell_1820235,-0.61652535,0.73659945,0.27806056,G0,Fibroblast
cell_1820924,-0.89382553,0.43442732,-0.11112528,G0,Fibroblast
cell_1823093,-0.50810504,0.85862607,-0.06775265,G0,Fibroblast
cell_1824150,0.232309,-0.6106167,0.75708634,G2M,Fibroblast
cell_1824758,0.3341281,0.50894797,-0.7933035,G1,Fibroblast
cell_1825101,-0.9439104,0.25763515,-0.20653635,G1-G0 transition,Fibroblast
cell_1827235,0.03876998,-0.97082555,-0.23663129,G1,Fibroblast
cell_1831933,0.74983406,-0.07594433,-0.6572528,S,Fibroblast
cell_1833884,-0.41485006,0.57639277,-0.7040388,G1-G0 transition,Fibroblast
cell_1834129,-0.7450456,-0.26549506,-0.61189824,G1-G0 transition,Fibroblast
cell_1834244,0.15922426,-0.1384579,-0.97748506,G1-G0 transition,Fibroblast
cell_1835757,0.0014531766,0.34399614,-0.93896997,G1-G0 transition,Fibroblast
cell_1835945,0.0914481,-0.6880745,0.71985453,G2M,Fibroblast
cell_1836473,0.62265575,0.45457384,-0.6369163,G1,Fibroblast
cell_1838916,-0.678395,-0.47593263,-0.5597039,G1-G0 transition,Fibroblast
cell_1841774,0.5593239,0.475168,-0.67924386,G1-G0 transition,Fibroblast
cell_1845788,-0.6285922,0.7772217,0.028255688,G0,Fibroblast
cell_1846623,-0.09885006,-0.9873393,0.12405571,G1,Fibroblast
cell_1848793,0.62982833,-0.16501416,0.7590036,G2M,Fibroblast
cell_1853174,-0.73946863,0.5130992,0.4357926,G0,Fibroblast
cell_1855656,-0.6444335,0.6516624,0.40005183,G0,Fibroblast
cell_1857132,-0.9577228,0.2873576,-0.013884506,G0,Fibroblast
cell_1857364,0.87556297,0.32368788,0.35863018,S,Fibroblast
cell_1858336,-0.87577796,0.055321008,0.4795337,G0,Fibroblast
cell_1859488,0.7128426,0.40827322,-0.57023513,S,Fibroblast
cell_1859842,-0.9077542,-0.14292948,-0.3944024,G0,Fibroblast
cell_1860272,0.5893536,0.74658287,-0.30866867,G1,Fibroblast
cell_1861110,0.7985252,0.5864661,0.13570231,S,Fibroblast
cell_1861835,0.39472732,0.6782252,-0.6198394,G1-G0 transition,Fibroblast
cell_1862188,0.99446535,0.09926134,-0.034436233,S,Fibroblast
cell_1862218,-0.81626827,0.38503525,-0.43064353,G0,Fibroblast
cell_1865289,-0.9991648,0.02471314,-0.032541133,G0,Fibroblast
cell_1868167,-0.5447309,0.7547836,-0.36547232,G0,Fibroblast
cell_1871224,-0.79709977,0.4016406,0.4509066,G0,Fibroblast
cell_1873630,0.470939,-0.331366,0.81756526,G2M,Fibroblast
cell_1875649,0.5459633,0.20953766,-0.8111833,G1,Fibroblast
cell_1875835,-0.57245886,0.59471685,0.564449,G0,Fibroblast
cell_1876387,-0.5189324,-0.09928023,-0.8490303,G1-G0 transition,Fibroblast
cell_1876946,0.72216934,-0.22951072,0.6525306,G2M,Fibroblast
cell_1877460,-0.77423674,0.39892763,0.49133918,G0,Fibroblast
cell_1877825,-0.87641835,0.45207652,-0.16588417,G1-G0 transition,Fibroblast
cell_1878643,0.3682605,-0.8405495,-0.39731696,G1,Fibroblast
cell_1879385,0.15136373,0.97413987,0.16775215,S,Fibroblast
cell_1880540,0.6603594,0.5039502,0.5567403,S,Fibroblast
cell_1880704,-0.8247959,0.54538566,-0.1492185,G0,Fibroblast
cell_1881707,0.02163973,-0.9245239,0.38050932,G1,Fibroblast
cell_1884541,-0.7271005,0.68022954,0.09280347,G0,Fibroblast
cell_1885313,-0.75017756,0.65198344,-0.11023243,G0,Fibroblast
cell_1888325,0.40080133,-0.10033897,0.9106539,S,Fibroblast
cell_1889262,-0.75761414,0.2114053,-0.6175182,G1-G0 transition,Fibroblast
cell_1891482,0.8354882,0.03399543,0.54845583,S,Fibroblast
cell_1892158,0.484944,0.86455303,-0.13182366,G1,Fibroblast
cell_1893813,-0.93076223,0.2552581,0.26177257,G0,Fibroblast
cell_1897692,-0.6398737,0.3781631,0.668995,G0,Fibroblast
cell_1898032,0.882568,0.44262096,-0.15862009,S,Fibroblast
cell_1899418,0.994743,0.10130887,0.014932149,S,Fibroblast
cell_1899589,0.567516,-0.66236275,0.48908198,G2M,Fibroblast
cell_1901258,0.7295903,-0.30822897,0.61048573,G2M,Fibroblast
cell_1902279,-0.99647516,0.03129314,0.077833146,G0,Fibroblast
cell_1902348,0.5437032,-0.48578945,0.68439424,G2M,Fibroblast
cell_1907229,-0.6968279,0.5709016,0.43416864,G0,Fibroblast
cell_1908062,0.35656628,-0.403165,0.8428039,G2M,Fibroblast
cell_1909147,0.43128467,-0.14053522,-0.89120334,G1,Fibroblast
cell_1911204,-0.23006764,0.8685397,0.43898496,G0,Fibroblast
cell_1912133,0.6141602,0.659409,-0.4335747,G1,Fibroblast
cell_1916893,0.8475373,-0.09793383,0.52162194,S,Fibroblast
cell_1917012,0.46170977,0.6722377,-0.5787233,G1-G0 transition,Fibroblast
cell_1919406,0.4820316,0.6019441,-0.63663876,G1-G0 transition,Fibroblast
cell_1923772,-0.11271178,0.9927573,-0.041578773,G0,Fibroblast
cell_1924642,0.2277225,-0.93505937,-0.27167344,G1,Fibroblast
cell_1925009,0.978731,0.050551727,0.1988224,S,Fibroblast
cell_1925391,-0.361887,0.34347254,-0.86663973,G1-G0 transition,Fibroblast
cell_1927939,-0.65265906,0.41448075,-0.63422537,G1-G0 transition,Fibroblast
cell_1928988,0.4808548,0.7791096,-0.4022025,G1,Fibroblast
cell_1933681,0.9723699,-0.0052939113,0.2333857,S,Fibroblast
cell_1933708,-0.039376937,0.54621935,-0.8367161,G1-G0 transition,Fibroblast
cell_1935232,-0.57526433,-0.2921924,-0.7639989,G1-G0 transition,Fibroblast
cell_1936015,-0.10612151,-0.06998075,-0.99188757,G1-G0 transition,Fibroblast
cell_1936544,0.6780414,-0.2545635,0.6895342,G2M,Fibroblast
cell_1939567,-0.9227093,0.34731075,0.16728018,G0,Fibroblast
cell_1939980,0.37107643,0.76699984,-0.52346295,G1,Fibroblast
cell_1940160,-0.8814763,0.23831274,0.4076844,G0,Fibroblast
cell_1943139,0.4906166,-0.47262517,-0.73206604,G1,Fibroblast
cell_1944584,-0.87557876,0.4590888,0.15033066,G0,Fibroblast
cell_1944758,0.3600593,0.37801972,-0.85291165,G1,Fibroblast
cell_1949087,0.9348783,0.14358194,0.32463318,S,Fibroblast
cell_1951524,-0.6167678,-0.33521286,-0.71220064,G1-G0 transition,Fibroblast
cell_1952867,-0.7846838,0.59107697,0.1868137,G0,Fibroblast
cell_1954885,0.13948958,-0.694195,0.7061414,G2M,Fibroblast
cell_1957612,0.86166483,-0.024948865,0.50686425,S,Fibroblast
cell_1963916,-0.7188376,0.64679426,0.25481278,G0,Fibroblast
cell_1964463,-0.99407923,0.014116981,-0.10773642,G0,Fibroblast
cell_1964593,0.12609614,-0.9896307,-0.06878049,G1,Fibroblast
cell_1965094,-0.39055753,0.6834198,0.61676747,G0,Fibroblast
cell_1965672,-0.7421567,0.63298875,-0.22029202,G0,Fibroblast
cell_1969930,-0.8236522,0.4605982,-0.33082676,G0,Fibroblast
cell_1970107,0.99242985,0.039187603,-0.116392575,S,Fibroblast
cell_1972870,0.3827043,-0.91190845,-0.14819029,G1,Fibroblast
cell_1973050,-0.4065313,-0.54761606,-0.7313337,G1-G0 transition,Fibroblast
cell_1975430,-0.89822906,0.35442144,-0.25994226,G1-G0 transition,Fibroblast
cell_1979479,0.6710227,-0.5097505,0.5384078,G2M,Fibroblast
cell_1979698,-0.9315438,0.24804065,0.26589817,G0,Fibroblast
cell_1982327,0.89427966,0.18632677,0.4068739,S,Fibroblast
cell_1984548,-0.9155589,0.3988701,-0.051523313,G0,Fibroblast
cell_1985075,0.29771218,0.8278763,-0.47538224,G1,Fibroblast
cell_1985107,0.00035318776,-0.9786544,-0.20551287,G1,Fibroblast
cell_1986567,-0.89959174,0.052960757,0.43350872,G0,Fibroblast
cell_1991996,0.0038559977,-0.9888119,-0.14911804,G1,Fibroblast
cell_1993012,0.900755,0.22918265,-0.3689384,S,Fibroblast
cell_1993263,-0.5853574,0.22613488,-0.77860105,G1-G0 transition,Fibroblast
cell_1995368,0.110041246,-0.70011604,0.7054987,G2M,Fibroblast
cell_1998085,0.6168633,-0.23416825,0.7514286,S,Fibroblast
cell_2002285,-0.81609493,0.5211973,-0.24968491,G0,Fibroblast
cell_2003359,0.2658769,-0.47245985,-0.84029233,G1,Fibroblast
cell_2006541,0.7458434,0.19921967,0.6356328,S,Fibroblast
cell_2007886,-0.8016767,0.59764385,-0.0116699,G0,Fibroblast
cell_2008430,-0.76952225,0.46195722,0.4409433,G0,Fibroblast
cell_2009896,-0.64982337,0.65745133,-0.3814279,G0,Fibroblast
cell_2011814,-0.77307504,0.5714803,0.275255,G0,Fibroblast
cell_2013827,-0.944311,0.31455997,0.09658569,G0,Fibroblast
cell_2017043,-0.8812367,0.37534565,0.28729331,G0,Fibroblast
cell_2017150,-0.35035625,0.42403284,-0.8351328,G1-G0 transition,Fibroblast
cell_2017779,0.8475601,-0.11887238,0.51721466,S,Fibroblast
cell_2020340,0.46842873,-0.8834687,-0.0075817807,G1,Fibroblast
cell_2020883,0.008969233,-0.94901675,0.31509796,G1,Fibroblast
cell_2021737,-0.86032885,0.4541356,-0.23150565,G0,Fibroblast
cell_2023247,0.73932576,0.66034913,-0.13166836,G1,Fibroblast
cell_2023670,-0.9941603,-0.030265119,-0.10358222,G0,Fibroblast
cell_2027351,-0.10669344,-0.99398744,0.024607286,G1,Fibroblast
cell_2027380,-0.6907492,0.07190188,-0.7195107,G0,Fibroblast
cell_2028644,-0.66570735,0.7362943,-0.121260904,G0,Fibroblast
cell_2029027,0.16392681,-0.98582256,-0.03580272,G1,Fibroblast
cell_2029510,-0.8670029,-0.07231462,0.49302784,G0,Fibroblast
cell_2029674,0.89798564,0.28910714,0.33172095,S,Fibroblast
cell_2031717,0.37676048,-0.4239785,0.82358587,G2M,Fibroblast
cell_2032272,0.74595034,0.023401057,0.66559035,S,Fibroblast
cell_2035652,-0.046869837,-0.681985,0.72986275,G2M,Fibroblast
cell_2037029,0.33129787,-0.86987376,-0.36546057,G1,Fibroblast
cell_2043552,0.43271622,0.44100437,-0.7863026,G1,Fibroblast
cell_2043670,0.01876146,-0.9547956,-0.29667026,G1,Fibroblast
cell_2043688,0.48564583,-0.2146335,0.8473964,G2M,Fibroblast
cell_2044742,0.9238571,-0.015769266,0.38241255,S,Fibroblast
cell_2045567,-0.41560805,0.2593531,-0.87178326,G1-G0 transition,Fibroblast
cell_2047172,-0.866597,0.2701498,0.41955763,G0,Fibroblast
cell_2050419,-0.06352723,0.74024355,-0.6693308,G1-G0 transition,Fibroblast
cell_2051071,0.64429736,-0.16837904,-0.74600905,S,Fibroblast
cell_2052708,-0.8593995,0.46993142,0.20148686,G0,Fibroblast
cell_2053581,0.88079023,0.12652487,0.45628917,S,Fibroblast
cell_2053796,0.8859914,0.45613378,0.08343429,S,Fibroblast
cell_2054424,0.97286975,0.123548634,-0.19560209,S,Fibroblast
cell_2058964,-0.76572174,0.63862664,0.0763281,G0,Fibroblast
cell_2059466,-0.90531707,0.3055831,0.29499143,G0,Fibroblast
cell_2060852,0.028160382,-0.9066353,-0.42097437,G1,Fibroblast
cell_2063497,0.7843326,0.43339008,-0.44384173,S,Fibroblast
cell_2063934,-0.027327314,-0.9815582,0.18920028,G1,Fibroblast
cell_2064149,-0.24115765,0.22478513,-0.9440946,G1-G0 transition,Fibroblast
cell_2064492,0.10740436,-0.97282624,0.20511787,G1,Fibroblast
cell_2064727,0.95746905,0.28537259,0.042607695,S,Fibroblast
cell_2065240,-0.8589121,0.4440889,0.25505865,G0,Fibroblast
cell_2068224,0.28319383,-0.2624543,0.9224526,G2M,Fibroblast
cell_2070322,-0.30577773,0.84334713,-0.4418887,G0,Fibroblast
cell_2075805,-0.45557967,-0.23880456,-0.8575661,G1-G0 transition,Fibroblast
cell_2076813,-0.76731586,0.5060882,0.39382863,G0,Fibroblast
cell_2080875,0.95600605,-0.07305039,0.28410545,S,Fibroblast
cell_2084547,0.791909,0.21441728,0.57175636,S,Fibroblast
cell_2085894,-0.07237956,0.5221014,-0.84980667,G1-G0 transition,Fibroblast
cell_2086910,0.74360913,-0.07561829,0.6643247,S,Fibroblast
cell_2090476,-0.32819661,0.45278832,-0.8290174,G1-G0 transition,Fibroblast
cell_2091736,-0.39979887,-0.2589867,-0.87925345,G1-G0 transition,Fibroblast
cell_2093222,0.5908814,0.039503228,0.8057906,G2M,Fibroblast
cell_2097256,0.18991974,-0.9296448,0.31573874,G2M,Fibroblast
cell_2097636,-0.14352207,0.07940744,-0.9864561,G1-G0 transition,Fibroblast
cell_2099568,0.2647557,0.5514683,-0.7910671,G1-G0 transition,Fibroblast
cell_2101753,-0.90646577,0.07844909,-0.41492832,G0,Fibroblast
cell_2103460,0.7050884,-0.24989797,0.6636275,S,Fibroblast
cell_2104174,-0.57510453,0.8154404,-0.06566348,G0,Fibroblast
cell_2104874,0.39030293,-0.49705395,-0.7749846,G1,Fibroblast
cell_2105847,0.19915868,-0.8460704,-0.4944701,G1,Fibroblast
cell_2106171,0.71404153,0.6993651,-0.03214528,G1,Fibroblast
cell_2106586,-0.31037334,0.506995,-0.8041295,G1-G0 transition,Fibroblast
cell_2107818,0.61430544,-0.12935148,0.7783938,S,Fibroblast
cell_2108529,-0.58614475,0.32886752,-0.74045974,G1-G0 transition,Fibroblast
cell_2110214,-0.09971741,-0.6795324,0.7268371,G2M,Fibroblast
cell_2113100,-0.8416659,0.5061881,-0.1880747,G0,Fibroblast
cell_2114198,0.18959413,-0.749569,0.63419276,G2M,Fibroblast
cell_2114347,-0.43733078,-0.5042404,-0.7446364,G1-G0 transition,Fibroblast
cell_2117497,0.53607905,-0.27128237,0.7993905,G2M,Fibroblast
cell_2121131,-0.52110595,0.8189449,0.24037011,G0,Fibroblast
cell_2121390,0.36794946,-0.42113373,-0.8290112,G1,Fibroblast
cell_2124721,0.030464893,-0.5416025,0.8400826,G2M,Fibroblast
cell_2125144,0.76293665,0.57717913,0.29119033,S,Fibroblast
cell_2126109,-0.61438805,0.78608644,0.067789175,G0,Fibroblast
cell_2126838,-0.64337814,0.17604661,-0.7450317,G1-G0 transition,Fibroblast
cell_2127237,-0.9635877,0.0028520152,0.26737714,G0,Fibroblast
cell_2127285,-0.85033405,0.29296976,-0.4371506,G0,Fibroblast
cell_2128474,-0.28328833,0.053770907,-0.9575262,G1-G0 transition,Fibroblast
cell_2129502,0.24944997,-0.7904459,0.5594374,G2M,Fibroblast
cell_2131477,0.6494105,0.5159267,-0.55864614,G1,Fibroblast
cell_2131754,0.8508353,0.5227877,-0.052651163,S,Fibroblast
cell_2132851,0.9195008,0.0062102233,0.39303884,S,Fibroblast
cell_2133362,0.9977345,-0.04294166,0.051787145,S,Fibroblast
cell_2133832,0.97595054,0.19867086,0.08972325,S,Fibroblast
cell_2134494,0.7832567,-0.37238917,-0.49783048,S,Fibroblast
cell_2136772,0.117815234,-0.5457113,0.8296498,G2M,Fibroblast
cell_2139160,-0.94643843,0.22436808,0.23219208,G0,Fibroblast
cell_2140689,0.56675,0.79187316,-0.22744498,G1,Fibroblast
cell_2140825,-0.67416906,0.7282408,0.12313175,G0,Fibroblast
cell_2141588,0.29678845,-0.5172586,-0.8027205,G1,Fibroblast
cell_2143132,0.618098,0.78233224,0.07688455,S,Fibroblast
cell_2143295,-0.98340625,0.07100376,0.16694465,G0,Fibroblast
cell_2143627,-0.5179264,0.82100207,-0.24022448,G0,Fibroblast
cell_2144758,0.70516026,-0.19451581,0.6818451,S,Fibroblast
cell_2145354,-0.94784665,0.15213841,0.28007284,G0,Fibroblast
cell_2146335,0.14545195,-0.3552056,-0.9234027,G1,Fibroblast
cell_2146887,0.80496,0.5225273,-0.2810777,S,Fibroblast
cell_2148391,-0.9332653,0.19372727,0.30246565,G0,Fibroblast
cell_2149431,0.71590775,-0.2579226,0.6488082,S,Fibroblast
cell_2153634,0.9681495,0.24782372,0.03563784,S,Fibroblast
cell_2154243,0.49525294,-0.61416674,-0.61442965,G1,Fibroblast
cell_2157091,0.38204455,0.33845827,-0.85993487,G1-G0 transition,Fibroblast
cell_2160504,-0.8478015,0.07243103,0.52534384,G0,Fibroblast
cell_2161324,-0.35765773,0.30019942,-0.8842857,G1-G0 transition,Fibroblast
cell_2162381,-0.08728207,0.033337276,-0.9956257,G1-G0 transition,Fibroblast
cell_2166479,-0.26202503,0.88135105,-0.39314535,G1-G0 transition,Fibroblast
cell_2169597,0.050953526,-0.82367814,0.5647635,G2M,Fibroblast
cell_2170496,-0.58068883,0.7508869,-0.3145938,G0,Fibroblast
cell_2172331,0.4975046,-0.51147884,-0.7006274,G1,Fibroblast
cell_2173478,0.8663539,0.46431503,-0.18396313,S,Fibroblast
cell_2173757,0.82243204,-0.02116957,0.5684692,S,Fibroblast
cell_2174830,-0.92753506,0.37046617,-0.049329445,G0,Fibroblast
cell_2175805,-0.63042545,0.7329728,-0.25556707,G0,Fibroblast
cell_2177591,0.52514297,-0.07409302,0.8477823,S,Fibroblast
cell_2178468,0.43198007,-0.8181518,-0.37950101,G1,Fibroblast
cell_2179281,-0.5732558,0.72756255,-0.37686935,G0,Fibroblast
cell_2181455,0.81935024,-0.017560396,0.5730243,S,Fibroblast
cell_2182051,0.92047054,0.3348228,0.201563,S,Fibroblast
cell_2182951,0.33573416,0.5596639,-0.75766677,G1-G0 transition,Fibroblast
cell_2185285,0.20445171,-0.7839913,0.58613753,G2M,Fibroblast
cell_2185608,0.26484945,-0.5373818,-0.80067205,G1,Fibroblast
cell_2185961,0.8839438,-0.018551636,0.46722496,S,Fibroblast
cell_2187456,0.9046948,0.23219286,-0.35723048,S,Fibroblast
cell_2189525,0.1472532,-0.801786,0.5791853,G2M,Fibroblast
cell_2189885,0.52886486,-0.83327895,-0.16108418,G1,Fibroblast
cell_2190646,0.4313826,0.61018795,-0.6645147,G1,Fibroblast
cell_2193948,0.885471,0.14902969,0.4401493,S,Fibroblast
cell_2196087,-0.02009745,-0.6775873,-0.7351677,G1,Fibroblast
cell_2197618,0.95645773,0.29184178,0.004104369,S,Fibroblast
cell_2198398,-0.901234,0.42775935,-0.06927585,G0,Fibroblast
cell_2201568,0.31087792,-0.15431286,-0.9378392,G1,Fibroblast
cell_2202156,-0.005488943,-0.5535601,0.8327911,G2M,Fibroblast
cell_2202845,-0.8278619,0.49517417,-0.26352844,G0,Fibroblast
cell_2204689,0.21029395,-0.80894893,-0.54897916,G1,Fibroblast
cell_2206408,-0.91611713,0.39952087,-0.033351813,G0,Fibroblast
cell_2208434,-0.2793544,0.92357045,-0.2626382,G0,Fibroblast
cell_2209733,-0.23337467,-0.8115604,-0.53563595,G1,Fibroblast
cell_2211069,-0.6312406,0.75759876,-0.16607103,G0,Fibroblast
cell_2214345,0.19845945,-0.36268872,0.9105333,G2M,Fibroblast
cell_2214465,-0.92360014,0.30326054,0.23451154,G0,Fibroblast
cell_2218351,0.9915162,-0.05329517,0.11855517,S,Fibroblast
cell_2219208,-0.8734507,0.15419364,0.46185294,G0,Fibroblast
cell_2219739,-0.7188564,0.39844492,-0.5696376,G1-G0 transition,Fibroblast
cell_2219830,0.552166,0.8336417,0.012419622,G1,Fibroblast
cell_2220922,-0.99318093,0.11658118,0.00067090226,G0,Fibroblast
cell_2225749,0.73389757,-0.45577723,-0.50364816,S,Fibroblast
cell_2226802,0.55876684,0.56213623,-0.60973954,S,Fibroblast
cell_2229128,-0.9544633,0.2087171,0.21315938,G0,Fibroblast
cell_2231212,-0.99721926,-0.03302068,-0.06680886,G1-G0 transition,Fibroblast
cell_2231499,0.82688457,0.4575898,0.326915,S,Fibroblast
cell_2231698,0.20159945,0.5507547,-0.80995494,G1-G0 transition,Fibroblast
cell_2231881,-0.6875805,0.7259645,-0.014445417,G0,Fibroblast
cell_2232481,-0.9881511,0.12995419,0.081665285,G0,Fibroblast
cell_2234715,0.11126714,-0.42420897,-0.89870256,G1-G0 transition,Fibroblast
cell_2235399,-0.72544134,0.6771452,0.12332594,G0,Fibroblast
cell_2236600,0.30310974,-0.3207756,0.8973446,G2M,Fibroblast
cell_2238579,0.11971329,-0.77324116,0.6227093,G2M,Fibroblast
cell_2242811,0.6802264,-0.56929815,0.46172675,G2M,Fibroblast
cell_2242829,-0.48881876,0.8715472,-0.038232524,G1-G0 transition,Fibroblast
cell_2243537,0.9823285,0.15783888,0.100586094,S,Fibroblast
cell_2244465,-0.35164076,0.73806566,0.575854,G0,Fibroblast
cell_2245189,-0.68699574,0.27605498,0.6721832,G0,Fibroblast
cell_2245536,-0.9747411,0.21036442,0.07501128,G0,Fibroblast
cell_2247535,-0.9564115,0.26208884,0.12878951,G0,Fibroblast
cell_2248101,-0.9718919,0.20489658,-0.11594646,G1-G0 transition,Fibroblast
cell_2249499,-0.8583825,0.3554631,-0.36989903,G0,Fibroblast
cell_2249612,-0.98818284,0.09056645,-0.12366186,G0,Fibroblast
cell_2250213,-0.86701334,0.39333904,0.30589592,G0,Fibroblast
cell_2254754,0.9472325,0.3133743,0.067432866,S,Fibroblast
cell_2255451,0.62757605,-0.35701153,0.69187504,G2M,Fibroblast
cell_2257947,0.87805146,0.33017433,-0.34642553,S,Fibroblast
cell_2258254,-0.83754,0.5317306,0.1256565,G0,Fibroblast
cell_2258556,0.62275285,0.061931685,0.77996355,S,Fibroblast
cell_2259099,-0.9745302,0.20992869,0.07887152,G1-G0 transition,Fibroblast
cell_2260437,-0.29049176,-0.49248618,-0.82040966,G1-G0 transition,Fibroblast
cell_2261216,0.7177158,0.161727,-0.6772949,S,Fibroblast
cell_2262869,-0.88027275,0.28133282,0.3820625,G0,Fibroblast
cell_2264697,0.11669892,0.63127005,-0.766733,G1-G0 transition,Fibroblast
cell_2266905,-0.69647455,0.7006134,0.1551255,G0,Fibroblast
cell_2267665,-0.68185,-0.6153241,-0.39554617,G0,Fibroblast
cell_2267949,0.1952539,-0.646323,0.7376601,G2M,Fibroblast
cell_2268391,-0.062798865,0.7786518,-0.6243056,G1-G0 transition,Fibroblast
cell_2268710,0.11330969,0.87428397,-0.4720047,G1,Fibroblast
cell_2271116,0.44782892,-0.6410793,-0.6232709,G1,Fibroblast
cell_2272852,0.41885385,0.6972144,-0.5817676,G1,Fibroblast
cell_2272993,-0.7653385,0.64306253,-0.02697512,G0,Fibroblast
cell_2273113,-0.5455847,-0.08365355,-0.8338702,G1-G0 transition,Fibroblast
cell_2274592,-0.24828857,0.71283597,-0.6559098,G1-G0 transition,Fibroblast
cell_2277970,-0.68930846,0.6873281,0.22898473,G0,Fibroblast
cell_2278712,0.97322977,-0.16991289,0.15476899,S,Fibroblast
cell_2282332,-0.09741354,-0.98103774,0.16755778,G1,Fibroblast
cell_2282978,0.8915241,0.25027865,0.37755165,S,Fibroblast
cell_2283750,-0.9102078,0.16924904,0.37798995,G0,Fibroblast
cell_2285266,0.4387749,-0.414102,0.79749364,G2M,Fibroblast
cell_2285927,0.5239422,-0.44174212,0.7282502,G2M,Fibroblast
cell_2285940,0.5531041,-0.55113274,0.6247628,G2M,Fibroblast
cell_2291237,-0.12804793,-0.98815626,0.084563375,G1,Fibroblast
cell_2291756,0.4578797,-0.88621193,0.07053034,G1,Fibroblast
cell_2297658,0.8928273,0.32335463,0.31353062,S,Fibroblast
cell_2298457,0.86319876,0.07049949,0.4999177,S,Fibroblast
cell_2301792,-0.77553374,0.63004005,-0.039961617,G0,Fibroblast
cell_2302085,0.78262544,0.45817336,-0.42139614,S,Fibroblast
cell_2302668,-0.78935766,0.6135338,0.022151211,G0,Fibroblast
cell_2303039,0.7866712,-0.118819326,-0.6058303,S,Fibroblast
cell_2303483,0.79292405,0.60629916,0.06060358,G1,Fibroblast
cell_2303953,0.47206795,0.8641089,-0.17454979,G1,Fibroblast
cell_2307105,-0.7632197,0.6450641,0.037253182,G0,Fibroblast
cell_2308612,0.9882421,0.14448826,0.0500068,S,Fibroblast
cell_2310007,0.24193232,-0.094688825,-0.9656619,G1,Fibroblast
cell_2313754,0.27199244,-0.67198235,0.68881047,G2M,Fibroblast
cell_2315017,-0.53794116,0.55470663,-0.6347597,G0,Fibroblast
cell_2315601,0.20195144,0.32528016,-0.923801,G1-G0 transition,Fibroblast
cell_2316293,-0.6010482,0.793539,0.095063016,G0,Fibroblast
cell_2316724,-0.074980125,0.4542723,-0.8877018,G1-G0 transition,Fibroblast
cell_2318299,-0.28860065,0.78461313,0.54871833,G0,Fibroblast
cell_2318512,-0.035767544,-0.82755923,-0.56023777,G1-G0 transition,Fibroblast
cell_2320868,-0.015956052,0.40237927,-0.915334,G1-G0 transition,Fibroblast
cell_2321411,0.52796376,0.19853704,-0.8257344,G1,Fibroblast
cell_2321820,0.49980336,0.62270206,-0.60202885,G1-G0 transition,Fibroblast
cell_2321868,0.054579582,-0.938912,-0.33980194,G1,Fibroblast
cell_2322450,0.34709758,-0.2795513,0.8951951,G2M,Fibroblast
cell_2322731,0.49928138,-0.1691121,-0.84977597,G1,Fibroblast
cell_2324099,-0.22133826,0.7530069,-0.61966926,G1-G0 transition,Fibroblast
cell_2324939,0.21465833,-0.969486,0.11840039,G1,Fibroblast
cell_2324942,-0.84492946,0.46899638,-0.25717056,G0,Fibroblast
cell_2324987,0.7098279,-0.2237253,0.6679007,S,Fibroblast
cell_2325547,0.53366125,-0.5241561,-0.6636762,G1,Fibroblast
cell_2325823,0.03678196,-0.49025145,0.87080455,G2M,Fibroblast
cell_2326188,-0.42727196,-0.41650262,-0.80247384,G1-G0 transition,Fibroblast
cell_2327202,0.23729073,-0.62443876,0.7441569,G2M,Fibroblast
cell_2328893,0.11978404,0.98773336,-0.100173235,G1,Fibroblast
cell_2329025,-0.8382589,0.4153339,0.35329834,G0,Fibroblast
cell_2330139,0.23584023,-0.9057484,-0.3521352,G1,Fibroblast
cell_2330172,-0.9782172,0.04630908,0.20235272,G0,Fibroblast
cell_2330264,0.84426826,0.41706783,-0.33654922,S,Fibroblast
cell_2330709,-0.4854754,0.8133221,0.3206569,G0,Fibroblast
cell_2331556,-0.048013024,0.28056654,-0.95863307,G1-G0 transition,Fibroblast
cell_2332963,-0.56890845,0.8113387,0.13443425,G0,Fibroblast
cell_2335881,-0.87000614,0.26697445,0.4145044,G0,Fibroblast
cell_2337770,-0.67070645,0.67059124,0.31695446,G0,Fibroblast
cell_2337813,-0.18056992,-0.9485779,-0.25998935,G1,Fibroblast
cell_2340619,-0.999196,0.0019837078,-0.040042914,G0,Fibroblast
cell_2340717,-0.18361461,0.6089721,0.77164674,G0,Fibroblast
cell_2343029,0.14189413,0.9849672,-0.09851667,G1-G0 transition,Fibroblast
cell_2343882,-0.576484,0.2930349,-0.76275605,G1-G0 transition,Fibroblast
cell_2345850,-0.6995893,0.41085896,-0.58461076,G1-G0 transition,Fibroblast
cell_2347054,0.06306669,-0.9762805,0.20712009,G1,Fibroblast
cell_2347494,-0.3917808,0.69032687,0.6082406,G0,Fibroblast
cell_2347702,-0.8798108,0.07328439,0.46964055,G0,Fibroblast
cell_2347819,-0.8631809,0.0888972,0.49700695,G0,Fibroblast
cell_2349326,-0.455222,0.29932117,-0.83855814,G1-G0 transition,Fibroblast
cell_2352574,0.8432173,0.49690634,-0.20510669,S,Fibroblast
cell_2353049,0.84908897,-0.10913201,-0.516854,S,Fibroblast
cell_2354790,-0.8664046,0.19442661,0.4599363,G0,Fibroblast
cell_2357153,0.9295407,-0.017934227,0.3682832,S,Fibroblast
cell_2357337,0.73234534,0.4498122,-0.51121354,G1-G0 transition,Fibroblast
cell_2357522,-0.9604984,0.2782575,-0.003955539,G0,Fibroblast
cell_2359839,0.64836216,-0.50243616,0.57200044,G2M,Fibroblast
cell_2361235,-0.57207,0.1993898,-0.7956002,G1-G0 transition,Fibroblast
cell_2363311,0.7814129,-0.42408562,0.45776108,S,Fibroblast
cell_2366613,0.6969445,0.7122,-0.08390272,G1,Fibroblast
cell_2366617,0.23885931,0.16202787,-0.95744085,G1-G0 transition,Fibroblast
cell_2366878,0.94787264,0.19225834,0.25411397,S,Fibroblast
cell_2373037,-0.9256315,0.15408789,0.34563407,G0,Fibroblast
cell_2373089,-0.2239075,-0.69113743,-0.687164,G1-G0 transition,Fibroblast
cell_2373751,0.27903712,-0.9245003,-0.2596877,G1,Fibroblast
cell_2374165,0.009423762,-0.97618955,-0.21671417,G1,Fibroblast
cell_2374899,-0.85991865,0.39113843,0.32794878,G0,Fibroblast
cell_2376084,-0.9584883,0.22496063,0.17519371,G0,Fibroblast
cell_2376149,-0.092111684,-0.75408506,0.6502852,G2M,Fibroblast
cell_2376496,-0.45466346,0.35050607,-0.818796,G1-G0 transition,Fibroblast
cell_2380684,0.3795601,0.8545662,-0.35447225,G1,Fibroblast
cell_2380947,0.22056437,-0.96025115,0.17108205,G1,Fibroblast
cell_2382489,-0.69465387,-0.36088693,-0.62226725,G1-G0 transition,Fibroblast
cell_2383298,-0.7928767,0.45976776,0.39995006,G0,Fibroblast
cell_2383882,0.10290747,-0.46291596,-0.88040835,G1,Fibroblast
cell_2385725,-0.2757462,-0.92091984,-0.27544618,G1,Fibroblast
cell_2386620,0.16863847,-0.5753801,0.80031174,G2M,Fibroblast
cell_2387784,0.7772893,0.25640118,-0.57452595,S,Fibroblast
cell_2389743,0.5811294,-0.13986823,-0.8017015,G1,Fibroblast
cell_2389974,-0.8815039,0.22455049,-0.41536495,G0,Fibroblast
cell_2390271,0.31774136,-0.6151487,0.7215487,G2M,Fibroblast
cell_2391019,0.6460807,-0.14248928,0.7498509,S,Fibroblast
cell_2392216,-0.8164222,0.283493,0.503077,G0,Fibroblast
cell_2393217,-0.81465334,0.57634646,-0.06453421,G0,Fibroblast
cell_2394678,-0.8661363,0.37786177,-0.32715178,G1-G0 transition,Fibroblast
cell_2396689,0.4379082,-0.40782705,-0.80119497,G1,Fibroblast
cell_2397468,-0.91796136,0.26308644,0.29687113,G0,Fibroblast
cell_2398141,0.84497386,0.005608803,0.53477794,S,Fibroblast
cell_2400332,-0.94478387,0.27352932,0.18045829,G0,Fibroblast
cell_2400712,0.9359732,0.314025,-0.15919305,S,Fibroblast
cell_2401185,-0.9423708,0.2810826,0.18146606,G0,Fibroblast
cell_2401193,-0.7774189,0.587386,0.22493893,G0,Fibroblast
cell_2401550,-0.015940564,0.9998637,0.004276643,G0,Fibroblast
cell_2406702,0.80483204,-0.4626382,-0.37176767,S,Fibroblast
cell_2407358,-0.76633835,0.4638655,-0.44447073,G1-G0 transition,Fibroblast
cell_2409404,-0.832262,0.25572574,-0.49187827,G1-G0 transition,Fibroblast
cell_2411227,-0.9859791,0.16286542,0.036333054,G0,Fibroblast
cell_2411692,0.13645008,-0.75765234,-0.6382353,G1,Fibroblast
cell_2414304,-0.41890237,0.5443725,-0.72675943,G1-G0 transition,Fibroblast
cell_2414874,0.21544929,0.9637856,-0.15715908,S,Fibroblast
cell_2415736,0.7516945,0.08450976,0.65407455,S,Fibroblast
cell_2415834,-0.78060627,0.571173,0.25380147,G0,Fibroblast
cell_2416962,0.9578934,0.27612245,-0.07871916,S,Fibroblast
cell_2417376,0.08877035,-0.9481337,0.30522496,G1,Fibroblast
cell_2417951,-0.8196793,0.27749813,-0.5011194,G1-G0 transition,Fibroblast
cell_2419215,0.35973006,0.66410357,-0.6554087,G1-G0 transition,Fibroblast
cell_2419240,-0.8720049,0.28368473,0.39891154,G0,Fibroblast
cell_2421859,0.99943423,0.030084271,0.015043961,S,Fibroblast
cell_2422265,-0.44623068,0.8825692,-0.14815414,G0,Fibroblast
cell_2423291,-0.2183849,-0.9685281,-0.11942069,G1,Fibroblast
cell_2428648,0.2083582,-0.5233498,0.8262516,G2M,Fibroblast
cell_2431660,0.28048655,0.9466372,-0.15876158,S,Fibroblast
cell_2431834,-0.9805287,-0.14076005,-0.13693076,G0,Fibroblast
cell_2431896,0.25503722,0.5220217,-0.8139099,G1-G0 transition,Fibroblast
cell_2433261,-0.78734505,0.57456696,0.22351874,G0,Fibroblast
cell_2434204,0.6127164,-0.4751367,0.63152504,G2M,Fibroblast
cell_2435449,-0.78859293,0.61483645,0.00985543,G0,Fibroblast
cell_2436735,-0.99508876,0.09864564,-0.008194027,G0,Fibroblast
cell_2436755,0.6654437,-0.55178726,-0.50270826,S,Fibroblast
cell_2438195,-0.8003658,0.4307459,-0.41698015,G0,Fibroblast
cell_2438745,0.5321487,-0.31599432,0.7854714,G2M,Fibroblast
cell_2442558,0.56560725,-0.60165167,0.56400687,G2M,Fibroblast
cell_2443345,-0.0694934,-0.60981727,-0.78948945,G1-G0 transition,Fibroblast
cell_2445323,0.02474295,-0.78066355,0.6244614,G2M,Fibroblast
cell_2448634,0.2104651,-0.9300256,-0.30125892,G1,Fibroblast
cell_2449450,-0.55590695,0.77530634,0.29977933,G0,Fibroblast
cell_2449792,0.90246487,-0.14170575,0.406788,S,Fibroblast
cell_2450432,-0.9333921,0.1868004,0.30640596,G0,Fibroblast
cell_2451394,0.79304343,0.35001117,0.49857223,S,Fibroblast
cell_2451520,-0.9137609,0.041265707,-0.40415114,G0,Fibroblast
cell_2455942,0.054690823,0.5966734,-0.80061823,G1-G0 transition,Fibroblast
cell_2463463,-0.10951928,0.045277484,-0.9929528,G1-G0 transition,Fibroblast
cell_2464977,0.5845568,-0.65838146,-0.47415927,G1,Fibroblast
cell_2469894,0.22045305,-0.8059022,0.54947436,G2M,Fibroblast
cell_2470296,0.71028674,0.34643543,0.6127603,S,Fibroblast
cell_2473451,0.6490835,0.20177811,0.73346865,S,Fibroblast
cell_2473561,-0.857529,0.5115522,0.0543913,G0,Fibroblast
cell_2475859,-0.19832712,0.15328492,-0.9680754,G1-G0 transition,Fibroblast
cell_2476041,-0.5411089,0.71695805,0.43951377,G0,Fibroblast
cell_2479892,0.66094404,-0.17825513,-0.7289568,S,Fibroblast
cell_2480395,-0.94876045,0.31592008,-0.00693578,G0,Fibroblast
cell_2480686,0.96063626,0.27088717,0.06163021,S,Fibroblast
cell_2481575,-0.12070622,0.7204381,0.682934,G0,Fibroblast
cell_2482165,-0.5353935,0.76631165,-0.35513413,G1-G0 transition,Fibroblast
cell_2482246,0.32568023,-0.93473583,0.14213127,G1,Fibroblast
cell_2484496,0.8116695,-0.06943076,-0.57997566,S,Fibroblast
cell_2487513,0.53507864,0.5895187,-0.6051103,S,Fibroblast
cell_2487687,-0.4157361,-0.37043267,-0.8306281,G1-G0 transition,Fibroblast
cell_2487864,0.37330776,0.8374476,-0.39915267,G1,Fibroblast
cell_2489039,-0.10730539,-0.99234045,0.061204754,G1,Fibroblast
cell_2489284,0.6591734,0.4333515,-0.61457056,S,Fibroblast
cell_2489869,0.65865016,0.15922397,-0.73540986,G1,Fibroblast
cell_2493137,0.8634847,0.36745638,-0.34549943,S,Fibroblast
cell_2493559,-0.03305208,0.21424967,-0.9762195,G1-G0 transition,Fibroblast
cell_2496063,0.5620646,-0.55291086,-0.61512023,G1,Fibroblast
cell_2497117,0.59647274,0.5420267,0.5919691,S,Fibroblast
cell_2499669,0.64041215,0.76426595,0.0759587,G1,Fibroblast
cell_2501897,0.3509288,0.35726064,-0.8655713,G1,Fibroblast
cell_2502023,-0.5523076,0.81580067,-0.17153816,G1-G0 transition,Fibroblast
cell_2504757,-0.97461146,0.0018161933,0.22389586,G0,Fibroblast
cell_2509032,0.8319662,-0.3257126,0.44915873,S,Fibroblast
cell_2509134,0.1324335,-0.5879925,0.79795116,G2M,Fibroblast
cell_2510563,0.70807976,0.3025088,0.63805294,S,Fibroblast
cell_2512251,-0.21333565,-0.9465138,0.24207371,G1,Fibroblast
cell_2512326,-0.43892765,0.69980854,-0.56356955,G1-G0 transition,Fibroblast
cell_2513031,-0.08065978,-0.6462575,0.7588446,G2M,Fibroblast
cell_2514818,0.096119046,-0.5699544,0.8160349,G2M,Fibroblast
cell_2515528,-0.9180087,0.3947951,-0.03737602,G0,Fibroblast
cell_2515569,-0.7638722,0.63074785,0.13658859,G0,Fibroblast
cell_2515605,-0.96193135,0.26675293,-0.059422202,G0,Fibroblast
cell_2518501,0.87809986,-0.3183832,0.35717326,S,Fibroblast
cell_2518526,-0.04796781,-0.64190155,-0.76528525,G1-G0 transition,Fibroblast
cell_2518599,-0.860864,0.29180664,0.41684783,G0,Fibroblast
cell_2521588,-0.7594713,0.5650108,0.32243785,G0,Fibroblast
cell_2523244,-2.7257753e-05,-0.79272205,0.60958314,G2M,Fibroblast
cell_2524931,0.7914199,0.44041726,-0.42389533,S,Fibroblast
cell_2527022,-0.1297931,-0.9858354,-0.10621853,G1,Fibroblast
cell_2527024,0.98798096,0.09973654,0.11809354,S,Fibroblast
cell_2532079,-0.95187527,0.24208796,-0.18795435,G0,Fibroblast
cell_2533118,-0.003523272,0.46708408,-0.8842059,G1-G0 transition,Fibroblast
cell_2535675,-0.14050512,-0.82226527,-0.5514872,G1,Fibroblast
cell_2538116,-0.8573941,0.22121704,0.46469173,G0,Fibroblast
cell_2538975,-0.44302022,0.75804186,0.47864985,G0,Fibroblast
cell_2539518,-0.37337703,0.5639579,-0.73657376,G1-G0 transition,Fibroblast
cell_2539556,0.4124204,-0.7791536,-0.47204787,G1,Fibroblast
cell_2539990,0.90547466,0.20235491,0.37305254,S,Fibroblast
cell_2540830,-0.42881897,0.7233979,-0.5411189,G0,Fibroblast
cell_2541258,0.56154203,0.3005913,0.7709186,S,Fibroblast
cell_2542770,0.62227553,-0.22848642,0.74871033,S,Fibroblast
cell_2544634,0.50421435,-0.8586002,-0.09259391,G1,Fibroblast
cell_2545345,0.9123576,-0.08367603,0.4007516,S,Fibroblast
cell_2545935,-0.69540006,0.7129177,-0.09037217,G1-G0 transition,Fibroblast
cell_2548127,-0.64077157,0.60048735,-0.47835827,G0,Fibroblast
cell_2548323,-0.56050867,0.81990683,-0.11654478,G0,Fibroblast
cell_2548590,-0.50108904,-0.39983758,-0.7674891,G1-G0 transition,Fibroblast
cell_2550638,0.4109363,0.9055853,0.105103485,S,Fibroblast
cell_2552347,-0.71961135,0.38365415,-0.578765,G1-G0 transition,Fibroblast
cell_2553211,0.1775843,-0.49587452,-0.8500426,G1-G0 transition,Fibroblast
cell_2556177,0.7360281,0.17167282,0.6548215,S,Fibroblast
cell_2556471,0.38488743,-0.59500587,0.7055704,G2M,Fibroblast
cell_2556797,0.44188163,-0.4662163,-0.7664091,S,Fibroblast
cell_2557870,-0.81283903,0.53861845,0.2217721,G0,Fibroblast
cell_2558045,0.09543018,-0.9813875,0.16664839,G1,Fibroblast
cell_2562778,-0.008551386,-0.25820342,-0.9660528,G1-G0 transition,Fibroblast
cell_2563201,-0.6708421,0.74096876,0.030594323,G0,Fibroblast
cell_2563866,-0.94259745,0.2677443,-0.19955763,G1-G0 transition,Fibroblast
cell_2564710,-0.8592174,0.5112246,-0.019869154,G0,Fibroblast
cell_2565365,-0.6213505,0.7789799,0.08434441,G0,Fibroblast
cell_2565994,-0.74388695,-0.09733581,-0.6611792,G1-G0 transition,Fibroblast
cell_2566543,0.5441353,0.33075956,-0.7710479,G1-G0 transition,Fibroblast
cell_2568953,0.009991252,-0.7057864,0.70835423,G2M,Fibroblast
cell_2569300,0.5357388,0.47831643,-0.6958429,G1-G0 transition,Fibroblast
cell_2572331,-0.6875675,0.5226444,0.5040772,G0,Fibroblast
cell_2572798,0.8805566,0.24304934,0.40687466,S,Fibroblast
cell_2572858,0.99436826,0.10527938,0.01216927,S,Fibroblast
cell_2575170,0.6350864,-0.021066505,-0.7721537,G1,Fibroblast
cell_2576855,0.3549713,-0.93484235,0.008073734,G1,Fibroblast
cell_2577550,0.42643815,-0.2731691,-0.8622814,G1,Fibroblast
cell_2578281,0.92642826,-0.0089958,0.37636387,S,Fibroblast
cell_2579692,0.70172423,-0.039063994,0.7113769,S,Fibroblast
cell_2580547,-0.8864984,0.45392355,0.08985531,G0,Fibroblast
cell_2581024,0.5132145,-0.15055849,0.84495145,S,Fibroblast
cell_2582794,0.9083366,0.13310736,0.39649323,S,Fibroblast
cell_2585030,-0.78817856,0.5694638,-0.23342149,G0,Fibroblast
cell_2587147,0.024108373,0.25172222,-0.96749926,G1-G0 transition,Fibroblast
cell_2588386,0.9054151,0.18528345,0.38196024,S,Fibroblast
cell_2588495,0.78401214,0.5034412,-0.36314172,S,Fibroblast
cell_2588775,0.5867429,-0.4810768,-0.65138143,G1,Fibroblast
cell_2589016,0.7190383,-0.18166788,0.67080593,S,Fibroblast
cell_2589570,-0.67775923,0.49893007,-0.54010296,G1-G0 transition,Fibroblast
cell_2590721,0.3876902,-0.9131115,-0.12618868,G1,Fibroblast
cell_2593142,0.8042557,0.5656999,-0.18208925,S,Fibroblast
cell_2593180,0.26001483,-0.6101694,-0.7483886,G1,Fibroblast
cell_2597011,0.7254785,0.020580221,0.687937,S,Fibroblast
cell_2597268,-0.12189861,-0.8315686,-0.5418803,G1-G0 transition,Fibroblast
cell_2597904,0.15572454,-0.21424155,0.96428746,G2M,Fibroblast
cell_2602130,0.9658438,-0.00075180555,0.25912377,S,Fibroblast
cell_2605352,0.46388322,-0.14728929,-0.8735663,G1,Fibroblast
cell_2605656,-0.84245205,0.35694292,0.40356696,G0,Fibroblast
cell_2606861,-0.7124938,0.70152515,0.014671191,G0,Fibroblast
cell_2607097,-0.8372003,0.4585129,-0.29809633,G1-G0 transition,Fibroblast
cell_2607693,0.08215584,-0.9941906,0.06953733,G1,Fibroblast
cell_2607975,-0.2185218,0.10608441,-0.9700486,G1-G0 transition,Fibroblast
cell_2608356,-0.5987805,0.08098887,-0.7968077,G1-G0 transition,Fibroblast
cell_2609226,0.7893872,0.2892692,-0.54147124,S,Fibroblast
cell_2609417,0.9493101,0.3138689,0.01722581,S,Fibroblast
cell_2609798,-0.90678185,0.2905615,0.30548444,G0,Fibroblast
cell_2610323,0.41855326,-0.57548636,0.70258707,G2M,Fibroblast
cell_2611392,-0.9322,0.20249724,-0.2999966,G0,Fibroblast
cell_2611610,0.61012965,0.12733282,-0.7820025,G1,Fibroblast
cell_2613024,0.21373503,-0.94379705,-0.25212017,G1,Fibroblast
cell_2616122,0.9051707,0.14431418,0.39979953,S,Fibroblast
cell_2617802,-0.8558948,0.005879399,0.5171167,G0,Fibroblast
cell_2619397,0.49751937,-0.5459091,0.67413485,G2M,Fibroblast
cell_2620537,0.50365096,0.86384404,-0.01045149,G1,Fibroblast
cell_2620586,-0.6070536,0.6720875,0.4240097,G0,Fibroblast
cell_2622301,-0.923283,0.36573887,0.117403656,G0,Fibroblast
cell_2623779,0.93405515,0.03223831,0.35567096,S,Fibroblast
cell_2630584,0.5727107,0.8111707,-0.11834192,G1,Fibroblast
cell_2632521,-0.94430286,0.07279589,0.32092503,G0,Fibroblast
cell_2635272,-0.80539703,0.30405504,-0.5088085,G1-G0 transition,Fibroblast
cell_2635661,0.7320885,0.47031933,-0.4927944,S,Fibroblast
cell_2636185,-0.85414904,0.40595514,0.3250074,G0,Fibroblast
cell_2637307,0.17908163,-0.65175885,-0.7369804,G1,Fibroblast
cell_2637612,-0.8554379,0.4412495,-0.2711546,G0,Fibroblast
cell_2641724,0.57293195,-0.14950085,0.80585253,S,Fibroblast
cell_2643150,-0.9004627,0.4044915,0.15985443,G0,Fibroblast
cell_2643607,0.3817354,-0.909474,-0.16472697,G1,Fibroblast
cell_2644238,-0.30790845,0.5367619,-0.7855438,G1-G0 transition,Fibroblast
cell_2644785,0.39900246,0.07039637,0.9142435,S,Fibroblast
cell_2646806,0.86217487,-0.20956169,0.4612357,S,Fibroblast
cell_2647369,-0.8288178,0.1606431,-0.5359617,G1-G0 transition,Fibroblast
cell_2647723,0.8304998,0.5077627,-0.22901356,S,Fibroblast
cell_2649079,-0.6062082,0.11153601,-0.78744614,G1-G0 transition,Fibroblast
cell_2649759,0.41601834,-0.6137077,0.67103773,G2M,Fibroblast
cell_2650336,0.9297464,0.33592173,0.15075889,S,Fibroblast
cell_2651259,-0.9925525,0.11138487,0.049326304,G0,Fibroblast
cell_2652271,0.43779618,-0.0679098,-0.8965059,G1,Fibroblast
cell_2654705,0.724843,-0.33213055,-0.603566,S,Fibroblast
cell_2656468,-0.8773658,0.4794266,0.019477092,G0,Fibroblast
cell_2656491,-0.6305885,0.6465725,-0.42930433,G0,Fibroblast
cell_2659264,-0.2935172,-0.5739023,-0.76451534,G1-G0 transition,Fibroblast
cell_2659479,-0.8896728,0.4177425,-0.18431881,G0,Fibroblast
cell_2662344,-0.96957576,0.11573171,0.21570578,G0,Fibroblast
cell_2663682,0.09161349,-0.85533684,-0.50990766,G1,Fibroblast
cell_2663826,0.81232595,0.0958795,0.5752682,S,Fibroblast
cell_2664323,0.68349725,0.30719662,-0.6621644,G1,Fibroblast
cell_2664657,-0.6342301,0.6720907,0.38216016,G0,Fibroblast
cell_2666699,-0.7574235,-0.38767084,-0.52537674,G1-G0 transition,Fibroblast
cell_2670212,-0.74039215,0.54610634,-0.39190233,G1-G0 transition,Fibroblast
cell_2670354,-0.8982302,0.35954338,0.2528063,G0,Fibroblast
cell_2670410,0.4643206,0.76664525,-0.44346523,G1-G0 transition,Fibroblast
cell_2670924,-0.85858,0.5117413,0.03100486,G0,Fibroblast
cell_2671560,0.8641312,0.5032581,0.0029245217,G1,Fibroblast
cell_2672477,-0.2915335,-0.2458058,-0.92443913,G1-G0 transition,Fibroblast
cell_2672674,-0.8262278,0.25652403,0.50154054,G0,Fibroblast
cell_2673266,-0.9705916,0.05951713,0.23325866,G0,Fibroblast
cell_2674308,0.32294884,-0.82595956,-0.46205494,G1,Fibroblast
cell_2674320,0.022186225,-0.70080346,0.7130093,G2M,Fibroblast
cell_2675504,-0.9306296,0.1966937,0.30860975,G0,Fibroblast
cell_2680695,-0.4770595,0.8539436,0.20783253,G0,Fibroblast
cell_2681124,-0.3864196,-0.5420023,-0.74626637,G1-G0 transition,Fibroblast
cell_2682314,-0.75939846,0.6496511,-0.035599656,G0,Fibroblast
cell_2684075,0.5092312,-0.49206328,0.7060858,G2M,Fibroblast
cell_2684342,-0.96180034,0.22916216,-0.14974901,G0,Fibroblast
cell_2685025,0.61805034,0.34990117,-0.70397645,G1,Fibroblast
cell_2686701,-0.96481395,-0.026860015,-0.2615584,G0,Fibroblast
cell_2687073,-0.7245444,0.6892163,-0.0040069507,G0,Fibroblast
cell_2691705,0.5339409,-0.7631424,-0.36403406,S,Fibroblast
cell_2692822,0.681481,0.3612341,-0.63646954,G1,Fibroblast
cell_2693322,0.08191653,-0.97988486,0.18197645,G1,Fibroblast
cell_2694389,-0.82426107,0.43547308,-0.3618795,G1-G0 transition,Fibroblast
cell_2695230,0.62623584,-0.27314118,0.73022085,S,Fibroblast
cell_2695729,0.37837347,0.41490585,-0.82745796,G1,Fibroblast
cell_2696879,-0.6457032,-0.028254354,-0.76306546,G1-G0 transition,Fibroblast
cell_2699266,-0.85739887,-0.19490774,-0.47631732,G1-G0 transition,Fibroblast
cell_2702796,0.03487464,-0.8511282,0.52379817,G2M,Fibroblast
cell_2706501,0.80970234,0.54033834,-0.22894663,S,Fibroblast
cell_2706677,-0.7638052,0.005431709,-0.6454239,G0,Fibroblast
cell_2706829,-0.5122706,0.42185897,0.74807334,G0,Fibroblast
cell_2707699,-0.032841027,-0.7159679,0.6973602,G2M,Fibroblast
cell_2708475,-0.9752157,0.15168385,-0.1610787,G0,Fibroblast
cell_2709200,-0.9243234,0.34782013,0.15699495,G0,Fibroblast
cell_2711960,-0.14614032,0.006534037,-0.9892423,G1-G0 transition,Fibroblast
cell_2713287,-0.62392175,-0.41225135,-0.6639054,G1-G0 transition,Fibroblast
cell_2713488,0.06437411,-0.8765163,0.47704837,G2M,Fibroblast
cell_2714544,-0.1804046,-0.76695037,0.61582565,G2M,Fibroblast
cell_2714557,-0.1962456,-0.94694215,-0.25453532,G1,Fibroblast
cell_2715128,-0.044380236,0.48367074,0.8741241,G0,Fibroblast
cell_2715611,0.15741265,0.056364413,-0.9859231,G1-G0 transition,Fibroblast
cell_2715940,0.99943775,-0.026141876,0.020993266,S,Fibroblast
cell_2716137,-0.7368517,0.5350638,0.41322657,G0,Fibroblast
cell_2720728,0.15312043,-0.5723157,0.8056109,G2M,Fibroblast
cell_2721794,-0.013970667,-0.69168574,-0.72206336,G1,Fibroblast
cell_2723209,0.4528571,-0.7755182,-0.4398772,G1,Fibroblast
cell_2724137,0.36347497,-0.89605683,-0.25488895,G1,Fibroblast
cell_2724388,-0.48823467,-0.39334723,-0.77904093,G1-G0 transition,Fibroblast
cell_2724413,0.8079365,0.58467674,0.07342822,G1,Fibroblast
cell_2726783,-0.95926064,0.27820018,-0.049231745,G0,Fibroblast
cell_2728054,-0.72160673,0.6880361,0.07674788,G0,Fibroblast
cell_2730686,0.2729021,-0.09692823,0.95714647,S,Fibroblast
cell_2732205,0.6324236,0.442149,-0.63603836,G1,Fibroblast
cell_2732681,-0.3962766,0.9159598,0.06310812,G0,Fibroblast
cell_2733376,-0.91265136,0.21539034,0.34738252,G0,Fibroblast
cell_2733889,-0.20253684,0.036239747,-0.9786038,G1-G0 transition,Fibroblast
cell_2734127,0.2801778,-0.95083,0.13199517,G2M,Fibroblast
cell_2735789,-0.6698969,0.7013675,0.2435602,G0,Fibroblast
cell_2739383,-0.9905405,-0.10318105,0.09046069,G0,Fibroblast
cell_2740930,0.05796546,-0.84268194,-0.5352823,G1,Fibroblast
cell_2742763,-0.85129684,-0.12200472,-0.51030225,G1-G0 transition,Fibroblast
cell_2743111,-0.37330478,0.9005484,-0.22283588,G0,Fibroblast
cell_2744026,-0.6732467,0.73799366,-0.045872428,G1-G0 transition,Fibroblast
cell_2744292,0.9866711,-0.098989375,0.1291565,S,Fibroblast
cell_2744567,-0.35445508,0.9101127,0.21460767,G0,Fibroblast
cell_2745448,-0.9718405,0.16100767,0.17205426,G0,Fibroblast
cell_2748941,0.9537129,0.2938321,-0.063988104,S,Fibroblast
cell_2749379,0.8782582,0.28151047,0.3865413,S,Fibroblast
cell_2749750,0.9053975,0.12095906,0.40696946,S,Fibroblast
cell_2750491,-0.649837,0.31445915,0.6919734,G0,Fibroblast
cell_2751021,-0.75720125,0.59547347,-0.26843524,G0,Fibroblast
cell_2751043,0.98514694,0.14061783,-0.09855002,S,Fibroblast
cell_2751089,-0.7122893,0.21578918,-0.66789144,G0,Fibroblast
cell_2751468,0.56430733,-0.31680718,-0.76235837,S,Fibroblast
cell_2752423,0.2715591,-0.40631723,0.87244594,G2M,Fibroblast
cell_2755451,0.83817476,-0.07827213,0.539756,S,Fibroblast
cell_2755900,0.7102009,0.65601075,-0.25546938,G1,Fibroblast
cell_2757277,0.13058354,-0.6796132,0.72185457,G2M,Fibroblast
cell_2758119,-0.93768704,0.20160276,0.28301817,G0,Fibroblast
cell_2758197,-0.94460976,0.20261171,0.25818747,G0,Fibroblast
cell_2759620,0.2618708,-0.7046175,0.6594983,G2M,Fibroblast
cell_2760841,0.13444023,-0.5305086,-0.8369507,G1,Fibroblast
cell_2762737,-0.5850271,0.8093095,0.05254906,G0,Fibroblast
cell_2763381,-0.6765993,0.6695345,-0.30649114,G0,Fibroblast
cell_2765298,-0.87529504,0.4047902,-0.2645818,G1-G0 transition,Fibroblast
cell_2766579,-0.9489116,0.2334667,0.2122736,G0,Fibroblast
cell_2767901,-0.74272984,0.6160713,-0.26231384,G0,Fibroblast
cell_2769154,0.54644096,-0.59916717,0.5851503,G2M,Fibroblast
cell_2769327,-0.9952396,0.013857766,0.09646683,G0,Fibroblast
cell_2769571,0.50324285,-0.8640787,-0.010705053,G1,Fibroblast
cell_2772002,-0.25868365,-0.56384724,-0.7843208,G1-G0 transition,Fibroblast
cell_2773328,-0.4663613,-0.16548072,-0.8689784,G1-G0 transition,Fibroblast
cell_2774993,-0.7951782,0.5496071,-0.2561713,G1-G0 transition,Fibroblast
cell_2775212,-0.09037939,-0.8168599,0.56971186,G2M,Fibroblast
cell_2776333,-0.38691577,0.07975599,-0.9186595,G1-G0 transition,Fibroblast
cell_2778302,0.6170882,0.23770033,-0.7501338,G1,Fibroblast
cell_2781172,0.58540356,-0.5539673,0.5919653,G2M,Fibroblast
cell_2781209,0.44737282,-0.89430684,0.008536235,G1,Fibroblast
cell_2782971,-0.7912893,0.1457629,-0.5938134,G1-G0 transition,Fibroblast
cell_2782992,0.86048055,-0.36566174,0.35477418,S,Fibroblast
cell_2785068,-0.60518926,0.23823926,0.75959736,G0,Fibroblast
cell_2787411,0.18700203,0.26237744,-0.9466723,G1-G0 transition,Fibroblast
cell_2789053,-0.9767142,-0.18173026,-0.114032984,G0,Fibroblast
cell_2790285,-0.5242442,0.83776224,0.1527169,G0,Fibroblast
cell_2793196,0.5891075,0.80802643,-0.0067547695,S,Fibroblast
cell_2793296,-0.38599387,-0.53166133,-0.7538865,G1-G0 transition,Fibroblast
cell_2795811,-0.9328446,0.3595198,-0.023379896,G0,Fibroblast
cell_2796483,0.80090296,-0.21428901,0.55913746,S,Fibroblast
cell_2798932,-0.90286565,0.38879824,-0.18349284,G1-G0 transition,Fibroblast
cell_2798997,-0.6494832,0.75975066,-0.030829063,G0,Fibroblast
cell_2800541,-0.9351783,0.35191953,-0.03992887,G0,Fibroblast
cell_2801067,-0.49354154,0.2970324,-0.817428,G1-G0 transition,Fibroblast
cell_2801174,0.5755053,0.21183468,-0.78988576,S,Fibroblast
cell_2802235,0.94673485,-0.13868098,0.2906215,S,Fibroblast
cell_2803960,-0.89812213,0.424991,-0.11295724,G0,Fibroblast
cell_2807589,-0.90735316,0.25306693,0.3356596,G0,Fibroblast
cell_2808517,-0.6128757,0.61184984,0.5000232,G0,Fibroblast
cell_2809169,-0.9386957,-0.022942515,-0.3439827,G1-G0 transition,Fibroblast
cell_2810650,-0.7733345,-0.07496831,-0.6295502,G1-G0 transition,Fibroblast
cell_2812269,0.90744597,0.42002487,0.010997571,S,Fibroblast
cell_2812972,-0.703052,0.46923277,0.534358,G0,Fibroblast
cell_2813748,-0.3693602,0.5619797,-0.7401025,G1-G0 transition,Fibroblast
cell_2814904,-0.57118076,0.20931159,-0.7936884,G1-G0 transition,Fibroblast
cell_2815802,0.646261,-0.014209084,0.7629842,S,Fibroblast
cell_2820312,0.15577476,-0.22243184,-0.9624231,G1,Fibroblast
cell_2822864,-0.0031803504,-0.9802839,0.19756818,G1,Fibroblast
cell_2823463,0.96900165,0.10500405,0.22362909,S,Fibroblast
cell_2826817,0.6992145,-0.12287953,-0.7042725,S,Fibroblast
cell_2827613,0.6771681,-0.6378248,-0.3669099,G1,Fibroblast
cell_2828329,0.8484544,-0.009311953,0.52918637,S,Fibroblast
cell_2829497,-0.86262196,-0.016106129,-0.5055925,G1-G0 transition,Fibroblast
cell_2830286,-0.70665944,-0.19092014,0.68130904,G0,Fibroblast
cell_2831186,-0.7506251,0.65215397,0.106100544,G0,Fibroblast
cell_2831563,0.98822486,0.15181041,-0.019107688,S,Fibroblast
cell_2832243,0.41399378,-0.55979806,-0.7177988,G1,Fibroblast
cell_2834746,0.6164575,-0.7586676,-0.21072137,G1,Fibroblast
cell_2838728,-0.98677164,0.09113151,-0.1340771,G0,Fibroblast
cell_2839012,0.44304928,0.8875286,-0.12649201,G1,Fibroblast
cell_2839036,0.66909176,-0.4844611,-0.56357217,G1,Fibroblast
cell_2840513,-0.66907084,0.7417012,-0.047155675,G0,Fibroblast
cell_2840789,-0.8091756,0.14778061,0.568679,G0,Fibroblast
cell_2841069,-0.842721,0.43481994,-0.31741577,G0,Fibroblast
cell_2844288,0.43565893,-0.83495307,-0.33623597,G1,Fibroblast
cell_2850417,-0.99978995,0.0076123537,0.019029383,G0,Fibroblast
cell_2850438,-0.11852008,-0.95384157,-0.27593344,G1,Fibroblast
cell_2854572,0.4617589,-0.1240176,0.87829286,G2M,Fibroblast
cell_2858398,-0.535641,0.8180342,-0.2095436,G0,Fibroblast
cell_2858705,0.97536385,-0.07736006,0.20659328,S,Fibroblast
cell_2859388,0.98976594,0.13759242,0.037837636,S,Fibroblast
cell_2859934,0.3421037,0.0651821,0.9373987,S,Fibroblast
cell_2860385,-0.24693057,0.9680483,0.0436781,G0,Fibroblast
cell_2863680,-0.5293525,0.81236887,-0.24462754,G0,Fibroblast
cell_2863921,-0.8106465,0.16270305,0.56247663,G0,Fibroblast
cell_2864267,-0.9743112,-0.122609265,0.18890387,G0,Fibroblast
cell_2864566,0.77614397,-0.07492572,-0.6260885,S,Fibroblast
cell_2865282,-0.910755,0.1187005,0.3955194,G0,Fibroblast
cell_2867272,0.39470515,-0.8690206,-0.29834676,G1,Fibroblast
cell_2869969,-0.5271389,0.8482622,0.05075351,G0,Fibroblast
cell_2871021,-0.5246964,0.675441,0.5181438,G0,Fibroblast
cell_2874813,0.6277989,0.40232292,0.66633666,S,Fibroblast
cell_2874852,-0.81785756,0.574091,0.03909692,G0,Fibroblast
cell_2875851,0.85234225,0.08059746,0.51673675,S,Fibroblast
cell_2875982,0.51128584,-0.560646,0.6513546,G2M,Fibroblast
cell_2876029,0.063706696,-0.6603053,0.7482902,G2M,Fibroblast
cell_2876262,-0.60378,0.6515041,0.4593388,G0,Fibroblast
cell_2877290,-0.8229553,0.5528099,-0.13094206,G1-G0 transition,Fibroblast
cell_2878019,-0.8096734,0.20263813,0.55078727,G0,Fibroblast
cell_2879932,0.699636,0.3096284,0.6439253,S,Fibroblast
cell_2886254,-0.29239252,-0.6113131,-0.735393,G1-G0 transition,Fibroblast
cell_2888048,-0.5111679,0.8519344,0.11364579,G0,Fibroblast
cell_2888281,0.5799499,-0.25094688,0.77503794,G2M,Fibroblast
cell_2888631,0.8313916,-0.19724646,0.5195015,S,Fibroblast
cell_2889984,-0.7015819,0.5277621,-0.4788005,G0,Fibroblast
cell_2890926,0.94228864,-0.2194226,0.25287494,S,Fibroblast
cell_2891112,0.81612366,0.4937659,0.30022895,S,Fibroblast
cell_2893744,-0.56002665,0.8229983,-0.09509971,G0,Fibroblast
cell_2894673,-0.06560853,0.5542781,-0.8297416,G1-G0 transition,Fibroblast
cell_2895893,-0.9321854,0.056770455,-0.35750166,G0,Fibroblast
cell_2897157,-0.13890345,-0.9858464,0.09387584,G1,Fibroblast
cell_2900601,0.18389133,-0.5411855,-0.8205499,G1,Fibroblast
cell_2904106,0.963865,0.23028226,0.1339191,S,Fibroblast
cell_2905598,0.76080817,0.014478747,-0.64881533,S,Fibroblast
cell_2907925,0.63099754,0.39549488,-0.6674023,G1,Fibroblast
cell_2908193,0.8952926,-0.21391888,0.39075595,S,Fibroblast
cell_2912532,-0.9650187,0.18909095,0.18161374,G0,Fibroblast
cell_2912854,-0.5632456,0.76594466,0.30997294,G0,Fibroblast
cell_2912964,-0.4177508,-0.73266685,-0.5372926,G1-G0 transition,Fibroblast
cell_2913143,0.94682217,0.2298704,-0.22513862,S,Fibroblast
cell_2913319,-0.34255064,0.26749524,-0.90061384,G1-G0 transition,Fibroblast
cell_2913459,0.408366,-0.093004584,-0.9080679,G1,Fibroblast
cell_2913510,-0.30550936,-0.53564143,-0.7872434,G1-G0 transition,Fibroblast
cell_2914186,-0.77150863,0.40907428,-0.48727047,G1-G0 transition,Fibroblast
cell_2915401,0.6275052,0.23554526,0.74212897,S,Fibroblast
cell_2916479,-0.32137617,0.3507645,-0.87959164,G1-G0 transition,Fibroblast
cell_2917634,-0.53755736,-0.60513544,-0.58723354,G1-G0 transition,Fibroblast
cell_2917696,0.8660299,0.38330022,-0.32105023,S,Fibroblast
cell_2917778,-0.9158117,-0.016059386,0.40128684,G0,Fibroblast
cell_2918550,0.61387444,0.5327786,-0.5824989,G1,Fibroblast
cell_2919550,0.88552773,-0.20994467,0.4144441,S,Fibroblast
cell_2921315,0.9438932,-0.03001697,0.3288841,S,Fibroblast
cell_2922260,-0.96239126,0.06832637,0.26293427,G0,Fibroblast
cell_2924270,-0.7726707,0.628803,-0.08710242,G0,Fibroblast
cell_2924499,0.98415256,0.1274487,0.123290606,S,Fibroblast
cell_2924558,0.8252538,-0.09719958,0.55633485,S,Fibroblast
cell_2927502,0.89772075,0.23564431,0.3722489,S,Fibroblast
cell_2928618,-0.18038261,-0.41701716,-0.8908192,G1-G0 transition,Fibroblast
cell_2933170,0.46721742,0.5948188,-0.6541395,G1,Fibroblast
cell_2936983,-0.3666046,0.926749,-0.08208113,G0,Fibroblast
cell_2937215,-0.5712825,0.8188084,0.056472007,G0,Fibroblast
cell_2937642,-0.90809697,-0.0015516522,0.4187571,G0,Fibroblast
cell_2938644,0.9019723,-0.23370384,0.36308193,S,Fibroblast
cell_2940185,0.4399878,-0.8978766,-0.015106404,G1,Fibroblast
cell_2941789,-0.909048,0.2847539,-0.30421504,G0,Fibroblast
cell_2941827,0.24009973,-0.95905745,0.15020339,G1,Fibroblast
cell_2941974,-0.8242122,0.37124854,-0.4276082,G0,Fibroblast
cell_2942564,0.16435234,-0.71346736,0.68114054,G2M,Fibroblast
cell_2942751,-0.57393575,-0.33044118,-0.74927044,G1-G0 transition,Fibroblast
cell_2943495,-0.8463963,0.5146557,0.13690355,G0,Fibroblast
cell_2947079,-0.699149,0.03706411,-0.71401465,G1-G0 transition,Fibroblast
cell_2947456,0.88695765,0.031054242,0.46080527,S,Fibroblast
cell_2952358,-0.8201564,0.27301085,0.5028007,G0,Fibroblast
cell_2953382,-0.019496316,-0.9936488,0.11082421,G1,Fibroblast
cell_2953806,-0.8346241,0.4532598,0.3129828,G0,Fibroblast
cell_2955971,0.89801633,0.40916255,-0.16171794,S,Fibroblast
cell_2956874,0.84261394,-0.3704327,-0.39087254,S,Fibroblast
cell_2957722,-0.7601411,0.3229801,-0.563799,G0,Fibroblast
cell_2957903,-0.5298643,0.08823907,-0.8434796,G1-G0 transition,Fibroblast
cell_2958055,0.37672856,0.9251745,-0.046126656,G1,Fibroblast
cell_2960986,-0.5072578,0.64724463,0.56900233,G0,Fibroblast
cell_2961902,0.17153254,-0.98382807,0.051565874,G1,Fibroblast
cell_2961924,-0.92860234,0.25625673,0.26838443,G0,Fibroblast
cell_2962596,-0.92040044,0.3433591,-0.1869959,G0,Fibroblast
cell_2963335,-0.17922239,-0.59997076,-0.7796887,G1-G0 transition,Fibroblast
cell_2966395,0.24888714,-0.7256416,-0.6414821,G1,Fibroblast
cell_2966958,-0.68173164,0.7313531,0.01909394,G0,Fibroblast
cell_2967296,0.6458472,-0.4740209,0.5984862,G2M,Fibroblast
cell_2967779,0.4755922,-0.7017861,0.530385,G2M,Fibroblast
cell_2969318,-0.23989071,-0.9639536,0.11509089,G1,Fibroblast
cell_2969392,0.9551609,0.27884275,0.09957001,S,Fibroblast
cell_2969540,0.22002861,0.9723499,0.0782502,G1,Fibroblast
cell_2971858,-0.4702355,0.8708186,-0.14336506,G1-G0 transition,Fibroblast
cell_2973279,0.92236173,0.099867046,0.3731964,S,Fibroblast
cell_2974204,0.5690878,-0.6690352,-0.47804922,G1,Fibroblast
cell_2975730,0.9881124,0.14074378,0.061846666,S,Fibroblast
cell_2975987,0.16872443,-0.98523444,-0.029068403,G1,Fibroblast
cell_2977027,0.6121676,-0.52270097,0.59332496,G2M,Fibroblast
cell_2977542,0.95389926,0.20522104,-0.21899867,S,Fibroblast
cell_2978674,0.77146244,-0.4085865,0.4877527,S,Fibroblast
cell_2979452,-0.010396906,-0.96533465,0.26080802,G1,Fibroblast
cell_2979992,0.48837918,0.87177527,0.038648777,G1,Fibroblast
cell_2980547,-0.25353515,-0.3722197,-0.8928451,G1-G0 transition,Fibroblast
cell_2980953,-0.9007092,0.3086944,-0.30566463,G0,Fibroblast
cell_2981317,-0.7516444,0.6247554,0.21145086,G0,Fibroblast
cell_2982568,-0.46986935,0.8443855,-0.25736305,G0,Fibroblast
cell_2982793,0.97445786,0.17972122,-0.1346563,S,Fibroblast
cell_2986147,0.7443615,-0.40401885,0.53169036,S,Fibroblast
cell_2987674,-0.4416618,0.89027786,0.11108682,G0,Fibroblast
cell_2989051,0.095255926,-0.56569976,0.819091,G2M,Fibroblast
cell_2989216,-0.6687107,0.2757546,-0.69049656,G1-G0 transition,Fibroblast
cell_2990826,-0.35805166,0.68513244,-0.6343442,G1-G0 transition,Fibroblast
cell_2991723,0.2396717,-0.39976415,0.8847294,G2M,Fibroblast
cell_2992717,-0.8969839,0.43321213,0.088018075,G0,Fibroblast
cell_2995239,-0.8324273,-0.20039321,-0.5166307,G1-G0 transition,Fibroblast
cell_2995301,-0.8731942,0.23426259,0.4273791,G0,Fibroblast
cell_2995389,-0.9524621,-0.16477075,-0.25625464,G0,Fibroblast
cell_2995704,-0.35119823,0.3114459,-0.8829842,G1-G0 transition,Fibroblast
cell_2997132,-0.8168666,0.3187825,-0.4807355,G1-G0 transition,Fibroblast
cell_2998771,-0.95640284,0.28992635,0.03516265,G0,Fibroblast
cell_2999036,-0.66022265,0.7480376,0.06742224,G0,Fibroblast
cell_3000170,-0.6895258,0.7235315,-0.032501236,G0,Fibroblast
cell_3000585,-0.94891286,0.22929317,-0.21676908,G0,Fibroblast
cell_3002635,-0.13720928,-0.28754723,-0.9478872,G1-G0 transition,Fibroblast
cell_3004790,0.009395481,-0.81496304,0.5794368,G2M,Fibroblast
cell_3005021,-0.8478504,0.2015035,-0.4904548,G0,Fibroblast
cell_3006799,-0.99755013,0.032591723,0.06189756,G0,Fibroblast
cell_3008121,0.93807507,0.30670825,0.16107528,S,Fibroblast
cell_3013704,0.18247427,-0.900102,-0.3956253,G1,Fibroblast
cell_3014036,0.31505692,-0.44099072,0.8403965,G2M,Fibroblast
cell_3014857,-0.8365424,0.5049196,-0.21272711,G1-G0 transition,Fibroblast
cell_3016274,-0.98322034,0.16525406,0.07725741,G0,Fibroblast
cell_3016458,-0.5961587,0.7213896,-0.3524088,G1-G0 transition,Fibroblast
cell_3016522,-0.16466856,0.2909554,-0.9424591,G1-G0 transition,Fibroblast
cell_3016607,0.31168374,-0.23258844,-0.9212794,G1,Fibroblast
cell_3017996,-0.33726394,0.69185674,-0.6384257,G1-G0 transition,Fibroblast
cell_3019653,-0.6082918,0.7936248,-0.011865071,G0,Fibroblast
cell_3019659,-0.7086144,-0.13684088,-0.69219965,G1-G0 transition,Fibroblast
cell_3021454,-0.71520555,0.4681052,-0.5189976,G0,Fibroblast
cell_3023039,0.053865477,-0.965446,-0.25497538,G1,Fibroblast
cell_3023852,-0.97931147,-0.004467171,0.20230892,G0,Fibroblast
cell_3026501,0.85549635,0.47347102,-0.20964548,S,Fibroblast
cell_3026505,-0.7011963,0.4915495,0.51643264,G0,Fibroblast
cell_3026510,-0.5219238,0.84782153,0.09377691,G0,Fibroblast
cell_3028584,-0.824257,0.5574919,0.09901114,G0,Fibroblast
cell_3028853,-0.135689,-0.9869532,0.0866716,G2M,Fibroblast
cell_3029374,-0.82723576,0.4963535,-0.2632759,G0,Fibroblast
cell_3029431,-0.2859868,-0.9550312,0.07827384,G1,Fibroblast
cell_3029673,-0.16847678,-0.9814074,0.09195167,G1,Fibroblast
cell_3031649,0.45744565,0.336797,0.8229892,S,Fibroblast
cell_3033858,0.8235579,0.5667482,-0.023427995,S,Fibroblast
cell_3034524,0.05970607,-0.98208654,0.17872082,G1,Fibroblast
cell_3036818,-0.94851685,0.27325135,0.16015437,G0,Fibroblast
cell_3038271,0.08659433,-0.853144,0.5144383,G2M,Fibroblast
cell_3040251,0.490953,0.6674167,-0.5599286,G1,Fibroblast
cell_3044735,-0.76449406,0.6434526,0.038954645,G0,Fibroblast
cell_3045090,0.5363973,-0.48539737,0.69041103,G2M,Fibroblast
cell_3049213,-0.76799446,0.6235095,0.1463565,G0,Fibroblast
cell_3049827,-0.3741688,0.5559791,-0.7422163,G1-G0 transition,Fibroblast
cell_3050069,-0.7899277,0.12105112,0.60113287,G0,Fibroblast
cell_3054656,0.7775491,0.103275284,-0.62028354,G1,Fibroblast
cell_3054671,0.86355966,0.14737359,0.48222995,S,Fibroblast
cell_3054968,-0.30364984,-0.7196756,-0.6243908,G1-G0 transition,Fibroblast
cell_3055896,-0.94009554,0.25867274,0.22205596,G0,Fibroblast
cell_3058586,0.34460837,-0.56460655,0.7499762,G2M,Fibroblast
cell_3059346,-0.5084313,0.7580759,0.4084344,G0,Fibroblast
cell_3060479,0.66939026,-0.21548113,-0.7109744,S,Fibroblast
cell_3060725,0.7505066,0.27446193,0.60117435,S,Fibroblast
cell_3062449,-0.8603013,0.5021574,-0.08786118,G0,Fibroblast
cell_3063154,0.9609418,0.024207227,0.27568993,S,Fibroblast
cell_3063689,-0.9439069,0.29607368,-0.14621957,G0,Fibroblast
cell_3063952,0.49111924,-0.33271867,0.8050466,G2M,Fibroblast
cell_3064052,-0.59768206,-0.03163947,-0.8011087,G1-G0 transition,Fibroblast
cell_3065843,0.6087275,0.02894616,-0.7928512,G1,Fibroblast
cell_3067444,0.32982913,-0.5279563,0.7826076,G2M,Fibroblast
cell_3068110,-0.34218225,0.2740751,-0.89877367,G1-G0 transition,Fibroblast
cell_3069485,-0.7912187,0.56017405,-0.24531193,G0,Fibroblast
cell_3070721,-0.113421105,0.9908659,0.07294089,G0,Fibroblast
cell_3071205,-0.39234483,0.6639955,0.63653404,G0,Fibroblast
cell_3073163,0.95505905,-0.061884448,0.28988382,S,Fibroblast
cell_3074672,-0.12996751,-0.9804898,0.14747241,G1,Fibroblast
cell_3074929,0.8146268,-0.08060731,0.57435673,S,Fibroblast
cell_3075121,0.11083256,-0.96718824,0.2286112,G1,Fibroblast
cell_3076210,0.7420907,0.32353228,-0.5870504,S,Fibroblast
cell_3077026,0.5275813,-0.18651973,-0.8287753,G1,Fibroblast
cell_3078130,0.6354906,0.6649473,-0.39242417,G1,Fibroblast
cell_3079659,0.547428,-0.11172402,0.82936144,G2M,Fibroblast
cell_3082038,-0.69698423,0.61194855,0.3738074,G0,Fibroblast
cell_3082682,-0.9587883,0.2781623,-0.057885308,G0,Fibroblast
cell_3083520,0.70656735,0.69115657,-0.15187252,G1,Fibroblast
cell_3083536,-0.79723895,0.22460859,0.56032234,G0,Fibroblast
cell_3084020,0.22288352,-0.85861266,-0.46163535,G1,Fibroblast
cell_3084445,0.3005425,0.8122114,-0.4999867,G1,Fibroblast
cell_3086004,0.72288924,-0.010384956,-0.6908858,S,Fibroblast
cell_3086550,0.76468104,-0.36895415,-0.5283328,S,Fibroblast
cell_3087081,-0.75546616,0.6203528,-0.21079178,G0,Fibroblast
cell_3088384,-0.637693,0.2143847,-0.739856,G1-G0 transition,Fibroblast
cell_3088536,-0.9868442,0.037212647,0.15733361,G0,Fibroblast
cell_3088925,-0.99808663,-0.025748499,0.0562131,G1-G0 transition,Fibroblast
cell_3089726,0.50808203,-0.82364,-0.25193185,G1,Fibroblast
cell_3090017,0.71344894,-0.00016117774,0.70070726,S,Fibroblast
cell_3092317,-0.076279044,-0.44450003,0.89252514,G2M,Fibroblast
cell_3092323,-0.19054195,-0.46299186,-0.86563975,G1-G0 transition,Fibroblast
cell_3092497,-0.78582066,0.30867976,0.5359128,G0,Fibroblast
cell_3093404,-0.825758,0.3626242,0.43200383,G0,Fibroblast
cell_3093476,0.6805553,-0.60100186,-0.41909578,G1,Fibroblast
cell_3094530,0.7074137,-0.4640929,-0.5330889,S,Fibroblast
cell_3096992,-0.32063812,-0.84482884,-0.42831683,G1-G0 transition,Fibroblast
cell_3097457,-0.9893076,0.102894455,-0.10336029,G0,Fibroblast
cell_3097474,0.8996928,0.4113326,0.14614488,S,Fibroblast
cell_3100279,-0.12022624,-0.9019402,0.41478837,G2M,Fibroblast
cell_3101521,-0.81282854,0.08242916,0.57664126,G0,Fibroblast
cell_3102841,0.79060316,0.16614439,-0.58935785,G1,Fibroblast
cell_3102849,-0.36309645,0.17851153,-0.9144915,G1-G0 transition,Fibroblast
cell_3103488,-0.8386829,0.29797179,0.45587707,G0,Fibroblast
cell_3107717,0.79121363,0.09067879,0.6047796,S,Fibroblast
cell_3110504,-0.44298953,0.8836187,-0.15158609,G0,Fibroblast
cell_3111562,-0.99719554,-0.009878826,-0.07418423,G0,Fibroblast
cell_3112503,0.7974764,0.11223256,-0.59281963,S,Fibroblast
cell_3114235,-0.28594875,-0.26990506,-0.919448,G1-G0 transition,Fibroblast
cell_3118945,-0.8965081,0.43767604,-0.068651,G1-G0 transition,Fibroblast
cell_3118978,-0.6909255,-0.11384384,-0.7139059,G1-G0 transition,Fibroblast
cell_3119944,0.3767551,-0.912408,0.15989733,G1,Fibroblast
cell_3126415,-0.71873593,0.51695555,0.46494702,G0,Fibroblast
cell_3127733,0.6481468,-0.4608068,0.60626954,G2M,Fibroblast
cell_3130610,0.9557639,0.21708931,0.19846268,S,Fibroblast
cell_3132389,-0.08862257,-0.69626516,0.7122927,G2M,Fibroblast
cell_3135034,0.5696745,-0.33521354,0.7504018,G2M,Fibroblast
cell_3136351,-0.63084334,0.74079025,-0.23079535,G0,Fibroblast
cell_3138425,-0.18121515,-0.907004,0.3801378,G1,Fibroblast
cell_3139074,0.540017,-0.31566027,-0.780218,S,Fibroblast
cell_3140920,-0.9442366,0.26174492,0.19976729,G0,Fibroblast
cell_3144005,-0.0020309545,0.032596577,-0.9994665,G1-G0 transition,Fibroblast
cell_3145216,-0.66374594,0.28480092,-0.691614,G1-G0 transition,Fibroblast
cell_3146177,0.9422898,0.1696594,-0.2886269,S,Fibroblast
cell_3147575,0.075906925,-0.9970928,-0.0066528386,G1,Fibroblast
cell_3150476,0.0790689,-0.9530899,0.29217774,G2M,Fibroblast
cell_3150818,0.7294074,-0.086269334,-0.6786181,S,Fibroblast
cell_3151245,-0.45694384,-0.38632512,-0.801221,G1-G0 transition,Fibroblast
cell_3151705,-0.045126133,0.98574656,0.16207163,G0,Fibroblast
cell_3152011,0.3824685,0.55794066,-0.73649174,G1-G0 transition,Fibroblast
cell_3153330,-0.7624992,0.07936486,-0.642103,G0,Fibroblast
cell_3154091,-0.3107033,0.90847987,-0.27951354,G1-G0 transition,Fibroblast
cell_3156350,0.13597926,-0.76131773,0.6339597,G2M,Fibroblast
cell_3157456,-0.8634086,0.49024093,0.11911928,G0,Fibroblast
cell_3158348,0.2300687,0.20909898,-0.9504452,G1-G0 transition,Fibroblast
cell_3159802,-0.6706217,0.44631177,-0.5925135,G1-G0 transition,Fibroblast
cell_3161233,-0.94600224,0.31860507,0.059752315,G0,Fibroblast
cell_3161238,-0.88542205,0.44791028,-0.12411347,G0,Fibroblast
cell_3162366,-0.9780936,0.19191597,0.08063024,G0,Fibroblast
cell_3164647,0.77707523,0.20644659,0.5945871,S,Fibroblast
cell_3165513,0.9627925,0.26562616,0.04973154,S,Fibroblast
cell_3165541,0.5685875,0.06616944,0.8199573,S,Fibroblast
cell_3165543,0.21556883,0.9536248,-0.21007107,G0,Fibroblast
cell_3165773,-0.73229945,0.63143384,0.2550075,G1-G0 transition,Fibroblast
cell_3166777,0.85752803,0.45801717,-0.2342349,S,Fibroblast
cell_3169030,0.1684071,-0.2114767,-0.96276516,G1-G0 transition,Fibroblast
cell_3169679,0.89597243,0.11967682,0.42768073,S,Fibroblast
cell_3169829,0.008279354,-0.78122413,0.6241957,G2M,Fibroblast
cell_3172520,-0.87259424,0.48581144,-0.050661005,G0,Fibroblast
cell_3177368,-0.8845627,0.40260866,-0.23548907,G0,Fibroblast
cell_3181091,0.61894643,0.56276,-0.5479109,S,Fibroblast
cell_3187325,0.9351374,0.3319137,-0.123900004,S,Fibroblast
cell_3189558,0.82159823,0.42263046,0.38257012,S,Fibroblast
cell_3191153,0.55763406,-0.22607356,-0.7987084,S,Fibroblast
cell_3191510,0.7272757,0.66879374,0.15422334,G1,Fibroblast
cell_3192752,-0.80948377,0.55789334,0.18300536,G0,Fibroblast
cell_3193069,0.80369437,0.51749,-0.29373387,S,Fibroblast
cell_3194199,-0.049140472,-0.07519068,-0.9959576,G1-G0 transition,Fibroblast
cell_3194222,0.54503536,-0.6248714,-0.5589921,S,Fibroblast
cell_3194267,-0.71995413,0.29585564,-0.6278021,G1-G0 transition,Fibroblast
cell_3197429,0.7198429,0.5272277,-0.45150527,S,Fibroblast
cell_3199683,-0.78650844,0.5468277,-0.28702623,G0,Fibroblast
cell_3201199,-0.79067755,0.5338633,0.2996985,G0,Fibroblast
cell_3201475,-0.8794557,0.3065742,0.36410138,G0,Fibroblast
cell_3202085,-0.5476341,-0.32715964,-0.7701062,G1-G0 transition,Fibroblast
cell_3202543,-0.39007324,0.8169458,-0.42478517,G0,Fibroblast
cell_3204714,-0.8509481,0.41486266,-0.32214317,G0,Fibroblast
cell_3205512,-0.7792769,0.5211828,0.3479886,G0,Fibroblast
cell_3206202,0.8698735,0.06891403,0.48843718,S,Fibroblast
cell_3210388,-0.76076454,0.63464165,0.13589455,G0,Fibroblast
cell_3210684,0.09435723,-0.9448905,0.31349444,G1,Fibroblast
cell_3212032,0.9963215,-0.0804745,0.029450094,S,Fibroblast
cell_3212344,-0.1823462,-0.03425993,-0.98263735,G1-G0 transition,Fibroblast
cell_3212458,-0.9991793,0.026948169,0.030238526,G1-G0 transition,Fibroblast
cell_3213815,0.3194226,-0.48377818,0.8148177,G2M,Fibroblast
cell_3215121,-0.06464612,-0.9813523,0.18102033,G1,Fibroblast
cell_3218279,-0.9227147,0.35305658,0.15475327,G0,Fibroblast
cell_3219005,0.47586563,0.3319292,0.8144783,S,Fibroblast
cell_3222893,0.12340027,-0.5096262,0.85150075,G2M,Fibroblast
cell_3223466,0.10796039,-0.81015736,0.57618535,G2M,Fibroblast
cell_3223877,0.6888019,-0.22228903,-0.6900286,S,Fibroblast
cell_3225890,-0.9281253,0.22685961,0.2951579,G0,Fibroblast
cell_3226340,-0.76233447,0.3631863,0.53566957,G0,Fibroblast
cell_3226708,-0.07159448,-0.9350138,0.34730893,G2M,Fibroblast
cell_3228444,0.96898013,0.049366284,0.24215804,S,Fibroblast
cell_3231622,-0.20657091,0.30357972,-0.93014395,G1-G0 transition,Fibroblast
cell_3237551,0.006827337,-0.9929881,0.11801764,G1,Fibroblast
cell_3247778,-0.9617336,0.06602983,0.26591098,G0,Fibroblast
cell_3251466,-0.8419117,0.36188152,0.40028286,G0,Fibroblast
cell_3253757,-0.19236457,-0.9545934,0.22748017,G1,Fibroblast
cell_3256328,0.10549983,-0.98112094,0.16208531,G1,Fibroblast
cell_3257320,0.13384847,0.10994804,-0.9848837,G1-G0 transition,Fibroblast
cell_3258003,-0.012700386,-0.9608239,0.27686858,G1,Fibroblast
cell_3265541,0.54105014,0.12682045,-0.8313733,G1,Fibroblast
cell_3265944,-0.6343091,0.36497274,-0.6815033,G1-G0 transition,Fibroblast
cell_3267076,0.016740033,0.29800266,0.95441824,G0,Fibroblast
cell_3267588,0.031443905,-0.7657518,-0.64236706,G1,Fibroblast
cell_3268527,0.96772015,0.22472167,-0.11409469,S,Fibroblast
cell_3268754,0.05586815,-0.8061154,-0.5891152,G1,Fibroblast
cell_3270666,-0.13731216,0.6898624,-0.7107991,G1-G0 transition,Fibroblast
cell_3271379,-0.52083814,0.7298311,0.44280255,G0,Fibroblast
cell_3272391,0.2947062,0.7479307,-0.59476715,G1-G0 transition,Fibroblast
cell_3273238,-0.10809019,0.7299852,-0.67486155,G1-G0 transition,Fibroblast
cell_3274853,0.17815192,-0.8677646,-0.46394652,G1,Fibroblast
cell_3275287,0.23311174,-0.67352563,0.70144284,G2M,Fibroblast
cell_3275750,0.55519444,0.25761226,-0.79081917,G1,Fibroblast
cell_3275773,-0.15060133,0.96590734,-0.21057588,G0,Fibroblast
cell_3281328,0.023400107,-0.70820695,-0.7056169,G1,Fibroblast
cell_3288152,0.6066282,-0.3676982,-0.7048404,G1,Fibroblast
cell_3288939,-0.8954156,0.43171516,-0.10887131,G1-G0 transition,Fibroblast
cell_3289643,-0.84704953,0.106990404,0.5206343,G0,Fibroblast
cell_3290704,0.18903974,0.31870103,-0.92881304,G1-G0 transition,Fibroblast
cell_3294923,-0.8913485,0.43488204,0.12796675,G0,Fibroblast
cell_3296225,-0.4754156,0.84303224,0.25154844,G0,Fibroblast
cell_3297035,0.8559403,-0.004460693,0.51705533,S,Fibroblast
cell_3298617,0.69456786,-0.10933452,-0.7110706,S,Fibroblast
cell_3299272,0.8493792,0.49437127,-0.18480296,S,Fibroblast
cell_3302168,0.45191008,-0.3016301,-0.8395216,G1,Fibroblast
cell_3302973,0.14726672,-0.6000261,0.7863085,G2M,Fibroblast
cell_3304419,0.8242464,0.021817992,0.56581074,S,Fibroblast
cell_3305760,-0.706607,0.34320834,-0.61880094,G1-G0 transition,Fibroblast
cell_3308071,-0.5175814,0.36281687,-0.7749022,G1-G0 transition,Fibroblast
cell_3308612,-0.99709016,-0.008488339,-0.07575461,G0,Fibroblast
cell_3312755,-0.16352457,-0.9784843,0.12581037,G1,Fibroblast
cell_3313849,-0.311006,-0.36252135,-0.87855196,G1-G0 transition,Fibroblast
cell_3314387,-0.42507952,0.040751252,-0.90423816,G1-G0 transition,Fibroblast
cell_3315352,0.62342274,-0.56454265,-0.54095805,G1,Fibroblast
cell_3317135,-0.9059061,0.02578681,-0.42269278,G1-G0 transition,Fibroblast
cell_3318377,0.7003738,0.71158767,0.05585301,G1,Fibroblast
cell_3318890,0.9197272,0.31362468,0.23609568,S,Fibroblast
cell_3322949,0.8481897,0.49452463,0.18978748,S,Fibroblast
cell_3323736,0.6264565,-0.14397673,-0.7660437,S,Fibroblast
cell_3325180,0.41606662,0.024844248,-0.9089946,G1,Fibroblast
cell_3328718,-0.77621174,0.42693254,-0.46392205,G0,Fibroblast
cell_3329703,0.19178185,-0.48581356,0.85276306,G2M,Fibroblast
cell_3331518,0.6304982,0.7355282,-0.24793224,G1,Fibroblast
cell_3331621,-0.9780106,0.20443188,-0.04126506,G0,Fibroblast
cell_3334552,0.45452747,-0.75732785,-0.46889156,G1,Fibroblast
cell_3336114,-0.9450109,0.15786785,-0.28641227,G0,Fibroblast
cell_3336666,-0.6857253,0.18010612,-0.70522505,G0,Fibroblast
cell_3337072,-0.90134555,0.40329334,0.15789452,G0,Fibroblast
cell_3338693,0.65996677,0.00747076,0.7512576,S,Fibroblast
cell_3339008,-0.96187246,0.08942072,0.25846705,G0,Fibroblast
cell_3340006,-0.8168503,0.502439,0.28339124,G0,Fibroblast
cell_3340301,-0.9417139,0.33635193,-0.0065107634,G0,Fibroblast
cell_3343446,-0.90593576,0.286313,0.3119378,G0,Fibroblast
cell_3343860,0.012782456,-0.48024407,0.8770418,G2M,Fibroblast
cell_3344082,0.5236191,-0.15947485,-0.8368936,S,Fibroblast
cell_3345175,-0.12100632,-0.56751925,-0.8144197,G1-G0 transition,Fibroblast
cell_3346121,0.045382638,-0.7335553,0.6781127,G2M,Fibroblast
cell_3350117,0.13296922,-0.67294633,0.7276418,G2M,Fibroblast
cell_3351375,-0.8558451,0.51511735,0.046727285,G0,Fibroblast
cell_3355137,0.8719806,-0.023344018,0.48898366,S,Fibroblast
cell_3357078,-0.9349,0.19721922,0.2950705,G0,Fibroblast
cell_3357222,-0.33690235,0.5265956,-0.78050876,G1-G0 transition,Fibroblast
cell_3359019,-0.27042466,-0.005247345,-0.96272683,G1-G0 transition,Fibroblast
cell_3362720,-0.1713724,0.5263316,-0.83283037,G1-G0 transition,Fibroblast
cell_3362805,-0.08371255,-0.75436,-0.6511015,G1-G0 transition,Fibroblast
cell_3363113,0.84947115,0.011341775,0.527513,S,Fibroblast
cell_3363469,-0.9023496,0.31209967,0.29725242,G0,Fibroblast
cell_3364702,0.21380049,-0.36669368,0.905442,G2M,Fibroblast
cell_3365019,-0.9942274,0.10644826,0.013439488,G0,Fibroblast
cell_3365865,-0.7710852,0.36516204,0.521617,G0,Fibroblast
cell_3369591,-0.8484841,0.401099,0.3452451,G0,Fibroblast
cell_3370286,-0.66768426,0.020843038,-0.7441527,G1-G0 transition,Fibroblast
cell_3370303,-0.7277496,0.67532676,-0.11964253,G0,Fibroblast
cell_3372803,0.717634,-0.1967767,0.6680423,S,Fibroblast
cell_3375655,-0.21267301,-0.11865703,-0.9698921,G1-G0 transition,Fibroblast
cell_3379416,0.9400006,0.023651686,0.34035197,S,Fibroblast
cell_3380017,-0.701331,0.6820148,-0.20734169,G0,Fibroblast
cell_3380707,-0.25154006,-0.6658993,-0.7023573,G1-G0 transition,Fibroblast
cell_3383834,0.18382233,-0.7820917,0.59543425,G2M,Fibroblast
cell_3385150,-0.7076261,0.69675905,0.11743941,G0,Fibroblast
cell_3388531,-0.7986953,0.35650957,-0.48475438,G0,Fibroblast
cell_3390290,0.4546907,-0.86033106,-0.23040585,G1,Fibroblast
cell_3390593,-0.50389737,0.8579406,0.10012688,G0,Fibroblast
cell_3391274,-0.6148079,0.7879147,-0.03466409,G0,Fibroblast
cell_3399384,-0.14636025,-0.9891946,-0.008537663,G1,Fibroblast
cell_3400470,0.47941643,-0.8625086,0.16198395,G1,Fibroblast
cell_3401962,0.34955144,-0.93633366,0.03306123,G1,Fibroblast
cell_3402761,-0.66327083,0.74391556,0.08161735,G0,Fibroblast
cell_3403278,0.11828723,-0.9924371,0.032812554,G1,Fibroblast
cell_3404398,0.25054044,-0.5083281,0.82391256,G2M,Fibroblast
cell_3406374,0.032411166,-0.97114545,0.23627493,G1,Fibroblast
cell_3406497,0.011073768,-0.6738995,0.73873997,G2M,Fibroblast
cell_3406678,-0.7632583,0.6361174,-0.113099396,G0,Fibroblast
cell_3408443,-0.551381,-0.20091243,-0.80969936,G1-G0 transition,Fibroblast
cell_3409683,-0.19691582,-0.88042206,-0.43137127,G1,Fibroblast
cell_3411629,0.32731858,-0.94094133,-0.08655551,G1,Fibroblast
cell_3412754,-0.8953414,-0.032823846,-0.44416934,G1-G0 transition,Fibroblast
cell_3412784,0.28999773,0.90241486,-0.3186673,G1,Fibroblast
cell_3413092,-0.8765307,0.3687843,-0.30934122,G1-G0 transition,Fibroblast
cell_3413403,-0.65558916,0.7548496,0.020122804,G0,Fibroblast
cell_3416489,-0.6473593,-0.3980609,-0.6499796,G1-G0 transition,Fibroblast
cell_3418640,-0.54340154,0.41981912,-0.7269572,G1-G0 transition,Fibroblast
cell_3418915,-0.6357408,0.71624655,-0.28779227,G0,Fibroblast
cell_3419247,0.5876788,-0.6405437,-0.49430498,G1,Fibroblast
cell_3419994,-0.47442526,-0.1392658,-0.8692098,G1-G0 transition,Fibroblast
cell_3421742,0.5800053,-0.6548996,-0.4844587,G1,Fibroblast
cell_3428524,0.8341983,-0.4011439,-0.37841332,S,Fibroblast
cell_3428782,-0.7609689,0.32891044,-0.5592353,G1-G0 transition,Fibroblast
cell_3431325,0.6655675,0.1659142,0.72766227,S,Fibroblast
cell_3431456,-0.7477795,0.62245256,0.23103827,G0,Fibroblast
cell_3433287,0.4993727,0.6674648,-0.5523747,S,Fibroblast
cell_3434200,0.3913814,-0.20092751,0.8980249,S,Fibroblast
cell_3434955,-0.90044063,0.43203163,-0.050549228,G0,Fibroblast
cell_3436272,-0.09188099,-0.99528414,-0.03110364,G1,Fibroblast
cell_3436999,-0.08789801,-0.96676755,0.24007198,G1,Fibroblast
cell_3437189,0.7011022,0.44288838,0.5588433,S,Fibroblast
cell_3441184,0.7548631,-0.048050318,0.6541199,S,Fibroblast
cell_3442586,-0.8859433,0.44932538,0.11494012,G0,Fibroblast
cell_3442897,-0.869597,0.27965277,-0.40693402,G0,Fibroblast
cell_3444379,0.8341341,0.22375078,0.5041386,S,Fibroblast
cell_3446079,0.44772166,0.8460842,-0.28928667,G1,Fibroblast
cell_3446972,-0.031687226,-0.9947765,-0.097034894,G1,Fibroblast
cell_3450424,-0.18877369,-0.6975321,0.6912404,G2M,Fibroblast
cell_3451020,0.2502178,0.9505139,0.18415813,G1,Fibroblast
cell_3453545,-0.1860053,-0.68931305,-0.70017827,G1-G0 transition,Fibroblast
cell_3454394,0.27240723,-0.9414019,0.19888896,G1,Fibroblast
cell_3455183,-0.9309324,0.0022863713,0.3651843,G0,Fibroblast
cell_3455534,-0.8660394,0.40945113,0.28692415,G0,Fibroblast
cell_3456370,-0.5023557,0.14666916,-0.85213083,G1-G0 transition,Fibroblast
cell_3457495,0.87188953,0.481422,-0.0896743,S,Fibroblast
cell_3458411,-0.8794767,0.44401687,0.17137556,G0,Fibroblast
cell_3461468,0.96206355,0.22662881,-0.15189876,S,Fibroblast
cell_3462154,0.6118637,-0.06669215,0.7881465,S,Fibroblast
cell_3464881,0.014925029,0.15019765,-0.9885434,G1-G0 transition,Fibroblast
cell_3466403,0.982717,0.07634079,0.16863999,S,Fibroblast
cell_3467015,0.05512057,-0.9894589,0.13391303,G1,Fibroblast
cell_3469016,0.30646387,-0.26987225,0.91282475,S,Fibroblast
cell_3469630,0.8393722,0.49218786,-0.23066291,S,Fibroblast
cell_3469699,-0.7626463,0.59128815,-0.2621998,G0,Fibroblast
cell_3470840,-0.101865426,-0.8771941,-0.46920574,G1,Fibroblast
cell_3471060,-0.7102031,0.6697663,-0.2168518,G0,Fibroblast
cell_3471124,0.77327424,-0.026127476,-0.63353324,G1,Fibroblast
cell_3472994,0.46266937,0.6366504,-0.61693877,G1-G0 transition,Fibroblast
cell_3473492,-0.10356037,-0.99209994,0.070801295,G1,Fibroblast
cell_3474122,-0.67406225,0.7319549,-0.099409565,G0,Fibroblast
cell_3474274,0.17655188,-0.9842913,7.3416144e-05,G1,Fibroblast
cell_3474849,-0.18209602,-0.9719188,0.14904676,G1,Fibroblast
cell_3475191,0.29027817,-0.60446954,0.7418593,G2M,Fibroblast
cell_3475952,0.4819407,0.32256308,0.8146695,S,Fibroblast
cell_3476461,0.7184315,0.23147811,0.6559529,S,Fibroblast
cell_3479802,0.4664528,-0.47981426,0.74310154,G2M,Fibroblast
cell_3480888,-0.7912581,-0.21880455,-0.57099485,G1-G0 transition,Fibroblast
cell_3481107,-0.49346033,0.7460258,-0.4471492,G0,Fibroblast
cell_3482085,-0.4918005,0.85753936,-0.15085931,G0,Fibroblast
cell_3483168,0.6199072,0.74820364,0.23644513,G1,Fibroblast
cell_3483357,-0.11959783,-0.9860128,0.11608189,G1,Fibroblast
cell_3484285,-0.8983161,0.34909818,0.2667559,G0,Fibroblast
cell_3484990,-0.9087825,0.01305025,-0.41706574,G0,Fibroblast
cell_3486360,0.9475656,0.13962767,0.2874434,S,Fibroblast
cell_3487488,-0.36185914,-0.55928844,-0.74582475,G1-G0 transition,Fibroblast
cell_3488836,-0.27667436,-0.94654834,-0.16582392,G1,Fibroblast
cell_3489037,-0.81212306,0.27733797,0.5133611,G0,Fibroblast
cell_3490578,0.8564821,0.49036747,0.16117702,S,Fibroblast
cell_3491966,0.18393768,0.982804,0.016224606,G0,Fibroblast
cell_3492376,0.5736393,0.39605132,-0.71699464,G0,Fibroblast
cell_3493093,0.8233008,0.1756206,0.5397528,S,Fibroblast
cell_3497261,0.038624723,-0.37042475,0.9280591,G2M,Fibroblast
cell_3497364,-0.9408242,0.2420455,0.23719941,G0,Fibroblast
cell_3499365,-0.6167972,0.727925,0.29947677,G0,Fibroblast
cell_3501288,-0.8561984,0.3169916,-0.40797147,G0,Fibroblast
cell_3504380,-0.07540562,0.49133718,-0.86769915,G0,Fibroblast
cell_3504722,-0.7892694,0.6131574,-0.033045188,G0,Fibroblast
cell_3509779,-0.23837139,-0.61496323,-0.7516644,G1-G0 transition,Fibroblast
cell_3510602,-0.94300014,0.1320126,0.30548897,G0,Fibroblast
cell_3513562,-0.7835966,0.5156805,0.34648255,G0,Fibroblast
cell_3513731,0.7366531,0.6628458,-0.13408026,G1,Fibroblast
cell_3514676,-0.94743145,0.25415587,0.19436647,G1-G0 transition,Fibroblast
cell_3514913,0.8047972,0.5163065,-0.29279506,S,Fibroblast
cell_3519256,-0.6306319,0.76837397,0.10910907,G0,Fibroblast
cell_3519507,-0.842032,0.16662721,-0.51304734,G1-G0 transition,Fibroblast
cell_3519714,0.25281772,-0.5440604,0.800051,G2M,Fibroblast
cell_3523332,0.7015268,-0.08554854,-0.7074897,S,Fibroblast
cell_3531029,-0.7690787,0.27882212,0.5751314,G0,Fibroblast
cell_3538378,-0.8521168,0.43279633,-0.29425186,G0,Fibroblast
cell_3540780,-0.71276695,0.68904656,0.13106556,G0,Fibroblast
cell_3541241,-0.78902483,0.11476814,-0.6035462,G1-G0 transition,Fibroblast
cell_3541247,0.47654468,-0.29167014,-0.8293575,G1,Fibroblast
cell_3541345,-0.7451918,0.444864,-0.4967747,G0,Fibroblast
cell_3543218,0.4258906,0.8407022,-0.33442023,G1-G0 transition,Fibroblast
cell_3544001,0.67895263,-0.06462837,0.731332,S,Fibroblast
cell_3549837,-0.86756694,-0.053738106,0.49440843,G0,Fibroblast
cell_3551426,0.8884331,0.32653478,0.32258597,S,Fibroblast
cell_3553695,0.8169086,0.043627683,0.57511485,S,Fibroblast
cell_3553927,-0.5192799,0.34121597,-0.7835305,G1-G0 transition,Fibroblast
cell_3554671,-0.76683235,0.35869718,0.53226346,G0,Fibroblast
cell_3555288,0.62117606,0.7750484,0.11593168,G1,Fibroblast
cell_3557046,-0.7723462,0.4028249,0.49113488,G0,Fibroblast
cell_3557068,-0.33358276,0.8120355,-0.47887456,G1-G0 transition,Fibroblast
cell_3557408,-0.9688129,0.14111336,0.2036873,G0,Fibroblast
cell_3557817,0.62132895,0.7743769,-0.11954338,G1,Fibroblast
cell_3558440,-0.03244345,-0.9578387,0.28546888,G1,Fibroblast
cell_3558818,-0.9856465,0.16003218,0.053763367,G0,Fibroblast
cell_3562402,0.121845655,0.4047399,-0.9062776,G1-G0 transition,Fibroblast
cell_3565791,0.3544236,-0.88460314,-0.30308598,G1,Fibroblast
cell_3569279,0.013213318,0.3007998,-0.9535957,G1-G0 transition,Fibroblast
cell_3569483,0.25848177,0.9612862,-0.09547765,G1-G0 transition,Fibroblast
cell_3570768,0.7667247,0.623318,-0.1536487,S,Fibroblast
cell_3571380,0.06936849,-0.9935237,-0.089992344,G1,Fibroblast
cell_3572350,0.83242255,-0.17694083,0.52513283,S,Fibroblast
cell_3577289,0.58964777,0.13607772,0.7961145,S,Fibroblast
cell_3578702,0.41093993,-0.88672096,0.21178797,G1,Fibroblast
cell_3578792,0.05322068,-0.9822403,0.17992105,G1,Fibroblast
cell_3579774,-0.8748613,0.43349826,0.21609485,G0,Fibroblast
cell_3579803,-0.85944736,0.29462597,-0.41778678,G0,Fibroblast
cell_3581935,0.14663161,-0.5139362,0.84520334,G2M,Fibroblast
cell_3582351,-0.70629495,0.32572135,0.6285324,G0,Fibroblast
cell_3582810,-0.84315515,0.40116358,0.35799053,G0,Fibroblast
cell_3583014,-0.76841325,-0.0079686325,-0.63990426,G1-G0 transition,Fibroblast
cell_3585540,-0.22030981,-0.8331322,-0.50730085,G1,Fibroblast
cell_3586197,-0.7727245,0.6173477,0.14757583,G0,Fibroblast
cell_3586443,-0.6479596,-0.27187297,-0.7115008,G1-G0 transition,Fibroblast
cell_3587132,-0.26313218,0.12523371,-0.9565971,G1-G0 transition,Fibroblast
cell_3591697,-0.68283284,0.7285407,0.05447786,G0,Fibroblast
cell_3592700,0.48946434,-0.12901296,0.86242694,S,Fibroblast
cell_3597555,-0.1212622,0.34675336,-0.9300847,G1-G0 transition,Fibroblast
cell_3598755,0.9300434,-0.22883567,0.28749517,S,Fibroblast
cell_3599080,-0.457748,0.17924607,-0.87082577,G1-G0 transition,Fibroblast
cell_3599876,0.17532094,-0.41229683,0.8940212,G2M,Fibroblast
cell_3600713,-0.52036357,0.85266215,-0.046785984,G0,Fibroblast
cell_3602570,-0.5483581,0.82416826,0.14159805,G1-G0 transition,Fibroblast
cell_3605904,-0.59003484,-0.07831004,-0.803571,G1-G0 transition,Fibroblast
cell_3608364,0.5294613,-0.47349086,0.7039014,G2M,Fibroblast
cell_3608381,-0.98515695,-0.1593162,-0.0639077,G1-G0 transition,Fibroblast
cell_3608440,-0.9134846,0.3839622,0.13460694,G1-G0 transition,Fibroblast
cell_3608579,0.0016479931,-0.8901333,-0.4556972,G1,Fibroblast
cell_3608887,-0.5333489,0.5503667,0.64236706,G0,Fibroblast
cell_3610725,0.062221814,-0.99783677,-0.02121298,G1,Fibroblast
cell_3611271,-0.9136215,0.3050714,-0.2687512,G0,Fibroblast
cell_3612224,0.8977303,-0.07940151,0.4333309,S,Fibroblast
cell_3612558,0.5672387,0.75330156,-0.33283174,G1,Fibroblast
cell_3612801,-0.34175566,0.62609655,0.70086104,G0,Fibroblast
cell_3613909,0.8907351,0.096956335,0.44406143,S,Fibroblast
cell_3614565,0.4174925,-0.45275578,0.7878529,G2M,Fibroblast
cell_3617116,0.21377027,-0.49823132,0.84027845,G2M,Fibroblast
cell_3621585,-0.19225198,-0.6088432,-0.76964223,G1-G0 transition,Fibroblast
cell_3621752,0.42193758,-0.8981562,-0.123628415,G1,Fibroblast
cell_3622077,0.034923233,-0.45949584,-0.88749295,G1-G0 transition,Fibroblast
cell_3624924,0.8869447,0.2720348,0.3732642,S,Fibroblast
cell_3625303,-0.7819745,0.27436507,0.55967826,G0,Fibroblast
cell_3626497,0.94987136,0.3052728,-0.06747572,S,Fibroblast
cell_3628014,0.5724789,-0.37781784,0.7276823,G2M,Fibroblast
cell_3629813,-0.8296676,0.3355968,0.44612357,G0,Fibroblast
cell_3633410,0.77421886,0.60673857,0.18014848,G1,Fibroblast
cell_3634076,-0.45196387,0.69323355,-0.56138754,G1-G0 transition,Fibroblast
cell_3634381,-0.5541035,0.70382625,0.44451985,G0,Fibroblast
cell_3634691,0.75336504,0.18287009,0.6316641,S,Fibroblast
cell_3635930,0.82964295,-0.059742145,0.5550887,S,Fibroblast
cell_3636560,0.989021,-0.019366153,0.14649995,S,Fibroblast
cell_3637710,-0.5207053,0.73604506,0.4325548,G0,Fibroblast
cell_3637966,0.69491774,-0.047114957,0.71754396,S,Fibroblast
cell_3638304,0.50952274,-0.3457765,-0.78792465,G1,Fibroblast
cell_3639970,0.7905327,-0.36886397,-0.48887372,S,Fibroblast
cell_3641302,-0.67653775,0.72353005,0.13711654,G0,Fibroblast
cell_3641638,0.48852497,0.05848426,-0.87058765,G1,Fibroblast
cell_3643051,0.47870815,-0.6119905,0.62952834,G2M,Fibroblast
cell_3643748,0.60063064,-0.018595682,-0.7993103,S,Fibroblast
cell_3645399,0.96690935,-0.13574642,0.21600714,S,Fibroblast
cell_3645401,0.64744025,-0.05398341,-0.7602019,S,Fibroblast
cell_3646843,-0.9505428,0.30663052,0.04945588,G0,Fibroblast
cell_3650034,0.091285534,-0.8165677,0.5699858,G2M,Fibroblast
cell_3651425,0.89405465,0.18382348,0.40850353,S,Fibroblast
cell_3654165,-0.45352578,0.5442527,-0.7057644,G1-G0 transition,Fibroblast
cell_3656588,0.45377687,0.8900437,0.043688405,G1,Fibroblast
cell_3656806,-0.86014515,0.49203506,-0.13435666,G0,Fibroblast
cell_3657931,0.517266,-0.41377467,-0.7491504,G1,Fibroblast
cell_3659491,-0.9936962,0.042519107,0.10373007,G0,Fibroblast
cell_3663469,0.90866834,0.039529912,-0.41564298,S,Fibroblast
cell_3664646,0.81082124,0.58473366,0.025601346,G1,Fibroblast
cell_3664785,0.16156135,-0.68032867,0.71487826,G2M,Fibroblast
cell_3666167,-0.574558,-0.008792375,-0.8184166,G1-G0 transition,Fibroblast
cell_3667761,-0.87195456,-0.13493639,-0.4706244,G1-G0 transition,Fibroblast
cell_3671253,0.45503786,0.64635277,-0.61250997,G1,Fibroblast
cell_3672124,-0.9475021,0.22078967,-0.23128247,G0,Fibroblast
cell_3672881,0.6936055,-0.3321998,-0.639183,G1,Fibroblast
cell_3674545,-0.8347065,0.16030481,0.5268468,G0,Fibroblast
cell_3674645,-0.72020364,0.17122194,-0.6723017,G1-G0 transition,Fibroblast
cell_3675188,-0.61635345,0.60871446,-0.49957493,G1-G0 transition,Fibroblast
cell_3675664,0.5979298,0.5180855,-0.6116105,S,Fibroblast
cell_3676061,-0.8812679,0.19664967,-0.42976245,G0,Fibroblast
cell_3677435,0.1531225,-0.9499279,-0.2723793,G1,Fibroblast
cell_3679380,0.04484855,-0.5951078,0.8023934,G2M,Fibroblast
cell_3683042,-0.4252458,0.14012662,-0.8941646,G1-G0 transition,Fibroblast
cell_3683347,0.521334,-0.816663,-0.24753265,G1,Fibroblast
cell_3686590,0.4137373,-0.5126398,-0.7523443,G1,Fibroblast
cell_3690517,-0.88366365,0.1438598,0.4454694,G0,Fibroblast
cell_3691367,0.36718047,0.9219183,-0.12347153,G1,Fibroblast
cell_3692836,0.38965353,-0.75548726,-0.5266965,G1,Fibroblast
cell_3694320,0.57711315,-0.6619996,-0.47822288,S,Fibroblast
cell_3695828,-0.43540525,0.7398653,0.5128562,G0,Fibroblast
cell_3702769,0.15928404,-0.63224137,0.75822115,G2M,Fibroblast
cell_3703805,0.16327867,-0.70231575,0.6928872,G2M,Fibroblast
cell_3703951,-0.6151999,-0.38461658,-0.6881854,G1-G0 transition,Fibroblast
cell_3707585,0.89641774,0.12095842,0.42638466,S,Fibroblast
cell_3709355,0.7958054,-0.017322073,-0.6053046,S,Fibroblast
cell_3709725,0.58238995,-0.38278663,0.71714455,G2M,Fibroblast
cell_3710111,0.69847876,0.3463696,-0.6262231,G1,Fibroblast
cell_3710834,-0.17065771,-0.77963257,-0.6025356,G1-G0 transition,Fibroblast
cell_3713812,0.83290607,0.5266176,-0.17012137,S,Fibroblast
cell_3717058,0.77874607,0.5555008,0.29150188,G1,Fibroblast
cell_3717295,0.20479117,0.38244703,-0.90099657,G1-G0 transition,Fibroblast
cell_3718727,0.6342512,0.66275966,-0.3980893,G1,Fibroblast
cell_3719607,0.3456853,-0.58312124,0.7351675,G2M,Fibroblast
cell_3719676,-0.8246352,0.55535734,-0.10749346,G0,Fibroblast
cell_3720222,-0.750966,0.613925,0.24319988,G0,Fibroblast
cell_3722054,-0.0704416,-0.9635831,-0.2579644,G1,Fibroblast
cell_3722667,-0.15147366,-0.73721874,0.658456,G2M,Fibroblast
cell_3725079,-0.85004693,0.2375338,0.4701041,G0,Fibroblast
cell_3725758,0.7044833,0.15373889,0.69286925,S,Fibroblast
cell_3726393,-0.1501173,0.47475946,-0.86721873,G1-G0 transition,Fibroblast
cell_3728573,-0.04114231,-0.9585998,0.2817689,G1,Fibroblast
cell_3728857,-0.41980693,0.89394504,0.15692185,G0,Fibroblast
cell_3731944,-0.9036405,0.3695747,0.21644507,G0,Fibroblast
cell_3732137,0.5811083,0.60858023,-0.5403176,G1,Fibroblast
cell_3738379,0.53736454,-0.20746596,0.8174333,S,Fibroblast
cell_3740466,0.38987333,0.31142676,-0.86660963,G1,Fibroblast
cell_3741434,-0.9496209,0.18151583,-0.25548413,G0,Fibroblast
cell_3741722,0.3661052,0.52570724,-0.7678534,G1-G0 transition,Fibroblast
cell_3741780,-0.13892081,-0.9494857,0.28138545,G1,Fibroblast
cell_3741783,0.94623065,-0.02639075,-0.32241455,S,Fibroblast
cell_3742370,0.50646114,-0.382997,0.772535,G2M,Fibroblast
cell_3744112,-0.9233934,0.3064683,-0.23113152,G0,Fibroblast
cell_3747933,0.6815166,0.65002203,-0.33616433,S,Fibroblast
cell_3749637,-0.8923128,0.18271464,0.41278714,G0,Fibroblast
cell_3752274,0.48787266,0.8343493,-0.25659597,G1,Fibroblast
cell_3752782,-0.94813377,0.06299996,-0.31156614,G1-G0 transition,Fibroblast
cell_3753300,-0.42521256,-0.19366433,-0.8841314,G1-G0 transition,Fibroblast
cell_3758134,-0.096305944,-0.6427005,-0.7600402,G1-G0 transition,Fibroblast
cell_3761963,0.0032397436,0.9992689,-0.038093727,G0,Fibroblast
cell_3762583,-0.9856727,0.13828163,0.09657935,G0,Fibroblast
cell_3763149,0.82435983,0.0057749925,0.5660364,S,Fibroblast
cell_3766287,0.91375256,-0.025301179,0.4054825,S,Fibroblast
cell_3768606,-0.5185053,-0.3676042,-0.772023,G1-G0 transition,Fibroblast
cell_3769524,0.11581741,-0.95655906,0.26754674,G1,Fibroblast
cell_3769566,-0.4438049,0.7570203,0.479539,G0,Fibroblast
cell_3775408,-0.41263726,0.43572286,-0.7999225,G1-G0 transition,Fibroblast
cell_3776075,0.01392765,-0.07139269,-0.99735105,G1-G0 transition,Fibroblast
cell_3778417,-0.4504497,0.84940386,0.2749693,G0,Fibroblast
cell_3778733,0.59381473,-0.54185724,0.5947895,G2M,Fibroblast
cell_3779162,0.5510462,-0.30392933,-0.7771584,G1,Fibroblast
cell_3784038,0.9542946,0.06297555,-0.2921572,S,Fibroblast
cell_3784774,0.019941157,0.6196925,-0.7845914,G1-G0 transition,Fibroblast
cell_3785470,0.4617968,0.7002157,-0.5444646,G1,Fibroblast
cell_3786291,-0.17795521,-0.8272786,-0.53286207,G1-G0 transition,Fibroblast
cell_3786701,-0.8897012,0.09422406,0.4467141,G0,Fibroblast
cell_3788713,-0.72348636,0.050359398,-0.6884994,G1-G0 transition,Fibroblast
cell_3791050,-0.72523415,0.1786593,-0.6649183,G1-G0 transition,Fibroblast
cell_3791297,-0.737535,0.5977988,0.31413162,G0,Fibroblast
cell_3797131,0.08780373,-0.24214219,-0.9662596,G1-G0 transition,Fibroblast
cell_3799319,0.8683099,0.08593898,-0.4885207,S,Fibroblast
cell_3802192,-0.98957527,-0.12729137,0.06736244,G0,Fibroblast
cell_3803355,-0.07129326,-0.9870763,-0.14351918,G1,Fibroblast
cell_3804062,0.34187573,-0.8558015,-0.3882328,G1,Fibroblast
cell_3805309,0.759033,0.6510041,-0.007902309,S,Fibroblast
cell_3807602,0.3531727,-0.6070148,0.71190035,G2M,Fibroblast
cell_3809021,0.2821633,-0.5854888,0.75999135,G2M,Fibroblast
cell_3809092,-0.86256737,0.4903423,-0.12466796,G0,Fibroblast
cell_3812706,-0.49723744,-0.5711075,-0.65313953,G1-G0 transition,Fibroblast
cell_3813637,-0.51009774,-0.25767982,-0.8206104,G1-G0 transition,Fibroblast
cell_3815027,0.68552107,0.4363036,-0.5828379,S,Fibroblast
cell_3815943,0.9532507,-0.03287603,0.30038694,S,Fibroblast
cell_3816278,-0.10209589,-0.8291103,-0.54968387,G1,Fibroblast
cell_3816741,0.22487092,-0.6283107,0.7447542,G2M,Fibroblast
cell_3816919,-0.19853391,-0.17601086,-0.96415997,G1-G0 transition,Fibroblast
cell_3818725,0.7352777,0.67407876,-0.070600644,S,Fibroblast
cell_3819442,-0.60523295,0.36375055,0.7080809,G0,Fibroblast
cell_3819641,0.71904665,0.053032868,-0.69293535,S,Fibroblast
cell_3820744,-0.801831,0.4891197,-0.34326223,G0,Fibroblast
cell_3822458,0.3792032,-0.17290863,-0.9090146,G1,Fibroblast
cell_3822886,-0.62883914,0.51591885,0.5817122,G0,Fibroblast
cell_3825555,-0.41977617,0.71175826,0.56319463,G0,Fibroblast
cell_3826789,0.8774933,0.4486571,-0.16944678,S,Fibroblast
cell_3830948,-0.31433743,-0.5898864,-0.74379146,G1-G0 transition,Fibroblast
cell_3834776,0.4625618,-0.3735379,-0.80405605,G1,Fibroblast
cell_3836096,0.40903866,-0.22004007,-0.88559,G1,Fibroblast
cell_3836878,0.983324,0.074570484,-0.16587079,S,Fibroblast
cell_3836884,0.61648756,0.14870825,0.77319396,S,Fibroblast
cell_3837863,0.14574872,-0.6860065,-0.712848,G1,Fibroblast
cell_3841783,0.7308489,0.68089926,0.047288217,G1,Fibroblast
cell_3842047,0.80924773,-0.24085227,0.535825,S,Fibroblast
cell_3844824,0.65034777,0.1218085,0.74980694,S,Fibroblast
cell_3847494,0.5211812,-0.0642461,-0.8510243,G1,Fibroblast
cell_3848113,0.31988794,0.9315666,0.17278726,G1-G0 transition,Fibroblast
cell_3852140,-0.78736293,-0.11231028,-0.6061732,G1-G0 transition,Fibroblast
cell_3853634,-0.12633753,-0.97790074,0.16657989,G1,Fibroblast
cell_3855645,-0.99767596,-0.0027446547,-0.06808174,G0,Fibroblast
cell_3856726,-0.9937941,-0.046023086,0.10126798,G0,Fibroblast
cell_3860249,-0.9201721,0.32055315,-0.22478645,G0,Fibroblast
cell_3860440,-0.9378242,0.3020349,0.17105724,G0,Fibroblast
cell_3860726,0.66414404,0.20477758,0.7190123,S,Fibroblast
cell_3861268,0.30999658,-0.7042482,0.63869905,G2M,Fibroblast
cell_3862263,-0.9397671,-0.16789034,-0.2977421,G0,Fibroblast
cell_3863542,-0.8589563,-0.123206444,-0.49700525,G1-G0 transition,Fibroblast
cell_3864847,0.839628,0.5431404,-0.004823735,S,Fibroblast
cell_3866991,0.6019938,-0.106363945,-0.79138494,G1,Fibroblast
cell_3869543,-0.5065964,0.52552164,0.68351096,G0,Fibroblast
cell_3871995,-0.149996,0.95100445,-0.27035493,G1-G0 transition,Fibroblast
cell_3872184,-0.43430215,0.5280074,-0.7297876,G1-G0 transition,Fibroblast
cell_3873821,0.40383905,-0.44447377,0.799598,G2M,Fibroblast
cell_3876691,-0.95297146,0.24702397,-0.17556888,G0,Fibroblast
cell_3878073,0.9910366,0.10943617,-0.07661694,S,Fibroblast
cell_3880266,0.06580754,-0.5601449,0.8257767,G2M,Fibroblast
cell_3882978,0.7189273,0.10145831,-0.68764067,G1,Fibroblast
cell_3883132,0.17968622,0.9511031,-0.25122833,G1,Fibroblast
cell_3883633,-0.06285252,-0.68235135,0.7283173,G2M,Fibroblast
cell_3885499,0.02230188,0.4745393,-0.8799518,G1-G0 transition,Fibroblast
cell_3885902,0.2516443,-0.96015835,0.12153612,G1,Fibroblast
cell_3885990,0.36169955,-0.8836978,-0.297072,G1,Fibroblast
cell_3887160,0.4845215,-0.4207093,-0.7669697,G1,Fibroblast
cell_3891266,0.51553935,-0.36419448,-0.77561694,S,Fibroblast
cell_3891575,0.26804978,-0.75459707,0.5989427,G2M,Fibroblast
cell_3891852,0.35429335,-0.6332428,0.68809855,G2M,Fibroblast
cell_3895236,0.8186552,0.49690753,0.28790033,S,Fibroblast
cell_3895582,-0.9162288,0.33699998,0.21669264,G0,Fibroblast
cell_3896157,-0.580667,0.43182474,-0.6901834,G1-G0 transition,Fibroblast
cell_3896389,0.42768764,-0.3220448,0.8446126,G2M,Fibroblast
cell_3899051,0.15394156,-0.6683726,0.7277226,G2M,Fibroblast
cell_3901132,-0.6046881,0.64044034,0.47348535,G0,Fibroblast
cell_3903426,0.18714303,0.5787693,-0.79372764,G1-G0 transition,Fibroblast
cell_3904442,-0.40379506,0.7729463,-0.489391,G1-G0 transition,Fibroblast
cell_3904582,-0.8819786,0.47118387,-0.009984831,G0,Fibroblast
cell_3905139,-0.8966355,0.4085517,-0.17067611,G0,Fibroblast
cell_3906163,-0.05443553,-0.9096727,0.41174304,G2M,Fibroblast
cell_3906196,-0.9887306,-0.13750437,0.05919726,G0,Fibroblast
cell_3906938,0.14986253,-0.47471413,0.8672875,G2M,Fibroblast
cell_3908581,0.23396707,-0.60630846,0.7600325,G2M,Fibroblast
cell_3909153,-0.8760835,0.10419279,0.47076708,G0,Fibroblast
cell_3909761,-0.77446383,0.19393885,0.60215724,G0,Fibroblast
cell_3911474,-0.98695457,0.14419019,-0.071623616,G0,Fibroblast
cell_3911802,0.7909761,0.58793044,0.16939555,S,Fibroblast
cell_3914532,0.04509032,0.45383397,-0.88994473,G1-G0 transition,Fibroblast
cell_3922211,-0.92233217,0.20045738,-0.33033323,G1-G0 transition,Fibroblast
cell_3923653,-0.5555426,0.75601965,0.34613112,G0,Fibroblast
cell_3924524,-0.7311185,0.67585677,-0.09318527,G0,Fibroblast
cell_3927770,0.6486378,0.06509676,0.7583084,S,Fibroblast
cell_3928329,0.98592716,0.16002774,-0.04836069,S,Fibroblast
cell_3931038,0.6731435,-0.15663987,-0.7227322,G1,Fibroblast
cell_3931629,-0.50214475,0.8223973,-0.26741973,G0,Fibroblast
cell_3932990,0.63021916,-0.11435774,0.76794934,S,Fibroblast
cell_3934268,-0.89348155,0.19684891,0.4036598,G0,Fibroblast
cell_3936320,0.4794598,-0.58511275,0.6540348,G2M,Fibroblast
cell_3940105,-0.8280223,0.5517461,-0.09977612,G0,Fibroblast
cell_3940773,0.7996794,0.5664346,-0.19915986,S,Fibroblast
cell_3945035,-0.9856988,-0.0011419583,0.1685123,G0,Fibroblast
cell_3945193,-0.0333409,-0.9790772,-0.20073898,G1,Fibroblast
cell_3945646,-0.6311923,-0.0940503,-0.76990306,G1-G0 transition,Fibroblast
cell_3946797,0.4926585,-0.30880934,0.8135874,S,Fibroblast
cell_3947401,-0.99370766,0.10725501,0.03226958,G0,Fibroblast
cell_3947495,-0.8114664,-0.20936368,-0.545609,G0,Fibroblast
cell_3950652,0.6303125,-0.4113563,-0.6584013,G1,Fibroblast
cell_3955966,-0.109542266,-0.8322395,-0.54348683,G1,Fibroblast
cell_3956013,0.8573011,-0.114236236,0.5019809,S,Fibroblast
cell_3956299,0.8465206,-0.09155312,0.5244243,S,Fibroblast
cell_3956438,-0.75666064,-0.59140205,-0.27876174,G0,Fibroblast
cell_3959546,0.8171836,0.021235526,0.57598597,S,Fibroblast
cell_3962881,0.5634333,-0.6871469,-0.45866343,G1,Fibroblast
cell_3963201,-0.494266,-0.4315765,-0.7546144,G1-G0 transition,Fibroblast
cell_3966391,0.92042565,0.38512415,0.067052744,S,Fibroblast
cell_3968516,0.23646721,-0.871988,-0.42862603,G1,Fibroblast
cell_3968777,0.44713724,-0.88598186,0.12289948,G1,Fibroblast
cell_3969610,-0.9897725,0.018713325,0.14142191,G0,Fibroblast
cell_3970323,-0.40224135,0.7404885,0.5384038,G0,Fibroblast
cell_3970333,-0.032342892,-0.9982151,-0.050205126,G1,Fibroblast
cell_3971175,-0.38549885,-0.68787885,-0.61499053,G1-G0 transition,Fibroblast
cell_3973776,0.8166884,-0.28004375,-0.50457466,S,Fibroblast
cell_3978381,-0.33926594,-0.23907158,-0.9098041,G1-G0 transition,Fibroblast
cell_3978702,0.6536364,0.28636017,-0.70054066,S,Fibroblast
cell_3979719,-0.46602133,-0.65885335,-0.590539,G1-G0 transition,Fibroblast
cell_3980349,0.6260768,-0.3531368,-0.6952138,G1,Fibroblast
cell_3980541,0.172325,-0.57733375,0.7981164,G2M,Fibroblast
cell_3981685,-0.72984725,0.60659546,0.3152222,G0,Fibroblast
cell_3981916,0.8383418,0.2721539,-0.47235063,G1,Fibroblast
cell_3982480,0.49807325,0.32326847,-0.8046244,G1,Fibroblast
cell_3984929,0.93568873,-0.0077398685,0.35274154,S,Fibroblast
cell_3990381,-0.82815075,0.46833262,0.30794615,G0,Fibroblast
cell_3991605,0.6720667,0.123792745,0.7300697,S,Fibroblast
cell_3993268,0.8705746,0.45405263,0.18956825,S,Fibroblast
cell_3993981,-0.8843065,0.46170846,-0.06947957,G0,Fibroblast
cell_3994440,-0.35732558,0.3671784,-0.85877734,G1-G0 transition,Fibroblast
cell_3995301,0.17278434,-0.9311289,-0.32116094,G1,Fibroblast
cell_3996559,0.5537253,-0.015279211,0.8325591,S,Fibroblast
cell_3997542,-0.5095701,0.40369093,-0.7598499,G1-G0 transition,Fibroblast
cell_4001293,0.19752888,0.78219783,-0.590888,G1-G0 transition,Fibroblast
cell_4004021,-0.7282712,0.6551068,-0.20113713,G0,Fibroblast
cell_4007221,-0.9139084,0.2815664,0.29238963,G0,Fibroblast
cell_4007821,-0.52793914,0.84642124,0.06965164,G0,Fibroblast
cell_4009677,0.9179422,-0.035070065,0.39516097,S,Fibroblast
cell_4009934,-0.1371481,0.6669719,-0.7323516,G1-G0 transition,Fibroblast
cell_4010109,-0.7812434,0.046449702,0.6224959,G0,Fibroblast
cell_4010155,0.9889415,0.09851267,-0.11086012,S,Fibroblast
cell_4015149,0.34845048,-0.2760601,0.8957528,G2M,Fibroblast
cell_4017365,0.8605632,0.36377516,-0.35650882,G1,Fibroblast
cell_4018963,-0.805976,0.47006845,0.35977522,G0,Fibroblast
cell_4018984,-0.59028447,0.715919,0.37285942,G0,Fibroblast
cell_4021180,0.03613695,0.76540226,-0.64253676,G1-G0 transition,Fibroblast
cell_4024701,-0.96463907,-0.113583624,0.2378451,G0,Fibroblast
cell_4024903,-0.076512285,-0.6985965,0.7114131,G2M,Fibroblast
cell_4025247,0.74011326,0.66249335,-0.11547685,G1,Fibroblast
cell_4025868,-0.7648958,0.6074021,-0.21446964,G0,Fibroblast
cell_4026113,-0.9637979,0.16981858,0.2055602,G0,Fibroblast
cell_4027195,0.64770335,-0.23729311,-0.7239974,G1,Fibroblast
cell_4028456,0.56561625,0.4493195,0.691513,S,Fibroblast
cell_4031670,0.81303954,0.53136206,0.23795211,S,Fibroblast
cell_4032249,0.6867076,-0.20598625,-0.6971387,G1,Fibroblast
cell_4032673,0.5871236,0.62062544,0.5197209,S,Fibroblast
cell_4032820,0.27275622,-0.91517735,-0.29674003,G1,Fibroblast
cell_4033482,0.528557,0.44138166,0.72512734,S,Fibroblast
cell_4035009,-0.59542894,0.118418075,-0.7946329,G1-G0 transition,Fibroblast
cell_4035492,0.23583253,-0.95229864,-0.1936761,G1,Fibroblast
cell_4036004,0.60008806,0.32721573,-0.72994787,G1,Fibroblast
cell_4037603,0.46396858,-0.25229964,0.8491632,G2M,Fibroblast
cell_4038384,0.2519346,0.85315806,-0.4567824,G1-G0 transition,Fibroblast
cell_4038710,0.9053072,0.35686043,-0.23036839,S,Fibroblast
cell_4042229,0.76045597,0.57804364,-0.29592615,G1,Fibroblast
cell_4044861,-0.9239248,0.3179644,-0.2127476,G0,Fibroblast
cell_4045966,-0.99216247,0.0400317,-0.11836926,G0,Fibroblast
cell_4050303,0.53076965,-0.5259922,-0.66454184,G1,Fibroblast
cell_4051596,-0.61877507,0.76215124,-0.19037591,G0,Fibroblast
cell_4051971,-0.41156974,0.9109819,0.02687577,G1-G0 transition,Fibroblast
cell_4053078,0.7721733,0.37670124,0.5117074,S,Fibroblast
cell_4053891,0.33055276,0.759668,-0.56003535,G1-G0 transition,Fibroblast
cell_4054080,0.6574292,-0.60838985,-0.4445766,S,Fibroblast
cell_4056002,-0.816071,0.0032055904,-0.57794267,G0,Fibroblast
cell_4056752,0.051474947,-0.6665156,0.7437118,G2M,Fibroblast
cell_4065535,-0.5235599,0.18718925,0.8311709,G0,Fibroblast
cell_4065579,0.36760974,-0.86541027,-0.34048203,G1,Fibroblast
cell_4067394,-0.7611414,-0.34945118,-0.54639494,G1-G0 transition,Fibroblast
cell_4069337,0.40638167,-0.445516,-0.79772764,G1,Fibroblast
cell_4070917,0.7160044,0.68195635,-0.14924228,G1,Fibroblast
cell_4072345,-0.7533136,0.5794606,0.31103718,G0,Fibroblast
cell_4074756,-0.4675712,0.88379776,0.01669006,G0,Fibroblast
cell_4075158,0.60759956,0.12877764,0.783734,S,Fibroblast
cell_4075552,0.8426427,0.27871707,-0.4607277,S,Fibroblast
cell_4075641,-0.9640761,0.24891241,-0.09273573,G0,Fibroblast
cell_4079125,-0.6923289,0.7214705,-0.012690629,G1-G0 transition,Fibroblast
cell_4083762,-0.34089476,0.8595404,0.38076386,G0,Fibroblast
cell_4084669,-0.9999012,0.0024855174,-0.013838205,G0,Fibroblast
cell_4084765,0.27188864,-0.23552616,-0.9330616,G1,Fibroblast
cell_4085201,-0.6014496,0.369428,-0.70836526,G1-G0 transition,Fibroblast
cell_4087467,-0.81245625,0.55596036,-0.17556453,G0,Fibroblast
cell_4087720,0.45722947,0.38893256,-0.79979545,G1,Fibroblast
cell_4094386,0.5662189,0.17769414,0.8048732,S,Fibroblast
cell_4095122,-0.94122386,0.105129816,-0.32100675,G0,Fibroblast
cell_4095324,0.31891128,-0.35288927,0.8796388,G2M,Fibroblast
cell_4095843,0.8487223,-0.27927718,0.4490821,G2M,Fibroblast
cell_4099919,0.2789618,0.8762591,-0.39287454,G1,Fibroblast
cell_4100155,-0.996606,0.06321394,0.05273133,G0,Fibroblast
cell_4100265,-0.57225454,0.8182674,0.05443401,G0,Fibroblast
cell_4100949,-0.6380156,0.36275268,-0.67922485,G1-G0 transition,Fibroblast
cell_4105332,-0.93208206,0.31196457,-0.18412228,G0,Fibroblast
cell_4105504,-0.021016756,-0.54170066,0.8403087,G2M,Fibroblast
cell_4106548,-0.58419436,0.53954095,0.6063106,G0,Fibroblast
cell_4109880,-0.7518761,0.647753,-0.122875385,G0,Fibroblast
cell_4113036,-0.72380805,0.24391823,-0.64545,G1-G0 transition,Fibroblast
cell_4115503,0.4648446,0.78236175,0.41452342,S,Fibroblast
cell_4119343,0.45931634,0.60205066,-0.6531182,G1,Fibroblast
cell_4122578,-0.6136447,0.76470995,0.1966183,G0,Fibroblast
cell_4122621,-0.63050896,0.7606847,0.15432842,G0,Fibroblast
cell_4125173,-0.8115815,0.51189405,0.2816028,G0,Fibroblast
cell_4129483,-0.12284128,-0.99175835,0.036404375,G1,Fibroblast
cell_4130434,-0.6902239,0.2577867,-0.676119,G0,Fibroblast
cell_4131897,-0.2585911,0.6172568,-0.7430508,G1-G0 transition,Fibroblast
cell_4132611,0.7674086,0.2790714,0.57723755,S,Fibroblast
cell_4133633,-0.9540302,0.29504815,0.052656572,G0,Fibroblast
cell_4134779,-0.8010888,0.47707865,-0.36145887,G0,Fibroblast
cell_4135042,-0.9992839,-0.0071353344,-0.037155487,G0,Fibroblast
cell_4135580,-0.079293646,-0.963337,-0.256309,G1,Fibroblast
cell_4137348,0.77955645,0.23224936,0.58168024,G2M,Fibroblast
cell_4137449,0.64883393,0.21914937,0.7286892,S,Fibroblast
cell_4138701,-0.99272203,-0.028595226,0.11698427,G0,Fibroblast
cell_4140767,-0.95234674,0.29961914,0.057132687,G0,Fibroblast
cell_4141537,-0.982512,-0.050960954,0.17909004,G0,Fibroblast
cell_4142350,0.5453541,-0.51597613,0.6605736,S,Fibroblast
cell_4142886,0.034876507,-0.9599651,0.27793986,G2M,Fibroblast
cell_4146587,0.73426545,-0.4546596,-0.50412184,S,Fibroblast
cell_4151288,0.17535402,-0.34793282,0.92097425,G2M,Fibroblast
cell_4151648,0.4922712,0.83247083,-0.25428587,S,Fibroblast
cell_4153319,-0.9496629,-0.25825328,0.17732887,G0,Fibroblast
cell_4153610,0.14492442,0.0034482854,-0.9894367,G1,Fibroblast
cell_4155336,0.057749607,-0.70677465,0.7050777,G2M,Fibroblast
cell_4155619,-0.8455325,0.51371706,0.14549778,G0,Fibroblast
cell_4155687,0.13989557,-0.0566381,0.9885451,S,Fibroblast
cell_4155948,0.24331804,-0.29945523,0.92256325,S,Fibroblast
cell_4157374,0.494452,0.23138113,0.83784246,S,Fibroblast
cell_4157673,-0.90605885,-0.082099184,0.41511112,G0,Fibroblast
cell_4159794,0.54182243,-0.23184069,0.80788517,G2M,Fibroblast
cell_4161463,0.23058078,-0.20044473,0.952184,G2M,Fibroblast
cell_4163594,0.9121712,0.3726054,-0.17061296,S,Fibroblast
cell_4163716,0.65408003,0.73639554,-0.17291865,G1,Fibroblast
cell_4164372,0.23142159,-0.2641036,-0.93631905,G1-G0 transition,Fibroblast
cell_4166440,0.07752227,-0.96259326,-0.25962412,G1,Fibroblast
cell_4166970,-0.93486536,0.21805646,-0.28013933,G0,Fibroblast
cell_4166987,0.6893856,-0.7072952,-0.15646443,S,Fibroblast
cell_4167287,-0.826939,0.54170614,0.15075284,G0,Fibroblast
cell_4170319,0.34132978,-0.78196746,0.5215562,G2M,Fibroblast
cell_4171190,0.093213394,0.8622076,0.4979048,G0,Fibroblast
cell_4174524,0.55558944,-0.518307,-0.6501371,G1,Fibroblast
cell_4175179,-0.7921178,0.6058332,0.07426673,G0,Fibroblast
cell_4175707,-0.10010557,0.6641876,0.74083304,G0,Fibroblast
cell_4177034,-0.57651514,-0.13838692,-0.80528224,G1-G0 transition,Fibroblast
cell_4177103,0.26197514,-0.9646671,-0.02804343,G1,Fibroblast
cell_4179486,0.9559646,0.28754863,0.058714803,S,Fibroblast
cell_4179609,-0.962684,0.2392807,0.1264286,G0,Fibroblast
cell_4180329,0.3963334,-0.59421825,0.69987464,G2M,Fibroblast
cell_4180829,-0.9412959,0.003837301,-0.3375607,G1-G0 transition,Fibroblast
cell_4181954,-0.67974854,0.62249416,0.38786963,G0,Fibroblast
cell_4182201,-0.6470999,0.3280773,-0.68820554,G1-G0 transition,Fibroblast
cell_4182381,-0.85398495,0.4678392,0.22767535,G0,Fibroblast
cell_4184012,0.063815854,-0.59827834,0.7987432,G2M,Fibroblast
cell_4184436,0.46595913,-0.51818883,0.71719056,G2M,Fibroblast
cell_4186133,0.38748068,-0.88825357,-0.24670653,G1,Fibroblast
cell_4186377,0.024912812,0.45336723,-0.89097553,G1-G0 transition,Fibroblast
cell_4186670,-0.92231876,0.38069206,0.066344425,G0,Fibroblast
cell_4189475,0.98545146,0.13407074,0.104453005,S,Fibroblast
cell_4189749,0.031273954,-0.8104913,0.5849153,G2M,Fibroblast
cell_4190708,-0.38733923,0.17524639,-0.9051281,G1-G0 transition,Fibroblast
cell_4191927,-0.2743133,-0.85897666,-0.4323324,G1,Fibroblast
cell_4192851,0.63586694,-0.49941763,0.5884345,S,Fibroblast
cell_4194359,-0.6624276,0.65124655,0.37022635,G0,Fibroblast
cell_4194870,-0.0032113688,-0.9892248,-0.14636932,G1,Fibroblast
cell_4195179,-0.5764847,0.4543389,-0.67914766,G1-G0 transition,Fibroblast
cell_4196184,-0.9547191,0.07069488,0.28898725,G0,Fibroblast
cell_4196278,-0.71590716,0.5189551,0.4670788,G0,Fibroblast
cell_4198343,0.74194294,-0.27836213,0.60994697,S,Fibroblast
cell_4198555,-0.53376776,0.24343567,-0.809834,G1-G0 transition,Fibroblast
cell_4199122,-0.5375525,0.8426503,-0.03126879,G0,Fibroblast
cell_4201204,0.3092423,-0.29996157,-0.9024368,G1,Fibroblast
cell_4202399,-0.65617925,0.7545781,0.0063759903,G0,Fibroblast
cell_4202450,-0.8705483,0.38271704,0.3093109,G0,Fibroblast
cell_4202559,-0.21785356,0.3389265,-0.9152424,G1-G0 transition,Fibroblast
cell_4202872,0.1624749,-0.4616112,0.8720762,G2M,Fibroblast
cell_4203138,-0.76625496,-0.10273036,-0.634271,G1-G0 transition,Fibroblast
cell_4206712,-0.6068525,0.4125673,0.6793513,G0,Fibroblast
cell_4207055,0.38951194,0.37807024,-0.8398472,G1,Fibroblast
cell_4207311,0.44153106,0.8809348,0.17030631,G1,Fibroblast
cell_4208132,-0.9993151,-0.0069638914,-0.03634251,G0,Fibroblast
cell_4218380,0.19023797,0.7255532,-0.6613487,G1-G0 transition,Fibroblast
cell_4220659,0.6480815,0.6380765,0.41575092,S,Fibroblast
cell_4220711,0.5914034,-0.50189084,-0.6311478,G1,Fibroblast
cell_4221067,-0.027792552,-0.7380621,-0.6741601,G1,Fibroblast
cell_4221185,-0.9978074,-0.03922633,-0.05330912,G0,Fibroblast
cell_4221512,-0.13454187,0.5081238,-0.85071075,G1-G0 transition,Fibroblast
cell_4221913,0.6001513,0.44127327,-0.6671553,G1,Fibroblast
cell_4222459,0.9949617,0.042236026,-0.09092512,S,Fibroblast
cell_4224084,0.97579706,-0.18496966,0.116645515,S,Fibroblast
cell_4225848,-0.6396495,0.12726778,-0.7580577,G0,Fibroblast
cell_4231303,0.7729851,0.17757036,-0.60906726,G1,Fibroblast
cell_4235529,0.51249367,-0.28272435,0.8108127,G2M,Fibroblast
cell_4236396,-0.8128418,0.36357754,0.455082,G0,Fibroblast
cell_4237715,-0.027910085,-0.70185983,0.7117681,G2M,Fibroblast
cell_4238238,0.6240526,-0.31286255,0.7160135,G2M,Fibroblast
cell_4238581,-0.54214543,0.50971586,-0.66803306,G1-G0 transition,Fibroblast
cell_4239498,0.29767978,-0.88542897,-0.35693473,G1,Fibroblast
cell_4242467,0.53422004,0.0653508,-0.84281564,G1,Fibroblast
cell_4242836,0.7253326,0.119485915,-0.67794967,S,Fibroblast
cell_4243405,0.048005324,-0.97922313,-0.19702125,G1,Fibroblast
cell_4250589,0.67376363,-0.20101511,-0.7110805,S,Fibroblast
cell_4250944,-0.49326727,0.57667345,0.6512566,G0,Fibroblast
cell_4258618,-0.7677987,0.5427903,0.34038773,G0,Fibroblast
cell_4259283,0.5972308,-0.37469193,0.7091695,G2M,Fibroblast
cell_4260482,-0.2399454,0.9098526,-0.33851755,G1-G0 transition,Fibroblast
cell_4261373,0.5259426,0.42045698,-0.73932415,G1,Fibroblast
cell_4262050,-0.4885603,0.75673777,-0.43434632,G0,Fibroblast
cell_4262661,-0.9350094,-0.005155949,0.35458538,G0,Fibroblast
cell_4263426,0.43886954,-0.8571427,-0.2696291,G1,Fibroblast
cell_4264042,0.24516413,-0.5046028,0.82781065,G2M,Fibroblast
cell_4264840,0.17583166,-0.92563456,-0.33508804,G1,Fibroblast
cell_4268935,0.3921364,0.91967094,-0.020841703,G1,Fibroblast
cell_4269101,0.9607965,0.18141833,0.2096606,S,Fibroblast
cell_4269226,-0.7690603,0.28839472,0.57041615,G0,Fibroblast
cell_4270387,-0.50300646,0.7646848,-0.4027924,G0,Fibroblast
cell_4270871,-0.5735558,0.7340816,0.36353514,G0,Fibroblast
cell_4271524,0.93777096,0.32567275,-0.12051094,S,Fibroblast
cell_4272950,-0.84280133,0.4924385,0.21723297,G0,Fibroblast
cell_4273092,0.87227803,-0.13640183,0.46960136,S,Fibroblast
cell_4274112,0.45106405,-0.80720544,-0.38073695,G1,Fibroblast
cell_4275880,-0.89640313,0.22177504,0.3837669,G0,Fibroblast
cell_4278081,-0.6578671,0.7148498,0.23706643,G0,Fibroblast
cell_4279058,0.34373155,0.2857482,-0.89453703,G1,Fibroblast
cell_4279702,0.2587935,-0.5329491,-0.8055998,G1,Fibroblast
cell_4280587,-0.9404549,0.31355286,-0.13125986,G0,Fibroblast
cell_4281125,-0.66135836,0.74984276,0.018465761,G0,Fibroblast
cell_4282012,0.6850706,-0.5364164,-0.49288496,S,Fibroblast
cell_4284490,0.0011935111,-0.1219983,-0.9925296,G1-G0 transition,Fibroblast
cell_4285893,-0.4717043,0.020465022,-0.8815192,G0,Fibroblast
cell_4286329,-0.22080694,-0.9746585,0.03584646,G1,Fibroblast
cell_4287100,-0.8132907,0.37675685,0.4434102,G0,Fibroblast
cell_4287206,0.64180225,-0.6144324,-0.45887098,G1,Fibroblast
cell_4287444,-0.943336,0.2476617,0.22086337,G0,Fibroblast
cell_4288757,0.11654895,-0.23382068,0.96526897,G2M,Fibroblast
cell_4294346,-0.76826656,0.005958299,-0.64010227,G1-G0 transition,Fibroblast
cell_4297836,-0.9821622,-0.18560009,0.030166907,G0,Fibroblast
cell_4300628,-0.69668865,0.09501721,-0.71105313,G1-G0 transition,Fibroblast
cell_4301168,-0.93458176,0.3556902,0.006438631,G0,Fibroblast
cell_4303390,-0.051821474,-0.7175736,0.6945521,G2M,Fibroblast
cell_4305188,0.84559655,0.47185123,-0.24964552,S,Fibroblast
cell_4305664,-0.9520799,0.29354358,-0.08588295,G0,Fibroblast
cell_4306818,0.76625484,-0.4046598,-0.49910292,S,Fibroblast
cell_4307642,-0.34609863,0.8663785,-0.36000553,G0,Fibroblast
cell_4307985,0.5999401,0.49017212,0.63229996,S,Fibroblast
cell_4310306,-0.74539024,0.66500086,0.046553962,G0,Fibroblast
cell_4311331,-0.7300025,-0.099944904,-0.6760971,G1-G0 transition,Fibroblast
cell_4312670,0.913742,0.08695398,0.39688095,S,Fibroblast
cell_4316549,0.97638947,-0.1005029,0.1912142,S,Fibroblast
cell_4320017,0.22972648,-0.393122,-0.89032626,G1,Fibroblast
cell_4322190,-0.5856958,0.48062104,-0.652659,G1-G0 transition,Fibroblast
cell_4325767,-0.914975,0.3637236,0.17471671,G0,Fibroblast
cell_4325975,-0.095020816,-0.9771872,0.18993738,G1,Fibroblast
cell_4327432,-0.75332594,0.23078828,-0.61582214,G1-G0 transition,Fibroblast
cell_4327514,-0.96522886,0.25954285,0.031153714,G0,Fibroblast
cell_4328393,-0.8922755,0.064340815,0.44688326,G0,Fibroblast
cell_4331010,-0.7854395,0.58378947,-0.2056076,G0,Fibroblast
cell_4333754,-0.856221,0.2256744,-0.4647113,G0,Fibroblast
cell_4334310,0.95780414,0.115661286,0.26312312,S,Fibroblast
cell_4335016,-0.654374,0.1697974,-0.7368606,G1-G0 transition,Fibroblast
cell_4335254,-0.5788291,0.77450025,-0.2551596,G0,Fibroblast
cell_4338944,-0.7319743,0.65725374,0.17952996,G0,Fibroblast
cell_4340099,0.92399204,0.011411453,0.3822414,S,Fibroblast
cell_4340305,0.07584733,0.29235086,-0.9532987,G1-G0 transition,Fibroblast
cell_4341931,0.91759926,0.21365553,0.33520573,S,Fibroblast
cell_4342226,0.73307544,0.6451762,-0.21528609,G1,Fibroblast
cell_4344369,-0.111664966,-0.6799073,0.7247461,G2M,Fibroblast
cell_4344861,-0.971936,0.013864608,0.23483641,G0,Fibroblast
cell_4348948,0.122596815,0.27165937,-0.9545529,G1-G0 transition,Fibroblast
cell_4349816,-0.63712084,0.7706984,0.0100418795,G0,Fibroblast
cell_4350057,0.3531972,0.2724488,-0.8949991,G1-G0 transition,Fibroblast
cell_4350389,-0.9229951,0.07678712,-0.3770725,G1-G0 transition,Fibroblast
cell_4350467,-0.8215014,0.5567622,-0.12309076,G0,Fibroblast
cell_4350496,0.24341944,-0.6777806,0.69380146,G2M,Fibroblast
cell_4351522,-0.8628055,0.49163857,0.11772149,G0,Fibroblast
cell_4356349,-0.6520115,0.7081563,0.27091652,G0,Fibroblast
cell_4361104,0.7508292,-0.10241873,0.6525074,S,Fibroblast
cell_4363907,0.6168004,0.0959787,-0.781246,G0,Fibroblast
cell_4364473,-0.11218687,-0.23635606,-0.96516836,G1-G0 transition,Fibroblast
cell_4365793,0.5058717,0.15521392,-0.8485296,G1,Fibroblast
cell_4367358,0.77830243,-0.38758212,-0.49398917,S,Fibroblast
cell_4369278,0.72287005,0.6635754,0.19268262,G1,Fibroblast
cell_4369524,-0.7148682,0.6670897,-0.20965376,G1-G0 transition,Fibroblast
cell_4371091,0.6872279,0.40663671,-0.6019672,G1,Fibroblast
cell_4373756,0.6320196,0.686893,-0.35878846,S,Fibroblast
cell_4374560,-0.7268386,0.6268645,-0.28061816,G0,Fibroblast
cell_4375246,-0.33317602,0.2404987,-0.91167647,G1-G0 transition,Fibroblast
cell_4375351,0.92697036,0.22125347,0.30294013,S,Fibroblast
cell_4375534,-0.47365597,0.08932957,-0.8761679,G1-G0 transition,Fibroblast
cell_4375837,-0.3942372,0.59547853,0.69998735,G0,Fibroblast
cell_4376298,-0.11007428,0.1000997,-0.98886985,G1-G0 transition,Fibroblast
cell_4378601,-0.8827915,-0.039294124,0.46811855,G0,Fibroblast
cell_4381790,-0.73445743,0.069251195,-0.6751121,G0,Fibroblast
cell_4387928,0.7901621,0.42416292,-0.4424132,S,Fibroblast
cell_4388346,0.708928,0.00554921,0.70525897,S,Fibroblast
cell_4392526,-0.7499808,0.49541044,0.43828878,G0,Fibroblast
cell_4393896,0.51779383,-0.035537366,-0.854767,G1,Fibroblast
cell_4404515,-0.9761223,0.0082600005,0.21706471,G0,Fibroblast
cell_4405299,-0.6236755,0.7796471,-0.05638394,G0,Fibroblast
cell_4407245,0.49174225,-0.35039577,0.7971274,G2M,Fibroblast
cell_4407408,-0.64938265,0.561663,-0.51267624,G0,Fibroblast
cell_4407895,-0.8251419,0.30761108,-0.47383156,G0,Fibroblast
cell_4410584,-0.6008213,-0.16388306,-0.782404,G1-G0 transition,Fibroblast
cell_4413706,0.22325134,-0.9386783,-0.262758,G1,Fibroblast
cell_4420431,0.09350946,0.037905365,-0.9948966,G1-G0 transition,Fibroblast
cell_4422060,-0.427956,0.90265006,-0.04556709,G0,Fibroblast
cell_4422166,-0.9586013,0.15834667,0.23666419,G0,Fibroblast
cell_4422794,-0.7203765,0.27686757,0.6359262,G0,Fibroblast
cell_4424731,0.42324108,0.87844193,-0.22182566,G1,Fibroblast
cell_4425713,0.2868929,0.15952155,-0.9445874,G1-G0 transition,Fibroblast
cell_4425932,-0.055297345,-0.6408728,0.7656529,G2M,Fibroblast
cell_4426506,0.11954183,0.37521058,-0.919199,G1-G0 transition,Fibroblast
cell_4427575,0.8942852,0.17027602,0.4138358,S,Fibroblast
cell_4430569,0.9420149,0.24530375,0.22898494,S,Fibroblast
cell_4431610,0.96037364,0.07012235,-0.26975068,S,Fibroblast
cell_4431685,-0.96371245,0.16732764,0.2079896,G0,Fibroblast
cell_4432381,-0.7886393,0.44954363,0.41947404,G0,Fibroblast
cell_4434844,0.20451613,-0.93530077,-0.28876567,G1,Fibroblast
cell_4435707,-0.8365951,0.1599766,0.5239428,G0,Fibroblast
cell_4436905,0.41293955,0.3290633,-0.8492339,G1,Fibroblast
cell_4439625,0.7294255,-0.1985628,-0.65460753,G1,Fibroblast
cell_4442176,0.87429225,0.41257814,-0.25571954,S,Fibroblast
cell_4444963,0.05438159,0.37716618,-0.9245477,G1-G0 transition,Fibroblast
cell_4450342,-0.906592,0.119516574,0.40473035,G0,Fibroblast
cell_4451383,-0.47742537,0.6712482,-0.56700164,G1-G0 transition,Fibroblast
cell_4452612,0.9380124,-0.038711637,0.34443304,S,Fibroblast
cell_4453382,0.08902605,-0.94288725,-0.32099548,G1,Fibroblast
cell_4456781,0.77605003,0.5290285,0.34332976,S,Fibroblast
cell_4456964,0.73850626,-0.26941165,-0.6180823,S,Fibroblast
cell_4457418,0.66035134,0.6175842,0.42723036,S,Fibroblast
cell_4458290,-0.5162731,-0.011061745,-0.8563525,G1-G0 transition,Fibroblast
cell_4459808,0.5201301,-0.84244615,-0.14053145,G1,Fibroblast
cell_4463090,-0.81962824,0.5580855,-0.1294217,G0,Fibroblast
cell_4463431,-0.06243958,-0.7337602,0.6765333,G2M,Fibroblast
cell_4465970,-0.9636873,0.093278274,-0.25021183,G1-G0 transition,Fibroblast
cell_4466356,-0.49661723,-0.24277896,-0.8333244,G1-G0 transition,Fibroblast
cell_4469119,0.16110785,-0.3462611,-0.924201,G1-G0 transition,Fibroblast
cell_4469638,-0.066440515,0.14416148,-0.9873212,G1-G0 transition,Fibroblast
cell_4472130,0.33212182,-0.66131675,0.6725735,G2M,Fibroblast
cell_4474003,0.7660733,0.45344707,0.45554087,S,Fibroblast
cell_4474864,0.032862626,-0.9993034,0.017680008,G1,Fibroblast
cell_4475492,0.20012438,-0.3750867,-0.90512985,G1-G0 transition,Fibroblast
cell_4475959,0.207208,0.8993438,-0.38502693,G1,Fibroblast
cell_4476951,0.76653093,0.22009522,-0.6033145,S,Fibroblast
cell_4477058,0.34609485,0.7969193,-0.4951141,G1-G0 transition,Fibroblast
cell_4477737,0.87532353,0.4711314,0.10882974,G1,Fibroblast
cell_4478067,0.10244108,-0.27849635,-0.9549583,G1-G0 transition,Fibroblast
cell_4479132,0.9706884,-0.015812665,0.23982053,S,Fibroblast
cell_4482385,-0.30891964,0.3860608,0.86920977,G0,Fibroblast
cell_4482480,-0.24345067,0.6760276,-0.69549865,G1-G0 transition,Fibroblast
cell_4482890,-0.58021855,0.814261,0.018034823,G0,Fibroblast
cell_4483553,0.7478169,0.5069607,0.42867327,S,Fibroblast
cell_4483888,0.9836421,-0.10292988,0.14782919,S,Fibroblast
cell_4484269,-0.92615485,0.089138106,-0.3664582,G1-G0 transition,Fibroblast
cell_4484785,0.9567597,0.29076743,0.008084451,S,Fibroblast
cell_4485313,-0.942741,0.19279006,-0.27216083,G1-G0 transition,Fibroblast
cell_4487331,0.726551,0.5893724,0.35321885,S,Fibroblast
cell_4487914,-0.9255322,-0.18589829,0.32989633,G0,Fibroblast
cell_4488271,0.3294974,-0.4547777,0.8274109,G2M,Fibroblast
cell_4488380,-0.35467422,0.70881516,-0.6097436,G1-G0 transition,Fibroblast
cell_4490601,-0.271335,0.9353539,-0.22691497,G0,Fibroblast
cell_4491820,0.67285275,0.5790329,-0.46042392,S,Fibroblast
cell_4492573,-0.7615165,0.5781907,0.29289612,G0,Fibroblast
cell_4493357,-0.07939371,-0.83588624,-0.54313064,G1,Fibroblast
cell_4495416,-0.31632018,-0.7629359,-0.5637999,G1-G0 transition,Fibroblast
cell_4496052,-0.20695981,0.49634412,-0.84309554,G0,Fibroblast
cell_4496603,-0.1792386,-0.97049654,-0.16127583,G1,Fibroblast
cell_4498073,0.5021154,0.56603175,0.65382576,G1,Fibroblast
cell_4498586,-0.8926244,0.45055288,-0.014953383,G0,Fibroblast
cell_4499357,-0.6279419,0.7752748,0.06810322,G0,Fibroblast
cell_4501204,-0.8238593,0.44784448,0.34740636,G0,Fibroblast
cell_4502121,0.80916685,-0.46546263,-0.35859984,S,Fibroblast
cell_4502211,0.6787681,-0.32953098,-0.65626466,S,Fibroblast
cell_4502511,0.1562277,-0.97912323,0.13004144,G1,Fibroblast
cell_4503757,-0.9913247,-0.050585013,-0.121311836,G0,Fibroblast
cell_4503961,0.3953288,0.90062785,-0.18051158,G1,Fibroblast
cell_4504552,0.31155473,-0.9417181,0.1268881,G2M,Fibroblast
cell_4505911,0.99724567,0.0044265757,0.07403537,S,Fibroblast
cell_4506467,-0.96264917,-0.033250872,0.2687026,G0,Fibroblast
cell_4507523,0.60147905,-0.7011574,-0.38288528,G1,Fibroblast
cell_4512364,0.61161256,-0.7362614,-0.2895667,G1,Fibroblast
cell_4514304,0.8508102,-0.00043937395,0.52547294,S,Fibroblast
cell_4515185,0.9213171,-0.13207258,0.36569333,S,Fibroblast
cell_4515219,-0.95037353,0.2563334,0.17630523,G0,Fibroblast
cell_4518421,0.68882287,-0.18164411,0.7018037,S,Fibroblast
cell_4519144,-0.96617085,0.080895744,0.24488711,G0,Fibroblast
cell_4521886,-0.70872504,0.68303084,-0.17657167,G0,Fibroblast
cell_4523138,-0.78915185,0.49156913,-0.36823797,G0,Fibroblast
cell_4525033,0.8036531,0.5620925,-0.19543184,G1,Fibroblast
cell_4527276,0.5223917,-0.32896966,0.786693,G2M,Fibroblast
cell_4528789,-0.8559989,0.26729852,0.44251272,G0,Fibroblast
cell_4531220,0.18815875,-0.66100985,-0.72640365,G1,Fibroblast
cell_4532293,-0.6464191,-0.39138615,-0.6549499,G1-G0 transition,Fibroblast
cell_4533492,-0.6482718,-0.20482458,-0.733342,G1-G0 transition,Fibroblast
cell_4533519,0.053068828,-0.5356029,-0.8428008,G1-G0 transition,Fibroblast
cell_4535599,-0.8198517,0.5601191,0.118784495,G0,Fibroblast
cell_4538887,-0.059232082,-0.6041251,0.7946851,G2M,Fibroblast
cell_4539455,-0.9431703,0.3293783,-0.044040963,G0,Fibroblast
cell_4540254,-0.048079107,0.5137603,-0.8565854,G1-G0 transition,Fibroblast
cell_4544434,-0.9498375,0.059021816,-0.30712402,G0,Fibroblast
cell_4546781,0.9611907,0.2359631,0.14294729,S,Fibroblast
cell_4548100,0.658152,-0.3153341,-0.6836669,G1,Fibroblast
cell_4549027,-0.41480693,0.20921738,-0.8855299,G0,Fibroblast
cell_4552745,-0.9498432,-0.13560909,0.2817945,G0,Fibroblast
cell_4553016,-0.7380292,0.6737352,0.037331715,G0,Fibroblast
cell_4553486,-0.92430955,0.17986,0.33660397,G0,Fibroblast
cell_4556299,0.47942728,-0.28161895,-0.831168,G1,Fibroblast
cell_4558553,-0.8606756,0.1440909,-0.48833942,G0,Fibroblast
cell_4558567,0.7642425,-0.5868784,-0.26740804,G1,Fibroblast
cell_4561484,0.8281299,0.11869067,-0.54782593,S,Fibroblast
cell_4562626,0.5998955,-0.24958593,-0.7601527,S,Fibroblast
cell_4563047,0.52076924,-0.45571512,-0.7218885,G1,Fibroblast
cell_4564871,-0.9821943,0.09031025,0.16473697,G0,Fibroblast
cell_4565428,0.83823186,0.4830455,0.25305024,S,Fibroblast
cell_4567100,0.36678997,-0.6253257,-0.68879104,G1,Fibroblast
cell_4568690,0.2087142,-0.64628524,0.73399854,G2M,Fibroblast
cell_4571053,-0.8042185,0.58629155,0.09744122,G0,Fibroblast
cell_4571057,-0.68751836,-0.17361672,-0.705107,G1-G0 transition,Fibroblast
cell_4571807,0.86594576,0.46913671,0.17334539,S,Fibroblast
cell_4573089,-0.39855778,-0.73504543,-0.54850703,G1-G0 transition,Fibroblast
cell_4573892,0.763292,0.17612392,0.6215832,S,Fibroblast
cell_4573920,0.7909514,0.55118227,-0.26569533,G1,Fibroblast
cell_4574835,0.6988093,-0.34067145,0.62897414,S,Fibroblast
cell_4577163,-0.011893281,-0.78013647,0.6254963,G2M,Fibroblast
cell_4578861,0.96059936,-0.24437846,0.13239318,S,Fibroblast
cell_4580208,0.7047313,0.6924376,0.15454447,S,Fibroblast
cell_4585834,-0.94088054,0.18148641,0.28601804,G0,Fibroblast
cell_4586855,0.56383425,-0.14914262,0.8123099,S,Fibroblast
cell_4588957,-0.29090643,0.91504043,-0.2794181,G0,Fibroblast
cell_4589458,-0.4367932,-0.76886016,-0.46697518,G1-G0 transition,Fibroblast
cell_4590090,0.88049394,0.43874696,-0.17953111,G1,Fibroblast
cell_4590112,0.56080353,0.6231399,-0.5451569,G1,Fibroblast
cell_4591622,0.43304297,-0.36917138,0.82230544,G2M,Fibroblast
cell_4595243,-0.78789395,0.4942872,-0.3672915,G0,Fibroblast
cell_4595293,0.98351485,0.050785884,-0.17354932,S,Fibroblast
cell_4596823,-0.91336495,0.35457522,-0.2001022,G0,Fibroblast
cell_4599093,-0.3082894,-0.48791036,-0.8166402,G1-G0 transition,Fibroblast
cell_4599886,-0.643014,0.27127233,0.71620125,G0,Fibroblast
cell_4600943,0.15299295,-0.7868994,0.59781486,G2M,Fibroblast
cell_4601651,-0.93866944,-0.003903436,-0.34479633,G0,Fibroblast
cell_4603137,-0.6626423,0.64260936,0.38465348,G0,Fibroblast
cell_4604236,0.62253475,-0.5324647,0.5735256,G2M,Fibroblast
cell_4605890,0.6662537,0.5663681,-0.4851115,S,Fibroblast
cell_4606824,0.6480472,0.7149952,-0.2623292,S,Fibroblast
cell_4609702,-0.49505153,-0.48879054,-0.7183369,G1-G0 transition,Fibroblast
cell_4610192,-0.16430444,-0.9481385,0.2720983,G1,Fibroblast
cell_4610567,0.8765217,0.4805464,-0.028015735,S,Fibroblast
cell_4612422,-0.9179641,0.10426914,-0.38271374,G0,Fibroblast
cell_4613288,0.7187666,0.35211465,-0.5994911,S,Fibroblast
cell_4613289,0.66336673,-0.0020201502,0.74829185,S,Fibroblast
cell_4615313,0.96982443,0.08016019,0.23024955,S,Fibroblast
cell_4616487,-0.9568252,0.10984115,-0.26911026,G0,Fibroblast
cell_4619725,-0.78120244,0.59190744,-0.19841404,G0,Fibroblast
cell_4619774,0.76564974,0.4480152,-0.4615871,S,Fibroblast
cell_4620576,0.52767164,0.8280619,-0.18940933,S,Fibroblast
cell_4621392,0.41151518,0.19017845,-0.89134026,G1-G0 transition,Fibroblast
cell_4622043,-0.26544446,-0.49888164,-0.82501906,G1-G0 transition,Fibroblast
cell_4622527,-0.9875413,0.01454283,0.15668663,G0,Fibroblast
cell_4622625,0.8580163,-0.23137945,0.4585538,S,Fibroblast
cell_4622980,0.7326424,-0.06889289,-0.6771181,G1,Fibroblast
cell_4623046,-0.68353975,0.7191298,-0.12500203,G0,Fibroblast
cell_4623444,-0.5173893,0.7310763,0.44478717,G0,Fibroblast
cell_4623538,0.7080178,0.60765606,-0.3598123,G1,Fibroblast
cell_4623836,0.45438543,-0.571452,-0.68335664,G1,Fibroblast
cell_4623874,-0.6529766,0.7206928,0.23285905,G0,Fibroblast
cell_4625248,0.24824814,-0.43773174,0.86415493,G2M,Fibroblast
cell_4625440,0.7223245,-0.10616158,0.68335706,S,Fibroblast
cell_4626448,0.6569742,0.5844058,-0.4762927,G1,Fibroblast
cell_4626808,0.5470635,0.8173187,0.18086392,S,Fibroblast
cell_4627723,0.5739896,-0.7400914,-0.35042912,G1,Fibroblast
cell_4627956,0.986558,0.15297079,0.057473823,S,Fibroblast
cell_4630247,0.6614869,-0.4043632,0.63160545,G2M,Fibroblast
cell_4630556,0.65748125,0.5473134,-0.51784796,G1,Fibroblast
cell_4637470,-0.19190508,0.7773134,-0.59912944,G0,Fibroblast
cell_4638053,0.81403655,0.5596441,-0.15537994,G1,Fibroblast
cell_4638065,-0.9124336,0.40140727,0.079606615,G1-G0 transition,Fibroblast
cell_4639179,0.2147534,0.40762618,-0.88753694,G1-G0 transition,Fibroblast
cell_4640566,0.4974847,-0.15285553,0.85389936,S,Fibroblast
cell_4641404,-0.9516426,0.21273957,-0.22162624,G0,Fibroblast
cell_4641538,-0.028878562,-0.56603235,0.823877,G2M,Fibroblast
cell_4642353,-0.8118411,0.18040264,0.5553097,G0,Fibroblast
cell_4643061,-0.7906421,0.5839259,0.1841617,G0,Fibroblast
cell_4643130,-0.7691995,0.5820763,-0.2636651,G0,Fibroblast
cell_4643482,0.7923238,0.49349558,-0.3587269,S,Fibroblast
cell_4648573,-0.37226436,-0.845573,-0.38265604,G1,Fibroblast
cell_4651691,-0.75213736,0.43400422,0.4959131,G0,Fibroblast
cell_4652546,-0.9137576,0.3181648,0.25262257,G0,Fibroblast
cell_4657449,0.93860185,0.08987326,0.3330903,S,Fibroblast
cell_4658577,0.56193215,0.8112385,-0.16163006,G1,Fibroblast
cell_4658898,0.2199325,0.3918718,-0.8933454,G1-G0 transition,Fibroblast
cell_4659283,-0.96369404,0.05722523,-0.2608049,G0,Fibroblast
cell_4660485,-0.8036803,0.27194142,0.52928823,G0,Fibroblast
cell_4666880,0.81104696,-0.18473968,-0.5550441,S,Fibroblast
cell_4669865,0.025801325,-0.99531645,0.09316375,G1,Fibroblast
cell_4671645,0.5179595,0.2358866,-0.82223815,G1,Fibroblast
cell_4671935,0.1684183,-0.5330002,0.82918406,G2M,Fibroblast
cell_4672008,-0.8376732,0.36541024,-0.4059298,G1-G0 transition,Fibroblast
cell_4673317,0.06741726,-0.06661816,-0.9954983,G1-G0 transition,Fibroblast
cell_4675662,-0.9647309,0.16314179,0.20658867,G0,Fibroblast
cell_4676494,-0.15173331,-0.7617673,0.62983155,G2M,Fibroblast
cell_4676842,0.75016505,0.65937805,0.049727786,G1,Fibroblast
cell_4688016,-0.82371706,0.3874782,0.41394538,G0,Fibroblast
cell_4690447,0.047543142,0.7509152,-0.6586849,G1-G0 transition,Fibroblast
cell_4690593,0.51419944,0.78967726,0.33467704,G1,Fibroblast
cell_4690662,0.405699,0.07074749,-0.9112645,G1,Fibroblast
cell_4691330,0.39770716,-0.57674134,0.7135813,G2M,Fibroblast
cell_4695645,0.8656345,0.3998307,-0.30135077,S,Fibroblast
cell_4698620,0.70949805,0.69311804,-0.12727821,G1,Fibroblast
cell_4699716,-0.04832657,0.50952476,-0.8590979,G1-G0 transition,Fibroblast
cell_4702032,0.42041236,-0.39011523,0.8191848,G2M,Fibroblast
cell_4702196,0.17721945,0.3420977,-0.9228014,G1,Fibroblast
cell_4702530,0.61424893,0.38835403,0.6869347,S,Fibroblast
cell_4702886,0.67952424,0.65616876,0.3281603,G1,Fibroblast
cell_4704810,-0.6119142,0.7240261,0.31835058,G0,Fibroblast
cell_4705334,-0.8462704,0.52597386,-0.08472257,G0,Fibroblast
cell_4707192,0.6699167,0.5204448,-0.52947974,G1,Fibroblast
cell_4708451,-0.071530305,-0.6585306,0.74914676,G2M,Fibroblast
cell_4709985,0.5752156,-0.026997933,0.81755614,S,Fibroblast
cell_4710962,-0.35113123,-0.13199793,-0.92697537,G1-G0 transition,Fibroblast
cell_4711438,-0.7611063,0.63723403,0.12103687,G0,Fibroblast
cell_4713702,0.039444063,-0.9979757,0.049886614,G1,Fibroblast
cell_4714244,-0.83738005,0.43710288,-0.32823107,G0,Fibroblast
cell_4715603,0.8010773,-0.02376536,0.59808886,S,Fibroblast
cell_4716007,0.35592896,-0.37986547,0.8538248,G2M,Fibroblast
cell_4716067,0.43427184,-0.76314324,-0.47856078,G1,Fibroblast
cell_4717466,-0.012874473,-0.8199955,-0.5722252,G1,Fibroblast
cell_4717696,-0.06472372,-0.9620345,-0.26514223,G1,Fibroblast
cell_4720263,0.49625933,-0.5246483,-0.6917159,G1,Fibroblast
cell_4720304,-0.9206195,0.25945568,0.29179186,G0,Fibroblast
cell_4722719,-0.5821743,0.8122849,-0.03558551,G0,Fibroblast
cell_4723920,-0.73186994,0.60576594,0.3121121,G0,Fibroblast
cell_4724104,0.81185055,-0.30243045,0.49943423,S,Fibroblast
cell_4726114,-0.3589819,-0.029436043,-0.93288016,G1-G0 transition,Fibroblast
cell_4731367,-0.7252458,0.6380394,0.25869742,G0,Fibroblast
cell_4732864,0.42684755,-0.21255836,-0.87898797,G1,Fibroblast
cell_4733064,-0.98562837,0.09517948,0.13956222,G0,Fibroblast
cell_4735018,-0.93580353,-0.14557947,0.32105806,G0,Fibroblast
cell_4737145,-0.789956,0.5998179,-0.12723252,G0,Fibroblast
cell_4738230,-0.76361865,0.16293988,-0.6247697,G1-G0 transition,Fibroblast
cell_4739029,-0.11366922,-0.40196234,-0.9085733,G1-G0 transition,Fibroblast
cell_4739525,0.43218818,-0.010067525,0.9017272,S,Fibroblast
cell_4741280,-0.89015114,0.19462834,0.41200805,G0,Fibroblast
cell_4744191,-0.74332243,0.5911969,-0.3129824,G0,Fibroblast
cell_4745654,0.38446787,-0.9179902,0.097356685,G1,Fibroblast
cell_4747616,0.18812926,-0.39737678,-0.8981643,G1,Fibroblast
cell_4749589,0.6473691,0.5771129,-0.4978493,S,Fibroblast
cell_4749782,-0.06876494,-0.29746786,-0.95225227,G1-G0 transition,Fibroblast
cell_4749850,0.8485618,0.52100766,-0.09216147,G1,Fibroblast
cell_4752064,0.58862823,0.8060076,0.06219647,G1,Fibroblast
cell_4752381,0.83040154,0.0043001194,-0.5571489,S,Fibroblast
cell_4754294,-0.13863273,-0.64175963,0.75427145,G2M,Fibroblast
cell_4754568,-0.82888764,0.34229493,0.44246966,G0,Fibroblast
cell_4756966,0.09559548,-0.9580638,-0.27013925,G1,Fibroblast
cell_4759167,0.8604474,0.060919728,-0.5058844,S,Fibroblast
cell_4763223,0.22852346,-0.4669341,0.8542538,G2M,Fibroblast
cell_4765803,0.9673107,0.10613384,0.2303159,S,Fibroblast
cell_4767776,-0.981471,0.16417557,0.09879835,G0,Fibroblast
cell_4770560,-0.73022366,0.5702235,0.37632215,G0,Fibroblast
cell_4773159,-0.89272064,-0.064514704,-0.4459682,G0,Fibroblast
cell_4773308,-0.8225478,0.18708025,-0.5370438,G0,Fibroblast
cell_4780246,-0.6703948,0.37347585,0.64116025,G0,Fibroblast
cell_4781401,-0.57537174,0.47751033,-0.66402644,G1-G0 transition,Fibroblast
cell_4782218,-0.55111825,0.81151336,-0.19420287,G1-G0 transition,Fibroblast
cell_4782288,0.07601081,-0.46791288,0.88049984,G2M,Fibroblast
cell_4783374,0.71141344,-0.2811307,-0.6440934,S,Fibroblast
cell_4784198,-0.27065682,-0.5090716,-0.8170624,G1-G0 transition,Fibroblast
cell_4786105,-0.677705,0.7353313,-0.0019662129,G0,Fibroblast
cell_4787389,0.041093867,0.99776727,0.05264707,G0,Fibroblast
cell_4788798,-0.9603498,0.18112852,0.2119454,G0,Fibroblast
cell_4790923,0.28582168,-0.9429211,0.17089684,G1,Fibroblast
cell_4792694,-0.6388963,0.5304986,0.55711997,G0,Fibroblast
cell_4793800,-0.71248096,-0.3398692,-0.6138891,G1-G0 transition,Fibroblast
cell_4796051,0.78399694,-0.3071559,0.5394478,S,Fibroblast
cell_4797582,0.041144483,-0.9508544,0.3068927,G1,Fibroblast
cell_4799079,0.81457806,-0.09715519,0.5718596,S,Fibroblast
cell_4800918,-0.28728953,0.49915206,-0.81750345,G1-G0 transition,Fibroblast
cell_4801702,0.7253519,-0.053257424,0.68631506,S,Fibroblast
cell_4802003,0.8812815,0.41274998,-0.23017435,S,Fibroblast
cell_4803174,-0.014619389,0.54875696,-0.8358542,G1-G0 transition,Fibroblast
cell_4804232,-0.7310096,-0.19725126,-0.6532357,G1-G0 transition,Fibroblast
cell_4807135,-0.76376486,0.64398474,0.044122644,G0,Fibroblast
cell_4807176,0.97243613,0.22610393,-0.056964505,S,Fibroblast
cell_4807389,0.48618403,-0.39493555,-0.7795198,G1-G0 transition,Fibroblast
cell_4807635,-0.7296017,0.5661243,-0.38364634,G0,Fibroblast
cell_4808685,-0.0755682,-0.95229024,-0.29569003,G1,Fibroblast
cell_4808833,-0.4774539,0.77079344,-0.42180014,G0,Fibroblast
cell_4810957,-0.9735624,0.0100377165,0.22820012,G0,Fibroblast
cell_4818319,0.12602489,-0.9272571,0.3525792,G2M,Fibroblast
cell_4818701,0.46519303,0.87313545,-0.14570545,S,Fibroblast
cell_4822788,0.90065104,-0.1775075,0.3966343,S,Fibroblast
cell_4823543,-0.6022353,0.7232223,0.3380267,G0,Fibroblast
cell_4823594,-0.7890854,0.53060466,-0.30952045,G0,Fibroblast
cell_4825180,-0.7708248,-0.20551692,-0.60298586,G0,Fibroblast
cell_4825868,-0.08257675,0.08641838,-0.99283075,G1-G0 transition,Fibroblast
cell_4827550,-0.91916496,0.28640074,-0.2703892,G0,Fibroblast
cell_4829072,-0.73719764,0.6660184,-0.11383777,G0,Fibroblast
cell_4829337,0.8858556,0.46093518,0.05290254,S,Fibroblast
cell_4829514,-0.8518071,0.47131318,-0.22866656,G0,Fibroblast
cell_4832835,0.5387736,0.60406655,-0.5872193,G1,Fibroblast
cell_4835905,-0.35099104,0.16477522,-0.92176706,G1-G0 transition,Fibroblast
cell_4838432,0.22909538,-0.6861913,0.6904033,G2M,Fibroblast
cell_4842660,-0.9812762,0.061414957,0.18255158,G0,Fibroblast
cell_4843799,-0.9610067,-0.009752152,0.27635318,G0,Fibroblast
cell_4844533,-0.98613584,0.13142624,0.10130765,G0,Fibroblast
cell_4846914,-0.8511903,0.47956318,-0.2132931,G0,Fibroblast
cell_4847271,0.9447332,-0.037135445,0.32573012,S,Fibroblast
cell_4847313,0.02358306,-0.9673994,0.25215492,G2M,Fibroblast
cell_4851139,-0.4291861,0.05998613,-0.901222,G1-G0 transition,Fibroblast
cell_4851278,0.8236193,-0.35384643,0.44322002,S,Fibroblast
cell_4851368,-0.8738966,0.14458646,0.46411163,G0,Fibroblast
cell_4851639,-0.98813266,0.124485806,0.08998389,G0,Fibroblast
cell_4852255,0.7609395,0.6315864,0.14855927,S,Fibroblast
cell_4852943,0.9859326,0.059713803,0.15611297,S,Fibroblast
cell_4852953,-0.9467914,0.29760587,-0.12254231,G0,Fibroblast
cell_4855137,-0.69529355,0.71842134,-0.020921126,G0,Fibroblast
cell_4856069,-0.82231873,0.53149825,0.2032278,G0,Fibroblast
cell_4856756,0.9646979,0.22531365,-0.13635062,S,Fibroblast
cell_4859958,-0.76234084,0.24301963,-0.5998149,G0,Fibroblast
cell_4860498,-0.22439115,-0.97329944,0.048340097,G1,Fibroblast
cell_4862947,0.22689106,-0.87345296,-0.43081382,G1,Fibroblast
cell_4866856,0.46693236,0.08978032,0.8797236,S,Fibroblast
cell_4867911,0.4972189,-0.21232806,-0.84124315,S,Fibroblast
cell_4868914,0.53803474,0.22337338,-0.8127871,G1,Fibroblast
cell_4871822,-0.94386834,0.29154754,0.15528193,G0,Fibroblast
cell_4871853,-0.9613475,0.26910087,0.058271453,G0,Fibroblast
cell_4872653,0.59715223,-0.7265244,-0.3399581,G1,Fibroblast
cell_4873117,0.86274517,0.48431426,0.14529406,S,Fibroblast
cell_4873680,-0.63236636,0.7673395,0.106314644,G0,Fibroblast
cell_4876021,-0.68383235,0.40518144,-0.6067959,G1-G0 transition,Fibroblast
cell_4877944,0.7926617,-0.04036728,-0.6083239,S,Fibroblast
cell_4879258,0.86512893,-0.16333473,0.47420844,S,Fibroblast
cell_4879297,0.11255883,-0.9899172,-0.08599105,G1,Fibroblast
cell_4879311,0.19534746,-0.75798196,0.6223365,G2M,Fibroblast
cell_4879925,-0.38374627,0.921824,-0.054584373,G0,Fibroblast
cell_4880319,0.78417796,0.45536244,-0.42155644,G1,Fibroblast
cell_4881109,0.20026799,-0.8310905,0.51882684,G2M,Fibroblast
cell_4881777,-0.83785695,0.54457766,-0.03782718,G1-G0 transition,Fibroblast
cell_4885234,0.9156043,0.16144334,0.36824575,S,Fibroblast
cell_4887186,0.98403645,0.17777929,-0.008158575,S,Fibroblast
cell_4888579,-0.22135787,-0.9751132,-0.012447661,G1,Fibroblast
cell_4891131,-0.31866077,0.35232365,-0.87995636,G1-G0 transition,Fibroblast
cell_4891515,0.47169366,0.8137772,0.33951676,S,Fibroblast
cell_4891545,-0.93615335,0.21742043,0.27630654,G0,Fibroblast
cell_4891571,0.96584517,-0.14962834,-0.21155223,S,Fibroblast
cell_4894187,-0.39303416,0.86438435,-0.31363,G0,Fibroblast
cell_4894429,0.30453607,-0.92440856,-0.229623,G1,Fibroblast
cell_4894802,0.08032504,-0.64580977,0.7592613,G2M,Fibroblast
cell_4896696,0.56430686,0.2495826,-0.78693473,G1,Fibroblast
cell_4897147,-0.7221364,0.6852119,-0.09488781,G0,Fibroblast
cell_4897213,0.87716925,-0.25818783,0.40486202,S,Fibroblast
cell_4901396,-0.9403507,0.12265173,-0.31732798,G0,Fibroblast
cell_4901926,0.40226886,-0.90468186,-0.14046504,G1,Fibroblast
cell_4902741,0.7367539,-0.011297371,0.6760664,S,Fibroblast
cell_4902790,-0.87483734,0.061491445,-0.48049814,G1-G0 transition,Fibroblast
cell_4905706,0.9753927,0.20997041,-0.06724252,S,Fibroblast
cell_4906923,-0.61747915,0.73246455,-0.28673184,G0,Fibroblast
cell_4908565,-0.9473684,0.19088912,-0.2570105,G0,Fibroblast
cell_4909157,-0.39094687,0.33731824,-0.8563744,G1-G0 transition,Fibroblast
cell_4909993,-0.37767386,0.121954836,-0.91787225,G1-G0 transition,Fibroblast
cell_4911499,0.007383238,-0.6375423,0.7703799,G2M,Fibroblast
cell_4912605,0.5975042,0.7979865,0.078779705,G1,Fibroblast
cell_4913097,0.85493284,0.5112892,0.08759643,G1,Fibroblast
cell_4913582,-0.9412226,0.21758427,-0.2583741,G0,Fibroblast
cell_4914796,-0.55140156,-0.13021299,-0.8240151,G1-G0 transition,Fibroblast
cell_4915647,-0.93825155,0.25861454,0.22978826,G0,Fibroblast
cell_4917410,-0.71959937,0.23197491,-0.65449554,G1-G0 transition,Fibroblast
cell_4919806,-0.3581354,0.25023282,-0.89951235,G1-G0 transition,Fibroblast
cell_4921194,-0.14605826,-0.5187128,0.8423799,G2M,Fibroblast
cell_4922047,0.56748843,0.8227573,-0.032050487,G1,Fibroblast
cell_4922912,0.84145015,0.513115,0.16933513,S,Fibroblast
cell_4923219,0.51975256,-0.30706713,0.7972245,G2M,Fibroblast
cell_4924234,0.8193644,0.2650682,0.50831157,S,Fibroblast
cell_4928608,0.8236785,0.56417716,-0.05707817,G1,Fibroblast
cell_4931626,0.6972435,0.03423147,0.71601653,S,Fibroblast
cell_4932607,-0.67720443,0.6681676,-0.30813354,G0,Fibroblast
cell_4933245,-0.715275,0.3983673,-0.5741822,G1-G0 transition,Fibroblast
cell_4933611,-0.6069844,-0.006743259,-0.7946851,G1-G0 transition,Fibroblast
cell_4933954,-0.9416415,0.332645,0.051560707,G0,Fibroblast
cell_4936814,0.5706899,0.80616605,-0.15623498,G1,Fibroblast
cell_4937651,0.26177534,-0.17227966,-0.94962806,G1-G0 transition,Fibroblast
cell_4937996,-0.96219933,0.042850815,-0.2689541,G0,Fibroblast
cell_4943655,-0.09484796,0.9082058,-0.4076348,G0,Fibroblast
cell_4946732,-0.4220699,0.8286654,-0.36765566,G1-G0 transition,Fibroblast
cell_4947801,0.43780434,0.65643364,-0.61434674,G1,Fibroblast
cell_4950430,0.70230967,0.5418082,-0.4617413,S,Fibroblast
cell_4950751,0.64700454,0.7403784,0.18227693,S,Fibroblast
cell_4951857,0.29666397,-0.47317383,-0.8295161,G1,Fibroblast
cell_4951980,0.9541437,-0.27374107,-0.121143594,S,Fibroblast
cell_4952223,0.53435314,-0.10687622,0.83847725,S,Fibroblast
cell_4956836,0.9536716,0.2843155,0.09836176,S,Fibroblast
cell_4957275,-0.6183073,0.53039336,-0.57998186,G1-G0 transition,Fibroblast
cell_4959194,0.8437598,0.46116194,0.2745887,S,Fibroblast
cell_4961430,0.0060047447,-0.81083053,-0.5852502,G1-G0 transition,Fibroblast
cell_4961752,-0.9749313,0.100150935,0.19869241,G0,Fibroblast
cell_4964645,0.47293228,0.85006124,-0.23179892,G1,Fibroblast
cell_4965615,-0.9213963,0.22416721,-0.3174551,G0,Fibroblast
cell_4966518,0.62671375,0.16430373,0.7617311,S,Fibroblast
cell_4966721,0.39366877,0.9192081,-0.009014984,G1,Fibroblast
cell_4969233,-0.7428869,0.41054332,-0.52874696,G0,Fibroblast
cell_4970516,-0.36398372,0.34643653,-0.86457944,G1-G0 transition,Fibroblast
cell_4971166,-0.9225738,0.06791029,-0.37979704,G0,Fibroblast
cell_4971346,0.99018663,-0.13932492,0.010906537,S,Fibroblast
cell_4971545,-0.294308,0.022053454,-0.9554562,G1-G0 transition,Fibroblast
cell_4972428,0.11923133,-0.0009982443,-0.99286604,G1-G0 transition,Fibroblast
cell_4975024,0.25236964,0.098836765,-0.9625699,G1-G0 transition,Fibroblast
cell_4975784,0.9985639,0.035985574,0.03968747,S,Fibroblast
cell_4976016,0.01621832,-0.99898696,0.04197706,G1,Fibroblast
cell_4977151,0.123202816,-0.69284624,-0.71048236,G1,Fibroblast
cell_4978768,0.75421524,-0.3656745,-0.5453821,S,Fibroblast
cell_4980946,-0.8240669,0.5553983,0.1115639,G1-G0 transition,Fibroblast
cell_4981481,-0.93057275,0.36126867,0.05932465,G0,Fibroblast
cell_4981590,0.11010212,-0.97293323,0.20317112,G1,Fibroblast
cell_4982932,-0.51094234,-0.2908677,-0.8089091,G1-G0 transition,Fibroblast
cell_4983289,0.834164,0.21172208,0.50925845,S,Fibroblast
cell_4983810,-0.15292038,-0.9731049,-0.17228524,G1,Fibroblast
cell_4983814,-0.65629226,0.69268584,0.29911008,G0,Fibroblast
cell_4984114,-0.5864104,0.20310237,-0.78413785,G1-G0 transition,Fibroblast
cell_4985156,0.83988285,0.28418648,0.46242258,S,Fibroblast
cell_4985680,-0.6873858,0.7142995,0.1314417,G0,Fibroblast
cell_4987661,-0.13814871,-0.9902839,0.015893295,G1,Fibroblast
cell_4991124,-0.13633445,-0.3409775,0.9301329,G2M,Fibroblast
cell_4992142,0.9704509,-0.0040518953,0.24126491,S,Fibroblast
cell_4992527,0.9444353,0.32180128,-0.06697637,S,Fibroblast
cell_4994029,0.027436811,-0.68882656,0.7244068,G2M,Fibroblast
cell_4994204,-0.26667055,-0.035131052,-0.9631473,G0,Fibroblast
cell_4994426,-0.8707295,0.3948518,0.29312488,G0,Fibroblast
cell_4994498,-0.7442486,0.6650156,-0.0620344,G0,Fibroblast
cell_4995201,0.52725154,-0.35591882,0.77157456,G2M,Fibroblast
cell_4995455,-0.83783937,0.10910703,0.53490275,G0,Fibroblast
cell_4998435,-0.7262825,0.6753875,0.1279273,G0,Fibroblast
cell_5001693,-0.84315586,0.4534918,0.2888482,G0,Fibroblast
cell_5001813,-0.60777366,0.4692304,0.64065117,G0,Fibroblast
cell_5005414,-0.05306668,-0.9923273,0.11167116,G1,Fibroblast
cell_5006364,-0.87865376,0.07458235,0.47159833,G0,Fibroblast
cell_5006813,0.89565486,0.32752693,-0.30087936,S,Fibroblast
cell_5008328,0.0659673,-0.92592126,-0.37191132,G1,Fibroblast
cell_5010799,0.048920706,0.14282863,-0.98853755,G1-G0 transition,Fibroblast
cell_5011457,-0.64202917,0.6686667,0.3750777,G0,Fibroblast
cell_5011672,-0.114223436,0.7295351,-0.67433786,G1-G0 transition,Fibroblast
cell_5014331,0.9097989,-0.26937452,0.31575784,S,Fibroblast
cell_5014619,0.69856375,-0.037158515,0.7145823,S,Fibroblast
cell_5016961,0.57098234,-0.7692759,-0.28669462,G1,Fibroblast
cell_5021079,-0.4582328,0.875159,-0.1553041,G0,Fibroblast
cell_5022191,0.51313645,-0.739105,-0.4363653,G1,Fibroblast
cell_5023515,0.6968823,-0.22049838,-0.68244815,S,Fibroblast
cell_5023606,0.86905915,-0.15078615,0.47116825,S,Fibroblast
cell_5026670,0.620299,0.17547654,0.7644849,S,Fibroblast
cell_5026698,0.38859195,-0.84281445,-0.3723711,G1,Fibroblast
cell_5026933,-0.82642597,0.4856523,0.28488925,G0,Fibroblast
cell_5027032,0.65329325,0.33949924,0.67671883,S,Fibroblast
cell_5028955,0.4934753,-0.48564804,-0.7215457,G1,Fibroblast
cell_5030064,-0.14740537,-0.96421486,-0.22036673,G1,Fibroblast
cell_5035739,-0.49230385,0.084555775,-0.86630654,G0,Fibroblast
cell_5036534,0.7996967,0.04483397,0.59872794,S,Fibroblast
cell_5037654,0.7730296,-0.06667803,0.630856,S,Fibroblast
cell_5041626,0.96537155,0.07765928,-0.24905193,S,Fibroblast
cell_5041901,-0.9096119,0.07364305,-0.40887982,G1-G0 transition,Fibroblast
cell_5042386,0.8612194,-0.072011635,0.50310576,S,Fibroblast
cell_5044192,-0.6574026,0.7188703,0.22593658,G0,Fibroblast
cell_5045641,0.660854,-0.329424,0.6743529,G2M,Fibroblast
cell_5046423,-0.57330996,0.8126011,-0.104857646,G0,Fibroblast
cell_5046859,-0.39016086,-0.072673865,-0.9178741,G1-G0 transition,Fibroblast
cell_5048334,-0.96580493,0.2132615,-0.1474467,G0,Fibroblast
cell_5049088,0.972814,0.1980898,-0.11997118,S,Fibroblast
cell_5049598,-0.5136671,-0.21552625,-0.8304785,G1-G0 transition,Fibroblast
cell_5051321,-0.7249884,0.59972525,0.33870557,G0,Fibroblast
cell_5052520,0.93917054,0.17631793,0.29473844,S,Fibroblast
cell_5052738,-0.30192322,0.45432302,-0.83811283,G1-G0 transition,Fibroblast
cell_5054333,-0.7589181,0.300638,-0.5776333,G1-G0 transition,Fibroblast
cell_5054854,-0.7143126,0.038637865,-0.69875926,G0,Fibroblast
cell_5056096,-0.89282364,0.4419577,-0.08682896,G0,Fibroblast
cell_5056721,0.09629869,-0.93654996,-0.3370469,G1,Fibroblast
cell_5058155,0.09941302,-0.8232554,0.55889845,G2M,Fibroblast
cell_5062463,0.81747055,-0.32464993,0.4757565,S,Fibroblast
cell_5062814,0.7608706,-0.19914392,-0.6175901,S,Fibroblast
cell_5062852,0.64453244,-0.040642552,-0.763496,S,Fibroblast
cell_5063233,0.10158477,-0.97308975,-0.20682582,G1,Fibroblast
cell_5063299,0.40259132,-0.19377974,-0.8946338,G1-G0 transition,Fibroblast
cell_5063837,0.799454,0.5670596,-0.19828436,G1,Fibroblast
cell_5065247,0.92713743,0.103000075,0.36028752,S,Fibroblast
cell_5066006,0.5172924,0.8259746,0.22399664,G1,Fibroblast
cell_5068123,-0.17193647,-0.96410996,-0.20231102,G1,Fibroblast
cell_5068630,-0.030564245,-0.73375416,0.6787272,G2M,Fibroblast
cell_5069964,0.40122232,0.45047337,-0.7975552,G1,Fibroblast
cell_5073417,-0.9522261,0.05494939,0.30040956,G0,Fibroblast
cell_5075293,-0.3936951,-0.71073705,-0.58297265,G1-G0 transition,Fibroblast
cell_5075563,0.85097724,0.5102754,-0.12432575,S,Fibroblast
cell_5076743,-0.99739945,0.008357757,0.071585,G0,Fibroblast
cell_5077056,0.63225746,-0.1430087,-0.7614454,S,Fibroblast
cell_5078467,-0.34478217,-0.33668455,-0.8762241,G1-G0 transition,Fibroblast
cell_5079602,-0.80198884,0.48992407,0.3417428,G0,Fibroblast
cell_5080288,0.9910135,0.06218566,-0.11842694,S,Fibroblast
cell_5082830,-0.8417102,0.50499535,-0.19105895,G0,Fibroblast
cell_5086123,0.62777877,0.6732223,-0.39072457,G1,Fibroblast
cell_5089874,-0.66305226,0.7483355,0.018862482,G0,Fibroblast
cell_5091333,-0.25761834,-0.020213386,-0.96603537,G1-G0 transition,Fibroblast
cell_5093016,-0.76661545,0.4472292,-0.46074587,G1-G0 transition,Fibroblast
cell_5095938,0.79475653,0.592014,-0.1337217,S,Fibroblast
cell_5096079,-0.51774454,0.85462457,0.03946282,G1-G0 transition,Fibroblast
cell_5097117,-0.59483445,0.52333236,0.61015993,G0,Fibroblast
cell_5097222,-0.9069083,0.1956779,-0.37313196,G1-G0 transition,Fibroblast
cell_5097461,0.3267018,-0.8160052,-0.47686642,G1,Fibroblast
cell_5098177,-0.19583799,-0.6451137,-0.7385633,G1-G0 transition,Fibroblast
cell_5099083,-0.8731922,0.39198697,0.2896234,G0,Fibroblast
cell_5099422,0.64175874,0.72537196,-0.24896017,S,Fibroblast
cell_5101195,-0.58428055,0.36642364,-0.72411996,G1-G0 transition,Fibroblast
cell_5101609,0.123025455,0.8101883,-0.573114,G1-G0 transition,Fibroblast
cell_5101660,-0.94477266,0.20123567,0.25866708,G0,Fibroblast
cell_5103849,-0.93561596,0.07998027,-0.34383997,G0,Fibroblast
cell_5108245,0.7316328,-0.5288944,-0.4300977,S,Fibroblast
cell_5108529,-0.86580294,0.36679593,-0.34036133,G1-G0 transition,Fibroblast
cell_5109268,-0.97336745,0.20733665,-0.09781293,G0,Fibroblast
cell_5109967,-0.50879383,0.19146699,-0.8393267,G1-G0 transition,Fibroblast
cell_5110657,-0.12768611,0.9879544,0.0874218,G0,Fibroblast
cell_5111149,0.5321151,0.21088271,0.8199891,S,Fibroblast
cell_5111738,-0.76795,0.5575146,-0.3153257,G1-G0 transition,Fibroblast
cell_5113466,-0.77509815,0.2592221,-0.5762178,G0,Fibroblast
cell_5114391,-0.76419777,-0.35864103,-0.5360767,G1-G0 transition,Fibroblast
cell_5117075,0.027816307,-0.265723,-0.963648,G1-G0 transition,Fibroblast
cell_5118095,0.9464188,0.30725777,-0.0994187,S,Fibroblast
cell_5119617,-0.23261075,-0.97100675,0.05511914,G1,Fibroblast
cell_5119795,-0.94645566,0.32230002,-0.018560052,G0,Fibroblast
cell_5122246,0.4346654,-0.65498173,-0.61811393,G1,Fibroblast
cell_5122274,0.6126191,-0.45155323,-0.64868903,S,Fibroblast
cell_5122458,-0.7149661,0.11580104,0.6895024,G0,Fibroblast
cell_5125498,0.6080838,-0.46946093,-0.640188,S,Fibroblast
cell_5125740,0.78425336,0.607264,0.12718849,G1,Fibroblast
cell_5128379,0.15514645,0.5358453,-0.82993937,G1-G0 transition,Fibroblast
cell_5129145,0.71844614,-0.26033843,0.6450263,S,Fibroblast
cell_5130368,0.4714705,0.02034589,-0.88164705,G1,Fibroblast
cell_5131227,0.89739954,0.40997043,-0.1630894,S,Fibroblast
cell_5134435,-0.873663,0.4130327,-0.257132,G1-G0 transition,Fibroblast
cell_5136957,-0.7585341,0.6433971,0.1032776,G0,Fibroblast
cell_5137436,-0.6180105,0.27971,-0.7347281,G1-G0 transition,Fibroblast
cell_5142537,0.57401735,0.060449403,0.8166089,S,Fibroblast
cell_5143505,-0.6591297,0.19084002,-0.72741205,G1-G0 transition,Fibroblast
cell_5144330,0.6244727,-0.28106496,-0.7287224,S,Fibroblast
cell_5144508,0.12631899,0.53395295,-0.83602494,G1-G0 transition,Fibroblast
cell_5145412,0.599554,0.7259239,-0.33700076,G1,Fibroblast
cell_5145540,0.9354953,0.19012623,0.29782608,S,Fibroblast
cell_5146362,0.8492752,0.41848534,-0.32187238,S,Fibroblast
cell_5147615,-0.83516073,-0.18927021,-0.516414,G1-G0 transition,Fibroblast
cell_5147771,0.24326514,0.5450751,-0.80231863,G1,Fibroblast
cell_5157406,-0.6960354,0.7047878,0.13714507,G0,Fibroblast
cell_5159149,0.08401763,-0.6278547,0.7737827,G2M,Fibroblast
cell_5160969,-0.85427934,0.07125677,-0.51490694,G1-G0 transition,Fibroblast
cell_5161232,0.8107744,0.5557109,0.1839298,S,Fibroblast
cell_5162951,0.8671805,0.022491042,0.49748582,S,Fibroblast
cell_5163599,-0.9656373,0.06444496,0.251776,G0,Fibroblast
cell_5163900,-0.69248134,0.27246997,-0.6680043,G0,Fibroblast
cell_5164633,-0.9567375,0.26678568,-0.11609767,G0,Fibroblast
cell_5166760,-0.8471665,-0.20452861,-0.4903845,G1-G0 transition,Fibroblast
cell_5166832,0.81198156,-0.19016474,0.5518363,S,Fibroblast
cell_5166987,0.20617677,-0.31300384,-0.92710286,G1-G0 transition,Fibroblast
cell_5167291,0.68708503,0.10758081,-0.7185682,G1,Fibroblast
cell_5168277,-0.50187254,0.80223215,0.32333818,G0,Fibroblast
cell_5168587,-0.9170915,0.02394388,0.39795706,G0,Fibroblast
cell_5168957,-0.9759734,-0.032715783,0.21541978,G0,Fibroblast
cell_5171465,-0.04715672,-0.94751656,0.31620973,G2M,Fibroblast
cell_5182561,-0.9727537,0.23062755,0.023687618,G0,Fibroblast
cell_5182746,0.49903494,-0.25354037,0.8286624,G2M,Fibroblast
cell_5183025,0.8279827,-0.39720148,0.39582267,S,Fibroblast
cell_5183319,0.10178088,-0.19125628,-0.97624886,G1,Fibroblast
cell_5184145,0.7646052,0.1121173,0.6346721,S,Fibroblast
cell_5187907,0.93637556,0.29801387,0.18544143,S,Fibroblast
cell_5190513,-0.004555441,-0.7608336,0.64893085,G2M,Fibroblast
cell_5191388,-0.70708185,0.70698994,0.014160421,G0,Fibroblast
cell_5191472,0.17137404,-0.9792451,0.10821204,G1,Fibroblast
cell_5192145,-0.6914643,0.6021626,0.39909568,G0,Fibroblast
cell_5192303,0.96732426,0.24942654,-0.04549743,S,Fibroblast
cell_5193131,-0.059023757,-0.5756476,-0.8155649,G1-G0 transition,Fibroblast
cell_5193302,0.44251102,-0.37626788,0.8140064,G2M,Fibroblast
cell_5194465,0.034287434,-0.36634788,0.92984605,G2M,Fibroblast
cell_5194991,-0.4109809,0.398668,-0.8198527,G0,Fibroblast
cell_5195521,-0.5531516,0.71231204,-0.43201253,G0,Fibroblast
cell_5195700,0.95956355,0.085623614,0.26815355,S,Fibroblast
cell_5195727,-0.9133691,-0.11380935,0.39090192,G0,Fibroblast
cell_5197435,-0.42020416,0.85197437,0.31235886,G1-G0 transition,Fibroblast
cell_5203565,-0.9590821,0.20447259,-0.19583808,G0,Fibroblast
cell_5204254,0.3899942,-0.8730232,-0.29280552,G1,Fibroblast
cell_5204622,-0.89879525,-0.10638286,-0.4252643,G1-G0 transition,Fibroblast
cell_5206589,0.2853779,-0.8401821,-0.46114376,G1,Fibroblast
cell_5207378,0.69216,0.71500444,-0.09840173,G1,Fibroblast
cell_5208608,-0.6298791,0.7682383,0.114289865,G0,Fibroblast
cell_5209343,-0.7827478,0.5986901,0.16992906,G0,Fibroblast
cell_5211285,-0.86306673,0.30743417,0.4007492,G0,Fibroblast
cell_5211640,0.698138,0.6085912,-0.37712067,G1,Fibroblast
cell_5213461,-0.6068981,0.6491684,-0.4585356,G0,Fibroblast
cell_5213743,-0.7472072,0.33392787,0.5746073,G0,Fibroblast
cell_5215069,0.29974982,-0.58297306,-0.7551769,G1,Fibroblast
cell_5215288,0.25256956,-0.5670055,0.7840366,G2M,Fibroblast
cell_5217587,-0.5765371,-0.34801862,-0.7392482,G1-G0 transition,Fibroblast
cell_5220136,0.30837604,-0.9483428,0.0744989,G1,Fibroblast
cell_5223487,0.28663716,-0.9561998,-0.059339415,G1,Fibroblast
cell_5225527,-0.09102868,-0.99330723,0.07109498,G1,Fibroblast
cell_5231035,0.6926894,0.39600107,-0.60279715,G1,Fibroblast
cell_5232111,0.70953184,0.7046682,0.0026987062,S,Fibroblast
cell_5232370,-0.2609678,-0.48330206,-0.8356524,G1-G0 transition,Fibroblast
cell_5234077,-0.42921647,-0.22914912,-0.8736496,G1-G0 transition,Fibroblast
cell_5238141,-0.7963476,0.5911115,-0.12813112,G0,Fibroblast
cell_5240642,-0.86400414,-0.19366063,-0.46474966,G1-G0 transition,Fibroblast
cell_5242615,-0.6335514,0.7687134,0.087705985,G0,Fibroblast
cell_5242796,0.52460206,0.07136744,0.848351,S,Fibroblast
cell_5244937,0.070151895,-0.6387906,0.76617575,G2M,Fibroblast
cell_5247657,0.9520064,0.26002994,0.16145629,S,Fibroblast
cell_5248788,-0.1055622,-0.9888059,0.1054486,G1,Fibroblast
cell_5249615,-0.025555987,-0.98468757,-0.17244557,G1,Fibroblast
cell_5252087,0.90787137,0.09146633,0.40914956,S,Fibroblast
cell_5253952,-0.54456514,0.32075012,-0.7749634,G1-G0 transition,Fibroblast
cell_5254747,-0.8322648,0.5376431,0.13518569,G0,Fibroblast
cell_5257387,-0.34875458,-0.38004926,-0.85669875,G1-G0 transition,Fibroblast
cell_5259617,-0.694408,0.6349641,-0.3385526,G0,Fibroblast
cell_5261044,0.15343004,-0.9777148,0.14329377,G1,Fibroblast
cell_5262001,-0.8518076,0.52382493,-0.0055720797,G0,Fibroblast
cell_5264855,0.6352979,0.117572136,0.7632649,S,Fibroblast
cell_5265841,0.02014709,-0.5380788,0.8426537,G2M,Fibroblast
cell_5267966,-0.4081713,0.6134589,-0.6760654,G1-G0 transition,Fibroblast
cell_5268510,0.82054573,0.57147086,-0.011202494,S,Fibroblast
cell_5271108,-0.9676243,0.24921751,0.03992042,G0,Fibroblast
cell_5283799,-0.8919863,0.42817426,0.14500776,G0,Fibroblast
cell_5284820,0.8101451,-0.09870516,0.5778601,S,Fibroblast
cell_5286574,0.66845274,-0.36993918,0.6452255,G2M,Fibroblast
cell_5287507,-0.95440876,0.12538333,0.27089232,G0,Fibroblast
cell_5288967,-0.9415069,0.26979828,0.20192422,G0,Fibroblast
cell_5290342,0.14095314,-0.77510273,0.6159124,G2M,Fibroblast
cell_5290963,0.3633458,-0.46715817,0.80606645,G2M,Fibroblast
cell_5292583,0.7187107,0.6950768,0.01797155,G1,Fibroblast
cell_5294883,-0.31078163,-0.7043972,-0.6381531,G1-G0 transition,Fibroblast
cell_5295443,0.036657084,-0.9487191,0.3139878,G1,Fibroblast
cell_5297007,0.77709776,-0.12315027,0.6172139,S,Fibroblast
cell_5297052,0.5886708,-0.7034623,-0.39825544,S,Fibroblast
cell_5297223,-0.25147083,0.8925269,-0.3743769,G0,Fibroblast
cell_5298650,0.9249813,-0.17515711,0.3372381,S,Fibroblast
cell_5298817,-0.6019113,0.793967,-0.085550964,G0,Fibroblast
cell_5298893,0.8370466,0.03346732,0.54610705,S,Fibroblast
cell_5299379,-0.8373921,0.3717206,0.40074724,G0,Fibroblast
cell_5301579,0.42466897,-0.5592672,-0.71195257,G1,Fibroblast
cell_5303043,0.5350002,-0.25418177,0.8057087,G2M,Fibroblast
cell_5303078,-0.9471661,0.13250992,-0.29209134,G0,Fibroblast
cell_5303652,0.19832838,-0.6376727,-0.744338,G1,Fibroblast
cell_5304621,-0.88086975,0.4579382,0.11983802,G0,Fibroblast
cell_5305008,-0.9013672,0.14527056,-0.4079628,G0,Fibroblast
cell_5306593,-0.5044721,0.65764135,0.55947804,G0,Fibroblast
cell_5308040,-0.7028091,0.69523525,0.1506893,G0,Fibroblast
cell_5310811,-0.8216074,0.55298805,-0.13843928,G0,Fibroblast
cell_5311011,-0.36747026,0.042448055,-0.92906606,G1-G0 transition,Fibroblast
cell_5314581,-0.92293936,-0.018377809,-0.3845065,G1-G0 transition,Fibroblast
cell_5317188,0.37349615,0.2622632,-0.8897857,G1-G0 transition,Fibroblast
cell_5319019,0.024501929,-0.99424255,0.10431433,G1,Fibroblast
cell_5322974,0.60793483,0.14659563,0.78033626,S,Fibroblast
cell_5323322,-0.45624208,0.64205015,-0.61612904,G0,Fibroblast
cell_5323431,-0.89778376,0.17423026,0.40450972,G0,Fibroblast
cell_5326078,-0.96406406,0.2541538,0.077371456,G0,Fibroblast
cell_5330817,0.5479203,0.07052737,0.8335521,S,Fibroblast
cell_5331285,0.2855327,-0.95262474,0.10477109,G1,Fibroblast
cell_5333510,-0.016576858,-0.680059,0.73297,G2M,Fibroblast
cell_5336727,-0.55986434,0.71555275,0.4177754,G0,Fibroblast
cell_5337952,-0.80691403,0.5876121,-0.060013447,G0,Fibroblast
cell_5338657,0.5089783,-0.30935347,0.80326927,G2M,Fibroblast
cell_5339813,-0.8412998,0.21781142,0.4947453,G0,Fibroblast
cell_5340487,0.21881947,-0.72656715,0.6513204,G2M,Fibroblast
cell_5340975,0.61124206,-0.6820169,-0.40154225,G1,Fibroblast
cell_5341310,0.05263419,-0.67165285,0.7389939,G2M,Fibroblast
cell_5346718,0.9179798,0.3953035,0.032376457,S,Fibroblast
cell_5346945,0.43682972,-0.15658726,-0.8858104,G1,Fibroblast
cell_5348700,0.07686265,-0.9851355,-0.15362374,G1,Fibroblast
cell_5349705,-0.747055,0.11578917,0.6546004,G0,Fibroblast
cell_5350204,-0.8199968,0.57215494,0.015620421,G0,Fibroblast
cell_5353385,-0.9283202,0.05893588,0.36708045,G0,Fibroblast
cell_5354404,0.8539741,-0.101877235,0.5102445,S,Fibroblast
cell_5357134,-0.72815895,0.5485674,0.4109238,G0,Fibroblast
cell_5361767,-0.9478653,0.18789977,0.2573811,G0,Fibroblast
cell_5364878,0.6608194,0.6634946,-0.3508455,G1,Fibroblast
cell_5366081,0.51044947,-0.4183575,0.75127786,G2M,Fibroblast
cell_5368605,-0.53812474,-0.042305604,-0.84180284,G1-G0 transition,Fibroblast
cell_5373101,0.44334212,0.009875401,0.896298,S,Fibroblast
cell_5374163,0.037777197,-0.015559599,-0.999165,G1-G0 transition,Fibroblast
cell_5375718,0.49888852,0.773631,-0.3906473,G1,Fibroblast
cell_5376156,-0.5338244,0.8061637,0.25520897,G0,Fibroblast
cell_5382861,-0.14196509,-0.9110057,-0.38718805,G1-G0 transition,Fibroblast
cell_5383868,-0.8015561,0.5601014,0.20927031,G0,Fibroblast
cell_5383993,-0.89931464,0.4174864,0.1301473,G0,Fibroblast
cell_5384387,-0.7658741,0.6316121,0.12042898,G0,Fibroblast
cell_5385868,-0.91679484,0.333472,0.21973549,G0,Fibroblast
cell_5386415,-0.47349253,0.82680863,0.3036317,G0,Fibroblast
cell_5388914,-0.97228116,-0.067294195,0.22392152,G0,Fibroblast
cell_5389689,0.047747254,-0.8045354,0.59198225,G2M,Fibroblast
cell_5390031,-0.5312015,0.8163828,-0.22659266,G1-G0 transition,Fibroblast
cell_5391787,-0.77505183,0.38081622,0.5042556,G0,Fibroblast
cell_5394555,-0.89801735,0.4035612,0.1752234,G0,Fibroblast
cell_5395220,0.8851187,0.46534312,-0.0045569683,S,Fibroblast
cell_5395642,-0.42458683,0.39514697,-0.8146072,G1-G0 transition,Fibroblast
cell_5396597,0.33376926,-0.92131764,-0.19942914,G1,Fibroblast
cell_5400093,0.22531621,-0.18524677,-0.95651245,G1-G0 transition,Fibroblast
cell_5400103,0.2788528,-0.48557547,-0.82852733,G1,Fibroblast
cell_5405167,0.32432708,0.941445,-0.092158146,S,Fibroblast
cell_5410385,-0.92736566,-0.060218297,0.3692786,G0,Fibroblast
cell_5410510,-0.9943148,-0.017345883,0.10505809,G0,Fibroblast
cell_5416993,-0.7450954,0.6564444,0.11795638,G0,Fibroblast
cell_5418213,0.19049701,-0.58190435,0.79063153,G2M,Fibroblast
cell_5418359,0.8640257,-0.12631482,0.48734382,S,Fibroblast
cell_5421843,-0.96145606,0.10369968,-0.25465426,G0,Fibroblast
cell_5422849,0.67261666,0.14297669,0.72604704,S,Fibroblast
cell_5423604,0.29298866,0.5918491,-0.75091434,G1-G0 transition,Fibroblast
cell_5423958,-0.14266777,-0.9870051,-0.07393763,G1,Fibroblast
cell_5424213,0.13195074,-0.98668617,-0.09507662,G1,Fibroblast
cell_5427196,-0.91562057,0.36802664,0.16184989,G0,Fibroblast
cell_5427342,-0.8140982,0.13526182,0.5647552,G0,Fibroblast
cell_5428708,-0.9000065,0.37332416,0.22498293,G0,Fibroblast
cell_5430068,0.07632428,-0.7702074,-0.6332103,G1-G0 transition,Fibroblast
cell_5430279,-0.9756049,-0.17578718,0.13150612,G0,Fibroblast
cell_5433762,-0.80464834,0.5841604,-0.1062903,G0,Fibroblast
cell_5433890,-0.8742772,0.3480806,0.33834782,G0,Fibroblast
cell_5434984,-0.19254504,-0.9756924,0.10464568,G1,Fibroblast
cell_5436787,-0.062421747,-0.53090143,0.84513134,G2M,Fibroblast
cell_5437849,0.051379364,-0.54797137,0.8349178,G2M,Fibroblast
cell_5437875,-0.91711634,0.39861754,0.0012696808,G0,Fibroblast
cell_5438321,-0.63166213,0.76979214,0.0917774,G0,Fibroblast
cell_5440682,0.71356016,0.621752,-0.32288736,S,Fibroblast
cell_5443005,0.061124276,-0.9977934,0.025924932,G1,Fibroblast
cell_5443375,0.09968792,-0.7657418,0.6353753,G2M,Fibroblast
cell_5443527,0.25223005,-0.72713435,0.63847905,G2M,Fibroblast
cell_5445193,0.89465487,0.03205874,0.44560608,S,Fibroblast
cell_5445735,-0.8014872,0.5795188,-0.14756739,G0,Fibroblast
cell_5445855,-0.658,0.72023076,0.21978077,G0,Fibroblast
cell_5445912,0.72273636,-0.41785622,0.5504982,G2M,Fibroblast
cell_5446050,-0.9968597,0.07233274,-0.032226324,G0,Fibroblast
cell_5447227,-0.9388467,0.2912305,0.18371579,G0,Fibroblast
cell_5448395,0.9802259,0.1620543,0.11355759,S,Fibroblast
cell_5451457,0.6266614,0.2506588,-0.7378792,G1,Fibroblast
cell_5451547,-0.89601445,0.36751345,-0.24918292,G0,Fibroblast
cell_5452843,-0.7687141,0.43598735,-0.46796754,G1-G0 transition,Fibroblast
cell_5454069,-0.6549449,0.7336005,0.18132128,G0,Fibroblast
cell_5454252,0.4436178,0.2680455,-0.85519284,G1,Fibroblast
cell_5456825,-0.24038967,0.5966579,-0.7656448,G1-G0 transition,Fibroblast
cell_5457732,-0.38332954,0.7308749,0.5646948,G0,Fibroblast
cell_5460246,0.1269118,-0.9631496,0.23714182,G1,Fibroblast
cell_5462518,0.86385065,0.4478648,0.23060574,S,Fibroblast
cell_5464579,-0.81578696,0.48062027,-0.32170793,G1-G0 transition,Fibroblast
cell_5465488,0.23108292,-0.9370046,-0.26195988,G1,Fibroblast
cell_5467963,0.1971261,-0.9803411,0.008527771,G1,Fibroblast
cell_5471292,-0.61790967,0.77957875,-0.10219838,G0,Fibroblast
cell_5472395,0.08724089,-0.7522014,-0.6531325,G1,Fibroblast
cell_5472539,-0.94983506,0.20332612,-0.23763803,G0,Fibroblast
cell_5472956,0.96105593,-0.10475463,0.25573015,S,Fibroblast
cell_5473062,0.09729627,-0.6561623,-0.7483211,G1,Fibroblast
cell_5474310,0.978732,0.054828484,0.19768041,S,Fibroblast
cell_5474666,0.6169895,0.007290123,0.7869377,S,Fibroblast
cell_5479599,-0.32485476,0.63363314,-0.7021243,G1-G0 transition,Fibroblast
cell_5479842,-0.82148,0.23222129,0.5208108,G0,Fibroblast
cell_5480651,-0.8708738,0.4048061,0.2787666,G0,Fibroblast
cell_5481362,0.77467453,-0.21165136,0.5958884,S,Fibroblast
cell_5483107,0.17004424,0.60395014,-0.77867144,G1-G0 transition,Fibroblast
cell_5484486,-0.7784685,0.17638375,0.60239166,G0,Fibroblast
cell_5485345,0.3370566,-0.7860057,-0.5182545,G1,Fibroblast
cell_5486377,-0.21655393,-0.008462874,-0.976234,G1-G0 transition,Fibroblast
cell_5489618,0.110801674,0.7418934,-0.6612997,G1-G0 transition,Fibroblast
cell_5492945,-0.9717798,-0.016282566,-0.23532648,G0,Fibroblast
cell_5493139,-0.6481501,0.19669403,-0.73567176,G1-G0 transition,Fibroblast
cell_5497909,0.23884337,-0.91725874,-0.31873217,G1,Fibroblast
cell_5501998,-0.82333064,0.5164844,-0.23530956,G0,Fibroblast
cell_5502547,-0.5936182,0.6581692,0.46306646,G0,Fibroblast
cell_5506998,-0.57271135,0.5820894,-0.5772119,G1-G0 transition,Fibroblast
cell_5507298,0.77007097,-0.2263659,-0.59644717,S,Fibroblast
cell_5508201,0.9695041,0.14707045,0.19604065,S,Fibroblast
cell_5508553,0.34355515,0.22438458,-0.91193277,G1,Fibroblast
cell_5508784,0.73744375,0.67482716,-0.028013943,G1,Fibroblast
cell_5508923,0.8278599,0.06984331,-0.5565697,S,Fibroblast
cell_5513580,-0.97001606,0.17152573,0.17218521,G0,Fibroblast
cell_5514993,-0.60186714,0.50851053,0.6157702,G0,Fibroblast
cell_5517733,0.90650296,0.39581707,-0.14690529,S,Fibroblast
cell_5517796,-0.7722721,0.6255548,-0.11080196,G0,Fibroblast
cell_5518453,0.9913507,0.0847903,0.10017207,S,Fibroblast
cell_5523419,0.531315,-0.3991736,0.74723804,G2M,Fibroblast
cell_5525263,0.5580994,-0.06430101,-0.827279,G1,Fibroblast
cell_5526288,0.4661683,-0.51628876,-0.718424,G1,Fibroblast
cell_5532875,0.92344755,-0.13196437,0.3603193,S,Fibroblast
cell_5533020,-0.81082034,0.58487153,-0.022265399,G0,Fibroblast
cell_5534903,0.7783832,-0.38384312,-0.4967736,S,Fibroblast
cell_5535527,0.31456238,-0.4847535,-0.81612766,G1-G0 transition,Fibroblast
cell_5535992,0.83989745,-0.23190087,0.49070805,S,Fibroblast
cell_5536631,-0.941335,-0.062170874,-0.33169737,G1-G0 transition,Fibroblast
cell_5539053,0.8901621,-0.20765063,0.40557677,S,Fibroblast
cell_5546882,0.29951334,0.48481292,-0.8217349,G1-G0 transition,Fibroblast
cell_5547170,0.85365635,0.014707486,-0.52062887,S,Fibroblast
cell_5547196,-0.61661404,0.13886055,-0.7749225,G1-G0 transition,Fibroblast
cell_5547440,0.8201162,0.5572322,-0.13000596,S,Fibroblast
cell_5547655,-0.6879009,0.7208624,0.084555484,G0,Fibroblast
cell_5547713,-0.8433976,0.16456997,-0.51146555,G0,Fibroblast
cell_5548953,-0.9995896,0.02573157,0.012593385,G0,Fibroblast
cell_5549028,0.89956075,0.36728606,-0.23641366,S,Fibroblast
cell_5549622,0.9279916,-0.08589307,0.36256576,S,Fibroblast
cell_5550294,0.42601714,-0.2427015,0.8715535,S,Fibroblast
cell_5551283,0.17158334,-0.6998264,0.693399,G2M,Fibroblast
cell_5551664,0.05683622,-0.83934325,0.54062223,G2M,Fibroblast
cell_5552761,-0.050221357,-0.9980424,0.037271284,G1,Fibroblast
cell_5553214,-0.9260761,0.3771572,-0.011637728,G0,Fibroblast
cell_5554000,0.075141214,-0.7285113,0.6809003,G2M,Fibroblast
cell_5554326,0.98402774,0.13269015,0.11867094,S,Fibroblast
cell_5556802,-0.38786125,0.91125196,-0.13850476,G0,Fibroblast
cell_5557414,0.15816766,-0.9774466,0.13993253,G1,Fibroblast
cell_5558704,-0.84930253,0.23604995,0.47219235,G0,Fibroblast
cell_5559555,0.515902,0.6470269,-0.5614279,G1,Fibroblast
cell_5564322,0.89443403,0.07177732,-0.44140196,S,Fibroblast
cell_5564908,0.9593212,-0.24318898,-0.1433944,S,Fibroblast
cell_5565991,0.07836818,-0.72784406,0.6812498,G2M,Fibroblast
cell_5566062,-0.021779943,0.7104153,-0.7034456,G1-G0 transition,Fibroblast
cell_5566237,0.8168353,0.47817197,0.32269427,G1,Fibroblast
cell_5566522,-0.6869668,0.72516984,0.04696232,G1-G0 transition,Fibroblast
cell_5567303,-0.24962865,-0.80360794,-0.54027754,G1-G0 transition,Fibroblast
cell_5567693,-0.75012696,0.33080372,-0.5726067,G1-G0 transition,Fibroblast
cell_5568473,0.041605126,-0.5125768,-0.85763276,G1-G0 transition,Fibroblast
cell_5569459,0.5444367,-0.8347407,-0.08244134,G1,Fibroblast
cell_5570484,0.9225179,0.11726006,0.36771026,S,Fibroblast
cell_5571731,-0.13286932,-0.8085399,-0.5732443,G1-G0 transition,Fibroblast
cell_5572261,-0.8389039,0.50119144,0.21224391,G0,Fibroblast
cell_5572580,0.009205474,-0.95194554,-0.30612907,G1,Fibroblast
cell_5572633,-0.6323753,0.64825547,0.4241066,G0,Fibroblast
cell_5573811,-0.9040281,0.42403138,-0.054134242,G0,Fibroblast
cell_5575387,-0.7553559,0.56100523,0.3386896,G0,Fibroblast
cell_5576260,-0.806785,0.5849121,0.08352153,G0,Fibroblast
cell_5576885,-0.5261232,0.7794552,-0.3400648,G0,Fibroblast
cell_5580641,0.4846989,-0.09391204,-0.869625,G1,Fibroblast
cell_5584532,-0.6760608,0.40892923,-0.61295885,G1-G0 transition,Fibroblast
cell_5585937,-0.02858228,-0.58244723,0.81236583,G2M,Fibroblast
cell_5593678,-0.58505446,-0.36536738,-0.72402894,G1-G0 transition,Fibroblast
cell_5594493,0.0710638,-0.08254736,-0.9940502,G1-G0 transition,Fibroblast
cell_5596539,-0.06030885,0.9412174,0.3323739,G0,Fibroblast
cell_5596634,-0.674938,0.6804965,0.28527728,G0,Fibroblast
cell_5598294,0.7416245,-0.3845902,-0.5496212,S,Fibroblast
cell_5601164,-0.7806327,0.28369266,0.5568942,G0,Fibroblast
cell_5602498,0.91165733,0.3564877,0.20444405,S,Fibroblast
cell_5603884,0.0051409286,-0.9845002,0.17530705,G1,Fibroblast
cell_5605464,0.9652431,0.014860384,0.26093102,S,Fibroblast
cell_5607987,-0.6525647,-0.29655865,-0.6972892,G1-G0 transition,Fibroblast
cell_5609211,-0.014424991,-0.20624396,-0.9783944,G1-G0 transition,Fibroblast
cell_5611982,-0.7748073,0.6259164,-0.08889521,G0,Fibroblast
cell_5615012,0.91149825,0.19498326,0.36214998,S,Fibroblast
cell_5619034,0.12800184,-0.68733764,0.7149703,G2M,Fibroblast
cell_5622086,0.048434008,-0.9988168,0.004368261,G1,Fibroblast
cell_5622836,0.104491994,-0.8524445,0.51226914,G2M,Fibroblast
cell_5624334,-0.50810295,-0.57974654,-0.63696575,G1-G0 transition,Fibroblast
cell_5624459,-0.77188075,0.45312282,0.44595933,G0,Fibroblast
cell_5625194,-0.8923854,0.44565925,0.07096493,G0,Fibroblast
cell_5627587,-0.8487515,0.52876997,-0.004815079,G0,Fibroblast
cell_5628121,-0.028636837,0.90244883,-0.4298443,G0,Fibroblast
cell_5628552,0.81369543,0.2406163,0.52915365,S,Fibroblast
cell_5630736,0.8796375,0.41726682,-0.2283121,S,Fibroblast
cell_5631557,0.4793612,-0.7176026,-0.505232,G1,Fibroblast
cell_5632722,0.54614115,0.03338873,-0.83702755,S,Fibroblast
cell_5639340,0.8944669,0.4293814,0.12474206,S,Fibroblast
cell_5640139,0.14074577,-0.6639644,0.734399,G2M,Fibroblast
cell_5641653,0.06474751,-0.72746706,-0.68308085,G1,Fibroblast
cell_5641717,-0.9489067,0.24444902,0.19955117,G0,Fibroblast
cell_5641963,-0.96480113,0.15113218,0.2152159,G0,Fibroblast
cell_5642056,-0.561852,0.7120816,0.4210252,G0,Fibroblast
cell_5642723,-0.07485504,-0.83223784,0.5493423,G2M,Fibroblast
cell_5644583,0.99430186,0.04287213,0.0976002,S,Fibroblast
cell_5644960,0.94174856,0.06325205,0.33031648,S,Fibroblast
cell_5645412,0.53065056,0.7057473,-0.469394,G1,Fibroblast
cell_5645792,0.6499698,0.74837303,-0.13220075,G0,Fibroblast
cell_5647114,-0.91488564,0.15519431,0.37269163,G0,Fibroblast
cell_5652419,-0.27421036,0.25348163,-0.9276615,G1-G0 transition,Fibroblast
cell_5653092,0.21772228,0.14932095,-0.9645207,G1-G0 transition,Fibroblast
cell_5657178,0.03214735,-0.95941633,0.28015494,G2M,Fibroblast
cell_5657282,0.93230456,0.16562973,0.32151958,S,Fibroblast
cell_5659121,-0.8390699,0.4616075,-0.28788927,G0,Fibroblast
cell_5659373,-0.5830202,0.6161844,-0.52953196,G1-G0 transition,Fibroblast
cell_5660259,0.3726032,-0.07900698,-0.9246214,G1-G0 transition,Fibroblast
cell_5665441,-0.5622344,0.704036,-0.4338499,G1-G0 transition,Fibroblast
cell_5667863,-0.36729768,-0.60185426,-0.709129,G1-G0 transition,Fibroblast
cell_5670468,0.68843937,0.50553,-0.5200871,S,Fibroblast
cell_5671669,0.76468545,0.5247549,0.37401664,S,Fibroblast
cell_5673640,-0.6173082,0.6659849,0.41880164,G0,Fibroblast
cell_5675115,-0.091768555,-0.9394468,-0.33017904,G1,Fibroblast
cell_5680915,-0.8784754,0.062033176,0.4737432,G0,Fibroblast
cell_5684297,0.48535994,0.6326004,-0.603525,G1,Fibroblast
cell_5685758,0.14520584,0.1436807,-0.9789133,G1,Fibroblast
cell_5687384,0.7108567,0.16962637,0.68257576,S,Fibroblast
cell_5688230,-0.61859715,0.760199,0.19858292,G0,Fibroblast
cell_5690285,0.2866661,-0.4354114,0.85336936,G2M,Fibroblast
cell_5692124,-0.85746217,0.47640952,0.1944029,G0,Fibroblast
cell_5693387,0.56046146,0.47842094,0.67601514,S,Fibroblast
cell_5695494,0.18875468,-0.8718982,-0.45184645,G1,Fibroblast
cell_5696036,0.9914845,-0.10827952,-0.0723467,S,Fibroblast
cell_5696901,0.21185978,-0.2482768,0.9452375,G2M,Fibroblast
cell_5697426,-0.18417707,-0.9710392,0.1521893,G1,Fibroblast
cell_5699623,0.35739097,0.751246,-0.5548884,G1,Fibroblast
cell_5701305,0.072927065,-0.07928132,-0.99418116,G1-G0 transition,Fibroblast
cell_5702747,0.46747595,0.54329103,-0.6973529,G1-G0 transition,Fibroblast
cell_5703027,0.94037795,-0.21599025,0.26275015,S,Fibroblast
cell_5704333,-0.7724632,0.6292097,-0.08599768,G0,Fibroblast
cell_5707059,0.4353792,-0.5713316,0.69571906,G2M,Fibroblast
cell_5707464,-0.6272406,0.7499789,0.21000253,G0,Fibroblast
cell_5707717,-0.896889,0.4351939,-0.07871758,G0,Fibroblast
cell_5709130,-0.08662795,-0.99615335,0.013198285,G1,Fibroblast
cell_5709863,-0.42329475,0.9058509,-0.015990641,G1-G0 transition,Fibroblast
cell_5710198,-0.35272786,-0.51510847,-0.78118265,G1-G0 transition,Fibroblast
cell_5710472,0.9665388,0.15007696,-0.20803814,S,Fibroblast
cell_5710627,-0.6380396,0.43238127,-0.63714355,G0,Fibroblast
cell_5713104,-0.83882946,0.416798,-0.3502066,G0,Fibroblast
cell_5713108,0.75325835,0.50537574,-0.42094794,S,Fibroblast
cell_5721087,-0.94423807,0.06394715,0.32299396,G0,Fibroblast
cell_5721613,-0.87575585,0.48205984,0.025886565,G0,Fibroblast
cell_5722473,0.48420554,-0.39401415,0.7812156,G2M,Fibroblast
cell_5722842,0.93308747,0.19637111,0.30130735,S,Fibroblast
cell_5723982,0.32501885,-0.43006054,0.84226507,G2M,Fibroblast
cell_5724038,-0.75686926,0.5707179,-0.3184808,G0,Fibroblast
cell_5724363,-0.94878256,0.28100762,-0.14438266,G0,Fibroblast
cell_5729219,-0.19723372,0.7967559,-0.57120806,G1-G0 transition,Fibroblast
cell_5730014,-0.3768378,-0.4586254,-0.8047709,G1-G0 transition,Fibroblast
cell_5731191,-0.9065858,0.42101657,-0.029108088,G0,Fibroblast
cell_5732097,-0.46378654,-0.07090402,-0.88310504,G1-G0 transition,Fibroblast
cell_5733164,0.60270727,-0.54127896,0.5863113,G2M,Fibroblast
cell_5733482,-0.6583745,-0.018190593,-0.75247055,G1-G0 transition,Fibroblast
cell_5738918,0.78175735,0.34999368,-0.51610065,S,Fibroblast
cell_5739325,-0.82762706,0.32778636,0.45561987,G0,Fibroblast
cell_5739731,-0.8692176,0.26980054,0.4143288,G0,Fibroblast
cell_5739852,0.113660656,0.27996317,-0.95325845,G1-G0 transition,Fibroblast
cell_5742572,-0.94854516,0.30177814,-0.095874466,G0,Fibroblast
cell_5742850,-0.91408867,0.3795872,-0.14267276,G0,Fibroblast
cell_5743168,-0.46110478,0.84271395,0.27787676,G0,Fibroblast
cell_5743309,0.64665353,0.015303204,-0.7626304,S,Fibroblast
cell_5743652,-0.5156897,0.43791106,-0.73640877,G1-G0 transition,Fibroblast
cell_5743693,-0.4035224,-0.53692734,-0.74086326,G1-G0 transition,Fibroblast
cell_5743740,-0.7635618,0.049563035,-0.6438299,G1-G0 transition,Fibroblast
cell_5744807,0.85539216,0.061981916,0.51425916,S,Fibroblast
cell_5745228,-0.692369,0.3932939,-0.60493404,G0,Fibroblast
cell_5745296,0.6237481,0.27204603,0.73275447,S,Fibroblast
cell_5750433,-0.6838098,0.66040426,0.31027445,G0,Fibroblast
cell_5751159,0.9384731,0.34046268,0.057907626,S,Fibroblast
cell_5752481,0.76534,0.5874587,0.26295805,S,Fibroblast
cell_5753038,-0.90110177,0.39973342,-0.16801454,G0,Fibroblast
cell_5753263,0.9716858,0.23597144,0.011999952,S,Fibroblast
cell_5755664,-0.7854255,0.6047478,-0.13185826,G0,Fibroblast
cell_5755751,0.3159062,-0.8778161,-0.3600587,G1,Fibroblast
cell_5756768,0.23736967,-0.75666684,-0.6091888,G1,Fibroblast
cell_5757540,-0.97062427,-0.0003312919,0.24059984,G0,Fibroblast
cell_5758441,-0.20671396,-0.67201555,-0.71110076,G1-G0 transition,Fibroblast
cell_5758761,-0.057066105,0.418899,-0.9062377,G1-G0 transition,Fibroblast
cell_5760046,0.65241224,0.75282925,-0.08721507,S,Fibroblast
cell_5760670,-0.96480674,-0.08957823,0.24723214,G0,Fibroblast
cell_5762835,0.7230989,0.6767388,-0.13839322,G1,Fibroblast
cell_5765261,0.07827021,-0.70143175,0.708426,G2M,Fibroblast
cell_5765312,0.76425874,-0.3778493,0.5226267,S,Fibroblast
cell_5767372,-0.91716725,0.18169303,-0.3546717,G1-G0 transition,Fibroblast
cell_5770060,0.98487544,0.0056836647,0.17317031,S,Fibroblast
cell_5772094,-0.7024287,0.49410394,-0.51230395,G1-G0 transition,Fibroblast
cell_5772450,0.85987395,0.4477,-0.24531886,S,Fibroblast
cell_5773687,0.7101733,0.4027894,-0.5774206,G1,Fibroblast
cell_5775373,-0.8648225,0.3035366,0.3999346,G0,Fibroblast
cell_5777465,0.35276043,-0.77743524,-0.520725,G1,Fibroblast
cell_5777830,-0.7922452,0.22632922,0.56667656,G0,Fibroblast
cell_5778378,0.25339648,-0.45230418,-0.8551089,G1,Fibroblast
cell_5779362,-0.93750167,0.22446495,-0.2659061,G0,Fibroblast
cell_5779387,-0.23314968,0.9063095,0.35248303,G0,Fibroblast
cell_5779597,0.5744298,-0.62008864,-0.53434104,G1,Fibroblast
cell_5779766,-0.86647785,0.017564256,-0.49890637,G0,Fibroblast
cell_5781231,-0.42216203,-0.5857478,-0.691866,G1-G0 transition,Fibroblast
cell_5781593,-0.32768172,0.66364115,0.6724621,G0,Fibroblast
cell_5781686,-0.004204557,-0.9965559,0.08281677,G1,Fibroblast
cell_5786970,-0.93374527,0.18315125,-0.30753112,G1-G0 transition,Fibroblast
cell_5787651,-0.93910414,0.2148966,0.26814693,G0,Fibroblast
cell_5787740,-0.91032225,0.29962882,0.28554514,G0,Fibroblast
cell_5789164,0.33599135,-0.6689749,-0.6630101,G1,Fibroblast
cell_5789705,0.19437625,-0.89514124,-0.40117308,G1,Fibroblast
cell_5790912,0.2333096,-0.9301285,-0.28359744,G1,Fibroblast
cell_5793057,-0.6731292,0.71134484,0.20220162,G0,Fibroblast
cell_5794907,-0.91860366,0.39148644,0.05390288,G0,Fibroblast
cell_5795436,0.84132063,-0.25242794,-0.47797447,S,Fibroblast
cell_5795516,-0.2167747,-0.85769033,-0.46623594,G1,Fibroblast
cell_5797747,0.20358789,-0.4388257,0.87520516,G2M,Fibroblast
cell_5798817,-0.94646436,0.14675035,-0.28752333,G1-G0 transition,Fibroblast
cell_5801759,0.79569805,0.59772706,0.097913265,S,Fibroblast
cell_5802437,0.90741956,0.27919418,0.31407043,S,Fibroblast
cell_5803049,0.7269526,-0.18162932,0.66223156,S,Fibroblast
cell_5803523,-0.9323703,0.33906004,0.12539469,G0,Fibroblast
cell_5803526,0.22923213,0.9733419,-0.00762518,G1,Fibroblast
cell_5804435,0.3791896,0.69316787,-0.6129712,G1-G0 transition,Fibroblast
cell_5804557,-0.88762677,0.188185,0.42036304,G0,Fibroblast
cell_5805351,-0.8849862,0.24028786,-0.39882445,G1-G0 transition,Fibroblast
cell_5806297,0.007269976,-0.99268126,0.12054508,G1,Fibroblast
cell_5806808,-0.7755552,0.31787074,0.5454102,G0,Fibroblast
cell_5807026,-0.74520504,0.65126,0.14328308,G0,Fibroblast
cell_5807347,0.60990226,-0.31950217,-0.72521555,S,Fibroblast
cell_5808726,0.52293855,0.8410627,-0.13837904,G1,Fibroblast
cell_5811203,-0.8218029,0.5086177,-0.25680333,G1-G0 transition,Fibroblast
cell_5811283,-0.6823317,0.72403747,0.10096124,G0,Fibroblast
cell_5815044,0.9156161,0.06252449,0.3971622,S,Fibroblast
cell_5815511,-0.23967054,0.54545844,-0.8031395,G1-G0 transition,Fibroblast
cell_5815667,-0.7511969,0.2151167,0.6240417,G0,Fibroblast
cell_5818118,-0.9343437,0.06639735,-0.35013318,G0,Fibroblast
cell_5828818,-0.84089756,0.103134416,-0.5312761,G1-G0 transition,Fibroblast
cell_5829499,0.9627872,0.061649624,0.26313514,S,Fibroblast
cell_5830186,-0.91835606,0.09403431,-0.3844213,G0,Fibroblast
cell_5831679,0.3952113,0.42385748,-0.8149558,G1-G0 transition,Fibroblast
cell_5836144,-0.9146471,0.27707264,0.29436627,G0,Fibroblast
cell_5836584,-0.7370721,0.4871845,0.46837604,G0,Fibroblast
cell_5837437,0.3642593,-0.53767765,-0.7604064,G1,Fibroblast
cell_5837827,0.5033337,-0.170854,0.8470325,G2M,Fibroblast
cell_5841218,0.75364405,-0.06305224,0.6542515,G2M,Fibroblast
cell_5845224,0.637165,0.77066123,0.010101629,G1,Fibroblast
cell_5845433,0.9512731,0.19126001,0.24186592,S,Fibroblast
cell_5846859,-0.8273213,0.56125945,-0.022965958,G0,Fibroblast
cell_5847623,-0.967126,-0.0103777535,0.25408587,G0,Fibroblast
cell_5848916,-0.80132407,0.4824164,0.3537712,G0,Fibroblast
cell_5848942,0.087905735,-0.98833,-0.12440376,G1,Fibroblast
cell_5851084,-0.9525193,-0.19497016,-0.23386662,G0,Fibroblast
cell_5854834,0.60880405,0.7888109,-0.0844688,G1,Fibroblast
cell_5855413,-0.056053594,-0.9974303,-0.04461695,G1,Fibroblast
cell_5856547,-0.7537965,0.6143063,0.23327795,G0,Fibroblast
cell_5857194,0.95715755,-0.020668516,0.28882897,S,Fibroblast
cell_5857490,-0.16033433,-0.5788506,-0.7995154,G1-G0 transition,Fibroblast
cell_5857740,0.7998094,0.5483142,-0.24424641,S,Fibroblast
cell_5861092,-0.84633946,0.4555049,0.27608842,G0,Fibroblast
cell_5861988,0.7038683,0.7047221,-0.08908478,G1,Fibroblast
cell_5862515,0.93422216,0.065811895,-0.35056755,S,Fibroblast
cell_5863497,0.3335622,0.6143654,-0.7150465,G1,Fibroblast
cell_5864745,-0.32194206,-0.3634735,-0.87420833,G1-G0 transition,Fibroblast
cell_5864841,-0.67647904,-0.27921122,-0.6814816,G1-G0 transition,Fibroblast
cell_5864876,-0.90202636,-0.22793597,0.36659718,G0,Fibroblast
cell_5866357,-0.6622365,0.08897255,-0.7439937,G1-G0 transition,Fibroblast
cell_5866552,0.89267313,-0.011064252,0.45056868,S,Fibroblast
cell_5866808,0.9925471,0.11999714,-0.02123503,S,Fibroblast
cell_5868835,-0.7094239,0.644839,0.2844297,G0,Fibroblast
cell_5870218,-0.9554544,0.009716435,-0.29497865,G0,Fibroblast
cell_5871585,-0.89099085,0.33218092,-0.3095016,G0,Fibroblast
cell_5871806,-0.00036900732,-0.96338344,-0.26812735,G1,Fibroblast
cell_5872200,-0.86704206,0.34287405,-0.3614905,G0,Fibroblast
cell_5872527,-0.91876745,0.30765033,0.24742176,G0,Fibroblast
cell_5876080,-0.96508735,0.025221555,0.2607109,G0,Fibroblast
cell_5876690,-0.9412984,0.24657409,0.23056096,G0,Fibroblast
cell_5876852,-0.1581353,-0.966263,0.20329511,G1,Fibroblast
cell_5877812,0.5377599,-0.83195806,0.13660179,G1,Fibroblast
cell_5878644,0.5718339,0.31955695,0.75557196,S,Fibroblast
cell_5884610,-0.3712865,-0.3940474,-0.8407575,G1-G0 transition,Fibroblast
cell_5886558,-0.12485902,0.41904214,-0.8993408,G1-G0 transition,Fibroblast
cell_5886896,-0.7257823,0.5602137,-0.39925024,G1-G0 transition,Fibroblast
cell_5887391,-0.26806986,-0.6200641,-0.73733234,G1,Fibroblast
cell_5889214,-0.9740629,0.13435096,-0.18207456,G0,Fibroblast
cell_5890734,-0.6175151,0.75951934,0.20446403,G0,Fibroblast
cell_5891461,-0.88502747,0.20021312,0.420287,G0,Fibroblast
cell_5894557,0.14003214,0.98137933,-0.13147497,G0,Fibroblast
cell_5895114,-0.76632845,0.62696517,0.14019747,G0,Fibroblast
cell_5897057,0.06771303,-0.72553104,0.6848501,G2M,Fibroblast
cell_5898197,-0.18966602,0.23627253,-0.9529964,G1-G0 transition,Fibroblast
cell_5898899,0.8409142,-0.11347207,0.52913845,S,Fibroblast
cell_5902948,0.7143949,-0.6617872,-0.22732708,G1,Fibroblast
cell_5903324,0.62165856,-0.3608139,0.69523656,G2M,Fibroblast
cell_5905648,-0.1551308,-0.98719215,0.037230257,G1,Fibroblast
cell_5911439,-0.70842755,0.515225,-0.4823625,G1-G0 transition,Fibroblast
cell_5913148,-0.97042733,0.13739268,0.19847947,G0,Fibroblast
cell_5913611,0.5464764,-0.25296095,0.7983571,G2M,Fibroblast
cell_5916740,-0.5330982,0.5375505,0.6533344,G0,Fibroblast
cell_5918269,0.8657733,-0.18590978,0.46462253,S,Fibroblast
cell_5919378,0.6312222,0.1521107,-0.7605399,G1,Fibroblast
cell_5922945,-0.68045306,-0.59869957,-0.42254287,G1-G0 transition,Fibroblast
cell_5922986,0.91441685,-0.024921943,0.4040058,S,Fibroblast
cell_5923369,0.6975034,-0.042055275,-0.7153464,G1,Fibroblast
cell_5924713,-0.3675254,-0.5439658,-0.7543383,G1-G0 transition,Fibroblast
cell_5925870,-0.6502062,0.39500073,0.6490041,G0,Fibroblast
cell_5929693,-0.096361876,-0.9683523,0.23023511,G1,Fibroblast
cell_5930228,0.8559402,0.4312815,-0.28524143,S,Fibroblast
cell_5931191,-0.7197849,0.6939719,-0.01767575,G0,Fibroblast
cell_5932838,-0.84234804,0.2737164,0.46425098,G0,Fibroblast
cell_5933293,0.22262822,0.39125168,-0.89294946,G1-G0 transition,Fibroblast
cell_5933535,0.92788124,0.33429983,-0.16516654,S,Fibroblast
cell_5935064,0.8970781,0.06415495,0.43718988,S,Fibroblast
cell_5935706,-0.9796453,0.004308002,0.20068938,G0,Fibroblast
cell_5936895,-0.16857584,-0.9219255,-0.34876296,G1,Fibroblast
cell_5937164,-0.6460708,0.76118183,0.056520566,G1-G0 transition,Fibroblast
cell_5938401,0.06394981,-0.8745625,0.4806776,G2M,Fibroblast
cell_5939515,-0.5206284,-0.31417882,-0.79387516,G1-G0 transition,Fibroblast
cell_5940531,0.8762518,0.24089222,0.4173174,S,Fibroblast
cell_5940638,-0.7698215,0.30447328,0.56095535,G0,Fibroblast
cell_5942016,0.10844936,-0.990066,0.08948737,G1,Fibroblast
cell_5942876,-0.6105404,0.09799288,-0.7858994,G1-G0 transition,Fibroblast
cell_5944653,0.5428331,0.2927904,0.78715056,S,Fibroblast
cell_5944978,-0.56691194,0.017091608,-0.8236011,G1-G0 transition,Fibroblast
cell_5945078,0.93153167,0.09355745,0.35141966,S,Fibroblast
cell_5945804,-0.6184687,0.77189946,0.1471994,G0,Fibroblast
cell_5946917,-0.8763316,0.31146604,0.3674665,G0,Fibroblast
cell_5948099,0.05108826,-0.9581236,0.28176075,G2M,Fibroblast
cell_5948587,-0.67973757,0.7334004,-0.008973592,G0,Fibroblast
cell_5948915,0.14911306,-0.56124806,0.8141044,G2M,Fibroblast
cell_5949322,-0.32257488,0.94365716,-0.07386906,G0,Fibroblast
cell_5951754,-0.47785237,0.8071583,0.3466302,G0,Fibroblast
cell_5951782,0.6878694,-0.22754909,-0.68924385,S,Fibroblast
cell_5952145,0.8111306,0.14329107,0.5670404,S,Fibroblast
cell_5954889,0.14644872,-0.6548061,-0.7414727,G1,Fibroblast
cell_5955841,-0.015862415,-0.78477055,0.61958325,G2M,Fibroblast
cell_5956430,0.47441813,0.4142436,-0.77674305,G1-G0 transition,Fibroblast
cell_5956576,-0.028095167,-0.8078791,-0.5886783,G1,Fibroblast
cell_5962911,-0.9533162,0.08933232,-0.28845805,G0,Fibroblast
cell_5962913,0.009067057,-0.97563714,0.21920265,G1,Fibroblast
cell_5963257,-0.910558,0.3525506,0.21585202,G0,Fibroblast
cell_5963556,0.478769,0.87660694,0.04837793,G1,Fibroblast
cell_5964491,-0.8438601,0.2519326,0.4737404,G0,Fibroblast
cell_5971049,-0.41500026,-0.4162354,-0.8090259,G1-G0 transition,Fibroblast
cell_5974047,0.8103951,0.37348634,-0.45140636,S,Fibroblast
cell_5975005,-0.7023924,0.1834822,-0.6877349,G1-G0 transition,Fibroblast
cell_5977778,0.32055435,0.4848177,-0.81375456,G1,Fibroblast
cell_5978432,-0.21974091,-0.9707905,0.09633152,G1,Fibroblast
cell_5979394,-0.7945142,0.39556503,0.4607337,G0,Fibroblast
cell_5979751,0.23389705,-0.5315485,-0.81409365,G1,Fibroblast
cell_5984172,0.9336813,0.33286482,0.13206126,S,Fibroblast
cell_5984264,-0.80313826,0.37890294,0.45978406,G0,Fibroblast
cell_5984986,-0.5985916,0.7969864,0.08062733,G0,Fibroblast
cell_5987960,-0.8569146,-0.108395234,-0.5039323,G1-G0 transition,Fibroblast
cell_5988814,0.36142075,0.57749027,-0.73203844,G1-G0 transition,Fibroblast
cell_5989052,0.8295926,-0.14220086,0.53995836,S,Fibroblast
cell_5990571,0.89528114,0.36170146,-0.2600841,S,Fibroblast
cell_5992954,-0.7053974,0.6449536,0.29402238,G0,Fibroblast
cell_5994604,-0.7134466,0.595423,0.36941224,G0,Fibroblast
cell_5998354,-0.51703185,0.75766957,0.39826488,G0,Fibroblast
cell_5998952,-0.76707315,-0.16899996,-0.6189004,G1-G0 transition,Fibroblast
cell_5999191,-0.77559346,0.24690463,0.5809414,G0,Fibroblast
cell_6000340,0.4855599,-0.6522146,-0.5821063,G1,Fibroblast
cell_6003524,0.22888374,0.83268356,-0.50423247,G1,Fibroblast
cell_6004010,-0.9841667,0.17059709,0.048087955,G0,Fibroblast
cell_6004775,-0.77687705,-0.009081434,0.6295867,G0,Fibroblast
cell_6005213,-0.16079065,-0.6376105,0.7533917,G2M,Fibroblast
cell_6005620,0.14052872,-0.7152101,0.6846358,G2M,Fibroblast
cell_6005705,0.1019954,-0.41872564,0.90236676,G2M,Fibroblast
cell_6006605,0.8775731,0.47889972,0.022811417,S,Fibroblast
cell_6010331,0.53181225,0.24272203,-0.81133324,G1,Fibroblast
cell_6011796,0.9053821,0.34269226,-0.25068992,S,Fibroblast
cell_6013916,0.4953279,0.40059072,-0.77082896,G1-G0 transition,Fibroblast
cell_6016721,0.6753052,-0.42344514,-0.6038686,G1,Fibroblast
cell_6018617,0.71690774,-0.36646852,0.5930801,S,Fibroblast
cell_6019562,0.37916467,-0.91956407,0.10313165,G1,Fibroblast
cell_6021206,0.7277633,0.63776886,-0.2522133,G1,Fibroblast
cell_6021287,-0.9055771,0.41702196,0.07760549,G0,Fibroblast
cell_6023104,-0.1683633,-0.18509817,-0.9681903,G1-G0 transition,Fibroblast
cell_6025955,-0.9786385,0.058824997,0.19699281,G0,Fibroblast
cell_6026973,-0.87265,0.48732075,0.03162757,G0,Fibroblast
cell_6028901,0.48250672,-0.14793411,0.8633093,G2M,Fibroblast
cell_6030846,0.9941524,0.06237747,-0.088148355,S,Fibroblast
cell_6031039,-0.6773154,0.73145175,-0.0788802,G0,Fibroblast
cell_6031601,0.21168865,-0.46023962,0.8621876,G2M,Fibroblast
cell_6032467,-0.79546875,0.5567496,-0.23928964,G0,Fibroblast
cell_6033008,0.9119837,0.3463905,0.21977104,S,Fibroblast
cell_6033370,0.8023215,0.20373134,0.56104696,S,Fibroblast
cell_6033821,0.019691013,-0.9979237,0.061323628,G1,Fibroblast
cell_6034483,0.010875842,-0.639218,0.7689487,G2M,Fibroblast
cell_6034942,-0.83915555,0.530534,0.11979797,G0,Fibroblast
cell_6035540,-0.777921,0.4985533,0.38247022,G0,Fibroblast
cell_6036767,-0.8726051,0.14809784,0.46543235,G0,Fibroblast
cell_6038170,0.7523348,0.5751163,-0.32130012,S,Fibroblast
cell_6038298,0.3290107,-0.758776,0.56214845,G2M,Fibroblast
cell_6040630,-0.6309338,0.6805754,-0.37247786,G0,Fibroblast
cell_6041015,-0.60434914,0.7937131,-0.069149815,G0,Fibroblast
cell_6041791,-0.666663,0.30384758,0.68061525,G0,Fibroblast
cell_6048469,0.7193684,0.57016015,-0.3967698,G1,Fibroblast
cell_6055324,0.6980612,-0.519281,-0.49300903,S,Fibroblast
cell_6055740,0.3673999,-0.51364446,-0.7753623,G1,Fibroblast
cell_6056300,0.11188716,-0.67242235,0.73166215,G2M,Fibroblast
cell_6056637,-0.87619823,0.3092239,0.3696716,G0,Fibroblast
cell_6057556,0.71516085,0.69031507,-0.10958974,G1,Fibroblast
cell_6058485,-0.94540554,-0.028907966,0.32461146,G0,Fibroblast
cell_6058542,-0.96615213,0.026447684,0.25661343,G0,Fibroblast
cell_6058618,0.13610286,-0.99041224,0.02365542,G1,Fibroblast
cell_6060590,0.33004814,-0.7441801,-0.5807445,G1,Fibroblast
cell_6061164,-0.24081959,-0.9700366,-0.032170422,G1,Fibroblast
cell_6062474,0.23141217,-0.017244658,0.972703,G2M,Fibroblast
cell_6063556,0.8288813,0.20678125,-0.51980513,S,Fibroblast
cell_6064530,0.042597458,-0.9979391,-0.047990765,G1,Fibroblast
cell_6065985,-0.7330567,0.2280229,-0.6408069,G1-G0 transition,Fibroblast
cell_6066423,-0.72429717,0.687157,0.056647196,G0,Fibroblast
cell_6066728,0.9271631,0.22276591,-0.30123731,S,Fibroblast
cell_6069208,0.56204736,-0.6314038,-0.53425825,G1,Fibroblast
cell_6070265,0.8614268,0.18329547,0.47365248,S,Fibroblast
cell_6073654,-0.7735137,0.35592532,-0.52439845,G1-G0 transition,Fibroblast
cell_6073777,-0.8768384,0.46975374,-0.10240014,G0,Fibroblast
cell_6081113,0.6385825,-0.035320967,0.7687423,G2M,Fibroblast
cell_6083179,-0.59438974,0.7699456,-0.23213066,G1-G0 transition,Fibroblast
cell_6084490,0.5298734,-0.73414046,-0.42458463,G1,Fibroblast
cell_6086197,-0.8271368,0.54397243,0.14120413,G0,Fibroblast
cell_6086985,0.24408206,0.6757911,-0.69550717,G1-G0 transition,Fibroblast
cell_6088445,-0.6324054,0.6099735,0.4774888,G0,Fibroblast
cell_6097215,0.56022304,-0.67356306,-0.4821441,G1,Fibroblast
cell_6097458,0.61051583,0.23328392,0.7568678,S,Fibroblast
cell_6101428,0.07954036,0.60387224,-0.79310256,G1-G0 transition,Fibroblast
cell_6102152,-0.87439674,0.4629981,0.1451313,G0,Fibroblast
cell_6102270,0.5311973,-0.25552818,0.8077963,G2M,Fibroblast
cell_6103867,0.68179816,-0.22979137,0.6945122,S,Fibroblast
cell_6104197,-0.23475876,0.43649867,-0.86853725,G1-G0 transition,Fibroblast
cell_6105154,-0.9079495,0.36077502,-0.21323438,G0,Fibroblast
cell_6105481,-0.42900655,-0.21052523,-0.87842613,G1-G0 transition,Fibroblast
cell_6106196,-0.9933899,0.06328982,-0.095764495,G0,Fibroblast
cell_6106221,-0.839843,0.33284754,-0.42880815,G1-G0 transition,Fibroblast
cell_6106407,-0.74913955,0.24798793,0.614241,G0,Fibroblast
cell_6106541,-0.41638038,0.7148894,0.56174767,G0,Fibroblast
cell_6107330,-0.71751124,0.6684321,-0.19589865,G0,Fibroblast
cell_6107681,-0.86340827,0.41567838,0.28589797,G0,Fibroblast
cell_6110123,0.8936343,0.29502538,0.33819777,S,Fibroblast
cell_6111077,-0.8033865,0.20474401,-0.5591512,G1-G0 transition,Fibroblast
cell_6113526,0.65992266,0.6885048,0.30077097,S,Fibroblast
cell_6113997,0.19582209,-0.5982148,0.777041,G2M,Fibroblast
cell_6115089,-0.74921227,0.6024778,-0.27513885,G0,Fibroblast
cell_6115325,-0.9014045,0.38661218,0.19493799,G0,Fibroblast
cell_6118575,-0.7381566,0.5732045,-0.3557547,G0,Fibroblast
cell_6118834,-0.79840004,0.5894061,0.12311655,G0,Fibroblast
cell_6121605,-0.23893178,-0.49553746,0.83507735,G2M,Fibroblast
cell_6124843,-0.9688353,0.21407378,-0.12462229,G0,Fibroblast
cell_6126025,0.839686,0.50716424,0.1941956,S,Fibroblast
cell_6128048,-0.8905535,0.36163324,0.27592745,G0,Fibroblast
cell_6131417,-0.509082,0.8604289,-0.02230319,G1-G0 transition,Fibroblast
cell_6131984,0.1929907,-0.9777763,0.081902914,G1,Fibroblast
cell_6132202,0.11939961,-0.9913907,0.05374177,G1,Fibroblast
cell_6135985,0.86295456,-0.052050985,0.5025935,S,Fibroblast
cell_6138951,-0.91873443,0.28611946,-0.27214468,G0,Fibroblast
cell_6139675,-0.7913045,0.5618754,-0.24110799,G0,Fibroblast
cell_6140356,-0.81779134,0.49878404,-0.28710917,G0,Fibroblast
cell_6141782,-0.88626814,0.41928294,-0.1968007,G0,Fibroblast
cell_6142429,0.4836215,0.23668613,-0.8426683,G1,Fibroblast
cell_6143195,0.080644324,-0.6687969,-0.7390583,G1,Fibroblast
cell_6144550,0.6367032,-0.111339405,-0.7630286,G1,Fibroblast
cell_6147645,-0.54258317,0.14913999,-0.8266564,G1-G0 transition,Fibroblast
cell_6153464,0.14196114,-0.56220675,-0.81472117,G1-G0 transition,Fibroblast
cell_6154853,0.73366994,0.66894585,0.11933103,G1,Fibroblast
cell_6156723,-0.4641621,0.8561154,0.22720055,G0,Fibroblast
cell_6158592,-0.1136553,-0.7900576,0.60240465,G2M,Fibroblast
cell_6159986,-0.88908803,0.14099994,0.43547848,G0,Fibroblast
cell_6162346,0.6856071,-0.42382276,-0.5918759,G1,Fibroblast
cell_6164183,0.9434137,0.30738425,0.124441,S,Fibroblast
cell_6165521,0.61186796,-0.17882401,0.77048016,G2M,Fibroblast
cell_6166425,-0.8275069,0.45482868,0.32918563,G0,Fibroblast
cell_6166878,-0.529772,0.5536661,0.64249164,G0,Fibroblast
cell_6167671,0.15639544,-0.9876416,-0.010224693,G1,Fibroblast
cell_6168772,-0.54405224,0.6281369,-0.55628353,G1-G0 transition,Fibroblast
cell_6169521,-0.84847975,0.36730736,0.38100842,G0,Fibroblast
cell_6169873,-0.0006032423,-0.3664,-0.9304572,G1-G0 transition,Fibroblast
cell_6171302,-0.100150034,-0.9660319,-0.23822762,G1,Fibroblast
cell_6171574,0.9600343,-0.10226901,0.2605285,S,Fibroblast
cell_6173426,-0.07774532,-0.9923668,0.0957268,G1,Fibroblast
cell_6173510,-0.5282216,-0.50421107,-0.6831934,G1-G0 transition,Fibroblast
cell_6174819,-0.9943357,0.09742091,0.042493988,G0,Fibroblast
cell_6176238,0.36453426,0.46309885,-0.80787015,G1,Fibroblast
cell_6177578,0.1426209,-0.98800415,-0.059220906,G1,Fibroblast
cell_6177704,-0.87154555,0.16402176,0.46206617,G0,Fibroblast
cell_6177885,0.8931836,0.09539233,0.43945795,S,Fibroblast
cell_6178096,0.9184142,0.38745782,-0.079947434,S,Fibroblast
cell_6179750,-0.90148115,0.4174368,-0.114361264,G1-G0 transition,Fibroblast
cell_6180456,-0.6210461,0.41016182,0.667884,G0,Fibroblast
cell_6182016,0.87347424,0.38075835,-0.30342343,G1,Fibroblast
cell_6182074,0.1794427,-0.80055606,0.5717607,G2M,Fibroblast
cell_6182347,0.10889358,-0.7150051,0.6905866,G2M,Fibroblast
cell_6186623,0.86859626,-0.020538595,0.49509448,S,Fibroblast
cell_6188193,-0.84743124,0.35070786,0.39857775,G0,Fibroblast
cell_6189953,-0.74752057,0.6547332,0.11197164,G0,Fibroblast
cell_6191262,0.2149247,0.9738218,-0.07401612,G1,Fibroblast
cell_6193000,0.5377658,0.65761393,-0.52759063,G1,Fibroblast
cell_6193449,-0.82760286,0.5050505,-0.2449438,G0,Fibroblast
cell_6195106,0.37915683,0.59274656,-0.7105572,G1,Fibroblast
cell_6195459,-0.99151105,0.12984124,-0.006858775,G0,Fibroblast
cell_6199050,-0.78605515,0.33200514,0.52143043,G0,Fibroblast
cell_6200252,-0.613703,0.38427597,-0.6897105,G1-G0 transition,Fibroblast
cell_6200901,0.38750002,0.063057825,-0.9197105,G1,Fibroblast
cell_6201060,0.043172017,0.6215321,-0.7821982,G1-G0 transition,Fibroblast
cell_6201149,-0.1483497,-0.16689797,-0.9747499,G1,Fibroblast
cell_6201778,0.124551766,0.41680533,-0.9004223,G1-G0 transition,Fibroblast
cell_6201906,-0.9472073,0.14691234,-0.28498274,G0,Fibroblast
cell_6203106,-0.86365134,0.5035104,-0.024157133,G0,Fibroblast
cell_6203618,-0.06579807,-0.15052548,-0.986414,G1-G0 transition,Fibroblast
cell_6203859,0.88746494,0.27099717,-0.3727818,S,Fibroblast
cell_6208587,-0.48667666,0.77476156,-0.4035968,G0,Fibroblast
cell_6208703,-0.7559538,-0.084854215,-0.64910233,G0,Fibroblast
cell_6210197,-0.8193717,0.36898762,0.43872324,G0,Fibroblast
cell_6211347,0.95848686,0.1902943,0.21234623,S,Fibroblast
cell_6211416,-0.11917442,0.58961755,-0.7988421,G1-G0 transition,Fibroblast
cell_6214799,0.07547607,0.60728586,-0.7908903,G1-G0 transition,Fibroblast
cell_6215277,-0.96955323,0.20960072,0.12662555,G0,Fibroblast
cell_6215932,0.5458489,-0.2767142,-0.79087174,G1,Fibroblast
cell_6216709,0.64471143,0.7592657,0.08867208,G1,Fibroblast
cell_6221646,0.90710366,0.02968913,0.41985902,S,Fibroblast
cell_6221962,-0.9868912,0.15288033,-0.051704913,G1-G0 transition,Fibroblast
cell_6223504,-0.642279,-0.19097441,-0.742298,G1-G0 transition,Fibroblast
cell_6225278,0.3930505,-0.76791286,-0.50578773,G1,Fibroblast
cell_6225807,-0.74661106,0.07938277,0.6605076,G0,Fibroblast
cell_6229616,0.6387089,0.6082816,-0.4712158,S,Fibroblast
cell_6229930,0.94942313,0.11859848,0.29074025,S,Fibroblast
cell_6230348,-0.27218318,-0.26412815,-0.9252852,G1-G0 transition,Fibroblast
cell_6232892,0.9302895,0.3447839,0.12524223,S,Fibroblast
cell_6233829,-0.85470015,0.3207785,-0.4081528,G0,Fibroblast
cell_6234694,-0.0054392624,0.5560251,-0.83114773,G1-G0 transition,Fibroblast
cell_6235611,-0.9961322,-0.057223648,0.06667912,G0,Fibroblast
cell_6235883,0.30999964,0.13664955,-0.9408651,G1,Fibroblast
cell_6238685,-0.38813207,0.62261844,-0.67948496,G1-G0 transition,Fibroblast
cell_6239957,-0.04568885,0.09154208,-0.9947526,G1-G0 transition,Fibroblast
cell_6240961,0.3145644,0.8265194,-0.46681365,S,Fibroblast
cell_6241240,-0.63133126,-0.6010325,-0.4900825,G1-G0 transition,Fibroblast
cell_6243634,0.75637054,-0.06365461,0.6510388,S,Fibroblast
cell_6243921,0.9290379,0.36747128,-0.043050516,S,Fibroblast
cell_6244699,-0.19112995,-0.6413115,-0.743094,G1-G0 transition,Fibroblast
cell_6245830,-0.9857796,0.048123427,-0.1610054,G0,Fibroblast
cell_6246463,-0.19815108,-0.9465675,0.25445285,G2M,Fibroblast
cell_6247364,-0.35601953,0.7645291,0.53735024,G0,Fibroblast
cell_6247567,-0.5339356,-0.49144349,-0.6880378,G1-G0 transition,Fibroblast
cell_6251541,-0.6604693,0.03981777,-0.74979657,G1-G0 transition,Fibroblast
cell_6251959,0.69677216,0.42990902,-0.5741835,S,Fibroblast
cell_6254456,-0.7740229,0.06913415,-0.629372,G1-G0 transition,Fibroblast
cell_6256275,0.9027397,0.42701662,0.052132025,S,Fibroblast
cell_6256357,-0.92609346,0.05891549,0.3726661,G0,Fibroblast
cell_6259087,-0.9973799,0.04656101,0.055365276,G0,Fibroblast
cell_6259508,0.24610291,0.9426761,-0.22537783,G1,Fibroblast
cell_6260261,0.5959537,0.70578265,-0.38302732,G1,Fibroblast
cell_6260304,0.9073498,0.41710207,0.052364636,S,Fibroblast
cell_6261032,0.93499184,0.005847398,0.35462087,S,Fibroblast
cell_6264760,0.44273442,-0.26946604,0.8552042,S,Fibroblast
cell_6265507,0.7896513,0.5453088,0.28122795,G1,Fibroblast
cell_6265840,-0.93653625,0.024633767,0.349704,G0,Fibroblast
cell_6267213,-0.7161316,0.60090804,0.35505617,G0,Fibroblast
cell_6267812,0.4722626,0.8023243,-0.36502573,G1,Fibroblast
cell_6268927,0.9572776,-0.069453835,0.28070557,S,Fibroblast
cell_6272090,-0.15894847,0.0030714946,-0.98728216,G1-G0 transition,Fibroblast
cell_6273212,-0.87761897,0.13424745,0.4601765,G0,Fibroblast
cell_6273722,0.9971458,0.06432708,0.039527863,S,Fibroblast
cell_6275158,-0.89573604,0.39031303,-0.21286748,G0,Fibroblast
cell_6276224,-0.44425982,0.4320484,-0.784836,G1-G0 transition,Fibroblast
cell_6279867,-0.93939763,0.27731177,0.20156965,G0,Fibroblast
cell_6280775,0.31813136,0.49124736,-0.81084424,G1-G0 transition,Fibroblast
cell_6286224,0.93875396,0.25825316,0.2281363,S,Fibroblast
cell_6286390,0.5362227,0.09487041,0.83872813,S,Fibroblast
cell_6286615,0.44447932,0.56500393,-0.6951322,S,Fibroblast
cell_6287239,-0.86171913,0.3957258,0.31755486,G0,Fibroblast
cell_6287285,-0.5306153,0.0952401,-0.842245,G1-G0 transition,Fibroblast
cell_6287330,0.413327,0.79190385,-0.4494985,G1,Fibroblast
cell_6288629,0.6184132,0.6784389,-0.3965926,G1,Fibroblast
cell_6289531,-0.7151879,0.6279125,0.30697247,G0,Fibroblast
cell_6289758,0.3398364,0.74284893,-0.57679,G1,Fibroblast
cell_6291469,0.26499638,0.9125132,-0.3116036,G1,Fibroblast
cell_6295118,-0.15517965,0.5852149,-0.7958911,G1-G0 transition,Fibroblast
cell_6295374,0.06337155,-0.47087938,0.8799186,G2M,Fibroblast
cell_6295624,-0.22466399,-0.20270763,-0.95311886,G1-G0 transition,Fibroblast
cell_6296030,0.9422964,-0.17374596,0.28616387,S,Fibroblast
cell_6297795,-0.25655654,-0.93099433,-0.2596698,G1,Fibroblast
cell_6298773,-0.7994398,0.59828794,0.054291114,G0,Fibroblast
cell_6299334,0.7242964,-0.27711505,0.63134927,S,Fibroblast
cell_6301380,0.77980655,0.07847531,0.62108237,S,Fibroblast
cell_6305326,0.08383207,-0.31694993,-0.94473004,G1-G0 transition,Fibroblast
cell_6306817,0.71438944,0.12670761,0.6881808,S,Fibroblast
cell_6308264,0.76049876,0.41781837,-0.4970608,S,Fibroblast
cell_6309964,0.26812357,-0.7928696,0.5472362,G2M,Fibroblast
cell_6310697,-0.25460082,0.96464866,-0.0680545,G0,Fibroblast
cell_6313145,-0.96729434,0.20536117,0.14889039,G0,Fibroblast
cell_6316847,-0.76070285,0.6447194,0.0752858,G0,Fibroblast
cell_6318186,0.5461554,-0.5006408,-0.67161965,G1,Fibroblast
cell_6318793,0.18956637,-0.6427606,-0.74224216,G1,Fibroblast
cell_6320470,-0.044335086,-0.95799536,0.28333598,G1,Fibroblast
cell_6320503,0.7718116,0.49871698,-0.39444676,G1,Fibroblast
cell_6321008,-0.27090168,-0.04896813,-0.96136063,G1-G0 transition,Fibroblast
cell_6321619,-0.55160344,0.4126186,-0.72489977,G1-G0 transition,Fibroblast
cell_6323286,0.95691305,0.12797692,0.26065204,S,Fibroblast
cell_6324115,0.2906822,-0.8953079,-0.33753145,G1,Fibroblast
cell_6324187,-0.9577451,0.19410744,0.21224204,G0,Fibroblast
cell_6324877,-0.8673533,0.4201395,0.2667977,G0,Fibroblast
cell_6325784,-0.6752653,0.71984136,-0.16076407,G0,Fibroblast
cell_6326533,0.57196003,-0.7306832,-0.3727784,G1,Fibroblast
cell_6326768,-0.8523663,0.46681213,0.23570748,G1-G0 transition,Fibroblast
cell_6328159,-0.7757496,0.5870576,0.23146495,G0,Fibroblast
cell_6330269,-0.9099799,0.26499006,0.3189306,G0,Fibroblast
cell_6334344,-0.9792904,0.202444,0.0025777805,G0,Fibroblast
cell_6334852,-0.52196974,0.8529487,-0.0050981585,G0,Fibroblast
cell_6335144,0.9717637,0.22621101,0.06711178,S,Fibroblast
cell_6336150,-0.3996789,0.62737966,0.66832006,G0,Fibroblast
cell_6336809,-0.94956475,0.21751511,0.22586262,G0,Fibroblast
cell_6338270,-0.064805105,0.9409574,-0.3322643,G0,Fibroblast
cell_6338925,0.21263292,-0.39888087,0.8920097,G2M,Fibroblast
cell_6344235,-0.8346222,0.5489242,-0.04569596,G0,Fibroblast
cell_6345056,0.6519033,0.012284403,-0.7582026,G1,Fibroblast
cell_6346173,-0.9439881,0.09562661,0.31581956,G0,Fibroblast
cell_6346524,-0.708658,0.60046375,0.3704688,G0,Fibroblast
cell_6346679,0.39225483,-0.24143966,0.8876053,S,Fibroblast
cell_6346768,-0.68135655,0.66043097,-0.3155697,G0,Fibroblast
cell_6347665,-0.67259234,0.4396644,-0.5952435,G0,Fibroblast
cell_6350730,-0.07226126,0.80022156,-0.59533495,G1-G0 transition,Fibroblast
cell_6353566,-0.4970103,0.6399656,-0.58602446,G1-G0 transition,Fibroblast
cell_6353622,-0.6205809,-0.5654077,-0.5433171,G1-G0 transition,Fibroblast
cell_6354314,0.08083766,-0.67107123,0.7369726,G2M,Fibroblast
cell_6356898,-0.030742783,-0.9433468,0.33038116,G2M,Fibroblast
cell_6359100,0.8383415,0.050299097,0.54282004,S,Fibroblast
cell_6360049,-0.60665965,0.77756906,-0.16537961,G0,Fibroblast
cell_6360239,0.8952897,0.22490886,0.38454172,S,Fibroblast
cell_6363252,-0.8847744,0.011044277,0.46588868,G0,Fibroblast
cell_6367134,0.10090818,-0.56372494,0.8197754,G2M,Fibroblast
cell_6368560,0.5763978,0.73931265,-0.34811294,G1,Fibroblast
cell_6368764,-0.061232265,-0.87335604,-0.48321795,G1,Fibroblast
cell_6371109,0.17606393,-0.9744644,0.13935831,G1,Fibroblast
cell_6371264,-0.6472591,0.74918115,0.14065298,G0,Fibroblast
cell_6372788,0.71414757,0.62291545,-0.31932682,G1,Fibroblast
cell_6374203,0.95013565,0.2875726,-0.12059956,S,Fibroblast
cell_6374478,-0.5809162,-0.40986633,-0.7032396,G1-G0 transition,Fibroblast
cell_6376103,-0.5100939,0.82884127,-0.22983962,G0,Fibroblast
cell_6378744,0.20280871,-0.43308634,0.8782397,G2M,Fibroblast
cell_6381629,-0.5503147,0.7966529,-0.2499955,G0,Fibroblast
cell_6382015,0.9792136,0.18359311,-0.086221784,S,Fibroblast
cell_6382809,-0.5384652,0.76628447,0.3505186,G0,Fibroblast
cell_6382932,-0.80605483,0.50255334,0.31259492,G0,Fibroblast
cell_6385076,0.7432563,0.4185066,0.52194095,S,Fibroblast
cell_6386757,-0.82161194,0.5698058,-0.016583309,G0,Fibroblast
cell_6386874,0.05817248,-0.8597451,0.5073996,G2M,Fibroblast
cell_6387482,0.14687608,-0.6319253,0.7609847,G2M,Fibroblast
cell_6390010,-0.96986794,0.19586216,0.14489375,G0,Fibroblast
cell_6392325,0.73880374,0.27524602,0.61514914,S,Fibroblast
cell_6398620,-0.67780435,0.7351307,0.012811788,G0,Fibroblast
cell_6399241,-0.98685944,0.14597727,0.06927549,G0,Fibroblast
cell_6400397,-0.15452145,-0.7792422,-0.6073751,G1,Fibroblast
cell_6400913,0.6317044,0.040588915,0.77414596,S,Fibroblast
cell_6401230,-0.8619613,0.1909016,0.4696587,G0,Fibroblast
cell_6403850,-0.88265127,0.06713984,0.4652086,G0,Fibroblast
cell_6405394,0.8272509,0.38328433,-0.4107909,S,Fibroblast
cell_6407580,0.013784416,-0.75537676,0.65514576,G2M,Fibroblast
cell_6407872,0.98443556,0.15071717,-0.09039313,S,Fibroblast
cell_6408732,0.83710486,0.5352237,-0.11309571,S,Fibroblast
cell_6410468,0.46093532,-0.7193489,0.5196881,G2M,Fibroblast
cell_6413494,-0.5779431,0.49888745,0.6458274,G0,Fibroblast
cell_6415299,0.11436413,-0.9933162,-0.015615301,G1,Fibroblast
cell_6415821,0.5744789,0.024432007,0.8181547,S,Fibroblast
cell_6416589,0.14258385,-0.8747436,-0.46313423,G1,Fibroblast
cell_6416599,-0.5081907,-0.39308557,-0.7663067,G1-G0 transition,Fibroblast
cell_6418569,0.051762003,-0.9566609,0.28656724,G2M,Fibroblast
cell_6418977,-0.63345414,0.7576844,0.15700293,G0,Fibroblast
cell_6420076,-0.44979522,-0.12434308,-0.88443375,G1-G0 transition,Fibroblast
cell_6421627,-0.91524065,0.3470216,0.20472041,G0,Fibroblast
cell_6422128,0.7156576,0.036366634,0.6975039,S,Fibroblast
cell_6424591,-0.45518392,0.826198,0.33197063,G0,Fibroblast
cell_6425197,-0.56613755,0.41849372,-0.7101769,G0,Fibroblast
cell_6425470,0.6213041,0.4765446,-0.622002,G1,Fibroblast
cell_6427069,0.7870618,0.60592896,0.11568864,S,Fibroblast
cell_6429537,-0.9980754,0.022963699,-0.057602495,G0,Fibroblast
cell_6432719,0.7914887,0.13892166,0.59518594,S,Fibroblast
cell_6435608,-0.68728465,0.7194199,-0.10037395,G0,Fibroblast
cell_6436481,0.8917447,0.22478585,0.392763,S,Fibroblast
cell_6438266,0.34267962,0.009230344,0.939407,S,Fibroblast
cell_6440319,0.41827095,-0.4744359,0.77457076,G2M,Fibroblast
cell_6442899,0.50019556,-0.83509606,-0.22895186,G1,Fibroblast
cell_6445017,-0.00040766218,-0.95124805,-0.3084265,G1,Fibroblast
cell_6445659,0.20341446,-0.86442906,0.4597661,G2M,Fibroblast
cell_6445874,0.9678897,0.24826548,0.039414026,S,Fibroblast
cell_6446818,0.6372077,0.5168731,-0.5716717,S,Fibroblast
cell_6446997,0.029496133,-0.80382156,0.5941388,G2M,Fibroblast
cell_6452021,-0.17893694,-0.059699308,-0.9820475,G1-G0 transition,Fibroblast
cell_6453009,0.7422339,-0.3238808,0.5866771,S,Fibroblast
cell_6456515,-0.7899703,0.5612299,0.24691686,G0,Fibroblast
cell_6457277,-0.9175028,0.39761057,-0.009716145,G0,Fibroblast
cell_6457580,0.11095949,0.70788014,-0.6975627,G1-G0 transition,Fibroblast
cell_6457811,-0.9231165,0.20306839,0.32652557,G0,Fibroblast
cell_6458030,0.87579584,-0.23622335,0.42092773,S,Fibroblast
cell_6458571,0.15067405,-0.6009096,0.7849872,G2M,Fibroblast
cell_6458942,-0.75813913,0.049229525,-0.65023184,G1-G0 transition,Fibroblast
cell_6459065,-0.9068069,0.14490326,0.39585888,G0,Fibroblast
cell_6460352,-0.5062169,0.68924105,-0.5183544,G1-G0 transition,Fibroblast
cell_6461782,-0.57307726,0.32684752,-0.7515006,G1-G0 transition,Fibroblast
cell_6463291,0.82960546,-0.1592122,0.5351695,S,Fibroblast
cell_6463348,-0.9870726,0.13886294,0.08003092,G0,Fibroblast
cell_6467299,0.91676146,0.10589405,0.3851427,S,Fibroblast
cell_6469809,0.0027628897,-0.7095642,0.7046354,G2M,Fibroblast
cell_6473372,-0.74254614,0.39414132,0.5415514,G0,Fibroblast
cell_6473651,-0.87962323,0.4742624,-0.036580063,G0,Fibroblast
cell_6473898,-0.8635709,0.50306374,-0.034236073,G0,Fibroblast
cell_6473993,0.36565176,-0.4995767,0.78531647,G2M,Fibroblast
cell_6475570,0.30751917,0.95041734,-0.04624707,G1,Fibroblast
cell_6481661,-0.7120921,-0.0040842164,-0.70207405,G1-G0 transition,Fibroblast
cell_6483917,0.9589243,0.27835548,0.054609332,S,Fibroblast
cell_6485513,-0.77725834,0.62778866,0.041841637,G0,Fibroblast
cell_6485781,0.5952505,-0.45226526,0.6641784,G2M,Fibroblast
cell_6486805,0.46171293,-0.6961937,-0.5496687,G1,Fibroblast
cell_6487047,-0.39734358,0.84365237,0.36106604,G0,Fibroblast
cell_6487932,0.5909007,-0.17960021,0.7864986,S,Fibroblast
cell_6487969,-0.8242086,0.54116106,-0.16680756,G1-G0 transition,Fibroblast
cell_6488405,0.72252166,0.6870549,0.07692823,S,Fibroblast
cell_6489044,-0.5651476,0.73043144,0.38350776,G0,Fibroblast
cell_6490240,0.58262455,-0.06880394,-0.8098239,G1,Fibroblast
cell_6491825,-0.03689065,0.91564494,0.4002916,G0,Fibroblast
cell_6492907,-0.963631,0.10485944,0.24580406,G0,Fibroblast
cell_6496037,0.9651357,-0.2549735,0.059174743,S,Fibroblast
cell_6496309,-0.2520805,0.96110564,-0.112833545,G0,Fibroblast
cell_6496789,0.9656197,0.2598731,0.006687718,S,Fibroblast
cell_6500472,-0.66573864,0.73756385,-0.11309975,G0,Fibroblast
cell_6505844,0.12403778,-0.9921289,0.017176317,G1,Fibroblast
cell_6505882,0.94541585,0.07830053,-0.31631902,S,Fibroblast
cell_6511933,-0.3247081,-0.42477366,-0.84506327,G1-G0 transition,Fibroblast
cell_6518142,0.74608785,-0.3837441,-0.54414463,S,Fibroblast
cell_6518577,-0.52853817,0.60452,0.59598905,G0,Fibroblast
cell_6522349,-0.7065045,0.25331318,0.66082054,G0,Fibroblast
cell_6525299,0.32611382,0.9119986,-0.24881387,G1,Fibroblast
cell_6525636,0.250142,0.79841816,-0.5476836,G1-G0 transition,Fibroblast
cell_6527962,0.43001348,-0.60464317,0.67044383,G2M,Fibroblast
cell_6528135,-0.60156626,0.052868854,-0.79707146,G1-G0 transition,Fibroblast
cell_6528526,-0.42130092,-0.3431289,-0.8395047,G1-G0 transition,Fibroblast
cell_6530115,0.60809976,0.110881396,0.78607893,G2M,Fibroblast
cell_6530617,-0.43601587,0.8960361,0.083722286,G0,Fibroblast
cell_6535242,0.008845894,0.9776273,-0.21015854,G1-G0 transition,Fibroblast
cell_6535568,0.55326486,0.7664492,-0.32627222,G1,Fibroblast
cell_6536026,-0.6344645,0.65879625,-0.40428004,G1-G0 transition,Fibroblast
cell_6536143,-0.8191221,0.520582,0.24090089,G0,Fibroblast
cell_6539620,-0.9856791,0.03919166,-0.16401373,G0,Fibroblast
cell_6540383,-0.8814894,0.4634794,-0.090350784,G0,Fibroblast
cell_6541369,0.1051273,-0.49872616,0.8603606,G2M,Fibroblast
cell_6543861,0.2872682,-0.9571627,0.036288407,G1,Fibroblast
cell_6545194,-0.78065556,0.593835,-0.19477367,G0,Fibroblast
cell_6545676,-0.54074854,0.832463,0.12081538,G0,Fibroblast
cell_6545721,-0.6837085,0.61627847,-0.39082417,G0,Fibroblast
cell_6547389,0.25532135,-0.10799463,-0.96080595,G1-G0 transition,Fibroblast
cell_6547663,0.17045195,-0.4079193,0.896966,G2M,Fibroblast
cell_6547909,-0.78129035,0.62415904,-0.0032947739,G0,Fibroblast
cell_6548085,0.8976929,-0.13639793,0.41897854,S,Fibroblast
cell_6550658,-0.58199686,0.8001408,-0.1451009,G0,Fibroblast
cell_6551154,0.90835756,-0.16255486,0.38530833,S,Fibroblast
cell_6556475,0.8834752,0.20896582,0.41929102,S,Fibroblast
cell_6558347,-0.8987084,0.1703815,0.40409568,G0,Fibroblast
cell_6559096,-0.95858055,0.09655939,0.26795432,G0,Fibroblast
cell_6564017,-0.18278976,-0.70211935,-0.6881979,G1-G0 transition,Fibroblast
cell_6566713,-0.9904402,0.13625121,-0.021535099,G0,Fibroblast
cell_6568705,-0.13752814,-0.9829815,0.12179249,G1,Fibroblast
cell_6570765,0.82765883,-0.08134923,0.5553045,S,Fibroblast
cell_6571473,0.44945097,-0.7260098,-0.52048415,G1,Fibroblast
cell_6575626,0.8524193,-0.051396918,0.5203265,S,Fibroblast
cell_6575996,0.7481917,0.57288533,-0.33468136,G1,Fibroblast
cell_6576001,-0.55242294,0.6550323,0.5155207,G0,Fibroblast
cell_6577708,-0.8693131,0.19192693,0.4554762,G0,Fibroblast
cell_6579898,-0.80144304,0.170277,0.57331914,G0,Fibroblast
cell_6580077,-0.5198794,-0.27193645,-0.8098001,G1-G0 transition,Fibroblast
cell_6580478,0.02359931,-0.50247264,0.8642709,G2M,Fibroblast
cell_6584247,0.30635187,0.08089526,0.9484748,S,Fibroblast
cell_6585604,0.96022344,0.19151592,0.20320593,S,Fibroblast
cell_6585730,-0.425945,0.6532762,0.6259401,G0,Fibroblast
cell_6585951,-0.56496745,0.75079274,0.3422311,G0,Fibroblast
cell_6588426,-0.043115694,-0.8944804,0.44502348,G1,Fibroblast
cell_6589277,0.9032968,0.12144391,0.41146824,S,Fibroblast
cell_6589651,-0.9610441,0.2753962,-0.023470694,G0,Fibroblast
cell_6592480,0.30396217,-0.6544206,0.6923443,G2M,Fibroblast
cell_6592843,0.24467266,-0.86018723,-0.44745198,G1,Fibroblast
cell_6595867,-0.94102937,0.21340387,-0.26253098,G0,Fibroblast
cell_6596828,-0.9420852,0.15140475,0.2992526,G0,Fibroblast
cell_6598528,0.5669343,0.82374865,-0.0048564207,G1,Fibroblast
cell_6598613,0.6084747,0.79318255,0.024898993,S,Fibroblast
cell_6600841,0.8324749,0.21149188,0.5121102,S,Fibroblast
cell_6603113,-0.7491873,0.6440241,0.15476295,G0,Fibroblast
cell_6603419,-0.9668085,0.2242048,0.12252938,G0,Fibroblast
cell_6604050,0.4593418,0.8573632,-0.23223574,G1-G0 transition,Fibroblast
cell_6606033,0.16009054,-0.33957487,-0.9268548,G1,Fibroblast
cell_6606285,0.07931774,-0.67396504,0.734493,G2M,Fibroblast
cell_6606455,-0.9458362,0.2820645,0.16072828,G0,Fibroblast
cell_6607012,0.57789576,-0.2630959,0.7725394,G2M,Fibroblast
cell_6615797,0.5313722,-0.6700766,-0.5183059,G1,Fibroblast
cell_6617924,0.76137036,-0.35537028,0.54224265,S,Fibroblast
cell_6619472,0.28207836,0.9157327,-0.2861212,G1,Fibroblast
cell_6619896,-0.9174967,0.103457265,0.38405278,G0,Fibroblast
cell_6620852,-0.9284421,0.094203845,-0.3593338,G0,Fibroblast
cell_6622778,0.9452807,0.2827036,-0.16285968,S,Fibroblast
cell_6624347,-0.07215889,-0.9868702,0.14449982,G1,Fibroblast
cell_6627263,0.54147625,0.13010864,0.8305873,S,Fibroblast
cell_6627604,-0.44718784,0.28406256,-0.84813404,G1-G0 transition,Fibroblast
cell_6628429,0.9144886,0.39354584,-0.093980305,S,Fibroblast
cell_6631295,0.93572444,-0.0065644314,-0.3526708,S,Fibroblast
cell_6631309,-0.7456313,0.4406854,-0.49983034,G1-G0 transition,Fibroblast
cell_6634345,-0.8665275,0.46096694,0.19141464,G0,Fibroblast
cell_6636313,-0.93905014,0.13013808,0.3181963,G0,Fibroblast
cell_6639391,-0.6213924,0.58605117,-0.5200148,G0,Fibroblast
cell_6639553,0.24355507,-0.9517143,-0.18687135,G1,Fibroblast
cell_6640492,0.022025982,-0.97375876,-0.2265138,G1,Fibroblast
cell_6641112,-0.8980136,0.07714451,0.4331517,G0,Fibroblast
cell_6641222,0.8593542,0.054648176,0.5084525,S,Fibroblast
cell_6641761,0.7562401,0.16705921,-0.63260734,S,Fibroblast
cell_6644829,-0.90449286,0.13938665,0.4030681,G0,Fibroblast
cell_6646187,-0.9966736,-0.029046359,-0.076145455,G0,Fibroblast
cell_6647374,-0.725362,0.6445285,0.24172878,G0,Fibroblast
cell_6648617,-0.0046113334,-0.7263657,0.6872929,G2M,Fibroblast
cell_6653667,-0.6462065,0.730046,0.22237347,G0,Fibroblast
cell_6653737,-0.048427496,-0.42579296,0.9035237,G2M,Fibroblast
cell_6655560,-0.92715114,0.30680728,-0.21508211,G1-G0 transition,Fibroblast
cell_6655608,0.57039136,0.13449483,0.81028694,S,Fibroblast
cell_6658371,-0.9253468,-0.3010075,-0.23049441,G1-G0 transition,Fibroblast
cell_6660005,-0.9011461,0.405697,0.15279306,G0,Fibroblast
cell_6663213,0.60380363,0.44841057,0.6590517,S,Fibroblast
cell_6663439,-0.67515385,0.34821475,-0.6503182,G1-G0 transition,Fibroblast
cell_6663682,-0.73466146,-0.041649293,-0.6771542,G1-G0 transition,Fibroblast
cell_6664676,-0.5920751,0.77816206,-0.20954925,G0,Fibroblast
cell_6669227,0.87835526,0.26092526,0.40051213,S,Fibroblast
cell_6671710,0.64366764,0.68492764,-0.3414179,G1,Fibroblast
cell_6672324,0.8852391,0.4420278,-0.1447862,S,Fibroblast
cell_6673186,0.57467675,0.3962276,0.7160658,S,Fibroblast
cell_6674158,-0.55534184,0.82495534,-0.105090536,G0,Fibroblast
cell_6674862,-0.6769181,0.64381546,0.3567682,G0,Fibroblast
cell_6676698,0.98250514,0.17022873,0.0755365,S,Fibroblast
cell_6677940,0.7572613,0.6517531,0.04210799,G1,Fibroblast
cell_6680296,0.43381682,-0.9001774,0.038517393,G1,Fibroblast
cell_6680331,-0.48135957,0.63932264,0.5996329,G0,Fibroblast
cell_6680660,-0.966473,-0.09372154,0.23905243,G0,Fibroblast
cell_6681724,0.75448143,-0.33320123,0.56545097,G2M,Fibroblast
cell_6682464,-0.6767397,0.48148656,0.55695057,G0,Fibroblast
cell_6683422,0.9645736,0.2460772,-0.09509815,S,Fibroblast
cell_6685688,-0.26742,0.66751343,-0.69491905,G1-G0 transition,Fibroblast
cell_6685840,0.38595513,-0.33369482,-0.86005026,G1,Fibroblast
cell_6688296,-0.91396207,-0.086777456,-0.3964126,G1-G0 transition,Fibroblast
cell_6690436,0.7499075,0.3144172,0.5820485,S,Fibroblast
cell_6690691,0.99755085,0.0672731,-0.019147234,S,Fibroblast
cell_6690720,-0.9408776,0.20310985,-0.2711008,G1-G0 transition,Fibroblast
cell_6691546,-0.7685938,0.3094485,-0.5599154,G0,Fibroblast
cell_6695006,-0.7867527,0.616718,-0.026057273,G1-G0 transition,Fibroblast
cell_6695485,0.2636194,-0.80227387,0.53559446,G2M,Fibroblast
cell_6697819,0.70152694,-0.22335857,0.6767355,S,Fibroblast
cell_6700744,0.12418287,-0.69847816,0.7047743,G2M,Fibroblast
cell_6701154,-0.31161293,-0.8012989,-0.5107028,G1-G0 transition,Fibroblast
cell_6703475,0.094403334,-0.6627119,0.7429005,G2M,Fibroblast
cell_6705207,0.75042224,0.6568805,-0.07331016,G1,Fibroblast
cell_6706311,0.2591255,-0.7547079,-0.6027189,G1,Fibroblast
cell_6709103,0.17303824,0.7432143,-0.6462896,G1-G0 transition,Fibroblast
cell_6710242,0.38675347,0.4923555,-0.77974856,G1,Fibroblast
cell_6710360,0.42221582,0.15259437,-0.89355963,G1,Fibroblast
cell_6714739,-0.86814207,-0.03381665,0.49516207,G0,Fibroblast
cell_6717061,0.6408222,0.19213293,0.7432576,S,Fibroblast
cell_6718394,-0.5685869,0.6949207,-0.44022045,G0,Fibroblast
cell_6719458,-0.5477177,-0.30943188,-0.77733976,G1-G0 transition,Fibroblast
cell_6721313,0.49636152,0.0845552,-0.8639882,G1,Fibroblast
cell_6721662,-0.6278508,0.754006,-0.19307616,G1-G0 transition,Fibroblast
cell_6725853,0.6373232,0.26362833,0.7240989,S,Fibroblast
cell_6725861,0.6800595,0.52885646,-0.50776935,S,Fibroblast
cell_6726075,0.9975121,0.008873119,0.069934875,S,Fibroblast
cell_6726351,-0.9525474,0.083584115,0.29268935,G0,Fibroblast
cell_6726948,-0.99866974,-0.047310412,-0.020507632,G0,Fibroblast
cell_6728140,-0.58203024,0.7891652,-0.19610971,G0,Fibroblast
cell_6728409,0.6723007,0.56075764,-0.4832834,S,Fibroblast
cell_6732087,-0.6614799,0.13361813,-0.73796374,G0,Fibroblast
cell_6733192,0.7647063,0.6365293,-0.10027321,G1,Fibroblast
cell_6734168,0.14561908,-0.30493307,-0.9411753,G1-G0 transition,Fibroblast
cell_6736877,0.6636025,0.5571928,-0.49916708,S,Fibroblast
cell_6738209,-0.85636467,0.39805704,0.3289226,G0,Fibroblast
cell_6739364,0.09914906,-0.6546584,0.74939436,G2M,Fibroblast
cell_6742838,0.4880975,0.8712489,0.051828027,G1,Fibroblast
cell_6743226,-0.4108092,0.8613202,0.29893705,G0,Fibroblast
cell_6744263,0.62719965,0.65867335,-0.41565603,G1,Fibroblast
cell_6744584,-0.0734048,-0.9886509,0.13107692,G1,Fibroblast
cell_6744872,-0.6302054,0.09704548,-0.77033985,G1-G0 transition,Fibroblast
cell_6744933,0.7553022,0.63550806,-0.1601505,G1,Fibroblast
cell_6748548,0.9404704,0.24540469,0.23514298,S,Fibroblast
cell_6749101,-0.5287225,0.8069045,0.26335827,G0,Fibroblast
cell_6752294,-0.41128358,0.86169404,0.29720193,G0,Fibroblast
cell_6752826,0.2812305,-0.29631597,-0.91274655,G1,Fibroblast
cell_6752985,-0.9109713,0.20589791,0.35740393,G0,Fibroblast
cell_6753982,0.5306094,0.821147,-0.21016924,G1,Fibroblast
cell_6755001,-0.40057307,0.91183937,-0.08994595,G0,Fibroblast
cell_6760946,-0.98809355,0.15097104,-0.029646985,G0,Fibroblast
cell_6762956,-0.83319545,0.5467778,0.08258012,G0,Fibroblast
cell_6768327,0.016177714,-0.7588002,0.6511225,G2M,Fibroblast
cell_6769233,0.05905783,-0.9822556,0.17800619,G1,Fibroblast
cell_6769811,0.008780457,-0.97787714,0.20899592,G1,Fibroblast
cell_6770313,-0.9381638,0.3299456,-0.104806356,G0,Fibroblast
cell_6771360,-0.70017976,0.5778711,-0.41930112,G1-G0 transition,Fibroblast
cell_6772664,0.4182648,-0.54776156,-0.72457707,G1,Fibroblast
cell_6774692,-0.8407645,0.34519818,0.41707712,G0,Fibroblast
cell_6775966,0.82294893,0.38424274,0.41846445,S,Fibroblast
cell_6777580,-0.80292016,0.30839694,0.5101083,G0,Fibroblast
cell_6781181,0.31414175,-0.42244774,0.8502075,G2M,Fibroblast
cell_6787570,-0.8545001,0.31743738,0.41117275,G0,Fibroblast
cell_6788202,-0.54714024,0.7722163,0.32298505,G0,Fibroblast
cell_6789106,-0.74389446,0.6662164,-0.05269725,G0,Fibroblast
cell_6789509,-0.7847995,0.5792574,0.22034197,G0,Fibroblast
cell_6789519,-0.15052253,-0.68000776,0.7175878,G2M,Fibroblast
cell_6789658,-0.6342728,0.7709702,0.057470445,G0,Fibroblast
cell_6789722,0.079147354,-0.68406796,0.7251114,G2M,Fibroblast
cell_6790510,-0.9648251,0.17414929,0.19693781,G0,Fibroblast
cell_6790593,0.29714313,0.47632763,-0.82753724,G1-G0 transition,Fibroblast
cell_6792757,-0.8952156,0.2870177,-0.34089586,G1-G0 transition,Fibroblast
cell_6794226,0.17962134,-0.32069668,-0.9299946,G1,Fibroblast
cell_6794481,-0.7713833,0.4489261,0.4510357,G0,Fibroblast
cell_6794514,-0.7121145,0.35296226,-0.60688585,G0,Fibroblast
