,Feature,Class,AbsoluteSHAPValue
0,A2M,G0,0.00016836211272880497
1,A2M,G1,0.0005563939339216774
2,A2M,G1-G0 transition,0.0006242515946061702
3,A2M,G2M,0.00015061360641498975
4,A2M,S,0.0003284455586198063
5,AANAT,G0,0.0002923158673737154
6,AANAT,G1,0.0007393396167070241
7,AANAT,G1-G0 transition,0.0005578201001892903
8,AANAT,G2M,0.0002692998790762649
9,AANAT,S,0.00023494982046507482
10,AARD,G0,0.00028997729556729576
11,AARD,G1,0.0006238324467371267
12,AARD,G1-G0 transition,0.0005018159916221546
13,AARD,G2M,0.00024276940970250068
14,AARD,S,0.00033888950484208604
15,ABCA7,G0,0.00031603477590597915
16,ABCA7,G1,0.0006695206636794277
17,ABCA7,G1-G0 transition,0.000685877317415395
18,ABCA7,G2M,0.00020672258413375965
19,ABCA7,S,0.0001997036866325823
20,ABCB11,G0,0.00017302875129298134
21,ABCB11,G1,0.0006013869948514503
22,ABCB11,G1-G0 transition,0.0005214983093514634
23,ABCB11,G2M,0.00021188932796168945
24,ABCB11,S,0.00025471155042498144
25,ABCC3,G0,0.0008581627075885705
26,ABCC3,G1,0.0008612367533834033
27,ABCC3,G1-G0 transition,0.0005851406904135762
28,ABCC3,G2M,0.00033229209406403286
29,ABCC3,S,0.0005026680993261185
30,ABCG4,G0,0.0003645432306784277
31,ABCG4,G1,0.000756510532943412
32,ABCG4,G1-G0 transition,0.0005566451084247894
33,ABCG4,G2M,0.00024664833669160534
34,ABCG4,S,0.00033907375127986456
35,ABHD12B,G0,0.00025327488946531103
36,ABHD12B,G1,0.00060323549584949
37,ABHD12B,G1-G0 transition,0.0006058694732771259
38,ABHD12B,G2M,0.0001479785203975138
39,ABHD12B,S,0.00032773136144553897
40,ACAN,G0,0.000246509409576911
41,ACAN,G1,0.0005802396006140659
42,ACAN,G1-G0 transition,0.0006275827214943741
43,ACAN,G2M,0.00018019620178533595
44,ACAN,S,0.0002148656976363315
45,ACKR3,G0,0.0002891627473811853
46,ACKR3,G1,0.000632723910254299
47,ACKR3,G1-G0 transition,0.0005268729963543712
48,ACKR3,G2M,0.00019605855796401187
49,ACKR3,S,0.00029826150642416044
50,ACOT4,G0,0.00033415215800095156
51,ACOT4,G1,0.0005638969337972261
52,ACOT4,G1-G0 transition,0.0006249262996618599
53,ACOT4,G2M,0.00025572379932240635
54,ACOT4,S,0.0003392102565843238
55,ACP5,G0,0.00033477668051466226
56,ACP5,G1,0.0007181338109009665
57,ACP5,G1-G0 transition,0.0005214395943398142
58,ACP5,G2M,0.00022201309534603293
59,ACP5,S,0.00025225514275272924
60,ACTA2,G0,0.009756865626992656
61,ACTA2,G1,0.0018324088375599452
62,ACTA2,G1-G0 transition,0.005212361517530473
63,ACTA2,G2M,0.0006135348883829965
64,ACTA2,S,0.0021387296956813305
65,ADAMTS10,G0,0.0002898463018625675
66,ADAMTS10,G1,0.0007322334415333824
67,ADAMTS10,G1-G0 transition,0.0006248175771589533
68,ADAMTS10,G2M,0.00023624183678515415
69,ADAMTS10,S,0.0004373310794834732
70,ADAMTS14,G0,0.00035662344046609137
71,ADAMTS14,G1,0.0006808840035206999
72,ADAMTS14,G1-G0 transition,0.0005146585842757807
73,ADAMTS14,G2M,0.00026881732352954004
74,ADAMTS14,S,0.00031038863481847436
75,ADAMTS9,G0,0.0003445048358793795
76,ADAMTS9,G1,0.0005871548493441037
77,ADAMTS9,G1-G0 transition,0.0006517328111702599
78,ADAMTS9,G2M,0.00020359701946142333
79,ADAMTS9,S,0.00029908763917624586
80,ADGB,G0,0.00024195635327349136
81,ADGB,G1,0.0006162224819446379
82,ADGB,G1-G0 transition,0.0007028175514633337
83,ADGB,G2M,0.00020071992600296748
84,ADGB,S,0.00038132625907405445
85,ADORA2A,G0,0.0003945060523639235
86,ADORA2A,G1,0.0005847302098495904
87,ADORA2A,G1-G0 transition,0.0004711652823059155
88,ADORA2A,G2M,0.00017414429569232581
89,ADORA2A,S,0.0002670416752118387
90,ADRA2C,G0,0.0002834567477792793
91,ADRA2C,G1,0.000605183249313647
92,ADRA2C,G1-G0 transition,0.0006206125993676782
93,ADRA2C,G2M,0.00019800241644023412
94,ADRA2C,S,0.0002886661496654282
95,ADRB2,G0,0.000272996858114039
96,ADRB2,G1,0.0006268070885667799
97,ADRB2,G1-G0 transition,0.0005785722294948382
98,ADRB2,G2M,0.0001909086485368795
99,ADRB2,S,0.0003295330985007437
100,AFF2,G0,0.0002287775732956942
101,AFF2,G1,0.0006134585442440473
102,AFF2,G1-G0 transition,0.0005492941059157841
103,AFF2,G2M,0.00020966938080398744
104,AFF2,S,0.0003006410450481967
105,AGBL2,G0,0.00030890184066487895
106,AGBL2,G1,0.0004747756733383875
107,AGBL2,G1-G0 transition,0.0006449051474736805
108,AGBL2,G2M,0.00025724184762554594
109,AGBL2,S,0.00029439906499694065
110,AHRR,G0,0.00023058448834286835
111,AHRR,G1,0.0006331952103112361
112,AHRR,G1-G0 transition,0.0005238735663080777
113,AHRR,G2M,0.00020094096302982086
114,AHRR,S,0.00021824836856696036
115,AIF1,G0,0.0
116,AIF1,G1,0.0
117,AIF1,G1-G0 transition,0.0
118,AIF1,G2M,0.0
119,AIF1,S,0.0
120,AIFM3,G0,0.0004179721199848318
121,AIFM3,G1,0.0006854353864945759
122,AIFM3,G1-G0 transition,0.0005920016379863221
123,AIFM3,G2M,0.00023968721163739035
124,AIFM3,S,0.0003654312183216983
125,AIRE,G0,0.0002656100787835242
126,AIRE,G1,0.000603973011452836
127,AIRE,G1-G0 transition,0.0005911976133919404
128,AIRE,G2M,0.00022567327552402066
129,AIRE,S,0.0003217129752725286
130,AJAP1,G0,0.0001698666808621381
131,AJAP1,G1,0.000536592773777619
132,AJAP1,G1-G0 transition,0.0005979269759525083
133,AJAP1,G2M,0.000320948005103268
134,AJAP1,S,0.0002682551141570186
135,AK7,G0,0.0002052276567320069
136,AK7,G1,0.0005003657406939492
137,AK7,G1-G0 transition,0.0005901960660613183
138,AK7,G2M,0.0002528539369133309
139,AK7,S,0.00025346924561251024
140,AKAP6,G0,0.00033618465665370136
141,AKAP6,G1,0.0004453666510481701
142,AKAP6,G1-G0 transition,0.0006240811737202233
143,AKAP6,G2M,0.00018020641297116397
144,AKAP6,S,0.00040953894514950855
145,AKR1B10,G0,0.0005114021049430216
146,AKR1B10,G1,0.0007695823902877936
147,AKR1B10,G1-G0 transition,0.000617605763371973
148,AKR1B10,G2M,0.00025275632009096174
149,AKR1B10,S,0.0004737867804824851
150,ALDH1A2,G0,0.00019563906565419568
151,ALDH1A2,G1,0.000509431796496621
152,ALDH1A2,G1-G0 transition,0.000516477413092748
153,ALDH1A2,G2M,0.00022169254845021407
154,ALDH1A2,S,0.00029450375549772747
155,ALDH1A3,G0,0.00028639730879562696
156,ALDH1A3,G1,0.0007696555068654077
157,ALDH1A3,G1-G0 transition,0.000653342264407692
158,ALDH1A3,G2M,0.0002779419463477169
159,ALDH1A3,S,0.0003214941670059606
160,ALDH1L1,G0,0.00030570165175470865
161,ALDH1L1,G1,0.0006393291705827064
162,ALDH1L1,G1-G0 transition,0.0005454372175573513
163,ALDH1L1,G2M,0.0002295452546943588
164,ALDH1L1,S,0.0003656792241237064
165,ALDH8A1,G0,0.00023951882895232302
166,ALDH8A1,G1,0.0006838598898514856
167,ALDH8A1,G1-G0 transition,0.0005462846513963851
168,ALDH8A1,G2M,0.00022580958742248307
169,ALDH8A1,S,0.0003304762458047099
170,ALDOB,G0,0.0002913404311792315
171,ALDOB,G1,0.0006139454373694302
172,ALDOB,G1-G0 transition,0.0006221548619892455
173,ALDOB,G2M,0.00017589714598174256
174,ALDOB,S,0.00024390285041881477
175,ALOX15B,G0,0.0002314252745976037
176,ALOX15B,G1,0.0004984382661352188
177,ALOX15B,G1-G0 transition,0.0005883707603969461
178,ALOX15B,G2M,0.00024338789726645948
179,ALOX15B,S,0.00024081613821136613
180,ALOX5AP,G0,0.00019022925044138154
181,ALOX5AP,G1,0.0006879997107770465
182,ALOX5AP,G1-G0 transition,0.00048450247098644515
183,ALOX5AP,G2M,0.00012330298016239056
184,ALOX5AP,S,0.0003381951060457788
185,ALPK3,G0,0.00029073619664543755
186,ALPK3,G1,0.0005243029240783925
187,ALPK3,G1-G0 transition,0.0004824603928193104
188,ALPK3,G2M,0.00018979865286557427
189,ALPK3,S,0.0003070354177470712
190,AMBP,G0,0.0008129929348323936
191,AMBP,G1,0.0011728893206866715
192,AMBP,G1-G0 transition,0.0008968592098976426
193,AMBP,G2M,0.0003259085252251768
194,AMBP,S,0.0003272642786211564
195,AMIGO3,G0,0.0001835742264829834
196,AMIGO3,G1,0.0005481176232831734
197,AMIGO3,G1-G0 transition,0.0007022801669262294
198,AMIGO3,G2M,0.00018751564808911625
199,AMIGO3,S,0.0002645394405600151
200,AMN,G0,0.0003504445870139311
201,AMN,G1,0.0006793824702035256
202,AMN,G1-G0 transition,0.0005406263303464419
203,AMN,G2M,0.00024146198462226198
204,AMN,S,0.00032469829800484
205,AMPD3,G0,0.00032872480769443024
206,AMPD3,G1,0.000581692188260018
207,AMPD3,G1-G0 transition,0.000759501652661376
208,AMPD3,G2M,0.0001897851874399017
209,AMPD3,S,0.00024104220150863512
210,ANGPTL3,G0,0.0002084716126209249
211,ANGPTL3,G1,0.0005213760040329465
212,ANGPTL3,G1-G0 transition,0.0006062083588011792
213,ANGPTL3,G2M,0.00029978720419780524
214,ANGPTL3,S,0.00035666839069662136
215,ANGPTL8,G0,0.00021225287395059526
216,ANGPTL8,G1,0.0005976931505042825
217,ANGPTL8,G1-G0 transition,0.0006657698578010256
218,ANGPTL8,G2M,0.00021077953634812037
219,ANGPTL8,S,0.0002800528381084842
220,ANKLE1,G0,0.0002682651754762246
221,ANKLE1,G1,0.000741324241160192
222,ANKLE1,G1-G0 transition,0.0005388616570133083
223,ANKLE1,G2M,0.00024256348364734136
224,ANKLE1,S,0.00038471251625607814
225,ANKRD1,G0,0.0011301325456878697
226,ANKRD1,G1,0.001690905160364649
227,ANKRD1,G1-G0 transition,0.0010866184382432734
228,ANKRD1,G2M,0.0006411684320270498
229,ANKRD1,S,0.0009424749377613475
230,ANKRD31,G0,0.000276847774072744
231,ANKRD31,G1,0.0005634780663983947
232,ANKRD31,G1-G0 transition,0.0006620859098507845
233,ANKRD31,G2M,0.0001910980699109014
234,ANKRD31,S,0.00027044935993711925
235,ANKRD33,G0,0.0
236,ANKRD33,G1,0.0
237,ANKRD33,G1-G0 transition,0.0
238,ANKRD33,G2M,0.0
239,ANKRD33,S,0.0
240,ANKRD6,G0,0.00022939087273192267
241,ANKRD6,G1,0.000635552304561907
242,ANKRD6,G1-G0 transition,0.000601901198739118
243,ANKRD6,G2M,0.0001334831955066081
244,ANKRD6,S,0.00029997614741277565
245,ANXA9,G0,0.00019454631042389517
246,ANXA9,G1,0.0005368972668334749
247,ANXA9,G1-G0 transition,0.0005087346912907149
248,ANXA9,G2M,0.000250560886254032
249,ANXA9,S,0.0002736024591591768
250,AOC3,G0,0.00021708338655651628
251,AOC3,G1,0.0005315741145378123
252,AOC3,G1-G0 transition,0.0006726670271516719
253,AOC3,G2M,0.00023853217683390536
254,AOC3,S,0.0003265934175713306
255,AP3B2,G0,0.0002506443997888921
256,AP3B2,G1,0.0007582485447559854
257,AP3B2,G1-G0 transition,0.0005877604383339648
258,AP3B2,G2M,0.00023650272077721334
259,AP3B2,S,0.000359889678028015
260,APCDD1,G0,0.0002638596199183341
261,APCDD1,G1,0.000623437645224316
262,APCDD1,G1-G0 transition,0.0005873151034119446
263,APCDD1,G2M,0.0002175913433816077
264,APCDD1,S,0.00028737526689158336
265,APOA1,G0,0.0003078586459195376
266,APOA1,G1,0.0005386986641678537
267,APOA1,G1-G0 transition,0.0006110214805381553
268,APOA1,G2M,0.00018824991067379097
269,APOA1,S,0.00025321326635284615
270,APOE,G0,0.0008447110644278532
271,APOE,G1,0.000826805622237611
272,APOE,G1-G0 transition,0.00120145021260105
273,APOE,G2M,0.0002873244288053662
274,APOE,S,0.00024226532285830628
275,AQP1,G0,0.0003801955487710233
276,AQP1,G1,0.0005965309802099743
277,AQP1,G1-G0 transition,0.000628486310114548
278,AQP1,G2M,0.0002494096669456469
279,AQP1,S,0.0002858473537516025
280,AQP3,G0,0.0001840935999312895
281,AQP3,G1,0.0005315756455172816
282,AQP3,G1-G0 transition,0.0007041942620484437
283,AQP3,G2M,0.0002529926032802877
284,AQP3,S,0.0002978725262284974
285,ARHGAP20,G0,0.00020301323245896095
286,ARHGAP20,G1,0.0005883619565143943
287,ARHGAP20,G1-G0 transition,0.0005778880182692431
288,ARHGAP20,G2M,0.00017670690656040948
289,ARHGAP20,S,0.00034532233087068904
290,ARHGAP24,G0,0.0005854942505592269
291,ARHGAP24,G1,0.0007054266804775442
292,ARHGAP24,G1-G0 transition,0.0008421225487757832
293,ARHGAP24,G2M,0.00027714873310487803
294,ARHGAP24,S,0.00033802365648971937
295,ARHGAP28,G0,0.00032955770427485443
296,ARHGAP28,G1,0.0005562638046547512
297,ARHGAP28,G1-G0 transition,0.0005042283437068871
298,ARHGAP28,G2M,0.000267273528209892
299,ARHGAP28,S,0.0003458951540301064
300,ARHGAP6,G0,0.00044198801152739046
301,ARHGAP6,G1,0.0007445914020147782
302,ARHGAP6,G1-G0 transition,0.0005646869808246919
303,ARHGAP6,G2M,0.00027173254505178176
304,ARHGAP6,S,0.0004595555605391682
305,ARHGAP8,G0,0.00041265103055778145
306,ARHGAP8,G1,0.0005428214018215478
307,ARHGAP8,G1-G0 transition,0.0006168307907315865
308,ARHGAP8,G2M,0.0002019860800351545
309,ARHGAP8,S,0.00033401710502599553
310,ARHGEF3,G0,0.00021248793178389722
311,ARHGEF3,G1,0.0006690709990209977
312,ARHGEF3,G1-G0 transition,0.0006014936561281034
313,ARHGEF3,G2M,0.00030769939594528175
314,ARHGEF3,S,0.00030623791036025913
315,ARHGEF39,G0,0.0005099753567466824
316,ARHGEF39,G1,0.0006706964950766121
317,ARHGEF39,G1-G0 transition,0.0007110116623240075
318,ARHGEF39,G2M,0.00022017745385807962
319,ARHGEF39,S,0.0005022749783495893
320,ARID5B,G0,0.002642671728722653
321,ARID5B,G1,0.002014873674293331
322,ARID5B,G1-G0 transition,0.009096725898169988
323,ARID5B,G2M,0.0014951697563213285
324,ARID5B,S,0.0017084819731512729
325,ARL6IP1,G0,0.0010652081155037528
326,ARL6IP1,G1,0.001629072285035225
327,ARL6IP1,G1-G0 transition,0.0008968192791103226
328,ARL6IP1,G2M,0.0007457950561474584
329,ARL6IP1,S,0.0013307491677824633
330,ARL6IP6,G0,0.00039176608547660414
331,ARL6IP6,G1,0.0006588044651675205
332,ARL6IP6,G1-G0 transition,0.0005449402559639258
333,ARL6IP6,G2M,0.00025662742580472193
334,ARL6IP6,S,0.00037122085375769015
335,ARMH1,G0,0.0002580071645981044
336,ARMH1,G1,0.000545866864277096
337,ARMH1,G1-G0 transition,0.0006747388837583889
338,ARMH1,G2M,0.00018337550284017317
339,ARMH1,S,0.00030029539587986785
340,ARRDC3,G0,0.0003893862057281597
341,ARRDC3,G1,0.0005968222130761885
342,ARRDC3,G1-G0 transition,0.001038080245094416
343,ARRDC3,G2M,0.0002483772896007665
344,ARRDC3,S,0.0004497037438798391
345,ARSG,G0,0.000214151471844779
346,ARSG,G1,0.0007018999930045475
347,ARSG,G1-G0 transition,0.0005555574395794988
348,ARSG,G2M,0.00025786677846231006
349,ARSG,S,0.000367102059131318
350,ART5,G0,0.0
351,ART5,G1,0.0
352,ART5,G1-G0 transition,0.0
353,ART5,G2M,0.0
354,ART5,S,0.0
355,ASCL2,G0,0.0002591248969273191
356,ASCL2,G1,0.0006240969054797804
357,ASCL2,G1-G0 transition,0.0006001584327905468
358,ASCL2,G2M,0.00016683310912655035
359,ASCL2,S,0.0002663805345361494
360,ASGR1,G0,0.0004264455780884814
361,ASGR1,G1,0.0006539933427754274
362,ASGR1,G1-G0 transition,0.0006306554073365851
363,ASGR1,G2M,0.00022445518421222686
364,ASGR1,S,0.0002730161072744954
365,ASIC2,G0,0.00024424931666726835
366,ASIC2,G1,0.0005488654349330901
367,ASIC2,G1-G0 transition,0.0005769587797717898
368,ASIC2,G2M,0.0002148515227007985
369,ASIC2,S,0.00023020104870891632
370,ASIC3,G0,0.0004571735252165951
371,ASIC3,G1,0.0006914724065293991
372,ASIC3,G1-G0 transition,0.0008804895852744266
373,ASIC3,G2M,0.0001823000457495824
374,ASIC3,S,0.00029410310288786705
375,ASIP,G0,0.00017833793771324994
376,ASIP,G1,0.000587721674041034
377,ASIP,G1-G0 transition,0.00046359015525605654
378,ASIP,G2M,0.000197326940632825
379,ASIP,S,0.0001920479688228795
380,ASPM,G0,0.0008743688242083131
381,ASPM,G1,0.0014218617163812028
382,ASPM,G1-G0 transition,0.004055416619109867
383,ASPM,G2M,0.0026145617160186073
384,ASPM,S,0.0007571999237483494
385,ASXL3,G0,0.0003250635032636631
386,ASXL3,G1,0.0006080644529049162
387,ASXL3,G1-G0 transition,0.0005394317026136376
388,ASXL3,G2M,0.0002678556168284214
389,ASXL3,S,0.00039607396710367377
390,ATAD2,G0,0.005611413338702133
391,ATAD2,G1,0.0037125929444878796
392,ATAD2,G1-G0 transition,0.0024233412498403484
393,ATAD2,G2M,0.0015252537515067868
394,ATAD2,S,0.004568653720705808
395,ATCAY,G0,0.0002570508098308695
396,ATCAY,G1,0.0005712485283832674
397,ATCAY,G1-G0 transition,0.0005671313597099068
398,ATCAY,G2M,0.00015235289103360245
399,ATCAY,S,0.0002891533086021253
400,ATF3,G0,0.0004087218213041657
401,ATF3,G1,0.0005909959775153624
402,ATF3,G1-G0 transition,0.0007593631445759452
403,ATF3,G2M,0.00022684796940099436
404,ATF3,S,0.00034377461507229743
405,AURKA,G0,0.004255870482050661
406,AURKA,G1,0.0013654065381866233
407,AURKA,G1-G0 transition,0.0063999153150659455
408,AURKA,G2M,0.0014356318504702948
409,AURKA,S,0.0013996740044101557
410,AURKB,G0,0.0025508101815618365
411,AURKB,G1,0.005071959897592857
412,AURKB,G1-G0 transition,0.005504044011040808
413,AURKB,G2M,0.0028457622318079994
414,AURKB,S,0.001634066086163814
415,AVIL,G0,0.0002947605916275571
416,AVIL,G1,0.0007124942070916314
417,AVIL,G1-G0 transition,0.0006192692470692543
418,AVIL,G2M,0.00025305474035182586
419,AVIL,S,0.00033213916466836094
420,AWAT2,G0,0.0002822574562983477
421,AWAT2,G1,0.0004788642134654693
422,AWAT2,G1-G0 transition,0.0006179336627075094
423,AWAT2,G2M,0.00019344198084290219
424,AWAT2,S,0.00035018139813721463
425,AXDND1,G0,0.0002543552415020668
426,AXDND1,G1,0.0006164172025835466
427,AXDND1,G1-G0 transition,0.0004623377516400714
428,AXDND1,G2M,0.00019983317513480893
429,AXDND1,S,0.00020154964390991096
430,AZIN2,G0,0.0002954011760060805
431,AZIN2,G1,0.0007015891319390782
432,AZIN2,G1-G0 transition,0.0005605847348524175
433,AZIN2,G2M,0.00016954225526992747
434,AZIN2,S,0.00030462479303185864
435,B3GALT1,G0,0.00019069280670451816
436,B3GALT1,G1,0.0006267410521406495
437,B3GALT1,G1-G0 transition,0.0005749921158412566
438,B3GALT1,G2M,0.00020628255535253538
439,B3GALT1,S,0.0002994507357078577
440,B3GALT2,G0,0.00028811395125162857
441,B3GALT2,G1,0.0007221445003813739
442,B3GALT2,G1-G0 transition,0.000620135238367622
443,B3GALT2,G2M,0.00015019477534160597
444,B3GALT2,S,0.0003574095915594548
445,BARX2,G0,0.00028521100449420064
446,BARX2,G1,0.0006675071586242559
447,BARX2,G1-G0 transition,0.0004990869984224904
448,BARX2,G2M,0.00019973005026362121
449,BARX2,S,0.000316842324512298
450,BCHE,G0,0.00018830103383556397
451,BCHE,G1,0.0006350851183874145
452,BCHE,G1-G0 transition,0.0005684729505786123
453,BCHE,G2M,0.0001614307522899727
454,BCHE,S,0.0002888307324684567
455,BCL11B,G0,0.0003274580452959802
456,BCL11B,G1,0.0007005775913927931
457,BCL11B,G1-G0 transition,0.0006512784709532188
458,BCL11B,G2M,0.0002529727164719146
459,BCL11B,S,0.0003361312267580321
460,BCL2L14,G0,0.0013239862203562555
461,BCL2L14,G1,0.0006358472324910299
462,BCL2L14,G1-G0 transition,0.0016979619493034358
463,BCL2L14,G2M,0.00017794719559957172
464,BCL2L14,S,0.00031576269546112606
465,BCL6,G0,0.0003201498544374111
466,BCL6,G1,0.000562476151574789
467,BCL6,G1-G0 transition,0.000640694618841913
468,BCL6,G2M,0.00019397724860119168
469,BCL6,S,0.000248828932308038
470,BCL6B,G0,0.00020114716152282066
471,BCL6B,G1,0.0005605862084671333
472,BCL6B,G1-G0 transition,0.0005666465408438989
473,BCL6B,G2M,0.00022014711351904827
474,BCL6B,S,0.0002571797267313571
475,BDH2,G0,0.0003137468967812463
476,BDH2,G1,0.0008369566224277593
477,BDH2,G1-G0 transition,0.0009009172379922053
478,BDH2,G2M,0.00022248972318177773
479,BDH2,S,0.0004433911289014504
480,BLM,G0,0.0013433729935823904
481,BLM,G1,0.0009068208212928156
482,BLM,G1-G0 transition,0.0008421924397544318
483,BLM,G2M,0.00024076839730788772
484,BLM,S,0.000628883243648079
485,BMP2,G0,0.0002746570065809817
486,BMP2,G1,0.00063690181319572
487,BMP2,G1-G0 transition,0.0006612266110742292
488,BMP2,G2M,0.00025244437748237267
489,BMP2,S,0.0002695117730524546
490,BMPER,G0,0.0002661215495945809
491,BMPER,G1,0.0005570453218275246
492,BMPER,G1-G0 transition,0.0006706924596868258
493,BMPER,G2M,0.00019732626937277823
494,BMPER,S,0.00034638221267452437
495,BORA,G0,0.00029039165542201156
496,BORA,G1,0.0007526114835994654
497,BORA,G1-G0 transition,0.0005698329615778174
498,BORA,G2M,0.0003289819409712889
499,BORA,S,0.0005306731098335706
500,BRCA1,G0,0.0024486145426715683
501,BRCA1,G1,0.0016491888124677135
502,BRCA1,G1-G0 transition,0.0010704006754485183
503,BRCA1,G2M,0.0005724107853274131
504,BRCA1,S,0.002258841827337129
505,BRD8,G0,0.00032564338709769995
506,BRD8,G1,0.0006295437222269394
507,BRD8,G1-G0 transition,0.0006651074521978427
508,BRD8,G2M,0.00020070305464335632
509,BRD8,S,0.0005496683508830256
510,BRINP3,G0,0.0003415540692493476
511,BRINP3,G1,0.0006527831921314567
512,BRINP3,G1-G0 transition,0.0005502832055171822
513,BRINP3,G2M,0.00021851383089832493
514,BRINP3,S,0.0002608786942061687
515,BRIP1,G0,0.0004211792074002281
516,BRIP1,G1,0.0009065922244384838
517,BRIP1,G1-G0 transition,0.0007736007155941335
518,BRIP1,G2M,0.0003229662959241245
519,BRIP1,S,0.0006678266800156572
520,BRME1,G0,0.00022259952736554186
521,BRME1,G1,0.00045709609368942876
522,BRME1,G1-G0 transition,0.0005983371295300534
523,BRME1,G2M,0.00020317780015409982
524,BRME1,S,0.0002765855223810071
525,BRSK2,G0,0.000466408486078646
526,BRSK2,G1,0.0005443593287481147
527,BRSK2,G1-G0 transition,0.000628339320567575
528,BRSK2,G2M,0.0002464055111399974
529,BRSK2,S,0.000367394750820626
530,BUB1,G0,0.0006009583893972884
531,BUB1,G1,0.0027815723905207264
532,BUB1,G1-G0 transition,0.0008049336340766475
533,BUB1,G2M,0.0008249130377650983
534,BUB1,S,0.0013589288238812663
535,BUB1B,G0,0.0004372198408891862
536,BUB1B,G1,0.0023968693021560617
537,BUB1B,G1-G0 transition,0.00312681259263175
538,BUB1B,G2M,0.0008056029793450804
539,BUB1B,S,0.0007871706711690608
540,C10orf90,G0,0.000184749479860584
541,C10orf90,G1,0.0005549441466220651
542,C10orf90,G1-G0 transition,0.0005468588658000088
543,C10orf90,G2M,0.00023615843087380897
544,C10orf90,S,0.00024851339248477305
545,C11orf96,G0,0.00033448676408148173
546,C11orf96,G1,0.0005423535851208028
547,C11orf96,G1-G0 transition,0.0006355635153388077
548,C11orf96,G2M,0.00024221040413834933
549,C11orf96,S,0.0002408526171976304
550,C15orf48,G0,0.00034621650476710067
551,C15orf48,G1,0.0005237503621341341
552,C15orf48,G1-G0 transition,0.0005568327462158089
553,C15orf48,G2M,0.00015603104109496957
554,C15orf48,S,0.0002859695736484219
555,C16orf46,G0,0.00024018830735830185
556,C16orf46,G1,0.0007843294477872513
557,C16orf46,G1-G0 transition,0.0005880476093224375
558,C16orf46,G2M,0.00016226996459721966
559,C16orf46,S,0.00029151789594462544
560,C1QTNF1,G0,0.00023869990253688183
561,C1QTNF1,G1,0.0005858676804695695
562,C1QTNF1,G1-G0 transition,0.0006335327723757102
563,C1QTNF1,G2M,0.00015396935621974533
564,C1QTNF1,S,0.0002999747940806669
565,C1RL,G0,0.0006542765189128339
566,C1RL,G1,0.0005007503045827332
567,C1RL,G1-G0 transition,0.0008542152190215982
568,C1RL,G2M,0.0002608691575476084
569,C1RL,S,0.00037636088760015614
570,C21orf62,G0,0.00020872902361663707
571,C21orf62,G1,0.000671475592308252
572,C21orf62,G1-G0 transition,0.0005529167644602502
573,C21orf62,G2M,0.0001640654934416687
574,C21orf62,S,0.00042436663176712063
575,C2orf69,G0,0.00043591043617403647
576,C2orf69,G1,0.0007253597556682682
577,C2orf69,G1-G0 transition,0.0005616425959043219
578,C2orf69,G2M,0.00015761884776014615
579,C2orf69,S,0.00029494899866921743
580,C2orf72,G0,0.0002329701156286709
581,C2orf72,G1,0.000592570298141615
582,C2orf72,G1-G0 transition,0.0005722537830811321
583,C2orf72,G2M,0.00020713849674556617
584,C2orf72,S,0.0003279118221883728
585,C2orf92,G0,0.000306586749135968
586,C2orf92,G1,0.0006920194219328023
587,C2orf92,G1-G0 transition,0.0007257183759845397
588,C2orf92,G2M,0.00016176312848747358
589,C2orf92,S,0.00026547484615909947
590,C3,G0,0.000370775375710601
591,C3,G1,0.000615891413561712
592,C3,G1-G0 transition,0.0005909495964686784
593,C3,G2M,0.00022091128655350912
594,C3,S,0.00026615758921831687
595,C3orf33,G0,0.00033465547930141204
596,C3orf33,G1,0.0006771225031236309
597,C3orf33,G1-G0 transition,0.0006419839257656964
598,C3orf33,G2M,0.00024002233123588998
599,C3orf33,S,0.00039262134169073783
600,C3orf70,G0,0.00025629224047616164
601,C3orf70,G1,0.0007125237567108258
602,C3orf70,G1-G0 transition,0.0006090471964397903
603,C3orf70,G2M,0.0001381950598731542
604,C3orf70,S,0.00029359293643463726
605,C3orf80,G0,0.00018899040982316086
606,C3orf80,G1,0.0005254934704709927
607,C3orf80,G1-G0 transition,0.0005776218240813686
608,C3orf80,G2M,0.00019633924239389997
609,C3orf80,S,0.0004240582328433907
610,C6,G0,0.0002593417230419394
611,C6,G1,0.0004921635492230533
612,C6,G1-G0 transition,0.0006074541221628666
613,C6,G2M,0.00023212361436138372
614,C6,S,0.00032973010402918357
615,C6orf58,G0,0.00029229610057732386
616,C6orf58,G1,0.0006027247069134081
617,C6orf58,G1-G0 transition,0.0004930777281113169
618,C6orf58,G2M,0.00019141909060683594
619,C6orf58,S,0.00033319519839149274
620,C8orf89,G0,0.00027442987536655124
621,C8orf89,G1,0.0004645268894378238
622,C8orf89,G1-G0 transition,0.0006471912257934763
623,C8orf89,G2M,0.00021702276853812535
624,C8orf89,S,0.00029169407853183674
625,C9orf50,G0,0.0003373907931119649
626,C9orf50,G1,0.0008641389796091536
627,C9orf50,G1-G0 transition,0.000623248210569812
628,C9orf50,G2M,0.00030541449928315676
629,C9orf50,S,0.0002635536046382956
630,CA11,G0,0.0005539282070554364
631,CA11,G1,0.0007462513810232173
632,CA11,G1-G0 transition,0.0006964418032831582
633,CA11,G2M,0.00024357529894103563
634,CA11,S,0.0003385656536051817
635,CABCOCO1,G0,0.00033942831601945097
636,CABCOCO1,G1,0.0006250387157932297
637,CABCOCO1,G1-G0 transition,0.00062491370384487
638,CABCOCO1,G2M,0.00018067807787322795
639,CABCOCO1,S,0.00028223314386263833
640,CABP1,G0,0.00034464350756279166
641,CABP1,G1,0.0007629478299829318
642,CABP1,G1-G0 transition,0.0006606420015072957
643,CABP1,G2M,0.0002276513208942583
644,CABP1,S,0.00032963295304423235
645,CACNG4,G0,0.0003073888819733425
646,CACNG4,G1,0.0006008624098981041
647,CACNG4,G1-G0 transition,0.0006107302183014184
648,CACNG4,G2M,0.0002221907987233438
649,CACNG4,S,0.00027888446001120883
650,CADM2,G0,0.00029596758709315096
651,CADM2,G1,0.0006368980149022897
652,CADM2,G1-G0 transition,0.0006294898550137632
653,CADM2,G2M,0.00020740294146399422
654,CADM2,S,0.00043410290868928355
655,CAGE1,G0,0.00022009621756112417
656,CAGE1,G1,0.0005740211043069781
657,CAGE1,G1-G0 transition,0.0006185701389139791
658,CAGE1,G2M,0.0001740597953530843
659,CAGE1,S,0.00034707095065798706
660,CALY,G0,0.00033468863372801676
661,CALY,G1,0.0005964846840035506
662,CALY,G1-G0 transition,0.0005817837312200098
663,CALY,G2M,0.0002020914723437983
664,CALY,S,0.00028566317009442863
665,CAMKK1,G0,0.00024785657780462535
666,CAMKK1,G1,0.0006821484767249351
667,CAMKK1,G1-G0 transition,0.0009280191852850672
668,CAMKK1,G2M,0.00034255262498212685
669,CAMKK1,S,0.0003923792202779519
670,CARD9,G0,0.0002730497222596316
671,CARD9,G1,0.0006969232911703601
672,CARD9,G1-G0 transition,0.0006141336637187523
673,CARD9,G2M,0.00024365555353757242
674,CARD9,S,0.0002628460264765642
675,CATSPERD,G0,0.00028693779147841164
676,CATSPERD,G1,0.0004890226021743885
677,CATSPERD,G1-G0 transition,0.0006396958439985781
678,CATSPERD,G2M,0.0002180812568366578
679,CATSPERD,S,0.00028283951325017327
680,CATSPERG,G0,0.0002798793851292768
681,CATSPERG,G1,0.0006423521214363346
682,CATSPERG,G1-G0 transition,0.0007291908077937775
683,CATSPERG,G2M,0.0001657837784492817
684,CATSPERG,S,0.00027944345907907547
685,CBLN3,G0,0.00018910393493982443
686,CBLN3,G1,0.000668154880460232
687,CBLN3,G1-G0 transition,0.0006224519429584672
688,CBLN3,G2M,0.00020039536698380011
689,CBLN3,S,0.0001866907602641022
690,CBY3,G0,0.0
691,CBY3,G1,0.0
692,CBY3,G1-G0 transition,0.0
693,CBY3,G2M,0.0
694,CBY3,S,0.0
695,CCDC13,G0,0.00028308090234687973
696,CCDC13,G1,0.0006246948331258625
697,CCDC13,G1-G0 transition,0.0006533765285527745
698,CCDC13,G2M,0.00022624151122969713
699,CCDC13,S,0.0003675676789301459
700,CCDC146,G0,0.00029101180873107417
701,CCDC146,G1,0.0006163719975485685
702,CCDC146,G1-G0 transition,0.0007128100496481905
703,CCDC146,G2M,0.00021482162682475133
704,CCDC146,S,0.00028188994579697867
705,CCDC15,G0,0.0002874267582204392
706,CCDC15,G1,0.0007250849405821685
707,CCDC15,G1-G0 transition,0.0005995900124118456
708,CCDC15,G2M,0.00022218300493635014
709,CCDC15,S,0.00043738241135765675
710,CCDC160,G0,0.00022233829050593318
711,CCDC160,G1,0.000507846458680813
712,CCDC160,G1-G0 transition,0.0008082993536008199
713,CCDC160,G2M,0.00020659077276351535
714,CCDC160,S,0.00020190864477161811
715,CCDC168,G0,0.00022991019376283878
716,CCDC168,G1,0.0005724699866078223
717,CCDC168,G1-G0 transition,0.0006241692278020895
718,CCDC168,G2M,0.00023803123826545336
719,CCDC168,S,0.00023007184135497106
720,CCDC184,G0,0.000375339815166188
721,CCDC184,G1,0.0005832916722497204
722,CCDC184,G1-G0 transition,0.0005002919618766391
723,CCDC184,G2M,0.00020689279369663234
724,CCDC184,S,0.0002909993280041131
725,CCDC190,G0,0.000261068353603525
726,CCDC190,G1,0.0007279707733246542
727,CCDC190,G1-G0 transition,0.0006296648643222909
728,CCDC190,G2M,0.0001632620121670012
729,CCDC190,S,0.000354662505973596
730,CCDC68,G0,0.0003260759097777741
731,CCDC68,G1,0.0006736318967925498
732,CCDC68,G1-G0 transition,0.0006631430200733044
733,CCDC68,G2M,0.00019850626003700968
734,CCDC68,S,0.00038095727567137946
735,CCDC69,G0,0.00041798023900763885
736,CCDC69,G1,0.00061666986945285
737,CCDC69,G1-G0 transition,0.0006670475594725476
738,CCDC69,G2M,0.00020794888006751174
739,CCDC69,S,0.00022964071182822462
740,CCDC78,G0,0.00025803903516881437
741,CCDC78,G1,0.0004559324285957789
742,CCDC78,G1-G0 transition,0.0007460900895320266
743,CCDC78,G2M,0.00023508819286607144
744,CCDC78,S,0.00032700689795306376
745,CCDC85A,G0,0.00022966952568076798
746,CCDC85A,G1,0.0006295368562128873
747,CCDC85A,G1-G0 transition,0.0005597323159450945
748,CCDC85A,G2M,0.00021473887252015778
749,CCDC85A,S,0.00030357458842818707
750,CCDC89,G0,0.00035960751865571133
751,CCDC89,G1,0.0005870740014565847
752,CCDC89,G1-G0 transition,0.0007727929818522304
753,CCDC89,G2M,0.00017153110027337155
754,CCDC89,S,0.00038252481815831966
755,CCER2,G0,0.0001551775317349539
756,CCER2,G1,0.0005836616533701377
757,CCER2,G1-G0 transition,0.0006551284771957729
758,CCER2,G2M,0.00021082427409587143
759,CCER2,S,0.0003473909418376857
760,CCL28,G0,0.0002538445685541681
761,CCL28,G1,0.0005293882224021409
762,CCL28,G1-G0 transition,0.0005473404196022799
763,CCL28,G2M,0.00023263569145227998
764,CCL28,S,0.00021929438602991404
765,CCN4,G0,0.00024154475270099358
766,CCN4,G1,0.0006174903278249587
767,CCN4,G1-G0 transition,0.0005424962014744988
768,CCN4,G2M,0.00024457119786271955
769,CCN4,S,0.00024487586696457335
770,CCNA1,G0,0.00027542355337611767
771,CCNA1,G1,0.0005186842074767205
772,CCNA1,G1-G0 transition,0.0005373064317831928
773,CCNA1,G2M,0.00021310624046985317
774,CCNA1,S,0.00024546877985756225
775,CCNA2,G0,0.0016067829399764699
776,CCNA2,G1,0.002662579177999763
777,CCNA2,G1-G0 transition,0.005457701206724456
778,CCNA2,G2M,0.002636272844265023
779,CCNA2,S,0.002290932763991124
780,CCNB1,G0,0.008435575903649755
781,CCNB1,G1,0.014015646821107987
782,CCNB1,G1-G0 transition,0.00301633438612263
783,CCNB1,G2M,0.0035412636847421235
784,CCNB1,S,0.006340065188994107
785,CCNB2,G0,0.0020909095646677385
786,CCNB2,G1,0.009244884548611776
787,CCNB2,G1-G0 transition,0.0025673004655675266
788,CCNB2,G2M,0.003125728680993198
789,CCNB2,S,0.006624485096813406
790,CCNE1,G0,0.0007566275766089184
791,CCNE1,G1,0.0010512961588645163
792,CCNE1,G1-G0 transition,0.0011009676531540374
793,CCNE1,G2M,0.0019879390071485085
794,CCNE1,S,0.0015180978032043825
795,CCNE2,G0,0.0006224952755279461
796,CCNE2,G1,0.0011310347371725248
797,CCNE2,G1-G0 transition,0.001109390988232526
798,CCNE2,G2M,0.0007627788707167108
799,CCNE2,S,0.000622421745303945
800,CCNF,G0,0.0005823102411290566
801,CCNF,G1,0.004340607675995567
802,CCNF,G1-G0 transition,0.0017674982384803075
803,CCNF,G2M,0.004783377193314592
804,CCNF,S,0.0009339525958681665
805,CCR1,G0,0.0
806,CCR1,G1,0.0
807,CCR1,G1-G0 transition,0.0
808,CCR1,G2M,0.0
809,CCR1,S,0.0
810,CCSAP,G0,0.0002515785119302237
811,CCSAP,G1,0.0007277502007700797
812,CCSAP,G1-G0 transition,0.0006177340373406466
813,CCSAP,G2M,0.00025484251475573063
814,CCSAP,S,0.0003729127074536057
815,CD14,G0,0.00028384657515135626
816,CD14,G1,0.0006000548722083294
817,CD14,G1-G0 transition,0.0006166146506520809
818,CD14,G2M,0.0001963840464973076
819,CD14,S,0.00018253344246818025
820,CD180,G0,0.00032853545080421294
821,CD180,G1,0.000571818668125088
822,CD180,G1-G0 transition,0.0006653116421652459
823,CD180,G2M,0.0001983236038941159
824,CD180,S,0.00028253865001743326
825,CD24,G0,0.007387540003620195
826,CD24,G1,0.004077556249913969
827,CD24,G1-G0 transition,0.0040345470642333195
828,CD24,G2M,0.0010337807008058391
829,CD24,S,0.0036215265958379687
830,CD247,G0,0.00019367138845352976
831,CD247,G1,0.0006028850480731534
832,CD247,G1-G0 transition,0.0004773387481830522
833,CD247,G2M,0.00023668267671045308
834,CD247,S,0.0003173712493565691
835,CD37,G0,0.00031867187271256755
836,CD37,G1,0.0005213537453745231
837,CD37,G1-G0 transition,0.0005669593975296909
838,CD37,G2M,0.00017038281889015706
839,CD37,S,0.00028231764989222974
840,CD79A,G0,0.00023214543827974177
841,CD79A,G1,0.0007300976741482458
842,CD79A,G1-G0 transition,0.0004977322048891788
843,CD79A,G2M,0.00020969487890275297
844,CD79A,S,0.0003119879689603322
845,CDC20,G0,0.005720516624827174
846,CDC20,G1,0.008353527603014239
847,CDC20,G1-G0 transition,0.003408787467291184
848,CDC20,G2M,0.0026849755869155236
849,CDC20,S,0.0038037444258871033
850,CDC25A,G0,0.00024912300606860793
851,CDC25A,G1,0.0006481981194313807
852,CDC25A,G1-G0 transition,0.0005964056409819324
853,CDC25A,G2M,0.0003222154407521296
854,CDC25A,S,0.00035049642840548464
855,CDC25C,G0,0.0002954004359268262
856,CDC25C,G1,0.0007203164557604417
857,CDC25C,G1-G0 transition,0.0010817485386730291
858,CDC25C,G2M,0.00036087734601043234
859,CDC25C,S,0.0004188783538250311
860,CDC42EP2,G0,0.00035182316784098067
861,CDC42EP2,G1,0.0006283368497016557
862,CDC42EP2,G1-G0 transition,0.0007613700391810279
863,CDC42EP2,G2M,0.00010376185834685967
864,CDC42EP2,S,0.000302462506841256
865,CDC45,G0,0.005760252111434021
866,CDC45,G1,0.0015546825933310856
867,CDC45,G1-G0 transition,0.0022244133260660055
868,CDC45,G2M,0.0006657383484308709
869,CDC45,S,0.004073557217123691
870,CDC6,G0,0.0009952226892306277
871,CDC6,G1,0.001814404718715392
872,CDC6,G1-G0 transition,0.002021010790865805
873,CDC6,G2M,0.0018873750618811742
874,CDC6,S,0.002241411529107065
875,CDCA2,G0,0.000461312247426323
876,CDCA2,G1,0.001972132200610306
877,CDCA2,G1-G0 transition,0.0024497281543502327
878,CDCA2,G2M,0.0029627768756860418
879,CDCA2,S,0.0011118457757292722
880,CDCA3,G0,0.0026847752817871396
881,CDCA3,G1,0.0037985273960300975
882,CDCA3,G1-G0 transition,0.0022191477149159328
883,CDCA3,G2M,0.0016150132859554457
884,CDCA3,S,0.0024617109271676783
885,CDCA7,G0,0.003955393962761604
886,CDCA7,G1,0.002683455104532141
887,CDCA7,G1-G0 transition,0.0021824352520917497
888,CDCA7,G2M,0.0008324011608908571
889,CDCA7,S,0.0005868199118031534
890,CDCA8,G0,0.0005909772724737792
891,CDCA8,G1,0.0012628623868343519
892,CDCA8,G1-G0 transition,0.004337771848259402
893,CDCA8,G2M,0.0028144083766164893
894,CDCA8,S,0.0006500186084228165
895,CDH15,G0,0.0002945765102789608
896,CDH15,G1,0.000689051296599608
897,CDH15,G1-G0 transition,0.0006859261105632205
898,CDH15,G2M,0.00029668394284365293
899,CDH15,S,0.0001677993551984933
900,CDHR4,G0,0.00017360875922150826
901,CDHR4,G1,0.0006294838152649247
902,CDHR4,G1-G0 transition,0.0005948140641813343
903,CDHR4,G2M,0.0001352647694809294
904,CDHR4,S,0.00032643709622608
905,CDK1,G0,0.0022317739899064405
906,CDK1,G1,0.01965489907607821
907,CDK1,G1-G0 transition,0.0074757786644662075
908,CDK1,G2M,0.015667119132338227
909,CDK1,S,0.009871380879901814
910,CDK15,G0,0.00024307456287463546
911,CDK15,G1,0.0006725993169201965
912,CDK15,G1-G0 transition,0.0005081976006326679
913,CDK15,G2M,0.00021508867850899242
914,CDK15,S,0.0002606184667462933
915,CDK5R2,G0,0.00021965652817871738
916,CDK5R2,G1,0.000492796435833217
917,CDK5R2,G1-G0 transition,0.0004354110850148906
918,CDK5R2,G2M,0.00019869209611045397
919,CDK5R2,S,0.00033543825376181253
920,CDKN1C,G0,0.0008040882926689223
921,CDKN1C,G1,0.0007225124486979838
922,CDKN1C,G1-G0 transition,0.0010858181616819238
923,CDKN1C,G2M,0.00018137022201903928
924,CDKN1C,S,0.0004697779951681838
925,CDKN2B,G0,0.0002565141806904646
926,CDKN2B,G1,0.0007666405921822513
927,CDKN2B,G1-G0 transition,0.0005674074241973224
928,CDKN2B,G2M,0.00021122534019159942
929,CDKN2B,S,0.00037371747058052515
930,CDKN2D,G0,0.00041964855240280064
931,CDKN2D,G1,0.0009327498975277411
932,CDKN2D,G1-G0 transition,0.0005952349912969919
933,CDKN2D,G2M,0.0005207548365663527
934,CDKN2D,S,0.00033550186348805394
935,CDNF,G0,0.00028096244795261033
936,CDNF,G1,0.0005425558069000287
937,CDNF,G1-G0 transition,0.0007029794799596386
938,CDNF,G2M,0.00020278404014163466
939,CDNF,S,0.0003285000771627706
940,CDRT4,G0,0.0002556784814622114
941,CDRT4,G1,0.0005250971652438746
942,CDRT4,G1-G0 transition,0.000552912595887194
943,CDRT4,G2M,0.0002347283292133229
944,CDRT4,S,0.00033046405353428333
945,CEBPA,G0,0.0003722048320497573
946,CEBPA,G1,0.0005784283928072155
947,CEBPA,G1-G0 transition,0.0006390681033785569
948,CEBPA,G2M,0.00018249049004451551
949,CEBPA,S,0.00017499894752340798
950,CEBPD,G0,0.0004842646628828277
951,CEBPD,G1,0.00069637838641844
952,CEBPD,G1-G0 transition,0.0007828502783617587
953,CEBPD,G2M,0.0003719695662745698
954,CEBPD,S,0.00044052969135800106
955,CELF5,G0,0.00027266906785875926
956,CELF5,G1,0.0005839375538610016
957,CELF5,G1-G0 transition,0.0005504618473942983
958,CELF5,G2M,0.0002239529005483582
959,CELF5,S,0.00028820460692007005
960,CEMIP,G0,0.00043051177919067787
961,CEMIP,G1,0.0006774108778591587
962,CEMIP,G1-G0 transition,0.0006357640503255685
963,CEMIP,G2M,0.0002927418685810044
964,CEMIP,S,0.00041442522269107067
965,CEND1,G0,0.00024004570876632735
966,CEND1,G1,0.0004918061838046073
967,CEND1,G1-G0 transition,0.0004526653146324587
968,CEND1,G2M,0.00014517945486496457
969,CEND1,S,0.00028756590295626693
970,CENPA,G0,0.000784960084264389
971,CENPA,G1,0.0012694043444575888
972,CENPA,G1-G0 transition,0.0023662277173162006
973,CENPA,G2M,0.0029212686199253475
974,CENPA,S,0.0015023621500198005
975,CENPC,G0,0.0003280244439907596
976,CENPC,G1,0.0007528521486545663
977,CENPC,G1-G0 transition,0.0005865908257371884
978,CENPC,G2M,0.00019208010498903422
979,CENPC,S,0.0002848083241872458
980,CENPE,G0,0.0047090835792329535
981,CENPE,G1,0.003968049460404623
982,CENPE,G1-G0 transition,0.0028691350403437644
983,CENPE,G2M,0.00340896157354236
984,CENPE,S,0.0020223974860162815
985,CENPF,G0,0.014729715193334991
986,CENPF,G1,0.011327122906030536
987,CENPF,G1-G0 transition,0.0028796959878116184
988,CENPF,G2M,0.005970710482020987
989,CENPF,S,0.005171235968708608
990,CENPI,G0,0.00040279837183175246
991,CENPI,G1,0.0007152877983141351
992,CENPI,G1-G0 transition,0.0006671831999960844
993,CENPI,G2M,0.0003411601330191338
994,CENPI,S,0.00032933535918038085
995,CENPL,G0,0.0004926570710735018
996,CENPL,G1,0.0008241353045803407
997,CENPL,G1-G0 transition,0.0005668626209214125
998,CENPL,G2M,0.0003417211069684342
999,CENPL,S,0.0005501628361227744
1000,CENPQ,G0,0.00037917785663223657
1001,CENPQ,G1,0.0006809891740052061
1002,CENPQ,G1-G0 transition,0.0005358376112394267
1003,CENPQ,G2M,0.00031409978900306625
1004,CENPQ,S,0.00028267070220864697
1005,CEP55,G0,0.0019100188623000568
1006,CEP55,G1,0.00400362525826244
1007,CEP55,G1-G0 transition,0.0007144671238213451
1008,CEP55,G2M,0.0013054397333747635
1009,CEP55,S,0.0010483463937105988
1010,CERS4,G0,0.000369735223257797
1011,CERS4,G1,0.0006980732533410478
1012,CERS4,G1-G0 transition,0.0007227782796992003
1013,CERS4,G2M,0.00020785396180528725
1014,CERS4,S,0.0003787771273235028
1015,CFAP299,G0,0.0002536431726350884
1016,CFAP299,G1,0.0004854647406383156
1017,CFAP299,G1-G0 transition,0.0005051242031436321
1018,CFAP299,G2M,0.00025456282479479145
1019,CFAP299,S,0.00023679299725884754
1020,CFAP61,G0,0.00023184715730634872
1021,CFAP61,G1,0.0007103512379283112
1022,CFAP61,G1-G0 transition,0.0006016403351764256
1023,CFAP61,G2M,0.00024644233459929384
1024,CFAP61,S,0.00032475837039796704
1025,CFB,G0,0.00019325444688107085
1026,CFB,G1,0.0005410074359073175
1027,CFB,G1-G0 transition,0.0005096926589066923
1028,CFB,G2M,0.0002129055091949051
1029,CFB,S,0.0002814344010250831
1030,CFTR,G0,0.00029346718915229344
1031,CFTR,G1,0.0005306541748059133
1032,CFTR,G1-G0 transition,0.0004995320938810422
1033,CFTR,G2M,0.0002014904471420017
1034,CFTR,S,0.00024142322299139236
1035,CHAF1A,G0,0.001796015412643738
1036,CHAF1A,G1,0.0018573107744114207
1037,CHAF1A,G1-G0 transition,0.0014277946035443187
1038,CHAF1A,G2M,0.0010877812536455754
1039,CHAF1A,S,0.0008913806620025437
1040,CHAF1B,G0,0.0005777034307521784
1041,CHAF1B,G1,0.0005953737235656643
1042,CHAF1B,G1-G0 transition,0.000933146293555851
1043,CHAF1B,G2M,0.0002839156578062932
1044,CHAF1B,S,0.00040863055486768294
1045,CHGB,G0,0.015608532328749748
1046,CHGB,G1,0.0036927549029990387
1047,CHGB,G1-G0 transition,0.007982734724976088
1048,CHGB,G2M,0.0014399011891340174
1049,CHGB,S,0.002742182435799013
1050,CHST13,G0,0.00023741949724421005
1051,CHST13,G1,0.0005252422012827763
1052,CHST13,G1-G0 transition,0.00047514866066763366
1053,CHST13,G2M,0.0001769437366187127
1054,CHST13,S,0.00031107373711345413
1055,CIART,G0,0.0003107988509687369
1056,CIART,G1,0.0007034052801810567
1057,CIART,G1-G0 transition,0.0006928019308138062
1058,CIART,G2M,0.0001981667651074414
1059,CIART,S,0.00025641023694852796
1060,CIBAR2,G0,0.00016760075911527399
1061,CIBAR2,G1,0.0006244435068721509
1062,CIBAR2,G1-G0 transition,0.0005512032769600003
1063,CIBAR2,G2M,0.0002034172791165374
1064,CIBAR2,S,0.0002222313241515764
1065,CIDEA,G0,0.0002530321266467083
1066,CIDEA,G1,0.000616866087857218
1067,CIDEA,G1-G0 transition,0.00042784399983544416
1068,CIDEA,G2M,0.00014398506396025534
1069,CIDEA,S,0.0002086910165493712
1070,CIT,G0,0.002988480377874236
1071,CIT,G1,0.0008197565567101483
1072,CIT,G1-G0 transition,0.0016378524799298866
1073,CIT,G2M,0.0006899191893895963
1074,CIT,S,0.0006175091893403454
1075,CKAP2,G0,0.0013985280975722459
1076,CKAP2,G1,0.002898479038116237
1077,CKAP2,G1-G0 transition,0.0017098320910800375
1078,CKAP2,G2M,0.0017032686229438905
1079,CKAP2,S,0.00165627301439073
1080,CKAP2L,G0,0.0006968936352886372
1081,CKAP2L,G1,0.0017568831805608125
1082,CKAP2L,G1-G0 transition,0.004744951389810919
1083,CKAP2L,G2M,0.0030362555537785437
1084,CKAP2L,S,0.0019195210518837388
1085,CKMT2,G0,0.0002591646112764577
1086,CKMT2,G1,0.0005130507140217482
1087,CKMT2,G1-G0 transition,0.00044237807897090815
1088,CKMT2,G2M,0.00018282107470457914
1089,CKMT2,S,0.0002462756654817304
1090,CLDN2,G0,0.0004584052203668972
1091,CLDN2,G1,0.0007743540726704755
1092,CLDN2,G1-G0 transition,0.0009378557597026503
1093,CLDN2,G2M,0.00023045751066938129
1094,CLDN2,S,0.0002829744352020112
1095,CLDN6,G0,0.0023575507699077473
1096,CLDN6,G1,0.001479123555067583
1097,CLDN6,G1-G0 transition,0.0024518940239297983
1098,CLDN6,G2M,0.0006183129475089697
1099,CLDN6,S,0.0006215356812513017
1100,CLDN7,G0,0.0027903133023215163
1101,CLDN7,G1,0.0035038387643580144
1102,CLDN7,G1-G0 transition,0.0014186527246422876
1103,CLDN7,G2M,0.0008945864344014667
1104,CLDN7,S,0.0006855078346730271
1105,CLDN9,G0,0.000584778739308267
1106,CLDN9,G1,0.0006531761628046604
1107,CLDN9,G1-G0 transition,0.0010078849301986147
1108,CLDN9,G2M,0.00021494712291876978
1109,CLDN9,S,0.0002722945477662269
1110,CLEC3B,G0,0.00025922479830776403
1111,CLEC3B,G1,0.0005696914015446356
1112,CLEC3B,G1-G0 transition,0.0005109854022800569
1113,CLEC3B,G2M,0.0001394863906138005
1114,CLEC3B,S,0.00021231091823801634
1115,CLEC4A,G0,0.0
1116,CLEC4A,G1,0.0
1117,CLEC4A,G1-G0 transition,0.0
1118,CLEC4A,G2M,0.0
1119,CLEC4A,S,0.0
1120,CLIC3,G0,0.000667879598791245
1121,CLIC3,G1,0.0008011432387742463
1122,CLIC3,G1-G0 transition,0.0007702731893203439
1123,CLIC3,G2M,0.00020978371622944265
1124,CLIC3,S,0.00034544604308717425
1125,CLIP3,G0,0.0016294511698164858
1126,CLIP3,G1,0.0009545243183688967
1127,CLIP3,G1-G0 transition,0.001148115895659325
1128,CLIP3,G2M,0.00020005515638974987
1129,CLIP3,S,0.00043749396717399287
1130,CLSPN,G0,0.011280342902230678
1131,CLSPN,G1,0.004151718356017009
1132,CLSPN,G1-G0 transition,0.004938213488712989
1133,CLSPN,G2M,0.0018555739527671296
1134,CLSPN,S,0.007851154209606467
1135,CLTRN,G0,0.0006215508248449261
1136,CLTRN,G1,0.0007155518433821045
1137,CLTRN,G1-G0 transition,0.0010850596865123092
1138,CLTRN,G2M,0.0004755895551684998
1139,CLTRN,S,0.0005051976298800958
1140,CMPK2,G0,0.0002325884034518973
1141,CMPK2,G1,0.0006523355264601482
1142,CMPK2,G1-G0 transition,0.0006289239729312748
1143,CMPK2,G2M,0.00025673856830380794
1144,CMPK2,S,0.00025712727700510517
1145,CMTM8,G0,0.0006651629557854947
1146,CMTM8,G1,0.0006040397164403529
1147,CMTM8,G1-G0 transition,0.0009424248839974036
1148,CMTM8,G2M,0.00028459990309967335
1149,CMTM8,S,0.00028701440854872825
1150,CNKSR1,G0,0.00037120666236633643
1151,CNKSR1,G1,0.000626600407321706
1152,CNKSR1,G1-G0 transition,0.0006810236559929915
1153,CNKSR1,G2M,0.00016642086482023208
1154,CNKSR1,S,0.0002943018772016769
1155,CNNM1,G0,0.00023763956335543494
1156,CNNM1,G1,0.0004617911346512846
1157,CNNM1,G1-G0 transition,0.0005780691755722352
1158,CNNM1,G2M,0.0002546540921132328
1159,CNNM1,S,0.0002969888094503837
1160,CNTN1,G0,0.0003198028111960835
1161,CNTN1,G1,0.0006891399145659624
1162,CNTN1,G1-G0 transition,0.0006587693993102263
1163,CNTN1,G2M,0.00018762093408262163
1164,CNTN1,S,0.0003161036438108379
1165,CNTN3,G0,0.0002960848156477273
1166,CNTN3,G1,0.0006429578747741666
1167,CNTN3,G1-G0 transition,0.0005995323843783854
1168,CNTN3,G2M,0.00021647919399966938
1169,CNTN3,S,0.000294352790469048
1170,CNTN4,G0,0.0002638055986183339
1171,CNTN4,G1,0.0005752950507828857
1172,CNTN4,G1-G0 transition,0.0007005140629651497
1173,CNTN4,G2M,0.00023232470523114926
1174,CNTN4,S,0.0003012405132429433
1175,CNTRL,G0,0.0006795338787897717
1176,CNTRL,G1,0.0006956758891214079
1177,CNTRL,G1-G0 transition,0.0009046949741378211
1178,CNTRL,G2M,0.00026471059273822003
1179,CNTRL,S,0.0004770733604856602
1180,COL25A1,G0,0.00023885458087613917
1181,COL25A1,G1,0.0005220489081923897
1182,COL25A1,G1-G0 transition,0.0005829293198624112
1183,COL25A1,G2M,0.0001403327657420437
1184,COL25A1,S,0.00028026908912134587
1185,COL28A1,G0,0.00016146682878887192
1186,COL28A1,G1,0.0006049699693405126
1187,COL28A1,G1-G0 transition,0.0004453073094657752
1188,COL28A1,G2M,0.0002011326871304714
1189,COL28A1,S,0.0003155865627582184
1190,COL3A1,G0,0.004785647098202469
1191,COL3A1,G1,0.0027660987080262017
1192,COL3A1,G1-G0 transition,0.0015036859931977912
1193,COL3A1,G2M,0.0006391088857965207
1194,COL3A1,S,0.0016316782498903995
1195,COL8A2,G0,0.00024075662491123418
1196,COL8A2,G1,0.0006319063479963956
1197,COL8A2,G1-G0 transition,0.0005799647993006162
1198,COL8A2,G2M,0.00023922906459270676
1199,COL8A2,S,0.00029024832942265257
1200,COLEC11,G0,0.0002193365005376163
1201,COLEC11,G1,0.0006321412945043966
1202,COLEC11,G1-G0 transition,0.0005773996410909563
1203,COLEC11,G2M,0.0001395845996843228
1204,COLEC11,S,0.0002502343230346606
1205,COMP,G0,0.0002624460750632657
1206,COMP,G1,0.0006457518643598919
1207,COMP,G1-G0 transition,0.0006508502156156421
1208,COMP,G2M,0.00016348768072720884
1209,COMP,S,0.0002219195129457097
1210,CORO6,G0,0.00028593958583379047
1211,CORO6,G1,0.0005433307283060822
1212,CORO6,G1-G0 transition,0.0005806518320241992
1213,CORO6,G2M,0.00024754431501949496
1214,CORO6,S,0.00030108751932007106
1215,CPA3,G0,0.0002312835621027169
1216,CPA3,G1,0.0006041217595914142
1217,CPA3,G1-G0 transition,0.00054013794041791
1218,CPA3,G2M,0.0002288143110182943
1219,CPA3,S,0.00028513736433900995
1220,CRHBP,G0,0.0
1221,CRHBP,G1,0.0
1222,CRHBP,G1-G0 transition,0.0
1223,CRHBP,G2M,0.0
1224,CRHBP,S,0.0
1225,CRYBA2,G0,0.004066679240678379
1226,CRYBA2,G1,0.002041197450227133
1227,CRYBA2,G1-G0 transition,0.001399932710911211
1228,CRYBA2,G2M,0.0003743751649161551
1229,CRYBA2,S,0.001074579614794748
1230,CRYM,G0,0.0002281570435239699
1231,CRYM,G1,0.0006332180306140035
1232,CRYM,G1-G0 transition,0.000610261883717168
1233,CRYM,G2M,0.00019296589136113778
1234,CRYM,S,0.00022319809702728725
1235,CSGALNACT1,G0,0.00018469362798019705
1236,CSGALNACT1,G1,0.0005057887731472486
1237,CSGALNACT1,G1-G0 transition,0.0006416946657984197
1238,CSGALNACT1,G2M,0.00028046265025092373
1239,CSGALNACT1,S,0.00029009706022687054
1240,CSRNP3,G0,0.0003097494813560602
1241,CSRNP3,G1,0.0005952338315652892
1242,CSRNP3,G1-G0 transition,0.0008743788506515703
1243,CSRNP3,G2M,0.00017878431795089315
1244,CSRNP3,S,0.0002767896949505865
1245,CTRL,G0,0.0003462289275964233
1246,CTRL,G1,0.0006489755877136527
1247,CTRL,G1-G0 transition,0.0005617238199920175
1248,CTRL,G2M,0.0001528631036532921
1249,CTRL,S,0.00030651033746699827
1250,CTXN2,G0,0.0003682763172593616
1251,CTXN2,G1,0.0006689503354213337
1252,CTXN2,G1-G0 transition,0.0005866186528499242
1253,CTXN2,G2M,0.00017089516506964923
1254,CTXN2,S,0.00029345817523047886
1255,CXCL12,G0,0.002250181715766009
1256,CXCL12,G1,0.0008445763612320791
1257,CXCL12,G1-G0 transition,0.0035219628555825376
1258,CXCL12,G2M,0.00022932233714104364
1259,CXCL12,S,0.00030088167493397256
1260,CXXC4,G0,0.0009174727336856129
1261,CXXC4,G1,0.0007840012494593803
1262,CXXC4,G1-G0 transition,0.0007590614561735436
1263,CXXC4,G2M,0.0002772042454766102
1264,CXXC4,S,0.0005471441796389438
1265,CYB5R2,G0,0.00021635311749923532
1266,CYB5R2,G1,0.0006766525577234286
1267,CYB5R2,G1-G0 transition,0.0006584910569702331
1268,CYB5R2,G2M,0.00025341667251729154
1269,CYB5R2,S,0.00023045947167475903
1270,CYSRT1,G0,0.00030907061587453496
1271,CYSRT1,G1,0.00045474170711101296
1272,CYSRT1,G1-G0 transition,0.0004327079975435077
1273,CYSRT1,G2M,0.00019852681495615825
1274,CYSRT1,S,0.0003105146024876481
1275,DACT1,G0,0.0003944899269397452
1276,DACT1,G1,0.0006363925710649626
1277,DACT1,G1-G0 transition,0.0006132977091526686
1278,DACT1,G2M,0.0002373653840275338
1279,DACT1,S,0.0003535264627761015
1280,DACT3,G0,0.0003097291886801463
1281,DACT3,G1,0.000783047966565873
1282,DACT3,G1-G0 transition,0.0005816875325486715
1283,DACT3,G2M,0.00021434874354223405
1284,DACT3,S,0.0003270217871597813
1285,DBF4,G0,0.00028284284685489556
1286,DBF4,G1,0.0005932990970735755
1287,DBF4,G1-G0 transition,0.0006309291913658052
1288,DBF4,G2M,0.00023073728817268687
1289,DBF4,S,0.0002762593978605499
1290,DBP,G0,0.0004991903178931114
1291,DBP,G1,0.0007578293489240843
1292,DBP,G1-G0 transition,0.0008624499914278279
1293,DBP,G2M,0.00028967238583324956
1294,DBP,S,0.0004229929829942643
1295,DCDC2C,G0,0.00023165875987732476
1296,DCDC2C,G1,0.0006257147472536681
1297,DCDC2C,G1-G0 transition,0.0005886280295098849
1298,DCDC2C,G2M,0.00018941821390174035
1299,DCDC2C,S,0.00024920014328437025
1300,DDO,G0,0.0003369572958933953
1301,DDO,G1,0.0006322150141466505
1302,DDO,G1-G0 transition,0.0006412814509123988
1303,DDO,G2M,0.00017928107978681577
1304,DDO,S,0.0002534139685519393
1305,DENND2D,G0,0.00016425053949930656
1306,DENND2D,G1,0.0005846224346066546
1307,DENND2D,G1-G0 transition,0.0005617658561575322
1308,DENND2D,G2M,0.00017473512437623717
1309,DENND2D,S,0.00024246294879721767
1310,DEPDC1,G0,0.0008264284862657831
1311,DEPDC1,G1,0.0010943971499248006
1312,DEPDC1,G1-G0 transition,0.0015239782240156505
1313,DEPDC1,G2M,0.0006672223222484932
1314,DEPDC1,S,0.0013095993698425386
1315,DEPDC1B,G0,0.00029082862262330884
1316,DEPDC1B,G1,0.0007657318478921552
1317,DEPDC1B,G1-G0 transition,0.0007444616287183838
1318,DEPDC1B,G2M,0.00025242877862293963
1319,DEPDC1B,S,0.0004511154515596855
1320,DES,G0,0.00029743587942589444
1321,DES,G1,0.0006971317725110774
1322,DES,G1-G0 transition,0.0005647173641983156
1323,DES,G2M,0.00020792755624425224
1324,DES,S,0.0002458356675636216
1325,DHH,G0,0.00028221672125625243
1326,DHH,G1,0.0007499832816547171
1327,DHH,G1-G0 transition,0.00050049193951734
1328,DHH,G2M,0.0001958262807319532
1329,DHH,S,0.0002760995843947906
1330,DHRS13,G0,0.0008753470752753476
1331,DHRS13,G1,0.0007043381792566743
1332,DHRS13,G1-G0 transition,0.0007893276899104153
1333,DHRS13,G2M,0.00026541956386843304
1334,DHRS13,S,0.0005268005755758539
1335,DHRS2,G0,0.00017240894174685485
1336,DHRS2,G1,0.00057039594183968
1337,DHRS2,G1-G0 transition,0.0005048389794763629
1338,DHRS2,G2M,0.00014191261374739962
1339,DHRS2,S,0.0003296619317127087
1340,DIAPH3,G0,0.0008793396893490367
1341,DIAPH3,G1,0.0009858580076277813
1342,DIAPH3,G1-G0 transition,0.000673158492867702
1343,DIAPH3,G2M,0.00044428491316964367
1344,DIAPH3,S,0.0005289687021152075
1345,DKKL1,G0,0.00023790595758437408
1346,DKKL1,G1,0.0005951333186590261
1347,DKKL1,G1-G0 transition,0.0006611958338400315
1348,DKKL1,G2M,0.0002139514142007756
1349,DKKL1,S,0.0002837995226954784
1350,DLG2,G0,0.00020949461087577735
1351,DLG2,G1,0.0006364995383173348
1352,DLG2,G1-G0 transition,0.0006178540671114223
1353,DLG2,G2M,0.00025154499308973786
1354,DLG2,S,0.0002753723851241146
1355,DLGAP5,G0,0.006430637947675593
1356,DLGAP5,G1,0.008218677453433335
1357,DLGAP5,G1-G0 transition,0.004578112731137642
1358,DLGAP5,G2M,0.0031950193434892703
1359,DLGAP5,S,0.004991543789507653
1360,DMC1,G0,0.00023252009699874305
1361,DMC1,G1,0.0005278298529854611
1362,DMC1,G1-G0 transition,0.0005906178141372904
1363,DMC1,G2M,0.00020468148723514967
1364,DMC1,S,0.00028528892741368835
1365,DMRTA2,G0,0.0002504860833787486
1366,DMRTA2,G1,0.0005589568620013069
1367,DMRTA2,G1-G0 transition,0.0005556067801679486
1368,DMRTA2,G2M,0.00028011992484296795
1369,DMRTA2,S,0.0003051200411244596
1370,DNA2,G0,0.0006597496507754019
1371,DNA2,G1,0.0008190292564956706
1372,DNA2,G1-G0 transition,0.0007630840279019167
1373,DNA2,G2M,0.00016842272716567134
1374,DNA2,S,0.0004937769732221515
1375,DNAAF4,G0,0.0003532442437185827
1376,DNAAF4,G1,0.0005693664041663501
1377,DNAAF4,G1-G0 transition,0.0006066704593195727
1378,DNAAF4,G2M,0.00023470090364439896
1379,DNAAF4,S,0.00029762734044362627
1380,DNAH7,G0,0.00018412077264617097
1381,DNAH7,G1,0.0006834013918777567
1382,DNAH7,G1-G0 transition,0.000524333142893704
1383,DNAH7,G2M,0.0002181060267405675
1384,DNAH7,S,0.00028250340339732393
1385,DNAJB13,G0,0.00026706026794214564
1386,DNAJB13,G1,0.0005655600385675589
1387,DNAJB13,G1-G0 transition,0.0006144285300132033
1388,DNAJB13,G2M,0.00030070810913908667
1389,DNAJB13,S,0.00021067213075635975
1390,DNAJC12,G0,0.00041637421998518204
1391,DNAJC12,G1,0.0008274294748941797
1392,DNAJC12,G1-G0 transition,0.0007223339735584994
1393,DNAJC12,G2M,0.00022479012112757782
1394,DNAJC12,S,0.0003139838567392232
1395,DNM3,G0,0.00025229143998716945
1396,DNM3,G1,0.000649085800080041
1397,DNM3,G1-G0 transition,0.0006133750518484577
1398,DNM3,G2M,0.0002500062008370102
1399,DNM3,S,0.0004904637926348911
1400,DNMT3B,G0,0.0003704308812767428
1401,DNMT3B,G1,0.0012211307566958214
1402,DNMT3B,G1-G0 transition,0.0006068753903512958
1403,DNMT3B,G2M,0.0003705850329176908
1404,DNMT3B,S,0.0004153754304061823
1405,DOK2,G0,0.00025939515918691706
1406,DOK2,G1,0.0006119287526266931
1407,DOK2,G1-G0 transition,0.0005808277090599668
1408,DOK2,G2M,0.00030818683238038685
1409,DOK2,S,0.00026861409475109263
1410,DONSON,G0,0.0003507550441109874
1411,DONSON,G1,0.0005357945431843474
1412,DONSON,G1-G0 transition,0.0007626501361620642
1413,DONSON,G2M,0.0002505660023607794
1414,DONSON,S,0.0003185381729421992
1415,DQX1,G0,0.00019119200001268145
1416,DQX1,G1,0.0007531156988323267
1417,DQX1,G1-G0 transition,0.0005856732653470102
1418,DQX1,G2M,0.0002904181543765795
1419,DQX1,S,0.0002726062575389298
1420,DRGX,G0,0.0004125826490128433
1421,DRGX,G1,0.0006609103270253661
1422,DRGX,G1-G0 transition,0.0005795255241673358
1423,DRGX,G2M,0.00018382374332448481
1424,DRGX,S,0.0003207306600919813
1425,DSCC1,G0,0.00028899693788394403
1426,DSCC1,G1,0.0005252574683729676
1427,DSCC1,G1-G0 transition,0.0006595156183385563
1428,DSCC1,G2M,0.0003660639437111567
1429,DSCC1,S,0.0004284226062530321
1430,DSN1,G0,0.0010271728721845319
1431,DSN1,G1,0.0008422305206092288
1432,DSN1,G1-G0 transition,0.0009105430473591671
1433,DSN1,G2M,0.00019818575469114383
1434,DSN1,S,0.0007232658711265975
1435,DTL,G0,0.0012087750195785237
1436,DTL,G1,0.0020000543039623143
1437,DTL,G1-G0 transition,0.0010821899732392677
1438,DTL,G2M,0.0009659652981502335
1439,DTL,S,0.0008437180594524339
1440,DUSP2,G0,0.00038220956522967014
1441,DUSP2,G1,0.000563599279629715
1442,DUSP2,G1-G0 transition,0.0007012965170043392
1443,DUSP2,G2M,0.0002967047061869233
1444,DUSP2,S,0.0002960980478403423
1445,DYNLT2,G0,0.00032153854333283967
1446,DYNLT2,G1,0.0006730433326829831
1447,DYNLT2,G1-G0 transition,0.0005906617316118642
1448,DYNLT2,G2M,0.00039684880869050914
1449,DYNLT2,S,0.00026617308715060593
1450,DYSF,G0,0.00029118044501215266
1451,DYSF,G1,0.0005104247048413183
1452,DYSF,G1-G0 transition,0.0005940345636632554
1453,DYSF,G2M,0.0001958233816143244
1454,DYSF,S,0.0003075568656736709
1455,E2F1,G0,0.0030420235502582253
1456,E2F1,G1,0.0013012396019281554
1457,E2F1,G1-G0 transition,0.001962877894292085
1458,E2F1,G2M,0.0004556081759639252
1459,E2F1,S,0.001260146289001096
1460,E2F2,G0,0.00025031673658969765
1461,E2F2,G1,0.000670331896206032
1462,E2F2,G1-G0 transition,0.0006298080516974448
1463,E2F2,G2M,0.00024905987278801394
1464,E2F2,S,0.0004223740098276706
1465,E2F7,G0,0.0005922801855276057
1466,E2F7,G1,0.0007511821950823734
1467,E2F7,G1-G0 transition,0.000734687828682695
1468,E2F7,G2M,0.00022941631021439592
1469,E2F7,S,0.0008517787356024528
1470,E2F8,G0,0.0006399386408886813
1471,E2F8,G1,0.0010580087561247661
1472,E2F8,G1-G0 transition,0.0006129869901680023
1473,E2F8,G2M,0.0004254903163207196
1474,E2F8,S,0.0009731342389717308
1475,EAF2,G0,0.00034514449691468114
1476,EAF2,G1,0.0006260016559571707
1477,EAF2,G1-G0 transition,0.0005223005198820111
1478,EAF2,G2M,0.00017836723968940455
1479,EAF2,S,0.0003554904097452974
1480,EBF4,G0,0.00024926142282569153
1481,EBF4,G1,0.0005761154992886613
1482,EBF4,G1-G0 transition,0.0005805241810764545
1483,EBF4,G2M,0.0002196940396170638
1484,EBF4,S,0.00032416948362608267
1485,ECT2,G0,0.0006373539797806971
1486,ECT2,G1,0.0011720149861310111
1487,ECT2,G1-G0 transition,0.0011940900970362804
1488,ECT2,G2M,0.0005511043401237337
1489,ECT2,S,0.0004811313170283669
1490,EFCAB5,G0,0.0002825476451526032
1491,EFCAB5,G1,0.0005633910659725476
1492,EFCAB5,G1-G0 transition,0.0006763243388841363
1493,EFCAB5,G2M,0.00020289975508490415
1494,EFCAB5,S,0.0003577313844772165
1495,EFCAB9,G0,0.00030044396957677917
1496,EFCAB9,G1,0.0006025570630220622
1497,EFCAB9,G1-G0 transition,0.000541200371340791
1498,EFCAB9,G2M,0.00019058989226605256
1499,EFCAB9,S,0.0003409139382524823
1500,EFHB,G0,0.00030685830993275114
1501,EFHB,G1,0.0006493801283667664
1502,EFHB,G1-G0 transition,0.0006640377933556634
1503,EFHB,G2M,0.00021002925937663492
1504,EFHB,S,0.00027273429375321013
1505,EFNA1,G0,0.00048191794489686225
1506,EFNA1,G1,0.0008019840118495783
1507,EFNA1,G1-G0 transition,0.0009018807740682726
1508,EFNA1,G2M,0.0003169239123433433
1509,EFNA1,S,0.000510563233852004
1510,EFNB2,G0,0.00045844582148533693
1511,EFNB2,G1,0.000734463487066972
1512,EFNB2,G1-G0 transition,0.0007090051003655115
1513,EFNB2,G2M,0.0003431566611748824
1514,EFNB2,S,0.0003973273358156478
1515,EGR4,G0,0.0002446829146698035
1516,EGR4,G1,0.0007629345217939845
1517,EGR4,G1-G0 transition,0.0005628681290043407
1518,EGR4,G2M,0.00021815621536775326
1519,EGR4,S,0.0002910927410487826
1520,ELAPOR2,G0,0.00023544949601590173
1521,ELAPOR2,G1,0.000674276030296112
1522,ELAPOR2,G1-G0 transition,0.0005484859539142936
1523,ELAPOR2,G2M,0.00022960022699893695
1524,ELAPOR2,S,0.0003022230067222511
1525,ELAVL3,G0,0.0003063503571580789
1526,ELAVL3,G1,0.0006366425128711055
1527,ELAVL3,G1-G0 transition,0.0006053184672985116
1528,ELAVL3,G2M,0.0002693608439139233
1529,ELAVL3,S,0.00022711680862396976
1530,ELL3,G0,0.0003370709853035009
1531,ELL3,G1,0.0005751836683073218
1532,ELL3,G1-G0 transition,0.0005300693219195592
1533,ELL3,G2M,0.00021550193485111402
1534,ELL3,S,0.000257637013055795
1535,ENHO,G0,0.0014854096795306002
1536,ENHO,G1,0.0009062503662180642
1537,ENHO,G1-G0 transition,0.0010077168446748427
1538,ENHO,G2M,0.0002742089063022652
1539,ENHO,S,0.0005950055577237845
1540,EPHA3,G0,0.00024598996319877227
1541,EPHA3,G1,0.0006929991664495404
1542,EPHA3,G1-G0 transition,0.0006279521915832655
1543,EPHA3,G2M,0.0003037915109484821
1544,EPHA3,S,0.0003000504058083188
1545,EPHA5,G0,0.00040549493037552516
1546,EPHA5,G1,0.0006519872120313578
1547,EPHA5,G1-G0 transition,0.0007196990780858239
1548,EPHA5,G2M,0.0002860385024717298
1549,EPHA5,S,0.0002782609519178629
1550,EPOP,G0,0.0002710880694496882
1551,EPOP,G1,0.000546045635324187
1552,EPOP,G1-G0 transition,0.0005719030275705533
1553,EPOP,G2M,0.00016026884669385333
1554,EPOP,S,0.00029065014256883813
1555,EPPK1,G0,0.0003481115907625145
1556,EPPK1,G1,0.0006002734772175115
1557,EPPK1,G1-G0 transition,0.0006290191691971093
1558,EPPK1,G2M,0.000206000933055698
1559,EPPK1,S,0.00024075290472465538
1560,EPS8L1,G0,0.0003439641434557678
1561,EPS8L1,G1,0.0004767294523776858
1562,EPS8L1,G1-G0 transition,0.0007600722669098209
1563,EPS8L1,G2M,0.00012227317577389807
1564,EPS8L1,S,0.00019949358007462464
1565,ERCC6L,G0,0.0004745737320097036
1566,ERCC6L,G1,0.0009839252751044694
1567,ERCC6L,G1-G0 transition,0.0012649444805653163
1568,ERCC6L,G2M,0.0003936528660790075
1569,ERCC6L,S,0.0005323476438263843
1570,ERICH2,G0,0.00038042965255109096
1571,ERICH2,G1,0.0006636124211898439
1572,ERICH2,G1-G0 transition,0.0006636191951417774
1573,ERICH2,G2M,0.00021822759435697483
1574,ERICH2,S,0.00027864052541655545
1575,ERICH5,G0,0.0003727654681166006
1576,ERICH5,G1,0.0007833099674014082
1577,ERICH5,G1-G0 transition,0.0009256413123845466
1578,ERICH5,G2M,0.00017761545912201772
1579,ERICH5,S,0.00029630032122023595
1580,ERICH6,G0,0.000223664927767786
1581,ERICH6,G1,0.0005157971620672298
1582,ERICH6,G1-G0 transition,0.0005967078148584662
1583,ERICH6,G2M,0.00020047966883294204
1584,ERICH6,S,0.0002647411988995662
1585,ESCO2,G0,0.000471657735026202
1586,ESCO2,G1,0.0015092203357277862
1587,ESCO2,G1-G0 transition,0.002105195882533014
1588,ESCO2,G2M,0.0009886420184415377
1589,ESCO2,S,0.0034209963910858507
1590,ESPL1,G0,0.00035066736028315567
1591,ESPL1,G1,0.0007942860355751984
1592,ESPL1,G1-G0 transition,0.0005840162329609512
1593,ESPL1,G2M,0.0005977077179880292
1594,ESPL1,S,0.0005922148789878354
1595,ESR1,G0,0.00024760899498207163
1596,ESR1,G1,0.0004655815888441498
1597,ESR1,G1-G0 transition,0.0004663511781677434
1598,ESR1,G2M,0.00019509398611250364
1599,ESR1,S,0.00024208941870000942
1600,EVC2,G0,0.0002505898434190871
1601,EVC2,G1,0.0006334320368766303
1602,EVC2,G1-G0 transition,0.0006037047689731793
1603,EVC2,G2M,0.0001506449653846215
1604,EVC2,S,0.0002520068058472047
1605,EXO1,G0,0.0014505560840407112
1606,EXO1,G1,0.0014192645398128343
1607,EXO1,G1-G0 transition,0.001730262072528605
1608,EXO1,G2M,0.0008885623204946188
1609,EXO1,S,0.004147954568321242
1610,F10,G0,0.0007554869376582196
1611,F10,G1,0.0006509056278850593
1612,F10,G1-G0 transition,0.0009049966765650389
1613,F10,G2M,0.0001618511175612683
1614,F10,S,0.00034540145031278344
1615,F2,G0,0.0002599643337667793
1616,F2,G1,0.0007695344694630932
1617,F2,G1-G0 transition,0.0005627028946335342
1618,F2,G2M,0.0002033356008891284
1619,F2,S,0.000337697640567778
1620,F2RL3,G0,0.0001964072774369424
1621,F2RL3,G1,0.0005887354528578472
1622,F2RL3,G1-G0 transition,0.0004140675069646385
1623,F2RL3,G2M,0.00022499149942771296
1624,F2RL3,S,0.000265624712546517
1625,FAM110D,G0,0.0002363776356288439
1626,FAM110D,G1,0.0005720652473801121
1627,FAM110D,G1-G0 transition,0.0007016176343428745
1628,FAM110D,G2M,0.00018466767888738894
1629,FAM110D,S,0.0002394392934992291
1630,FAM111A,G0,0.00125997521530377
1631,FAM111A,G1,0.0012146765349757042
1632,FAM111A,G1-G0 transition,0.0013332184966452414
1633,FAM111A,G2M,0.0006896196342883517
1634,FAM111A,S,0.0038018211489975772
1635,FAM13C,G0,0.00028642971048069765
1636,FAM13C,G1,0.0006857198629364643
1637,FAM13C,G1-G0 transition,0.0006831375035923362
1638,FAM13C,G2M,0.0002634608222899869
1639,FAM13C,S,0.0003580222688860385
1640,FAM229A,G0,0.0003236965409980523
1641,FAM229A,G1,0.0005081216204335942
1642,FAM229A,G1-G0 transition,0.0005100717430815548
1643,FAM229A,G2M,0.00025392642556596525
1644,FAM229A,S,0.0002971271092070319
1645,FAM234B,G0,0.00027131837518077907
1646,FAM234B,G1,0.0005326252345196965
1647,FAM234B,G1-G0 transition,0.0006040014345921984
1648,FAM234B,G2M,0.00015355115653289568
1649,FAM234B,S,0.0002678070322365917
1650,FAM43A,G0,0.0015756033275387401
1651,FAM43A,G1,0.0011849348776671754
1652,FAM43A,G1-G0 transition,0.000989799229740671
1653,FAM43A,G2M,0.0002691499033481009
1654,FAM43A,S,0.0005445264716994209
1655,FAM78A,G0,0.0002638695301700903
1656,FAM78A,G1,0.0006055839534249499
1657,FAM78A,G1-G0 transition,0.0005671739839425275
1658,FAM78A,G2M,0.0002693000433052906
1659,FAM78A,S,0.0003463316268907429
1660,FAM83D,G0,0.0006246385753796678
1661,FAM83D,G1,0.004276499266885225
1662,FAM83D,G1-G0 transition,0.0017123066488357675
1663,FAM83D,G2M,0.005602527344382625
1664,FAM83D,S,0.000514399039752567
1665,FAT2,G0,0.00026071202466405386
1666,FAT2,G1,0.0006487995838830625
1667,FAT2,G1-G0 transition,0.0005314394926139632
1668,FAT2,G2M,0.00023900238201610615
1669,FAT2,S,0.00028150229004157376
1670,FAT3,G0,0.00026249656281998715
1671,FAT3,G1,0.0006224352471678016
1672,FAT3,G1-G0 transition,0.0006065844540484228
1673,FAT3,G2M,0.0002308178934142309
1674,FAT3,S,0.00026909143721207406
1675,FBLN7,G0,0.0002969313891789211
1676,FBLN7,G1,0.0005698118508312335
1677,FBLN7,G1-G0 transition,0.0005317037877880789
1678,FBLN7,G2M,0.00018813714320454946
1679,FBLN7,S,0.0002603662988732794
1680,FBXL14,G0,0.00025725339636649793
1681,FBXL14,G1,0.0007369648664716418
1682,FBXL14,G1-G0 transition,0.0005824649901535847
1683,FBXL14,G2M,0.00020898874693072098
1684,FBXL14,S,0.0003119912971693414
1685,FBXL22,G0,0.00034141684609942705
1686,FBXL22,G1,0.0006887563370432954
1687,FBXL22,G1-G0 transition,0.00044260139160637183
1688,FBXL22,G2M,0.0002169134125579095
1689,FBXL22,S,0.0003483175250495535
1690,FBXL8,G0,0.0002459207042791262
1691,FBXL8,G1,0.0006424597188489507
1692,FBXL8,G1-G0 transition,0.0005087898693497832
1693,FBXL8,G2M,0.00018919710689845184
1694,FBXL8,S,0.0002915586658421009
1695,FBXO15,G0,0.00014008374041612386
1696,FBXO15,G1,0.0005669207637318853
1697,FBXO15,G1-G0 transition,0.0006539328435345419
1698,FBXO15,G2M,0.00019176475625638244
1699,FBXO15,S,0.0002563479256578586
1700,FBXO24,G0,0.00029221062408580945
1701,FBXO24,G1,0.0007391405585783041
1702,FBXO24,G1-G0 transition,0.0005734297997595876
1703,FBXO24,G2M,0.00020942409572592558
1704,FBXO24,S,0.00027715863497770275
1705,FBXO27,G0,0.0003493280449512972
1706,FBXO27,G1,0.0006160853008725524
1707,FBXO27,G1-G0 transition,0.0006515381519957166
1708,FBXO27,G2M,0.00020128004196079836
1709,FBXO27,S,0.0002772677351146983
1710,FBXO43,G0,0.0003468248642179789
1711,FBXO43,G1,0.0006310695130901427
1712,FBXO43,G1-G0 transition,0.0007129775802939081
1713,FBXO43,G2M,0.00018632664996090745
1714,FBXO43,S,0.000264732263873628
1715,FBXO48,G0,0.0002764570499742466
1716,FBXO48,G1,0.0006668961446385085
1717,FBXO48,G1-G0 transition,0.0005554069831975082
1718,FBXO48,G2M,0.00027003390842707123
1719,FBXO48,S,0.00027797676561269714
1720,FBXO5,G0,0.001705275377226375
1721,FBXO5,G1,0.002883760182048012
1722,FBXO5,G1-G0 transition,0.0027006204543490037
1723,FBXO5,G2M,0.002432161618661794
1724,FBXO5,S,0.005379136798856245
1725,FCGRT,G0,0.0034267769657502175
1726,FCGRT,G1,0.0020222571109283945
1727,FCGRT,G1-G0 transition,0.0013766609999455123
1728,FCGRT,G2M,0.00041025264294146954
1729,FCGRT,S,0.000823085214430283
1730,FEN1,G0,0.001316082877041194
1731,FEN1,G1,0.0019246367156339908
1732,FEN1,G1-G0 transition,0.0013179016850195663
1733,FEN1,G2M,0.00246237997224758
1734,FEN1,S,0.0035986603972051065
1735,FGD4,G0,0.0003434017607512404
1736,FGD4,G1,0.0006628831306797747
1737,FGD4,G1-G0 transition,0.0006029153837329943
1738,FGD4,G2M,0.0002122479886620454
1739,FGD4,S,0.0002572959465794383
1740,FGF11,G0,0.00017421937711081166
1741,FGF11,G1,0.0006734296329990977
1742,FGF11,G1-G0 transition,0.0005955203771325308
1743,FGF11,G2M,0.00024158656780002357
1744,FGF11,S,0.0003593418587738099
1745,FGF18,G0,0.00023924588203188673
1746,FGF18,G1,0.0006076412360907097
1747,FGF18,G1-G0 transition,0.0005177776839385508
1748,FGF18,G2M,0.00018376757909275565
1749,FGF18,S,0.0002835814672750766
1750,FGF22,G0,0.0002345168884156035
1751,FGF22,G1,0.0006571128325270101
1752,FGF22,G1-G0 transition,0.0005411918467257166
1753,FGF22,G2M,0.00015592235328364782
1754,FGF22,S,0.0003288523704293423
1755,FGFBP1,G0,0.00020433986149604263
1756,FGFBP1,G1,0.000527120848159352
1757,FGFBP1,G1-G0 transition,0.0006028781000183324
1758,FGFBP1,G2M,0.00017631662689093747
1759,FGFBP1,S,0.00034547669244089406
1760,FGFBP3,G0,0.00022536493428154772
1761,FGFBP3,G1,0.0006440805880746593
1762,FGFBP3,G1-G0 transition,0.0005642600443722249
1763,FGFBP3,G2M,0.00026494206370640576
1764,FGFBP3,S,0.00032087422853137445
1765,FGFR3,G0,0.0008979007301741959
1766,FGFR3,G1,0.0006268127527776433
1767,FGFR3,G1-G0 transition,0.0009621595954544401
1768,FGFR3,G2M,0.00016709053619934735
1769,FGFR3,S,0.0003401259935005036
1770,FGL2,G0,0.00035492691418677965
1771,FGL2,G1,0.0006587255656095301
1772,FGL2,G1-G0 transition,0.000672534875606615
1773,FGL2,G2M,0.00026048874041838266
1774,FGL2,S,0.00027977290224876573
1775,FHDC1,G0,0.00029703880421190536
1776,FHDC1,G1,0.0007317317612621611
1777,FHDC1,G1-G0 transition,0.0006773299494641382
1778,FHDC1,G2M,0.00023088068670851824
1779,FHDC1,S,0.0002391195504510521
1780,FIGNL2,G0,0.00039297854241594294
1781,FIGNL2,G1,0.0006744773446097665
1782,FIGNL2,G1-G0 transition,0.0005472700920480275
1783,FIGNL2,G2M,0.00026700128345494295
1784,FIGNL2,S,0.0003847314740351013
1785,FITM1,G0,0.00027461716610617114
1786,FITM1,G1,0.00046035886875276885
1787,FITM1,G1-G0 transition,0.0005348790098799165
1788,FITM1,G2M,0.0002410989026282792
1789,FITM1,S,0.0002285259933087615
1790,FLRT1,G0,0.00088338476321885
1791,FLRT1,G1,0.0009576020526271312
1792,FLRT1,G1-G0 transition,0.0007280916081340374
1793,FLRT1,G2M,0.00030322709294737754
1794,FLRT1,S,0.0004880222386063461
1795,FMNL1,G0,0.00043198918952191224
1796,FMNL1,G1,0.0007078394201426685
1797,FMNL1,G1-G0 transition,0.000642087177725717
1798,FMNL1,G2M,0.00018818814401875498
1799,FMNL1,S,0.0003090956169995131
1800,FMO5,G0,0.00024359253806832963
1801,FMO5,G1,0.0005895153517650883
1802,FMO5,G1-G0 transition,0.000594664034808095
1803,FMO5,G2M,0.00017511484959246954
1804,FMO5,S,0.0004024842999587199
1805,FMOD,G0,0.00029475513831501944
1806,FMOD,G1,0.0006061923624505842
1807,FMOD,G1-G0 transition,0.0005189937763943785
1808,FMOD,G2M,0.0002057009885610953
1809,FMOD,S,0.00025581864486857753
1810,FNDC1,G0,0.0003241014682575581
1811,FNDC1,G1,0.0007079496147622521
1812,FNDC1,G1-G0 transition,0.0005097680688151871
1813,FNDC1,G2M,0.00023165091594808346
1814,FNDC1,S,0.0002689589225875002
1815,FNDC5,G0,0.00021926958907754525
1816,FNDC5,G1,0.00048010225035600615
1817,FNDC5,G1-G0 transition,0.0005071131177032699
1818,FNDC5,G2M,0.0001722753557393696
1819,FNDC5,S,0.0002314634105118846
1820,FOSB,G0,0.0006410395140045528
1821,FOSB,G1,0.0007291294887596796
1822,FOSB,G1-G0 transition,0.0007382184852937499
1823,FOSB,G2M,0.00023573733084560902
1824,FOSB,S,0.00032538266332035837
1825,FRMPD1,G0,0.00023140719000919538
1826,FRMPD1,G1,0.0007038618667114015
1827,FRMPD1,G1-G0 transition,0.0005789982795215593
1828,FRMPD1,G2M,0.0001706417353520051
1829,FRMPD1,S,0.00024549880675078843
1830,FSCN2,G0,0.00023912299153084192
1831,FSCN2,G1,0.0006009965440528669
1832,FSCN2,G1-G0 transition,0.000509003983681443
1833,FSCN2,G2M,0.00024929444052965014
1834,FSCN2,S,0.00024019611759097206
1835,FSCN3,G0,0.0003232500766543962
1836,FSCN3,G1,0.0006645891201355473
1837,FSCN3,G1-G0 transition,0.0006732166905945461
1838,FSCN3,G2M,0.0002564466976640515
1839,FSCN3,S,0.00034469426883623744
1840,FSD2,G0,0.0002600346392300731
1841,FSD2,G1,0.0005374959483687184
1842,FSD2,G1-G0 transition,0.0005910034846779655
1843,FSD2,G2M,0.00019256662935948364
1844,FSD2,S,0.00031143857855175965
1845,FSTL4,G0,0.00026586760997750517
1846,FSTL4,G1,0.00047853487630830047
1847,FSTL4,G1-G0 transition,0.0005345709944320534
1848,FSTL4,G2M,0.0001550960563522802
1849,FSTL4,S,0.00019897979066795473
1850,FXYD7,G0,0.0002048831825252333
1851,FXYD7,G1,0.0005348559939091916
1852,FXYD7,G1-G0 transition,0.0004759120135692464
1853,FXYD7,G2M,0.00021080925011323043
1854,FXYD7,S,0.0002041402822663014
1855,FYB1,G0,0.0001733013872558551
1856,FYB1,G1,0.0005250983682565421
1857,FYB1,G1-G0 transition,0.0005820421141701922
1858,FYB1,G2M,0.00013709958089189582
1859,FYB1,S,0.00019695210878928527
1860,FYB2,G0,0.00017215233813314417
1861,FYB2,G1,0.0006369502723612751
1862,FYB2,G1-G0 transition,0.0004784241208909258
1863,FYB2,G2M,0.00018380882152184278
1864,FYB2,S,0.0003533718333165352
1865,FZD8,G0,0.00019694237415815896
1866,FZD8,G1,0.0006840538355155951
1867,FZD8,G1-G0 transition,0.0005651082724426016
1868,FZD8,G2M,0.00020700359166770665
1869,FZD8,S,0.0002933774687526784
1870,FZR1,G0,0.0003432994485301238
1871,FZR1,G1,0.000624483147624017
1872,FZR1,G1-G0 transition,0.000631713645489698
1873,FZR1,G2M,0.0002469126701230982
1874,FZR1,S,0.0003710646710434497
1875,G2E3,G0,0.00021919309885335013
1876,G2E3,G1,0.0005462945856251389
1877,G2E3,G1-G0 transition,0.0006674123142146534
1878,G2E3,G2M,0.0002203773775794185
1879,G2E3,S,0.00042054570857799416
1880,GABRB1,G0,0.0004958374125419956
1881,GABRB1,G1,0.0007699752566607586
1882,GABRB1,G1-G0 transition,0.0007129198150598893
1883,GABRB1,G2M,0.00020192489654305998
1884,GABRB1,S,0.00035563988337448905
1885,GAL3ST3,G0,0.00027552052358263007
1886,GAL3ST3,G1,0.0005857780528631648
1887,GAL3ST3,G1-G0 transition,0.00052993966189996
1888,GAL3ST3,G2M,0.00016252782665752836
1889,GAL3ST3,S,0.00024378025976520655
1890,GALNT15,G0,0.00031575743393301783
1891,GALNT15,G1,0.0006612554036201543
1892,GALNT15,G1-G0 transition,0.0006647137475288384
1893,GALNT15,G2M,0.00013276644069113819
1894,GALNT15,S,0.00022864694581431442
1895,GALNT4,G0,0.00028306808987253474
1896,GALNT4,G1,0.0006740076063432937
1897,GALNT4,G1-G0 transition,0.0006637751405128502
1898,GALNT4,G2M,0.00016674179194847954
1899,GALNT4,S,0.00031605154349692284
1900,GALNT9,G0,0.0001992021771795489
1901,GALNT9,G1,0.0005305906212097434
1902,GALNT9,G1-G0 transition,0.00048282502887947047
1903,GALNT9,G2M,0.00024848903206584186
1904,GALNT9,S,0.00027718943694930715
1905,GALR1,G0,0.0003353310203126183
1906,GALR1,G1,0.0006097058541640546
1907,GALR1,G1-G0 transition,0.000591772264600742
1908,GALR1,G2M,0.0002443975357806998
1909,GALR1,S,0.00031347261114294086
1910,GALR2,G0,0.00031693669625530203
1911,GALR2,G1,0.0006755218334749028
1912,GALR2,G1-G0 transition,0.0005935932433372556
1913,GALR2,G2M,0.00020941375143349635
1914,GALR2,S,0.00027650996838183715
1915,GAP43,G0,0.00026032618146342037
1916,GAP43,G1,0.0007026496165380961
1917,GAP43,G1-G0 transition,0.0006201386744150355
1918,GAP43,G2M,0.000215241735585701
1919,GAP43,S,0.0002939964177724431
1920,GAS1,G0,0.0005554977415193641
1921,GAS1,G1,0.0006035266012590389
1922,GAS1,G1-G0 transition,0.0007825743492235872
1923,GAS1,G2M,0.00018607502937580228
1924,GAS1,S,0.0002603671817774142
1925,GAS2L3,G0,0.0003712540768030534
1926,GAS2L3,G1,0.0010916996569006363
1927,GAS2L3,G1-G0 transition,0.000701220220248117
1928,GAS2L3,G2M,0.00042432119175269463
1929,GAS2L3,S,0.0006635245762455618
1930,GASK1B,G0,0.00044276727061079907
1931,GASK1B,G1,0.0005633039060966828
1932,GASK1B,G1-G0 transition,0.0007940969437873361
1933,GASK1B,G2M,0.000161712235408948
1934,GASK1B,S,0.0002330002459389693
1935,GAST,G0,0.00023335139287447416
1936,GAST,G1,0.0005929015730524793
1937,GAST,G1-G0 transition,0.0008314190999152093
1938,GAST,G2M,0.00021968834661741977
1939,GAST,S,0.0003443299195763547
1940,GCK,G0,0.0004807947001508578
1941,GCK,G1,0.000786290889301455
1942,GCK,G1-G0 transition,0.0006745646286648801
1943,GCK,G2M,0.00023608368257880313
1944,GCK,S,0.0004099401396679141
1945,GCKR,G0,0.0
1946,GCKR,G1,0.0
1947,GCKR,G1-G0 transition,0.0
1948,GCKR,G2M,0.0
1949,GCKR,S,0.0
1950,GCNT4,G0,0.000291633475966459
1951,GCNT4,G1,0.0006467998649966917
1952,GCNT4,G1-G0 transition,0.0005421649250053341
1953,GCNT4,G2M,0.00017612194097068224
1954,GCNT4,S,0.00034189144629953345
1955,GFAP,G0,0.0003115649778961516
1956,GFAP,G1,0.0006457559101912753
1957,GFAP,G1-G0 transition,0.0005868774217843306
1958,GFAP,G2M,0.0002392890835959768
1959,GFAP,S,0.0003147897010757722
1960,GGN,G0,0.0003021472076223247
1961,GGN,G1,0.0006913054961625574
1962,GGN,G1-G0 transition,0.0005685986823281066
1963,GGN,G2M,0.0001781105518797747
1964,GGN,S,0.00028613616632484163
1965,GHRHR,G0,0.0002797579436095729
1966,GHRHR,G1,0.000592954020893381
1967,GHRHR,G1-G0 transition,0.0006564797138157651
1968,GHRHR,G2M,0.0001753986204987863
1969,GHRHR,S,0.0002917734211053044
1970,GHRL,G0,0.0011064801158144962
1971,GHRL,G1,0.0006931810459979387
1972,GHRL,G1-G0 transition,0.001779671512122085
1973,GHRL,G2M,0.0002028565484937752
1974,GHRL,S,0.0003804935872179612
1975,GINS2,G0,0.008494419071736682
1976,GINS2,G1,0.00168926309717028
1977,GINS2,G1-G0 transition,0.0061740252069602975
1978,GINS2,G2M,0.0006722664471145858
1979,GINS2,S,0.00313682078981962
1980,GIP,G0,0.00038619125918937003
1981,GIP,G1,0.0006630291627607179
1982,GIP,G1-G0 transition,0.0005520587352248239
1983,GIP,G2M,0.0002518927508032566
1984,GIP,S,0.0003231739444318232
1985,GIPR,G0,0.00033583563334790975
1986,GIPR,G1,0.0006264459229297834
1987,GIPR,G1-G0 transition,0.0005715813193467132
1988,GIPR,G2M,0.00015629234056623235
1989,GIPR,S,0.0002909293365121743
1990,GJA3,G0,0.0003425018856928501
1991,GJA3,G1,0.000547148582969854
1992,GJA3,G1-G0 transition,0.0006099353618762312
1993,GJA3,G2M,0.00019827277740737148
1994,GJA3,S,0.0002823007146963409
1995,GLB1L2,G0,0.00032976780676095575
1996,GLB1L2,G1,0.0007374027742731319
1997,GLB1L2,G1-G0 transition,0.0006930147121066269
1998,GLB1L2,G2M,0.0002197696751653045
1999,GLB1L2,S,0.0003791655246993401
2000,GLIS1,G0,0.00031275726123359654
2001,GLIS1,G1,0.0006189549042725545
2002,GLIS1,G1-G0 transition,0.0005662859134289917
2003,GLIS1,G2M,0.00022547953081248687
2004,GLIS1,S,0.0002958426788896274
2005,GLS2,G0,0.0002520601826310728
2006,GLS2,G1,0.0005888403087622364
2007,GLS2,G1-G0 transition,0.000501522373696907
2008,GLS2,G2M,0.0002677828625365707
2009,GLS2,S,0.00024716802267159494
2010,GNG7,G0,0.0001619353782207202
2011,GNG7,G1,0.0007196839951362449
2012,GNG7,G1-G0 transition,0.0006459314600652131
2013,GNG7,G2M,0.0002584128265260958
2014,GNG7,S,0.00032216074851240195
2015,GPBAR1,G0,0.00022748087051774403
2016,GPBAR1,G1,0.0005314330177373526
2017,GPBAR1,G1-G0 transition,0.000809168710909908
2018,GPBAR1,G2M,0.00025234334300556767
2019,GPBAR1,S,0.00017592584029609123
2020,GPR137C,G0,0.00039431127350676856
2021,GPR137C,G1,0.0005262354042683338
2022,GPR137C,G1-G0 transition,0.0005648816994431616
2023,GPR137C,G2M,0.0003405899199166574
2024,GPR137C,S,0.00027351738933304885
2025,GPR146,G0,0.00024869814597659246
2026,GPR146,G1,0.0005499552343464695
2027,GPR146,G1-G0 transition,0.0006241693351390306
2028,GPR146,G2M,0.00015871766999099956
2029,GPR146,S,0.0002218309362789553
2030,GPR52,G0,0.0
2031,GPR52,G1,0.0
2032,GPR52,G1-G0 transition,0.0
2033,GPR52,G2M,0.0
2034,GPR52,S,0.0
2035,GPR65,G0,0.00022399188073469136
2036,GPR65,G1,0.0006280675847190926
2037,GPR65,G1-G0 transition,0.000609246399305736
2038,GPR65,G2M,0.00013265435502942562
2039,GPR65,S,0.00037624887149132917
2040,GPR68,G0,0.0002977281510092566
2041,GPR68,G1,0.0005965643612855017
2042,GPR68,G1-G0 transition,0.0005766983764376403
2043,GPR68,G2M,0.00016708819771031608
2044,GPR68,S,0.0002637383234913193
2045,GPR82,G0,0.0002287203728329173
2046,GPR82,G1,0.0007628649285765341
2047,GPR82,G1-G0 transition,0.0006211047482095948
2048,GPR82,G2M,0.00017267080051722012
2049,GPR82,S,0.000333402412687602
2050,GPR85,G0,0.00031538771652865025
2051,GPR85,G1,0.000546198090061911
2052,GPR85,G1-G0 transition,0.0006044923647696267
2053,GPR85,G2M,0.00018044364088627506
2054,GPR85,S,0.00030373134071891175
2055,GPRC6A,G0,0.0
2056,GPRC6A,G1,0.0
2057,GPRC6A,G1-G0 transition,0.0
2058,GPRC6A,G2M,0.0
2059,GPRC6A,S,0.0
2060,GPRIN2,G0,0.00029749319617966796
2061,GPRIN2,G1,0.0005130051468381359
2062,GPRIN2,G1-G0 transition,0.0007053596357218796
2063,GPRIN2,G2M,0.00018713517213850254
2064,GPRIN2,S,0.00031500796117395777
2065,GPRIN3,G0,0.00028633857083337023
2066,GPRIN3,G1,0.0006317510487335985
2067,GPRIN3,G1-G0 transition,0.000621081219726314
2068,GPRIN3,G2M,0.00021675060904965385
2069,GPRIN3,S,0.0002721675029095272
2070,GPSM2,G0,0.0003162500983244619
2071,GPSM2,G1,0.000713032256009002
2072,GPSM2,G1-G0 transition,0.0005780327854266953
2073,GPSM2,G2M,0.0005151869371492012
2074,GPSM2,S,0.0004625288460516246
2075,GRAMD2A,G0,0.00041347553941668066
2076,GRAMD2A,G1,0.000461367378332831
2077,GRAMD2A,G1-G0 transition,0.0005668541106565178
2078,GRAMD2A,G2M,0.0001805223286130498
2079,GRAMD2A,S,0.00027646781985888615
2080,GREB1L,G0,0.0003382692978695461
2081,GREB1L,G1,0.0006436585615893937
2082,GREB1L,G1-G0 transition,0.0005681030221218518
2083,GREB1L,G2M,0.00019400545874208037
2084,GREB1L,S,0.00035368915372503397
2085,GRHL3,G0,0.0003135235989520538
2086,GRHL3,G1,0.0006957713145898765
2087,GRHL3,G1-G0 transition,0.0007464170090129953
2088,GRHL3,G2M,0.00022720401777100909
2089,GRHL3,S,0.00032687051810200763
2090,GRIA4,G0,0.00028089538695864316
2091,GRIA4,G1,0.0005590484450688088
2092,GRIA4,G1-G0 transition,0.0004898585495015691
2093,GRIA4,G2M,0.00011563410601255042
2094,GRIA4,S,0.00037864659343112895
2095,GRIN2C,G0,0.00044061237704554014
2096,GRIN2C,G1,0.0005564885326992165
2097,GRIN2C,G1-G0 transition,0.0008423738884837466
2098,GRIN2C,G2M,0.00031993348808756185
2099,GRIN2C,S,0.00036785614292829036
2100,GRIN2D,G0,0.00022845323456917538
2101,GRIN2D,G1,0.0006825495274638587
2102,GRIN2D,G1-G0 transition,0.0006217320184269492
2103,GRIN2D,G2M,0.0002035544759595815
2104,GRIN2D,S,0.0003217064420059222
2105,GRM4,G0,0.00021298183075200018
2106,GRM4,G1,0.0007069526733151824
2107,GRM4,G1-G0 transition,0.0005561330228759705
2108,GRM4,G2M,0.00018582935182268265
2109,GRM4,S,0.00028101013451834714
2110,GSN,G0,0.005675682880957315
2111,GSN,G1,0.004092525866073319
2112,GSN,G1-G0 transition,0.0018798209833060272
2113,GSN,G2M,0.0006460731172807336
2114,GSN,S,0.0014450552944394184
2115,GTSE1,G0,0.0008593504708904577
2116,GTSE1,G1,0.0012998958332303663
2117,GTSE1,G1-G0 transition,0.0031991104907670726
2118,GTSE1,G2M,0.0020005953003748313
2119,GTSE1,S,0.001354194836980784
2120,GUCA1B,G0,0.00021069860957406068
2121,GUCA1B,G1,0.0005504066640831322
2122,GUCA1B,G1-G0 transition,0.0005953438835750034
2123,GUCA1B,G2M,0.00016743587964871033
2124,GUCA1B,S,0.0002969857604007331
2125,GUCY1A1,G0,0.0003395908092182443
2126,GUCY1A1,G1,0.0006808552604818812
2127,GUCY1A1,G1-G0 transition,0.0005070543133030856
2128,GUCY1A1,G2M,0.0002221933130837331
2129,GUCY1A1,S,0.00026692865430423757
2130,GUCY1A2,G0,0.000449496420835652
2131,GUCY1A2,G1,0.0005522623137195269
2132,GUCY1A2,G1-G0 transition,0.0008104215306555056
2133,GUCY1A2,G2M,0.00023189486728759836
2134,GUCY1A2,S,0.00035881193594565003
2135,GZMM,G0,0.00016897336761929346
2136,GZMM,G1,0.0006204376203214368
2137,GZMM,G1-G0 transition,0.0005150433316844859
2138,GZMM,G2M,0.00014154935348278358
2139,GZMM,S,0.0003138715832703563
2140,H1-1,G0,0.0029880710475122603
2141,H1-1,G1,0.0008379726562995887
2142,H1-1,G1-G0 transition,0.0015178326230680507
2143,H1-1,G2M,0.00052115183517635
2144,H1-1,S,0.0033936300209839957
2145,H1-3,G0,0.00451902513700153
2146,H1-3,G1,0.0009862366019779832
2147,H1-3,G1-G0 transition,0.0026999956162315386
2148,H1-3,G2M,0.00036387721354702286
2149,H1-3,S,0.002319384344857736
2150,H1-4,G0,0.0030903402585140943
2151,H1-4,G1,0.0009557745435002062
2152,H1-4,G1-G0 transition,0.0015807275276767492
2153,H1-4,G2M,0.000411722450864341
2154,H1-4,S,0.0016255596984715388
2155,H1-5,G0,0.003932433717029656
2156,H1-5,G1,0.0018751994802425004
2157,H1-5,G1-G0 transition,0.0015270413175275776
2158,H1-5,G2M,0.000895460058745295
2159,H1-5,S,0.005979318604719246
2160,H2AC20,G0,0.0019377376268438656
2161,H2AC20,G1,0.0010107344716311167
2162,H2AC20,G1-G0 transition,0.0009781867585475098
2163,H2AC20,G2M,0.00021176607438095168
2164,H2AC20,S,0.0019102191240641033
2165,H2AC4,G0,0.00025378795322788486
2166,H2AC4,G1,0.0005919004871612052
2167,H2AC4,G1-G0 transition,0.0006654636207458997
2168,H2AC4,G2M,0.00023433740231232553
2169,H2AC4,S,0.00034960290611343555
2170,H2BC11,G0,0.0005187211053340195
2171,H2BC11,G1,0.0010079308754188752
2172,H2BC11,G1-G0 transition,0.0007193626525551443
2173,H2BC11,G2M,0.00032346339993816664
2174,H2BC11,S,0.000455519227334352
2175,H2BC13,G0,0.00032990848790954524
2176,H2BC13,G1,0.0005053417310588157
2177,H2BC13,G1-G0 transition,0.0005270290808145836
2178,H2BC13,G2M,0.0002174441735758088
2179,H2BC13,S,0.00023638153416832516
2180,H2BC18,G0,0.0003307403947388482
2181,H2BC18,G1,0.0006453291802713731
2182,H2BC18,G1-G0 transition,0.0006594398108622892
2183,H2BC18,G2M,0.00022346339638606899
2184,H2BC18,S,0.0003020543299579684
2185,H2BC3,G0,0.00022964087354761226
2186,H2BC3,G1,0.0007435928751368489
2187,H2BC3,G1-G0 transition,0.0005724734855016985
2188,H2BC3,G2M,0.00021474208596439456
2189,H2BC3,S,0.0004229728757368573
2190,H2BC5,G0,0.0004140765700631008
2191,H2BC5,G1,0.0007353453465031351
2192,H2BC5,G1-G0 transition,0.0006359521107930438
2193,H2BC5,G2M,0.0003428727121718933
2194,H2BC5,S,0.00024736996838184937
2195,H4C8,G0,0.0003439047530344904
2196,H4C8,G1,0.001046816833342729
2197,H4C8,G1-G0 transition,0.0008667062197495405
2198,H4C8,G2M,0.0006979102837276937
2199,H4C8,S,0.00032611090334680893
2200,HAND2,G0,0.0002694926359576427
2201,HAND2,G1,0.0006881778046628747
2202,HAND2,G1-G0 transition,0.0007194201034071558
2203,HAND2,G2M,0.00016408257064027206
2204,HAND2,S,0.000288893840903654
2205,HASPIN,G0,0.0002294888808968378
2206,HASPIN,G1,0.0007306332208262707
2207,HASPIN,G1-G0 transition,0.0006326717899902703
2208,HASPIN,G2M,0.00023423641284864863
2209,HASPIN,S,0.0004213499372927435
2210,HCN2,G0,0.00032566519118923257
2211,HCN2,G1,0.0006242531636526502
2212,HCN2,G1-G0 transition,0.0006391429433880706
2213,HCN2,G2M,0.0001435611270248833
2214,HCN2,S,0.00024237250955161152
2215,HCRTR1,G0,0.0
2216,HCRTR1,G1,0.0
2217,HCRTR1,G1-G0 transition,0.0
2218,HCRTR1,G2M,0.0
2219,HCRTR1,S,0.0
2220,HDC,G0,0.0002614115525726026
2221,HDC,G1,0.0006627820566150796
2222,HDC,G1-G0 transition,0.000626031192557844
2223,HDC,G2M,0.00016431665403245394
2224,HDC,S,0.00016629378301655774
2225,HELLS,G0,0.007917629457928552
2226,HELLS,G1,0.0036576608832019865
2227,HELLS,G1-G0 transition,0.004863744321014708
2228,HELLS,G2M,0.0008417930325370173
2229,HELLS,S,0.0011801390206765867
2230,HEPACAM,G0,0.0002461762917490427
2231,HEPACAM,G1,0.0006191258202537329
2232,HEPACAM,G1-G0 transition,0.000590951483408715
2233,HEPACAM,G2M,0.000201528234935584
2234,HEPACAM,S,0.00036729418864109656
2235,HEPACAM2,G0,0.00195757566111584
2236,HEPACAM2,G1,0.0013679162764669245
2237,HEPACAM2,G1-G0 transition,0.0009410618284767069
2238,HEPACAM2,G2M,0.0004340199809754819
2239,HEPACAM2,S,0.0006863569195337782
2240,HEPH,G0,0.000679248575467439
2241,HEPH,G1,0.0006163998713893694
2242,HEPH,G1-G0 transition,0.000649983304728526
2243,HEPH,G2M,0.00021863428476014962
2244,HEPH,S,0.0005085057420358868
2245,HES5,G0,0.00027720618305989575
2246,HES5,G1,0.0005294652579016228
2247,HES5,G1-G0 transition,0.0006310962722792684
2248,HES5,G2M,0.00019474574202023773
2249,HES5,S,0.00032533060160199156
2250,HEY2,G0,0.0
2251,HEY2,G1,0.0
2252,HEY2,G1-G0 transition,0.0
2253,HEY2,G2M,0.0
2254,HEY2,S,0.0
2255,HEYL,G0,0.0002533260019449108
2256,HEYL,G1,0.0007151016690447117
2257,HEYL,G1-G0 transition,0.0005872501168095929
2258,HEYL,G2M,0.00020264291905369928
2259,HEYL,S,0.0003831946050784025
2260,HGD,G0,0.0001903914662987176
2261,HGD,G1,0.0005782054778501155
2262,HGD,G1-G0 transition,0.0006876977252350673
2263,HGD,G2M,0.00016353936457727742
2264,HGD,S,0.00023120979446553477
2265,HJURP,G0,0.0004532519226722468
2266,HJURP,G1,0.0023001164113194937
2267,HJURP,G1-G0 transition,0.0011791398737533141
2268,HJURP,G2M,0.0036714810186904818
2269,HJURP,S,0.0004882335799965289
2270,HMGB2,G0,0.0022007580610470968
2271,HMGB2,G1,0.002589033009360609
2272,HMGB2,G1-G0 transition,0.005317213905086217
2273,HMGB2,G2M,0.004516047300802257
2274,HMGB2,S,0.0036924404362727024
2275,HMMR,G0,0.0025525528170105816
2276,HMMR,G1,0.003934555083074997
2277,HMMR,G1-G0 transition,0.0014514041850740079
2278,HMMR,G2M,0.0014590905175859022
2279,HMMR,S,0.0015407753796652548
2280,HMSD,G0,0.00032100165067748207
2281,HMSD,G1,0.0006860084812392551
2282,HMSD,G1-G0 transition,0.0006542269192655078
2283,HMSD,G2M,0.0002345851874896138
2284,HMSD,S,0.00036981386834718385
2285,HOGA1,G0,0.0003563133382763665
2286,HOGA1,G1,0.0005324809297548635
2287,HOGA1,G1-G0 transition,0.0005278380589002058
2288,HOGA1,G2M,0.00022344699954955527
2289,HOGA1,S,0.00028734669963159236
2290,HOXA3,G0,0.0005061553733121642
2291,HOXA3,G1,0.00066571465667447
2292,HOXA3,G1-G0 transition,0.000916307389344606
2293,HOXA3,G2M,0.00017540161394093102
2294,HOXA3,S,0.0002942937047719809
2295,HOXA4,G0,0.0004078394337391347
2296,HOXA4,G1,0.0006518313976002049
2297,HOXA4,G1-G0 transition,0.0009039346072406618
2298,HOXA4,G2M,0.0002555764357393638
2299,HOXA4,S,0.00033513026972263463
2300,HOXA5,G0,0.0002826208812022067
2301,HOXA5,G1,0.0006334227428294599
2302,HOXA5,G1-G0 transition,0.0008596763271889085
2303,HOXA5,G2M,0.00023701416699467874
2304,HOXA5,S,0.0003799106455598456
2305,HOXB5,G0,0.0013545728988719002
2306,HOXB5,G1,0.0010924069512247424
2307,HOXB5,G1-G0 transition,0.0010397477032584412
2308,HOXB5,G2M,0.0002609894253184793
2309,HOXB5,S,0.00039993985375297905
2310,HPD,G0,0.0002915894928727648
2311,HPD,G1,0.0005886726998396836
2312,HPD,G1-G0 transition,0.0006200411990311439
2313,HPD,G2M,0.00021657054481345904
2314,HPD,S,0.00027035412394823454
2315,HPDL,G0,0.0005486223322820965
2316,HPDL,G1,0.0007704629948786319
2317,HPDL,G1-G0 transition,0.0006300834486102334
2318,HPDL,G2M,0.00014924766890058922
2319,HPDL,S,0.00031307110931585525
2320,HR,G0,0.0003681036999919123
2321,HR,G1,0.000706059955149529
2322,HR,G1-G0 transition,0.0006038998132487826
2323,HR,G2M,0.000229243686218068
2324,HR,S,0.0002790965798310363
2325,HS3ST3A1,G0,0.000377340276703333
2326,HS3ST3A1,G1,0.0006858888416608095
2327,HS3ST3A1,G1-G0 transition,0.0006113882048781927
2328,HS3ST3A1,G2M,0.00024419097511579635
2329,HS3ST3A1,S,0.00025245631225004095
2330,HSD17B13,G0,0.00022593060750620412
2331,HSD17B13,G1,0.0004650103143318878
2332,HSD17B13,G1-G0 transition,0.0006854375379683457
2333,HSD17B13,G2M,0.00027091370168009403
2334,HSD17B13,S,0.00025889799268560766
2335,HSPB2,G0,0.000303731654929782
2336,HSPB2,G1,0.0008010035370825027
2337,HSPB2,G1-G0 transition,0.0005527265151975312
2338,HSPB2,G2M,0.0003203432791458499
2339,HSPB2,S,0.0003681526552997787
2340,HSPB7,G0,0.00026310569829381933
2341,HSPB7,G1,0.0006705147121144681
2342,HSPB7,G1-G0 transition,0.000632207827160995
2343,HSPB7,G2M,0.00026808111155420336
2344,HSPB7,S,0.00032771713993496395
2345,HTR1B,G0,0.0
2346,HTR1B,G1,0.0
2347,HTR1B,G1-G0 transition,0.0
2348,HTR1B,G2M,0.0
2349,HTR1B,S,0.0
2350,HUNK,G0,0.0003244141992887883
2351,HUNK,G1,0.0006112126830773514
2352,HUNK,G1-G0 transition,0.0005902327817168236
2353,HUNK,G2M,0.0002484756059022376
2354,HUNK,S,0.00030861386877682626
2355,HYLS1,G0,0.00038117618794471643
2356,HYLS1,G1,0.0011447405078578083
2357,HYLS1,G1-G0 transition,0.0006810043578778065
2358,HYLS1,G2M,0.0005958653171192059
2359,HYLS1,S,0.00029234909607110785
2360,ICAM4,G0,0.0002736769109283318
2361,ICAM4,G1,0.00064055264303987
2362,ICAM4,G1-G0 transition,0.0004954577815205611
2363,ICAM4,G2M,0.0003140943059838499
2364,ICAM4,S,0.0003250541218766317
2365,IFI44,G0,0.0002814353607596214
2366,IFI44,G1,0.0006018192290984518
2367,IFI44,G1-G0 transition,0.0005108524335750837
2368,IFI44,G2M,0.00015664417591617908
2369,IFI44,S,0.00021241187623359897
2370,IFIT2,G0,0.00026911942145451875
2371,IFIT2,G1,0.0006258140240963096
2372,IFIT2,G1-G0 transition,0.000774275881846984
2373,IFIT2,G2M,0.0002594927867259273
2374,IFIT2,S,0.00027183161994238973
2375,IFITM10,G0,0.000269088352376766
2376,IFITM10,G1,0.0005724449773090734
2377,IFITM10,G1-G0 transition,0.000603157757839288
2378,IFITM10,G2M,0.000207810894465694
2379,IFITM10,S,0.00035677570725723616
2380,IGDCC3,G0,0.0001978946742904095
2381,IGDCC3,G1,0.0006277838408546753
2382,IGDCC3,G1-G0 transition,0.0005512659196250602
2383,IGDCC3,G2M,0.00023040304486381547
2384,IGDCC3,S,0.0003383752610774307
2385,IGF2,G0,0.00044340735811319344
2386,IGF2,G1,0.0008268854475749756
2387,IGF2,G1-G0 transition,0.0010116613679267354
2388,IGF2,G2M,0.0001497730157646341
2389,IGF2,S,0.0003921351846864891
2390,IGFALS,G0,0.0005907995467645208
2391,IGFALS,G1,0.0007974636019297954
2392,IGFALS,G1-G0 transition,0.00064003387339818
2393,IGFALS,G2M,0.00019826549805038456
2394,IGFALS,S,0.00033633145973924135
2395,IGFBP1,G0,0.0003068951695981492
2396,IGFBP1,G1,0.0005505080127751549
2397,IGFBP1,G1-G0 transition,0.0006157921767124027
2398,IGFBP1,G2M,0.0002513537059829259
2399,IGFBP1,S,0.00023554810041152472
2400,IGFBP5,G0,0.051773420280417065
2401,IGFBP5,G1,0.009703524641181072
2402,IGFBP5,G1-G0 transition,0.026756289096580017
2403,IGFBP5,G2M,0.003140107651657841
2404,IGFBP5,S,0.009521145995236076
2405,IGFN1,G0,0.0002591241392313257
2406,IGFN1,G1,0.0007947588586228339
2407,IGFN1,G1-G0 transition,0.0005529558126534172
2408,IGFN1,G2M,0.0002562604392466308
2409,IGFN1,S,0.0003001367218168742
2410,IGSF11,G0,0.0002659485780873868
2411,IGSF11,G1,0.0006958493254870339
2412,IGSF11,G1-G0 transition,0.0006539555487184686
2413,IGSF11,G2M,0.00024003230227460947
2414,IGSF11,S,0.0004597133292008696
2415,IL17RB,G0,0.0002172929735228408
2416,IL17RB,G1,0.0006985224240347159
2417,IL17RB,G1-G0 transition,0.0004359727591506018
2418,IL17RB,G2M,0.00018736233171253935
2419,IL17RB,S,0.0003143977611838081
2420,IL17RD,G0,0.0002981123870839172
2421,IL17RD,G1,0.0007156967929924427
2422,IL17RD,G1-G0 transition,0.0005970779142344969
2423,IL17RD,G2M,0.00023807801311117116
2424,IL17RD,S,0.00026349203510807735
2425,IL17RE,G0,0.0005655023177312533
2426,IL17RE,G1,0.0008002806273256133
2427,IL17RE,G1-G0 transition,0.0009574141469493778
2428,IL17RE,G2M,0.00021259516792471682
2429,IL17RE,S,0.00035361067012907416
2430,IL1RN,G0,0.0002810098365076708
2431,IL1RN,G1,0.0006034705117312075
2432,IL1RN,G1-G0 transition,0.0007456898774897713
2433,IL1RN,G2M,0.00030568313685908847
2434,IL1RN,S,0.0003183355766829508
2435,IL20RB,G0,0.00025213003123336966
2436,IL20RB,G1,0.0005568356002089694
2437,IL20RB,G1-G0 transition,0.0005152240720803914
2438,IL20RB,G2M,0.0002214064989497597
2439,IL20RB,S,0.0002923675598115312
2440,IL34,G0,0.0003346885467041692
2441,IL34,G1,0.0005993004701583706
2442,IL34,G1-G0 transition,0.0005729502806975417
2443,IL34,G2M,0.00015448826240939132
2444,IL34,S,0.0002837830189277927
2445,IL7,G0,0.0003169493100226908
2446,IL7,G1,0.0007487410274994805
2447,IL7,G1-G0 transition,0.0006291727292346936
2448,IL7,G2M,0.0002515002367484729
2449,IL7,S,0.00033486108282231904
2450,INCENP,G0,0.0008802973726665962
2451,INCENP,G1,0.0008604304423914327
2452,INCENP,G1-G0 transition,0.0007370836879051494
2453,INCENP,G2M,0.0010511257488233386
2454,INCENP,S,0.0008922239364413324
2455,INHA,G0,0.00023722014183607856
2456,INHA,G1,0.0004879686624260996
2457,INHA,G1-G0 transition,0.0005430524916245617
2458,INHA,G2M,0.0002271324637596456
2459,INHA,S,0.0002677368072905278
2460,INMT,G0,0.00030456676487426265
2461,INMT,G1,0.0004995226443142708
2462,INMT,G1-G0 transition,0.0007054267627445901
2463,INMT,G2M,0.00016649244699377258
2464,INMT,S,0.00022967387210273043
2465,INSC,G0,0.0002505752683469531
2466,INSC,G1,0.0006628057770781686
2467,INSC,G1-G0 transition,0.0006003013631449926
2468,INSC,G2M,0.00023364487355389724
2469,INSC,S,0.00028679938940547907
2470,IQCH,G0,0.00028904620149421085
2471,IQCH,G1,0.0006320439381650293
2472,IQCH,G1-G0 transition,0.0007200675644072559
2473,IQCH,G2M,0.00020344741696183333
2474,IQCH,S,0.00029826769176614123
2475,IQGAP3,G0,0.0026187100873504834
2476,IQGAP3,G1,0.001024374717795153
2477,IQGAP3,G1-G0 transition,0.0019890466533480063
2478,IQGAP3,G2M,0.00041996918702885406
2479,IQGAP3,S,0.00044700852013661335
2480,IQSEC3,G0,0.00029925155217153994
2481,IQSEC3,G1,0.0006568512834331538
2482,IQSEC3,G1-G0 transition,0.0005567544818754797
2483,IQSEC3,G2M,0.0003013918533090347
2484,IQSEC3,S,0.00022837397556698945
2485,IRAG1,G0,0.0012282529657220145
2486,IRAG1,G1,0.0011727623686707414
2487,IRAG1,G1-G0 transition,0.0009579889207311929
2488,IRAG1,G2M,0.00024212978053977086
2489,IRAG1,S,0.00041648362635502247
2490,IRAK3,G0,0.0003907905554826534
2491,IRAK3,G1,0.000606295711655742
2492,IRAK3,G1-G0 transition,0.00058663076239221
2493,IRAK3,G2M,0.00014451122109730114
2494,IRAK3,S,0.00031442137399257395
2495,ISL1,G0,0.0036585274314908547
2496,ISL1,G1,0.0008859463777623064
2497,ISL1,G1-G0 transition,0.005239650529276126
2498,ISL1,G2M,0.0003296653391959932
2499,ISL1,S,0.0004666234352038149
2500,ITGA2B,G0,0.0003320822009549102
2501,ITGA2B,G1,0.0006608803253003496
2502,ITGA2B,G1-G0 transition,0.0006134657372876522
2503,ITGA2B,G2M,0.00023801707605882068
2504,ITGA2B,S,0.00038287675311506075
2505,ITGA9,G0,0.00023885241479001758
2506,ITGA9,G1,0.0006627381979901806
2507,ITGA9,G1-G0 transition,0.0006241958672862612
2508,ITGA9,G2M,0.00023559825248299467
2509,ITGA9,S,0.00033503507799058986
2510,ITGB4,G0,0.0002376698244251512
2511,ITGB4,G1,0.0006042983460313965
2512,ITGB4,G1-G0 transition,0.0005888573789946873
2513,ITGB4,G2M,0.00019330374826319398
2514,ITGB4,S,0.00026681270357242033
2515,ITGB8,G0,0.0004626444103297302
2516,ITGB8,G1,0.0005391754078740821
2517,ITGB8,G1-G0 transition,0.0005150331106613112
2518,ITGB8,G2M,0.0001335976870068132
2519,ITGB8,S,0.0003855209517847928
2520,ITPRIPL1,G0,0.00036968727549681525
2521,ITPRIPL1,G1,0.0006444034446837458
2522,ITPRIPL1,G1-G0 transition,0.0006180741966660602
2523,ITPRIPL1,G2M,0.00016873363801562778
2524,ITPRIPL1,S,0.00026826559936966247
2525,IYD,G0,0.0002731729760863884
2526,IYD,G1,0.0005865688842182666
2527,IYD,G1-G0 transition,0.0004811437435678278
2528,IYD,G2M,0.0001672583275522766
2529,IYD,S,0.00028198060270156144
2530,JAK3,G0,0.0003293127086931999
2531,JAK3,G1,0.0008030089029153224
2532,JAK3,G1-G0 transition,0.000747261221648624
2533,JAK3,G2M,0.00017708273844168262
2534,JAK3,S,0.0003407609507697374
2535,JAKMIP2,G0,0.0005207011865670835
2536,JAKMIP2,G1,0.0005780765251240882
2537,JAKMIP2,G1-G0 transition,0.0006432889133855244
2538,JAKMIP2,G2M,0.0003775484309014932
2539,JAKMIP2,S,0.0002894986765294814
2540,JCHAIN,G0,0.000247846578345052
2541,JCHAIN,G1,0.0006036196601471467
2542,JCHAIN,G1-G0 transition,0.0005323597099087698
2543,JCHAIN,G2M,0.0002413692387100067
2544,JCHAIN,S,0.0003505465248888478
2545,JPH1,G0,0.00018563755591623
2546,JPH1,G1,0.0006100905905367388
2547,JPH1,G1-G0 transition,0.0006811704553863903
2548,JPH1,G2M,0.000284221114901717
2549,JPH1,S,0.0002665648743050877
2550,KBTBD11,G0,0.0002889753016321814
2551,KBTBD11,G1,0.0006554540289078187
2552,KBTBD11,G1-G0 transition,0.0006390087963261212
2553,KBTBD11,G2M,0.0002683209719526824
2554,KBTBD11,S,0.0002902921260051981
2555,KCND1,G0,0.00023396596206940766
2556,KCND1,G1,0.0006681083216848685
2557,KCND1,G1-G0 transition,0.0006135148283450864
2558,KCND1,G2M,0.0001934889237511794
2559,KCND1,S,0.0003067044134317201
2560,KCNE1,G0,0.0002859867669049314
2561,KCNE1,G1,0.0006997217099117803
2562,KCNE1,G1-G0 transition,0.000741982453406204
2563,KCNE1,G2M,0.00028190541122592266
2564,KCNE1,S,0.00037189405501350775
2565,KCNE3,G0,0.00037188105407703117
2566,KCNE3,G1,0.0006886568226003565
2567,KCNE3,G1-G0 transition,0.0007654871924393535
2568,KCNE3,G2M,0.00023772046192807033
2569,KCNE3,S,0.00022432816429608323
2570,KCNE5,G0,0.00038617759671218625
2571,KCNE5,G1,0.0007778048590720514
2572,KCNE5,G1-G0 transition,0.0006921303110420742
2573,KCNE5,G2M,0.0002110083989093436
2574,KCNE5,S,0.0003460190156003407
2575,KCNJ13,G0,0.0005057877003179132
2576,KCNJ13,G1,0.0007197598134265427
2577,KCNJ13,G1-G0 transition,0.0006062741949889024
2578,KCNJ13,G2M,0.0002057068443879403
2579,KCNJ13,S,0.0004513560427031761
2580,KCNJ2,G0,0.0003094609782200368
2581,KCNJ2,G1,0.0008134052347220629
2582,KCNJ2,G1-G0 transition,0.0007049974410663643
2583,KCNJ2,G2M,0.0001918215625571023
2584,KCNJ2,S,0.0004010763911619297
2585,KCNJ4,G0,0.0002383975663599344
2586,KCNJ4,G1,0.0006057998691508463
2587,KCNJ4,G1-G0 transition,0.0005644327010429949
2588,KCNJ4,G2M,0.00018072005709324042
2589,KCNJ4,S,0.00023899516930264489
2590,KCNK1,G0,0.00033636223304756116
2591,KCNK1,G1,0.0006801722302068017
2592,KCNK1,G1-G0 transition,0.0007244645133311888
2593,KCNK1,G2M,0.0004945663570691075
2594,KCNK1,S,0.00023297083010842673
2595,KCNT2,G0,0.00026158961235402627
2596,KCNT2,G1,0.0006437313928620492
2597,KCNT2,G1-G0 transition,0.0006108171176736655
2598,KCNT2,G2M,0.0002081914283496632
2599,KCNT2,S,0.000335247463426781
2600,KCNU1,G0,0.0002545370754223243
2601,KCNU1,G1,0.0006083428057280566
2602,KCNU1,G1-G0 transition,0.0006149874436398374
2603,KCNU1,G2M,0.00022792441748158653
2604,KCNU1,S,0.0003046828692330081
2605,KCTD12,G0,0.0003151631018538515
2606,KCTD12,G1,0.000596756921789714
2607,KCTD12,G1-G0 transition,0.000560144763097522
2608,KCTD12,G2M,0.0001832316657334716
2609,KCTD12,S,0.00030336987396260617
2610,KCTD4,G0,0.0003330463352249215
2611,KCTD4,G1,0.0007230378496034969
2612,KCTD4,G1-G0 transition,0.0005765356414909094
2613,KCTD4,G2M,0.00027596171199447956
2614,KCTD4,S,0.0003017480597563044
2615,KIAA0040,G0,0.0007720872864636289
2616,KIAA0040,G1,0.0008092949429396254
2617,KIAA0040,G1-G0 transition,0.0007471084912070522
2618,KIAA0040,G2M,0.00020845900365919074
2619,KIAA0040,S,0.0003978796154908627
2620,KIAA0408,G0,0.00026163250359039023
2621,KIAA0408,G1,0.0005142800129048349
2622,KIAA0408,G1-G0 transition,0.0006872937196810394
2623,KIAA0408,G2M,0.00012295294878805378
2624,KIAA0408,S,0.0002641656528602323
2625,KIAA1755,G0,0.00022239869608563546
2626,KIAA1755,G1,0.0005573651241283734
2627,KIAA1755,G1-G0 transition,0.0005282813017164076
2628,KIAA1755,G2M,0.00023774005224087144
2629,KIAA1755,S,0.0002714853993136699
2630,KIF11,G0,0.0007145327560846658
2631,KIF11,G1,0.0009810999593428274
2632,KIF11,G1-G0 transition,0.0013804604888805725
2633,KIF11,G2M,0.0011514819718546835
2634,KIF11,S,0.0006149411797947653
2635,KIF14,G0,0.0004598315034280975
2636,KIF14,G1,0.0009956583290806763
2637,KIF14,G1-G0 transition,0.003026080795974407
2638,KIF14,G2M,0.0013462660621458055
2639,KIF14,S,0.0007552697324441324
2640,KIF18A,G0,0.00040401105077470705
2641,KIF18A,G1,0.0009653792491255434
2642,KIF18A,G1-G0 transition,0.0007390086722452391
2643,KIF18A,G2M,0.0009814158590073384
2644,KIF18A,S,0.00040450496585796465
2645,KIF18B,G0,0.00039359992842494387
2646,KIF18B,G1,0.0015247456967829218
2647,KIF18B,G1-G0 transition,0.0022248344396987208
2648,KIF18B,G2M,0.0022564241150213457
2649,KIF18B,S,0.0015682138438048554
2650,KIF20A,G0,0.004190798357901029
2651,KIF20A,G1,0.005200157027076159
2652,KIF20A,G1-G0 transition,0.004902794443127452
2653,KIF20A,G2M,0.002227647930259011
2654,KIF20A,S,0.003513037521575757
2655,KIF20B,G0,0.0005325813404286737
2656,KIF20B,G1,0.0012990355304480072
2657,KIF20B,G1-G0 transition,0.0016908140478076115
2658,KIF20B,G2M,0.0010110607050372324
2659,KIF20B,S,0.0007053819372279453
2660,KIF22,G0,0.0004949980860239699
2661,KIF22,G1,0.0007358157745226558
2662,KIF22,G1-G0 transition,0.0008049515717901536
2663,KIF22,G2M,0.000806707481725858
2664,KIF22,S,0.000622009486913148
2665,KIF23,G0,0.0012547615016286276
2666,KIF23,G1,0.0026376497666378345
2667,KIF23,G1-G0 transition,0.006109786462680415
2668,KIF23,G2M,0.0043039185281427686
2669,KIF23,S,0.0032838440527556867
2670,KIF2C,G0,0.0005979688204979743
2671,KIF2C,G1,0.0011151534874565526
2672,KIF2C,G1-G0 transition,0.0025598438208746014
2673,KIF2C,G2M,0.001926105294997468
2674,KIF2C,S,0.001035649130813846
2675,KIF4A,G0,0.0014220299584108815
2676,KIF4A,G1,0.002861437109894153
2677,KIF4A,G1-G0 transition,0.000801106599692225
2678,KIF4A,G2M,0.0009940608882704702
2679,KIF4A,S,0.0010620475982182514
2680,KIF5A,G0,0.00021004276469182702
2681,KIF5A,G1,0.0007669613500497667
2682,KIF5A,G1-G0 transition,0.0008225926856112429
2683,KIF5A,G2M,0.00029515920673461594
2684,KIF5A,S,0.0003593209159383156
2685,KIF6,G0,0.00023651940917447957
2686,KIF6,G1,0.0005653848688302577
2687,KIF6,G1-G0 transition,0.0006353209492037014
2688,KIF6,G2M,0.000183604374632001
2689,KIF6,S,0.0003082988891007683
2690,KISS1R,G0,0.00023410702998563943
2691,KISS1R,G1,0.0005109159930142872
2692,KISS1R,G1-G0 transition,0.0005801716094678631
2693,KISS1R,G2M,0.00013452231751558908
2694,KISS1R,S,0.00022541258108687472
2695,KLF1,G0,0.00024420048804150394
2696,KLF1,G1,0.0005669064096373371
2697,KLF1,G1-G0 transition,0.0006249419325401555
2698,KLF1,G2M,0.000220539913758596
2699,KLF1,S,0.0002973085201001568
2700,KLF12,G0,0.0003343570759161895
2701,KLF12,G1,0.0006492302716715084
2702,KLF12,G1-G0 transition,0.0007461220484820157
2703,KLF12,G2M,0.0003928633135861667
2704,KLF12,S,0.0003689751660087446
2705,KLF15,G0,0.00028025259905164443
2706,KLF15,G1,0.0005751254046933626
2707,KLF15,G1-G0 transition,0.0005967121928305266
2708,KLF15,G2M,0.00019140474102511142
2709,KLF15,S,0.0003439757669017428
2710,KLF6,G0,0.0004566894282336932
2711,KLF6,G1,0.0011428520176792296
2712,KLF6,G1-G0 transition,0.0013061612094009073
2713,KLF6,G2M,0.0003351732004037734
2714,KLF6,S,0.00027792996737582815
2715,KLHDC1,G0,0.000258268909566897
2716,KLHDC1,G1,0.0005039483063054531
2717,KLHDC1,G1-G0 transition,0.0005195154344198404
2718,KLHDC1,G2M,0.00024216707309334984
2719,KLHDC1,S,0.0002257012217338852
2720,KLHDC8A,G0,0.0002794666560193136
2721,KLHDC8A,G1,0.0005583836831423187
2722,KLHDC8A,G1-G0 transition,0.0005467130023379574
2723,KLHDC8A,G2M,0.00016639925243460077
2724,KLHDC8A,S,0.00021391017789772367
2725,KLHDC9,G0,0.00023866691226620638
2726,KLHDC9,G1,0.00044805203223534075
2727,KLHDC9,G1-G0 transition,0.0005226557164985387
2728,KLHDC9,G2M,0.00015155565100120216
2729,KLHDC9,S,0.00032811676896693075
2730,KLHL10,G0,0.00024562769791050575
2731,KLHL10,G1,0.0006643822894629601
2732,KLHL10,G1-G0 transition,0.0006106096805472932
2733,KLHL10,G2M,0.00015479801248264859
2734,KLHL10,S,0.0003260290532454219
2735,KLHL30,G0,0.00029651307779340484
2736,KLHL30,G1,0.0004806070201575053
2737,KLHL30,G1-G0 transition,0.0006621803839678722
2738,KLHL30,G2M,0.0001702835484142288
2739,KLHL30,S,0.000251901091781385
2740,KLHL31,G0,0.00024498842453095284
2741,KLHL31,G1,0.0006051892602025682
2742,KLHL31,G1-G0 transition,0.0005687025674999404
2743,KLHL31,G2M,0.0002037714006534574
2744,KLHL31,S,0.0003075535529253576
2745,KLHL41,G0,0.00019398355382685024
2746,KLHL41,G1,0.00046007717316780305
2747,KLHL41,G1-G0 transition,0.0006710926532667319
2748,KLHL41,G2M,0.0001999728966184969
2749,KLHL41,S,0.0002629742400843525
2750,KNDC1,G0,0.00031304475829109084
2751,KNDC1,G1,0.0006527473212447857
2752,KNDC1,G1-G0 transition,0.0007211978312095925
2753,KNDC1,G2M,0.00019227869052416505
2754,KNDC1,S,0.00028409011024478723
2755,KNL1,G0,0.0014347359820920894
2756,KNL1,G1,0.001559280338128556
2757,KNL1,G1-G0 transition,0.0007358465906236825
2758,KNL1,G2M,0.0004903662004699924
2759,KNL1,S,0.00048459596279220636
2760,KNSTRN,G0,0.001049590217653248
2761,KNSTRN,G1,0.001953058961750281
2762,KNSTRN,G1-G0 transition,0.002603717409072992
2763,KNSTRN,G2M,0.0013317662840001275
2764,KNSTRN,S,0.0031527737747992085
2765,KNTC1,G0,0.00024515862765881233
2766,KNTC1,G1,0.0006122736732512226
2767,KNTC1,G1-G0 transition,0.0007361258960389944
2768,KNTC1,G2M,0.00018680117619254688
2769,KNTC1,S,0.0003480006117864912
2770,KPNA2,G0,0.00491439341939209
2771,KPNA2,G1,0.00450142335246347
2772,KPNA2,G1-G0 transition,0.00230342782696632
2773,KPNA2,G2M,0.0013610349543483546
2774,KPNA2,S,0.0010092263148264913
2775,KRT17,G0,0.0010656619498420699
2776,KRT17,G1,0.0007501524762117237
2777,KRT17,G1-G0 transition,0.0009016162712026228
2778,KRT17,G2M,0.0007064995425691238
2779,KRT17,S,0.0007490501800905244
2780,KRT79,G0,0.0001607959529393412
2781,KRT79,G1,0.0005164093091799513
2782,KRT79,G1-G0 transition,0.0007075275193172113
2783,KRT79,G2M,0.00020816616929230145
2784,KRT79,S,0.0002614254489694618
2785,KY,G0,0.0
2786,KY,G1,0.0
2787,KY,G1-G0 transition,0.0
2788,KY,G2M,0.0
2789,KY,S,0.0
2790,KYNU,G0,0.0004499314301466778
2791,KYNU,G1,0.0005335358051434866
2792,KYNU,G1-G0 transition,0.0006988450107696593
2793,KYNU,G2M,0.0001661662286625821
2794,KYNU,S,0.00035252795701819407
2795,L1CAM,G0,0.0004932140943803355
2796,L1CAM,G1,0.0008362232617515418
2797,L1CAM,G1-G0 transition,0.0010884005628786066
2798,L1CAM,G2M,0.0005679533144800898
2799,L1CAM,S,0.00038523896577295194
2800,L1TD1,G0,0.00019998023101215138
2801,L1TD1,G1,0.0005611569137282755
2802,L1TD1,G1-G0 transition,0.0005379291708707179
2803,L1TD1,G2M,0.0001882162273074377
2804,L1TD1,S,0.00031256312160089957
2805,LAD1,G0,0.0003109878672915301
2806,LAD1,G1,0.0005852152075576234
2807,LAD1,G1-G0 transition,0.00047571364247894917
2808,LAD1,G2M,0.0003376855693354032
2809,LAD1,S,0.00030756841033358984
2810,LAX1,G0,0.00022487595258424624
2811,LAX1,G1,0.0007000157183943635
2812,LAX1,G1-G0 transition,0.0006524462959889692
2813,LAX1,G2M,0.00022197109462122842
2814,LAX1,S,0.0002490079175023233
2815,LDB2,G0,0.00048362441765432263
2816,LDB2,G1,0.0008094300027648937
2817,LDB2,G1-G0 transition,0.0006317814205326166
2818,LDB2,G2M,0.0002191973985678573
2819,LDB2,S,0.0003751473421603677
2820,LDHD,G0,0.00041902277161463727
2821,LDHD,G1,0.0006254037497509765
2822,LDHD,G1-G0 transition,0.000626639157009605
2823,LDHD,G2M,0.00023650664267596235
2824,LDHD,S,0.0002864155697222761
2825,LDLRAD4,G0,0.0005952239880195934
2826,LDLRAD4,G1,0.0007629900793262517
2827,LDLRAD4,G1-G0 transition,0.0006863192362357967
2828,LDLRAD4,G2M,0.00029948618795486956
2829,LDLRAD4,S,0.00041210399330154955
2830,LEKR1,G0,0.00029092852730787817
2831,LEKR1,G1,0.0005363127606341068
2832,LEKR1,G1-G0 transition,0.0007232734730883502
2833,LEKR1,G2M,0.00018641618128265145
2834,LEKR1,S,0.00028566987312162026
2835,LHX6,G0,0.0002970470704115616
2836,LHX6,G1,0.0006674392088120468
2837,LHX6,G1-G0 transition,0.0005755349758933236
2838,LHX6,G2M,0.00019292973997827394
2839,LHX6,S,0.00022009681951077811
2840,LIPG,G0,0.0002139979568236376
2841,LIPG,G1,0.0005898290436728785
2842,LIPG,G1-G0 transition,0.0006181376154596204
2843,LIPG,G2M,0.00022170035611899892
2844,LIPG,S,0.0002647806318592265
2845,LIPT2,G0,0.0003385572223956536
2846,LIPT2,G1,0.0005761079504886325
2847,LIPT2,G1-G0 transition,0.0005799633873252333
2848,LIPT2,G2M,0.00015616755958373108
2849,LIPT2,S,0.0003256686069353422
2850,LMCD1,G0,0.00040117535553690036
2851,LMCD1,G1,0.0005759581008545823
2852,LMCD1,G1-G0 transition,0.0007261456983132415
2853,LMCD1,G2M,0.0002767229357382962
2854,LMCD1,S,0.0002857507296328384
2855,LMNTD2,G0,0.00020714990771244452
2856,LMNTD2,G1,0.0006759184066914436
2857,LMNTD2,G1-G0 transition,0.0005655607439913281
2858,LMNTD2,G2M,0.00017235588795765073
2859,LMNTD2,S,0.00030433374758185314
2860,LMO2,G0,0.0002275862707220887
2861,LMO2,G1,0.0007595921642898405
2862,LMO2,G1-G0 transition,0.0005073549713737773
2863,LMO2,G2M,0.00020084055650698395
2864,LMO2,S,0.0002655055719750622
2865,LMO3,G0,0.00022939003865859542
2866,LMO3,G1,0.0006513757058259505
2867,LMO3,G1-G0 transition,0.0005406572970260204
2868,LMO3,G2M,0.00018620091471949985
2869,LMO3,S,0.00028558826546556834
2870,LMOD3,G0,0.00024169295031053616
2871,LMOD3,G1,0.00054987741613977
2872,LMOD3,G1-G0 transition,0.0005148976427944073
2873,LMOD3,G2M,0.0002620301910590435
2874,LMOD3,S,0.00030474964218059943
2875,LONRF2,G0,0.00033049426068250897
2876,LONRF2,G1,0.0006925568780417086
2877,LONRF2,G1-G0 transition,0.0006833919650552097
2878,LONRF2,G2M,0.00021012767711924466
2879,LONRF2,S,0.000350631643558056
2880,LPAR3,G0,0.0003183174373269775
2881,LPAR3,G1,0.00045193841598961036
2882,LPAR3,G1-G0 transition,0.0005644285530757681
2883,LPAR3,G2M,0.00019436788225762655
2884,LPAR3,S,0.00028779948380721054
2885,LPL,G0,0.0002402168903556305
2886,LPL,G1,0.0006099556600771249
2887,LPL,G1-G0 transition,0.0005844508812847699
2888,LPL,G2M,0.00025788573382487995
2889,LPL,S,0.00038236583715685004
2890,LRFN5,G0,0.00025423778421005804
2891,LRFN5,G1,0.0006730520923008914
2892,LRFN5,G1-G0 transition,0.0006224215817396208
2893,LRFN5,G2M,0.0001415668737664016
2894,LRFN5,S,0.000167697648079822
2895,LRRC34,G0,0.0004223762792527845
2896,LRRC34,G1,0.0006193677964617753
2897,LRRC34,G1-G0 transition,0.0007831264737724245
2898,LRRC34,G2M,0.00024737507352424077
2899,LRRC34,S,0.0003655499419789575
2900,LRRC36,G0,0.0002453888359670484
2901,LRRC36,G1,0.0005581200732579426
2902,LRRC36,G1-G0 transition,0.0006359003051795461
2903,LRRC36,G2M,0.00017252607812755146
2904,LRRC36,S,0.0002226323264399973
2905,LRRC43,G0,0.0002647105086824379
2906,LRRC43,G1,0.0005046731025309056
2907,LRRC43,G1-G0 transition,0.0005915859168782678
2908,LRRC43,G2M,0.00017197519000020187
2909,LRRC43,S,0.00022702802527960574
2910,LRRC4C,G0,0.0008484256619491715
2911,LRRC4C,G1,0.0005907914599766124
2912,LRRC4C,G1-G0 transition,0.0007513233784506918
2913,LRRC4C,G2M,0.00022609598621875694
2914,LRRC4C,S,0.0004136879215536064
2915,LRRD1,G0,0.0002947452444227591
2916,LRRD1,G1,0.0005308516570321691
2917,LRRD1,G1-G0 transition,0.0005694788515277217
2918,LRRD1,G2M,0.0002444865243800026
2919,LRRD1,S,0.00030539461201701303
2920,LRRTM2,G0,0.00039489494592879283
2921,LRRTM2,G1,0.0005647870737153791
2922,LRRTM2,G1-G0 transition,0.0006535841347213865
2923,LRRTM2,G2M,0.0002085011776644639
2924,LRRTM2,S,0.0003145060759090785
2925,LRRTM3,G0,0.0003117118825474936
2926,LRRTM3,G1,0.0006058066079615248
2927,LRRTM3,G1-G0 transition,0.0005627716423283362
2928,LRRTM3,G2M,0.00018668477682425589
2929,LRRTM3,S,0.00025600160872848337
2930,LRTM2,G0,0.00028505447977883794
2931,LRTM2,G1,0.0006300845095277568
2932,LRTM2,G1-G0 transition,0.0005635820535853368
2933,LRTM2,G2M,0.00014794944223753297
2934,LRTM2,S,0.00024263218059999934
2935,LST1,G0,0.0002812969837233004
2936,LST1,G1,0.0005358693269567214
2937,LST1,G1-G0 transition,0.0007464268254035888
2938,LST1,G2M,0.00020259350194186604
2939,LST1,S,0.0003721003644086335
2940,LTB4R2,G0,0.0003093551290625258
2941,LTB4R2,G1,0.0007522453100753539
2942,LTB4R2,G1-G0 transition,0.0005377494097973931
2943,LTB4R2,G2M,0.00028326457635545927
2944,LTB4R2,S,0.0002898899933553504
2945,LTK,G0,0.00026244125677562743
2946,LTK,G1,0.0006715294377700739
2947,LTK,G1-G0 transition,0.0005252980010296196
2948,LTK,G2M,0.00019869904720845052
2949,LTK,S,0.00031321741414923945
2950,LUM,G0,0.0014996583947075152
2951,LUM,G1,0.001022680917153152
2952,LUM,G1-G0 transition,0.001157157716791439
2953,LUM,G2M,0.00027932225822875514
2954,LUM,S,0.0003863780416825485
2955,LY6G6C,G0,0.00021421930834911464
2956,LY6G6C,G1,0.000500249425276691
2957,LY6G6C,G1-G0 transition,0.0005218215762228602
2958,LY6G6C,G2M,0.00012302062175580033
2959,LY6G6C,S,0.00024121447474788048
2960,LYNX1,G0,0.0003924991244879044
2961,LYNX1,G1,0.0006486484368513478
2962,LYNX1,G1-G0 transition,0.0008525086902723119
2963,LYNX1,G2M,0.0001702052641050753
2964,LYNX1,S,0.0003309789387290446
2965,LYPD6B,G0,0.0003040454959876825
2966,LYPD6B,G1,0.000627080087957907
2967,LYPD6B,G1-G0 transition,0.000860198307863697
2968,LYPD6B,G2M,0.00019612267040032593
2969,LYPD6B,S,0.0003005054611526725
2970,M1AP,G0,0.0002945491032315401
2971,M1AP,G1,0.0007138415492091128
2972,M1AP,G1-G0 transition,0.0006510253420571448
2973,M1AP,G2M,0.00021375132460031574
2974,M1AP,S,0.00029597396851721873
2975,MAB21L3,G0,0.000331171067065312
2976,MAB21L3,G1,0.0005742232906805983
2977,MAB21L3,G1-G0 transition,0.0005375570123879615
2978,MAB21L3,G2M,0.00013676603796099746
2979,MAB21L3,S,0.00030927083614979355
2980,MACC1,G0,0.0002478804911001612
2981,MACC1,G1,0.0005070032487230821
2982,MACC1,G1-G0 transition,0.0005890468499629893
2983,MACC1,G2M,0.0001361619593733617
2984,MACC1,S,0.0003116221610424051
2985,MAFA,G0,0.0004161525406287248
2986,MAFA,G1,0.0006094013025369393
2987,MAFA,G1-G0 transition,0.000706393571359631
2988,MAFA,G2M,0.0003175715069856661
2989,MAFA,S,0.00041477734548987197
2990,MAFB,G0,0.0028977574541654036
2991,MAFB,G1,0.0019878905631436276
2992,MAFB,G1-G0 transition,0.000981968365616037
2993,MAFB,G2M,0.0007892750885685453
2994,MAFB,S,0.0013736306629789988
2995,MAGEL2,G0,0.0003313579600331435
2996,MAGEL2,G1,0.0006738039826096941
2997,MAGEL2,G1-G0 transition,0.0007611094457176234
2998,MAGEL2,G2M,0.0001868028226218557
2999,MAGEL2,S,0.00036648934552622033
3000,MALRD1,G0,0.00024166756622784344
3001,MALRD1,G1,0.0006374343405371077
3002,MALRD1,G1-G0 transition,0.0005132784485601478
3003,MALRD1,G2M,0.0002278659955666356
3004,MALRD1,S,0.00027296517198498416
3005,MAMDC2,G0,0.00021395569579285022
3006,MAMDC2,G1,0.0006683649890459626
3007,MAMDC2,G1-G0 transition,0.0005455957128060877
3008,MAMDC2,G2M,0.00021090369555753453
3009,MAMDC2,S,0.00018929929009234026
3010,MANEAL,G0,0.0002959590190604521
3011,MANEAL,G1,0.0006500800626138907
3012,MANEAL,G1-G0 transition,0.0007012848370083469
3013,MANEAL,G2M,0.0002691913192505006
3014,MANEAL,S,0.00046006898552136824
3015,MAP4K1,G0,0.0002084231701093719
3016,MAP4K1,G1,0.0007402563663014278
3017,MAP4K1,G1-G0 transition,0.0007429075068560296
3018,MAP4K1,G2M,0.0002666475433306336
3019,MAP4K1,S,0.0003733794789266562
3020,MAP6,G0,0.0002698703267215808
3021,MAP6,G1,0.0004583285561427889
3022,MAP6,G1-G0 transition,0.0007461149790003187
3023,MAP6,G2M,0.00017885312649611513
3024,MAP6,S,0.0002172931346482567
3025,MAP7D2,G0,0.00030101794581282866
3026,MAP7D2,G1,0.0006662351818480339
3027,MAP7D2,G1-G0 transition,0.0007078178721327227
3028,MAP7D2,G2M,0.00012274059736246964
3029,MAP7D2,S,0.00031642896160955853
3030,MAPK8IP2,G0,0.00044953499986829035
3031,MAPK8IP2,G1,0.0005809004980803735
3032,MAPK8IP2,G1-G0 transition,0.0006665530077757274
3033,MAPK8IP2,G2M,0.0002059957516991173
3034,MAPK8IP2,S,0.00020877422596363154
3035,MASP1,G0,0.000766849773619876
3036,MASP1,G1,0.0008633165916170367
3037,MASP1,G1-G0 transition,0.0006240775876460242
3038,MASP1,G2M,0.0001771215685955444
3039,MASP1,S,0.00038828457861667684
3040,MASTL,G0,0.00038311504271077714
3041,MASTL,G1,0.00083581323654714
3042,MASTL,G1-G0 transition,0.000861514229944228
3043,MASTL,G2M,0.0005423996872669596
3044,MASTL,S,0.0004550725458085652
3045,MATN1,G0,0.000223752855646508
3046,MATN1,G1,0.0005744953055157508
3047,MATN1,G1-G0 transition,0.0005382823632100844
3048,MATN1,G2M,0.00015223945395699288
3049,MATN1,S,0.00028198369100466264
3050,MBNL3,G0,0.0002782388517740351
3051,MBNL3,G1,0.0007890029404265475
3052,MBNL3,G1-G0 transition,0.0005056440051525811
3053,MBNL3,G2M,0.00014707386663964138
3054,MBNL3,S,0.00041101244814266755
3055,MC4R,G0,0.0002647297082334742
3056,MC4R,G1,0.0006526201616144394
3057,MC4R,G1-G0 transition,0.0006034792423739841
3058,MC4R,G2M,0.00013262894641418482
3059,MC4R,S,0.0002886287230458741
3060,MCM10,G0,0.0009929675475312432
3061,MCM10,G1,0.0020204615877341165
3062,MCM10,G1-G0 transition,0.0026511800257231007
3063,MCM10,G2M,0.0007368548877935908
3064,MCM10,S,0.0013519099059806667
3065,MCM2,G0,0.0031918270817116122
3066,MCM2,G1,0.0013388415038667273
3067,MCM2,G1-G0 transition,0.00375347372152366
3068,MCM2,G2M,0.001477150698694697
3069,MCM2,S,0.0006861384598449943
3070,MCM3,G0,0.013304313109452801
3071,MCM3,G1,0.006954012079268214
3072,MCM3,G1-G0 transition,0.008345299509639225
3073,MCM3,G2M,0.00420607859082358
3074,MCM3,S,0.003175352277222147
3075,MCM4,G0,0.009376315131559973
3076,MCM4,G1,0.0034234226605632623
3077,MCM4,G1-G0 transition,0.007937334180310326
3078,MCM4,G2M,0.0030866095475001448
3079,MCM4,S,0.0018961227613836496
3080,MCM5,G0,0.0083836953959288
3081,MCM5,G1,0.0021996076429860703
3082,MCM5,G1-G0 transition,0.0051720140582239395
3083,MCM5,G2M,0.0007321442332838486
3084,MCM5,S,0.0027557011602958267
3085,MCM6,G0,0.004781371637579974
3086,MCM6,G1,0.001673558950224727
3087,MCM6,G1-G0 transition,0.003970786723995738
3088,MCM6,G2M,0.0008411329753618758
3089,MCM6,S,0.0015663528370682754
3090,MEDAG,G0,0.0001651700917173108
3091,MEDAG,G1,0.0005812850774598505
3092,MEDAG,G1-G0 transition,0.0005490061756069635
3093,MEDAG,G2M,0.00018269281216873017
3094,MEDAG,S,0.00026369743364160523
3095,MEIG1,G0,0.00019568339954556874
3096,MEIG1,G1,0.0005903831599589563
3097,MEIG1,G1-G0 transition,0.0006345624980319645
3098,MEIG1,G2M,0.0002486484262811556
3099,MEIG1,S,0.0002353298128098939
3100,MEIS1,G0,0.0003717768537716926
3101,MEIS1,G1,0.0006999004238335008
3102,MEIS1,G1-G0 transition,0.0010663855294549965
3103,MEIS1,G2M,0.00034153998243144324
3104,MEIS1,S,0.0004235083129448298
3105,MELK,G0,0.0009173273947943068
3106,MELK,G1,0.0008771009463556449
3107,MELK,G1-G0 transition,0.0008696578831663196
3108,MELK,G2M,0.0003929045093812465
3109,MELK,S,0.0015375995083097645
3110,MERTK,G0,0.0006095270024230109
3111,MERTK,G1,0.0005803368445986915
3112,MERTK,G1-G0 transition,0.0006646410022138915
3113,MERTK,G2M,0.00025611156897485166
3114,MERTK,S,0.00031109437024375567
3115,METTL24,G0,0.00021870070487910536
3116,METTL24,G1,0.0006217878081475065
3117,METTL24,G1-G0 transition,0.0006599821459349352
3118,METTL24,G2M,0.0001874798228943599
3119,METTL24,S,0.00037119584644370327
3120,MFSD3,G0,0.000637599479096467
3121,MFSD3,G1,0.0010261406983764641
3122,MFSD3,G1-G0 transition,0.0007815296903955634
3123,MFSD3,G2M,0.0002508093127903251
3124,MFSD3,S,0.0004112478263342735
3125,MGARP,G0,0.0010695593072559914
3126,MGARP,G1,0.00082588251258473
3127,MGARP,G1-G0 transition,0.0009380805120532554
3128,MGARP,G2M,0.00018254016925998973
3129,MGARP,S,0.00044689998532292726
3130,MGP,G0,0.0003418678003872633
3131,MGP,G1,0.000549460397898495
3132,MGP,G1-G0 transition,0.0005857279098378586
3133,MGP,G2M,0.00032711482961594066
3134,MGP,S,0.0002945338648476809
3135,MID1,G0,0.00031491479222322296
3136,MID1,G1,0.0006203557545799101
3137,MID1,G1-G0 transition,0.0008761508046534951
3138,MID1,G2M,0.00025061882303153564
3139,MID1,S,0.0003122076368113337
3140,MID2,G0,0.00028124631929777845
3141,MID2,G1,0.0006298203894853241
3142,MID2,G1-G0 transition,0.0005303954482301581
3143,MID2,G2M,0.0002918373984221815
3144,MID2,S,0.0003569625988958419
3145,MINAR2,G0,0.00028795982425260385
3146,MINAR2,G1,0.0006151712136363735
3147,MINAR2,G1-G0 transition,0.000688535115835932
3148,MINAR2,G2M,0.00029297204681249156
3149,MINAR2,S,0.0003679289616553471
3150,MIS18BP1,G0,0.00033969465768838723
3151,MIS18BP1,G1,0.0007622234677585215
3152,MIS18BP1,G1-G0 transition,0.0007619525958112898
3153,MIS18BP1,G2M,0.00028717214214829117
3154,MIS18BP1,S,0.00034830661417638184
3155,MISP3,G0,0.00028594369222533937
3156,MISP3,G1,0.0005313660614197008
3157,MISP3,G1-G0 transition,0.0007066432308939312
3158,MISP3,G2M,0.00014979752757120695
3159,MISP3,S,0.0003507219802936141
3160,MKI67,G0,0.013825030412153539
3161,MKI67,G1,0.008148901038292489
3162,MKI67,G1-G0 transition,0.0020867357331603286
3163,MKI67,G2M,0.003188692198069986
3164,MKI67,S,0.006022598948392399
3165,MLXIPL,G0,0.00028916235581852003
3166,MLXIPL,G1,0.0006555791581659411
3167,MLXIPL,G1-G0 transition,0.0007487345071083257
3168,MLXIPL,G2M,0.0001896647979343886
3169,MLXIPL,S,0.0003381471982226859
3170,MMP11,G0,0.00030058647345889734
3171,MMP11,G1,0.0007159982367355511
3172,MMP11,G1-G0 transition,0.0005948633288751067
3173,MMP11,G2M,0.00027901371305937684
3174,MMP11,S,0.00030232988807526865
3175,MMP23B,G0,0.0002476263564308694
3176,MMP23B,G1,0.0005919590879260368
3177,MMP23B,G1-G0 transition,0.000667152069864246
3178,MMP23B,G2M,0.0002548773113779782
3179,MMP23B,S,0.00038055474815163696
3180,MMS22L,G0,0.0005411957215682241
3181,MMS22L,G1,0.0009610766510922538
3182,MMS22L,G1-G0 transition,0.0007514031760084208
3183,MMS22L,G2M,0.0003784635748611916
3184,MMS22L,S,0.0005102864088574619
3185,MNS1,G0,0.000417349394594234
3186,MNS1,G1,0.0008554932432006417
3187,MNS1,G1-G0 transition,0.0007022284692596184
3188,MNS1,G2M,0.00038365756005879413
3189,MNS1,S,0.00042079669065112215
3190,MORN5,G0,0.00028754372198786144
3191,MORN5,G1,0.0006121003213749285
3192,MORN5,G1-G0 transition,0.0005354754752886564
3193,MORN5,G2M,0.00018575320132362054
3194,MORN5,S,0.00026250631243954345
3195,MPZ,G0,0.00021667493159955033
3196,MPZ,G1,0.0006221214703180755
3197,MPZ,G1-G0 transition,0.0006236941817405702
3198,MPZ,G2M,0.00014629462890409847
3199,MPZ,S,0.0003204129621797448
3200,MR1,G0,0.0002560647998376648
3201,MR1,G1,0.0007012057712468954
3202,MR1,G1-G0 transition,0.0005677409050867883
3203,MR1,G2M,0.00019614389780721317
3204,MR1,S,0.0002487371989499572
3205,MRO,G0,0.00023720198883331
3206,MRO,G1,0.0006785542629271915
3207,MRO,G1-G0 transition,0.0005976029134226234
3208,MRO,G2M,0.00015504989799694624
3209,MRO,S,0.0001956731467198909
3210,MSS51,G0,0.00021335941436208933
3211,MSS51,G1,0.0005171435125545674
3212,MSS51,G1-G0 transition,0.0005802632787850402
3213,MSS51,G2M,0.00020165529353458357
3214,MSS51,S,0.0003210305518980142
3215,MTFR2,G0,0.0002538051162478042
3216,MTFR2,G1,0.0008062894499397641
3217,MTFR2,G1-G0 transition,0.0008745984445926258
3218,MTFR2,G2M,0.000696772851340231
3219,MTFR2,S,0.00040970095135165315
3220,MTTP,G0,0.00014442810471536072
3221,MTTP,G1,0.00058641820777528
3222,MTTP,G1-G0 transition,0.0005040425815865513
3223,MTTP,G2M,0.00019051251827471077
3224,MTTP,S,0.00023469410208855525
3225,MUC20,G0,0.0003604836760016238
3226,MUC20,G1,0.0006814207874956719
3227,MUC20,G1-G0 transition,0.0004799837783718555
3228,MUC20,G2M,0.00023455554632105408
3229,MUC20,S,0.00040164405433445864
3230,MXD4,G0,0.003282962392062097
3231,MXD4,G1,0.0025993831887700463
3232,MXD4,G1-G0 transition,0.0014094027121013782
3233,MXD4,G2M,0.00028181861409945334
3234,MXD4,S,0.0009868480333072257
3235,MYB,G0,0.000275903393705708
3236,MYB,G1,0.0007333091909859517
3237,MYB,G1-G0 transition,0.0006483470568176975
3238,MYB,G2M,0.0001957099120454281
3239,MYB,S,0.00035843436947585245
3240,MYL7,G0,0.00025026184244841186
3241,MYL7,G1,0.0006374420653011329
3242,MYL7,G1-G0 transition,0.0006461695219441772
3243,MYL7,G2M,0.000242880620130329
3244,MYL7,S,0.0002949120886909966
3245,MYLK2,G0,0.00023015217340101665
3246,MYLK2,G1,0.0005119722332441358
3247,MYLK2,G1-G0 transition,0.0005107250541399939
3248,MYLK2,G2M,0.0002343196500192449
3249,MYLK2,S,0.00029551528478736474
3250,MYLK3,G0,0.00026702936860874905
3251,MYLK3,G1,0.0005285120836825011
3252,MYLK3,G1-G0 transition,0.0006661213733283897
3253,MYLK3,G2M,0.00019577887486480527
3254,MYLK3,S,0.00022898370949112933
3255,MYO15B,G0,0.00027350820326137865
3256,MYO15B,G1,0.0005759070899324938
3257,MYO15B,G1-G0 transition,0.0005734259895363094
3258,MYO15B,G2M,0.0002373371086496914
3259,MYO15B,S,0.0003647226062374002
3260,MYOZ3,G0,0.00039449042781604415
3261,MYOZ3,G1,0.0006652912127325933
3262,MYOZ3,G1-G0 transition,0.0006531687849124672
3263,MYOZ3,G2M,0.00013915330992770052
3264,MYOZ3,S,0.0003050131862624987
3265,MYRIP,G0,0.00024057524219678092
3266,MYRIP,G1,0.0005624569099132065
3267,MYRIP,G1-G0 transition,0.000678100457615732
3268,MYRIP,G2M,0.0001628413346427452
3269,MYRIP,S,0.00030845634901630737
3270,NAALADL1,G0,0.0004745120001470252
3271,NAALADL1,G1,0.0006204250214994385
3272,NAALADL1,G1-G0 transition,0.0006843481535683004
3273,NAALADL1,G2M,0.00019609309639806915
3274,NAALADL1,S,0.0003596308969983488
3275,NACAD,G0,0.00028864448133998703
3276,NACAD,G1,0.0005269037056993037
3277,NACAD,G1-G0 transition,0.0007486452834005929
3278,NACAD,G2M,0.00018547814152462098
3279,NACAD,S,0.0003330600774135887
3280,NCALD,G0,0.00023525084814663167
3281,NCALD,G1,0.0007485569249588056
3282,NCALD,G1-G0 transition,0.000668028947001223
3283,NCALD,G2M,0.00028515861086892335
3284,NCALD,S,0.0003768774911682918
3285,NCAPH,G0,0.00040122908540472893
3286,NCAPH,G1,0.0009310384219285204
3287,NCAPH,G1-G0 transition,0.0013613184661439026
3288,NCAPH,G2M,0.0005068864598905112
3289,NCAPH,S,0.0016011166417583776
3290,NCCRP1,G0,0.00020209586505522478
3291,NCCRP1,G1,0.0005154677750325422
3292,NCCRP1,G1-G0 transition,0.0005490763063262481
3293,NCCRP1,G2M,0.00020327865578657496
3294,NCCRP1,S,0.00027897188611757123
3295,NCF1,G0,0.00022761648081655292
3296,NCF1,G1,0.0006268592165604987
3297,NCF1,G1-G0 transition,0.0004954613099393707
3298,NCF1,G2M,0.00024460832210584487
3299,NCF1,S,0.00023842915884028111
3300,NCKAP1L,G0,0.00023855971353247194
3301,NCKAP1L,G1,0.0005926621961691093
3302,NCKAP1L,G1-G0 transition,0.000586299833745983
3303,NCKAP1L,G2M,0.000215490801263959
3304,NCKAP1L,S,0.0003230904775579607
3305,NDC80,G0,0.001163832374892657
3306,NDC80,G1,0.0012300789785985333
3307,NDC80,G1-G0 transition,0.004101426657429887
3308,NDC80,G2M,0.0011705605225085058
3309,NDC80,S,0.0006331617802795948
3310,NDE1,G0,0.00037074153123078994
3311,NDE1,G1,0.000713872224212548
3312,NDE1,G1-G0 transition,0.0007626443564350788
3313,NDE1,G2M,0.0005850447330136331
3314,NDE1,S,0.0006165246623023
3315,NDRG4,G0,0.0005724344815974953
3316,NDRG4,G1,0.0006088382548657961
3317,NDRG4,G1-G0 transition,0.0007214192521628334
3318,NDRG4,G2M,0.00025797593187639617
3319,NDRG4,S,0.0003130162303830117
3320,NDUFA4L2,G0,0.00040058071271385743
3321,NDUFA4L2,G1,0.0005679808832596208
3322,NDUFA4L2,G1-G0 transition,0.0006990890114680452
3323,NDUFA4L2,G2M,0.00017354828364753784
3324,NDUFA4L2,S,0.00027556000736442645
3325,NECAB2,G0,0.0007316897680791614
3326,NECAB2,G1,0.0008228435319578874
3327,NECAB2,G1-G0 transition,0.000715468779731788
3328,NECAB2,G2M,0.00022018579170474272
3329,NECAB2,S,0.0003034050234934494
3330,NEIL3,G0,0.00023067205246619083
3331,NEIL3,G1,0.0008275005656968856
3332,NEIL3,G1-G0 transition,0.0006361600704427774
3333,NEIL3,G2M,0.00037194124567208265
3334,NEIL3,S,0.0005219013847049367
3335,NEK2,G0,0.00047698430162706286
3336,NEK2,G1,0.0017800031287316534
3337,NEK2,G1-G0 transition,0.0018325800771765446
3338,NEK2,G2M,0.0006582115831726468
3339,NEK2,S,0.0014462917461707577
3340,NEURL1B,G0,0.0005521659083464783
3341,NEURL1B,G1,0.0013331420027076126
3342,NEURL1B,G1-G0 transition,0.0007011874810496759
3343,NEURL1B,G2M,0.0006155939247358853
3344,NEURL1B,S,0.00028483779568858487
3345,NEUROD2,G0,0.002302079432995027
3346,NEUROD2,G1,0.0012413866400199014
3347,NEUROD2,G1-G0 transition,0.0014363774684976488
3348,NEUROD2,G2M,0.00025742208890568743
3349,NEUROD2,S,0.0007969201236183909
3350,NFE2,G0,0.00023249019380442045
3351,NFE2,G1,0.0007069174044601071
3352,NFE2,G1-G0 transition,0.0006018076391936982
3353,NFE2,G2M,0.00019818181414078405
3354,NFE2,S,0.00035841143155757537
3355,NGF,G0,0.00042211517302401025
3356,NGF,G1,0.0005190142783999684
3357,NGF,G1-G0 transition,0.0007226004930603004
3358,NGF,G2M,0.00029199798172142226
3359,NGF,S,0.00042198901774248077
3360,NGFR,G0,0.00024797547530784625
3361,NGFR,G1,0.0005580630979621172
3362,NGFR,G1-G0 transition,0.0006326379907113189
3363,NGFR,G2M,0.0001826463615759846
3364,NGFR,S,0.0002950901831055544
3365,NHLH1,G0,0.00023929214341764774
3366,NHLH1,G1,0.0006283261058991887
3367,NHLH1,G1-G0 transition,0.0005887348783811647
3368,NHLH1,G2M,0.00022426408569248705
3369,NHLH1,S,0.000337260202119993
3370,NIM1K,G0,0.0002488283067410107
3371,NIM1K,G1,0.0005667630729503356
3372,NIM1K,G1-G0 transition,0.0005264395571521358
3373,NIM1K,G2M,0.00023686429811525082
3374,NIM1K,S,0.00022387086188589114
3375,NKAIN4,G0,0.00020561381044475005
3376,NKAIN4,G1,0.0004852539299865626
3377,NKAIN4,G1-G0 transition,0.0005777813972814463
3378,NKAIN4,G2M,0.00014470965481958644
3379,NKAIN4,S,0.00030539521501373135
3380,NKAPL,G0,0.0002425541196718233
3381,NKAPL,G1,0.0006892102692564471
3382,NKAPL,G1-G0 transition,0.0004905269315041551
3383,NKAPL,G2M,0.00024036983151099026
3384,NKAPL,S,0.00034343085304560603
3385,NKPD1,G0,0.0003032476157949418
3386,NKPD1,G1,0.0007376494672702596
3387,NKPD1,G1-G0 transition,0.0006656616765449049
3388,NKPD1,G2M,0.00017598446158254797
3389,NKPD1,S,0.0003385426107865767
3390,NLGN3,G0,0.00033474683542016027
3391,NLGN3,G1,0.0006166402970411545
3392,NLGN3,G1-G0 transition,0.0005984929441313132
3393,NLGN3,G2M,0.0002136909838440826
3394,NLGN3,S,0.00030135157761576484
3395,NMNAT3,G0,0.0002678957814247975
3396,NMNAT3,G1,0.0006502970118270514
3397,NMNAT3,G1-G0 transition,0.0005287774796730359
3398,NMNAT3,G2M,0.00019159953179475372
3399,NMNAT3,S,0.0003554070232819337
3400,NOX4,G0,0.0002174875642324351
3401,NOX4,G1,0.0005874242040626075
3402,NOX4,G1-G0 transition,0.0006021663559920418
3403,NOX4,G2M,0.00023281105889057927
3404,NOX4,S,0.00029852236231795565
3405,NOXRED1,G0,0.00020343427221835265
3406,NOXRED1,G1,0.0005763115681399185
3407,NOXRED1,G1-G0 transition,0.0006767739429749028
3408,NOXRED1,G2M,0.00023144717741106237
3409,NOXRED1,S,0.00023623838185027866
3410,NPAS4,G0,0.00019725170743813293
3411,NPAS4,G1,0.0006674824151043106
3412,NPAS4,G1-G0 transition,0.0006026878280663192
3413,NPAS4,G2M,0.00021731875480642367
3414,NPAS4,S,0.000288757144149643
3415,NPM2,G0,0.0002281430026893936
3416,NPM2,G1,0.00044783243837035147
3417,NPM2,G1-G0 transition,0.0005280415625070899
3418,NPM2,G2M,0.00023065251326884987
3419,NPM2,S,0.0002549159359377994
3420,NPR1,G0,0.0001946591502927589
3421,NPR1,G1,0.0006087591810626356
3422,NPR1,G1-G0 transition,0.0005183006549719897
3423,NPR1,G2M,0.00018627837401023433
3424,NPR1,S,0.0002951252165250968
3425,NPY1R,G0,0.00030810196051188354
3426,NPY1R,G1,0.0006745817480194048
3427,NPY1R,G1-G0 transition,0.0006304235085610363
3428,NPY1R,G2M,0.0002551432165786999
3429,NPY1R,S,0.0002721058430687883
3430,NR0B1,G0,0.00024729625423658674
3431,NR0B1,G1,0.0006189030347635653
3432,NR0B1,G1-G0 transition,0.0006249274624914407
3433,NR0B1,G2M,0.00016350578223193872
3434,NR0B1,S,0.0003173372598046714
3435,NR2E3,G0,0.00029983636166543907
3436,NR2E3,G1,0.0006739589740017807
3437,NR2E3,G1-G0 transition,0.000545897337144847
3438,NR2E3,G2M,0.00022826328906831226
3439,NR2E3,S,0.00036585498980199686
3440,NR5A2,G0,0.0011005151034700561
3441,NR5A2,G1,0.0009304769341500009
3442,NR5A2,G1-G0 transition,0.0011848166756064096
3443,NR5A2,G2M,0.0003690218979301953
3444,NR5A2,S,0.00034259754135051865
3445,NRARP,G0,0.0020169649722037177
3446,NRARP,G1,0.0018937697289028214
3447,NRARP,G1-G0 transition,0.0015373688874886088
3448,NRARP,G2M,0.0005453499248430704
3449,NRARP,S,0.0005074382461358056
3450,NRG2,G0,0.0002942542886443815
3451,NRG2,G1,0.0005873947405532931
3452,NRG2,G1-G0 transition,0.0005754604965692013
3453,NRG2,G2M,0.00028648791047374353
3454,NRG2,S,0.0002355144912176115
3455,NRTN,G0,0.0005241176467219248
3456,NRTN,G1,0.0007456653681977395
3457,NRTN,G1-G0 transition,0.000853137726879712
3458,NRTN,G2M,0.00027524454078969656
3459,NRTN,S,0.00036173534520603945
3460,NTF4,G0,0.0002420468715121001
3461,NTF4,G1,0.000637802845646544
3462,NTF4,G1-G0 transition,0.00062831528455791
3463,NTF4,G2M,0.00022029348721898089
3464,NTF4,S,0.000267859311037334
3465,NTRK2,G0,0.00032781643173283306
3466,NTRK2,G1,0.000518331337408179
3467,NTRK2,G1-G0 transition,0.0005865194243484974
3468,NTRK2,G2M,0.000168861470304339
3469,NTRK2,S,0.00031686974204103496
3470,NUF2,G0,0.0010740037659092143
3471,NUF2,G1,0.0029010174005638556
3472,NUF2,G1-G0 transition,0.003521111905937044
3473,NUF2,G2M,0.0020925870289326296
3474,NUF2,S,0.0018284800425899213
3475,NUSAP1,G0,0.0011099961073036462
3476,NUSAP1,G1,0.0006492880276684971
3477,NUSAP1,G1-G0 transition,0.0008154476682044361
3478,NUSAP1,G2M,0.0006578820195892338
3479,NUSAP1,S,0.00047289417732382746
3480,OAS1,G0,0.00026621252349395347
3481,OAS1,G1,0.0005211726519546488
3482,OAS1,G1-G0 transition,0.0005358021672801335
3483,OAS1,G2M,0.00015155893274477154
3484,OAS1,S,0.00042080803014525885
3485,OAS2,G0,0.00023000261684763494
3486,OAS2,G1,0.0004472049301743494
3487,OAS2,G1-G0 transition,0.0004425808705999605
3488,OAS2,G2M,0.0001957249711874295
3489,OAS2,S,0.00031720202959053937
3490,OAS3,G0,0.0003369755310932758
3491,OAS3,G1,0.0006134667980364962
3492,OAS3,G1-G0 transition,0.0006270886561515314
3493,OAS3,G2M,0.00026655135592507003
3494,OAS3,S,0.0003594529041556637
3495,OCA2,G0,0.0002965823474256611
3496,OCA2,G1,0.0005049632262361764
3497,OCA2,G1-G0 transition,0.0005704612993177534
3498,OCA2,G2M,0.0002680038833332128
3499,OCA2,S,0.00029192470550483586
3500,OLFML1,G0,0.00021719911991465173
3501,OLFML1,G1,0.0005986824336794031
3502,OLFML1,G1-G0 transition,0.00045663921470648203
3503,OLFML1,G2M,0.00020323588948676597
3504,OLFML1,S,0.00025610175486225
3505,OPLAH,G0,0.00034939032598703293
3506,OPLAH,G1,0.0005601471431949824
3507,OPLAH,G1-G0 transition,0.0005609846051244946
3508,OPLAH,G2M,0.0002158625606892557
3509,OPLAH,S,0.00038746225401388977
3510,ORAI3,G0,0.0002997249486606193
3511,ORAI3,G1,0.0006308123866270162
3512,ORAI3,G1-G0 transition,0.0005524601349305832
3513,ORAI3,G2M,0.00030701214896444533
3514,ORAI3,S,0.0003776435582316224
3515,ORC1,G0,0.00046541100608594164
3516,ORC1,G1,0.0012958115419324
3517,ORC1,G1-G0 transition,0.0006974898162460931
3518,ORC1,G2M,0.0008709121962827837
3519,ORC1,S,0.000305438472818441
3520,OSBPL6,G0,0.0008163850337479042
3521,OSBPL6,G1,0.00046169253102263167
3522,OSBPL6,G1-G0 transition,0.0008949151965584066
3523,OSBPL6,G2M,0.00024943069918656333
3524,OSBPL6,S,0.0006282985657231335
3525,OSCAR,G0,0.0003075328487633654
3526,OSCAR,G1,0.0005798102616857985
3527,OSCAR,G1-G0 transition,0.0006005999763758638
3528,OSCAR,G2M,0.0001417701846190721
3529,OSCAR,S,0.0003718036937337105
3530,OTOA,G0,0.00024499222230327185
3531,OTOA,G1,0.0005104055008442077
3532,OTOA,G1-G0 transition,0.0005362196329551344
3533,OTOA,G2M,0.0002860701424380807
3534,OTOA,S,0.00035139162302193574
3535,OVGP1,G0,0.00022934337265096303
3536,OVGP1,G1,0.0005685464053638356
3537,OVGP1,G1-G0 transition,0.0005172078770564595
3538,OVGP1,G2M,0.000271763001116503
3539,OVGP1,S,0.0002684330925081592
3540,OVOL1,G0,0.00025401053125202516
3541,OVOL1,G1,0.0004857398710313084
3542,OVOL1,G1-G0 transition,0.0005567184110734684
3543,OVOL1,G2M,0.00021970159510700118
3544,OVOL1,S,0.00031737402253364844
3545,OXCT2,G0,0.00023805764469384013
3546,OXCT2,G1,0.0005227320351498103
3547,OXCT2,G1-G0 transition,0.0004899386512585371
3548,OXCT2,G2M,0.00013121427561618156
3549,OXCT2,S,0.0002697048299930751
3550,PALMD,G0,0.00043366768638579395
3551,PALMD,G1,0.0008936723278412713
3552,PALMD,G1-G0 transition,0.0006441952714610244
3553,PALMD,G2M,0.0002150587864501277
3554,PALMD,S,0.00030313156383086356
3555,PAPLN,G0,0.0004966088305154673
3556,PAPLN,G1,0.0007347589001155403
3557,PAPLN,G1-G0 transition,0.000612269381020838
3558,PAPLN,G2M,0.00019688134605244713
3559,PAPLN,S,0.00028318953038771914
3560,PAQR4,G0,0.001129770711008499
3561,PAQR4,G1,0.0008255561692115125
3562,PAQR4,G1-G0 transition,0.0010874336803260226
3563,PAQR4,G2M,0.0005434552137581622
3564,PAQR4,S,0.0005884866528635829
3565,PAQR6,G0,0.0004228936378808186
3566,PAQR6,G1,0.000648080175302068
3567,PAQR6,G1-G0 transition,0.0005674156879376997
3568,PAQR6,G2M,0.00029098385799202246
3569,PAQR6,S,0.00034306946480053757
3570,PASK,G0,0.0002437543681436286
3571,PASK,G1,0.0006882445476668731
3572,PASK,G1-G0 transition,0.000601537574756807
3573,PASK,G2M,0.0003424306758873901
3574,PASK,S,0.00036601553520954874
3575,PCDH18,G0,0.0003273287095220482
3576,PCDH18,G1,0.000704742549645919
3577,PCDH18,G1-G0 transition,0.0011805270465867356
3578,PCDH18,G2M,0.00025371863542861684
3579,PCDH18,S,0.0005372005156517616
3580,PCDHB13,G0,0.0002876971252383269
3581,PCDHB13,G1,0.00062170236859394
3582,PCDHB13,G1-G0 transition,0.0006442999227023602
3583,PCDHB13,G2M,0.00013651338316942528
3584,PCDHB13,S,0.00032947362492708745
3585,PCDHB15,G0,0.0002865050134653093
3586,PCDHB15,G1,0.00056944398134639
3587,PCDHB15,G1-G0 transition,0.0005660081657936468
3588,PCDHB15,G2M,0.0001773661613578182
3589,PCDHB15,S,0.000326347775976088
3590,PCDHB6,G0,0.0003833737328426842
3591,PCDHB6,G1,0.0006412967932653916
3592,PCDHB6,G1-G0 transition,0.0006198633957008994
3593,PCDHB6,G2M,0.00018128877612363012
3594,PCDHB6,S,0.00030562969882206204
3595,PCDHB7,G0,0.00018806950935344255
3596,PCDHB7,G1,0.0006330376163264774
3597,PCDHB7,G1-G0 transition,0.0005818574771423779
3598,PCDHB7,G2M,0.00019014987419284154
3599,PCDHB7,S,0.00034297597801107206
3600,PCDHGA1,G0,0.0003295041685340672
3601,PCDHGA1,G1,0.0006969742443191906
3602,PCDHGA1,G1-G0 transition,0.0005932020725727608
3603,PCDHGA1,G2M,0.00020343736054639197
3604,PCDHGA1,S,0.00027440880118730364
3605,PCDHGA10,G0,0.0002472520356148968
3606,PCDHGA10,G1,0.00046167365115323627
3607,PCDHGA10,G1-G0 transition,0.0006013968862621424
3608,PCDHGA10,G2M,0.00016169116992995568
3609,PCDHGA10,S,0.00024089606373308925
3610,PCDHGA5,G0,0.00028832289241720007
3611,PCDHGA5,G1,0.0005160153171377277
3612,PCDHGA5,G1-G0 transition,0.0005377507355632833
3613,PCDHGA5,G2M,0.00017049824252109643
3614,PCDHGA5,S,0.0002268264084893106
3615,PCDHGA8,G0,0.00027671593809859796
3616,PCDHGA8,G1,0.0006238757053855976
3617,PCDHGA8,G1-G0 transition,0.0007009261049653272
3618,PCDHGA8,G2M,0.00022708935310653143
3619,PCDHGA8,S,0.0003078564824594751
3620,PCNA,G0,0.005469734689348355
3621,PCNA,G1,0.0028327879334143265
3622,PCNA,G1-G0 transition,0.003333651475970318
3623,PCNA,G2M,0.003168218900271287
3624,PCNA,S,0.004941036491228373
3625,PCSK1,G0,0.002299184149031197
3626,PCSK1,G1,0.0013553793862976578
3627,PCSK1,G1-G0 transition,0.0009490349709069747
3628,PCSK1,G2M,0.000495952106333459
3629,PCSK1,S,0.0008135385060976823
3630,PCSK1N,G0,0.0009497376065950299
3631,PCSK1N,G1,0.001095318140516034
3632,PCSK1N,G1-G0 transition,0.0012884699837851495
3633,PCSK1N,G2M,0.0003685177112598199
3634,PCSK1N,S,0.0006826072919763409
3635,PCSK4,G0,0.0002596690432301803
3636,PCSK4,G1,0.0005462841572094889
3637,PCSK4,G1-G0 transition,0.0006201169500153009
3638,PCSK4,G2M,0.00021487895384392425
3639,PCSK4,S,0.00018278778152271686
3640,PCSK9,G0,0.0002011908080936985
3641,PCSK9,G1,0.0006301612482538356
3642,PCSK9,G1-G0 transition,0.0005631400485863102
3643,PCSK9,G2M,0.00016836813400765657
3644,PCSK9,S,0.00037996279857994394
3645,PDCD4,G0,0.0006342008217519218
3646,PDCD4,G1,0.001002727872199542
3647,PDCD4,G1-G0 transition,0.0006954907504444212
3648,PDCD4,G2M,0.0001851153779692946
3649,PDCD4,S,0.0004913573825759718
3650,PDE4C,G0,0.0
3651,PDE4C,G1,0.0
3652,PDE4C,G1-G0 transition,0.0
3653,PDE4C,G2M,0.0
3654,PDE4C,S,0.0
3655,PDE6B,G0,0.00017739344017457542
3656,PDE6B,G1,0.0005153645119711452
3657,PDE6B,G1-G0 transition,0.0004873033499742419
3658,PDE6B,G2M,0.0001719615415602128
3659,PDE6B,S,0.0002801185837293948
3660,PDE6C,G0,0.0003100653953409843
3661,PDE6C,G1,0.000726604631908956
3662,PDE6C,G1-G0 transition,0.0004938499985684997
3663,PDE6C,G2M,0.00019480696790747162
3664,PDE6C,S,0.0003699853632757525
3665,PDGFB,G0,0.00026531608392772776
3666,PDGFB,G1,0.0005205132592765894
3667,PDGFB,G1-G0 transition,0.0006758282692131169
3668,PDGFB,G2M,0.00011295749692571105
3669,PDGFB,S,0.00034760333311916624
3670,PDGFRB,G0,0.0009135473555090426
3671,PDGFRB,G1,0.0007021303586570273
3672,PDGFRB,G1-G0 transition,0.0027442022381123856
3673,PDGFRB,G2M,0.00042231986902398287
3674,PDGFRB,S,0.00036414539835851167
3675,PENK,G0,0.00024411730030429393
3676,PENK,G1,0.0005723395756432674
3677,PENK,G1-G0 transition,0.0004596933050220878
3678,PENK,G2M,0.00024943745337834184
3679,PENK,S,0.0002868887764075348
3680,PEX5L,G0,0.00032103462203233654
3681,PEX5L,G1,0.0007297045606924165
3682,PEX5L,G1-G0 transition,0.0006854353831973275
3683,PEX5L,G2M,0.00023576401002137616
3684,PEX5L,S,0.00035085625898239394
3685,PGBD5,G0,0.00017964981042734496
3686,PGBD5,G1,0.0006818132600112024
3687,PGBD5,G1-G0 transition,0.0004403613905189745
3688,PGBD5,G2M,0.00020349212642318995
3689,PGBD5,S,0.0004134573828676042
3690,PGR,G0,0.00028662828461918676
3691,PGR,G1,0.0006727670443479868
3692,PGR,G1-G0 transition,0.0005485425398401195
3693,PGR,G2M,0.00020118884397472874
3694,PGR,S,0.00033408884690264905
3695,PHF21B,G0,0.00018425882204440168
3696,PHF21B,G1,0.0006403548316240315
3697,PHF21B,G1-G0 transition,0.0004880272771044956
3698,PHF21B,G2M,0.00023702492475721288
3699,PHF21B,S,0.00029214797864674365
3700,PHLDA1,G0,0.003908562038701709
3701,PHLDA1,G1,0.0017402381817790736
3702,PHLDA1,G1-G0 transition,0.0020343658407211865
3703,PHLDA1,G2M,0.0002691595198257822
3704,PHLDA1,S,0.0015669070416321834
3705,PHOSPHO1,G0,0.0002616327142891911
3706,PHOSPHO1,G1,0.0008179610614219857
3707,PHOSPHO1,G1-G0 transition,0.00062886831765423
3708,PHOSPHO1,G2M,0.00024256926494920669
3709,PHOSPHO1,S,0.0003700143135733903
3710,PHYHIPL,G0,0.00029156295526969796
3711,PHYHIPL,G1,0.0007393997772815379
3712,PHYHIPL,G1-G0 transition,0.00048584341918385106
3713,PHYHIPL,G2M,0.00021389718350976793
3714,PHYHIPL,S,0.00030853243301785137
3715,PI16,G0,0.00031843846017967
3716,PI16,G1,0.0005816403085962291
3717,PI16,G1-G0 transition,0.0007098687556167181
3718,PI16,G2M,0.0001680580785492075
3719,PI16,S,0.0002644152201252721
3720,PIF1,G0,0.0009233219180815322
3721,PIF1,G1,0.0017624612886442746
3722,PIF1,G1-G0 transition,0.0012972955537664341
3723,PIF1,G2M,0.0049855257132078515
3724,PIF1,S,0.0007781749891885337
3725,PIGW,G0,0.000933989873553003
3726,PIGW,G1,0.0013741705899444404
3727,PIGW,G1-G0 transition,0.0012031592176707593
3728,PIGW,G2M,0.000718700400819348
3729,PIGW,S,0.0003422971504950909
3730,PIK3IP1,G0,0.0005572763713999239
3731,PIK3IP1,G1,0.0007644474502150091
3732,PIK3IP1,G1-G0 transition,0.0006682947582241965
3733,PIK3IP1,G2M,0.00017588553143856265
3734,PIK3IP1,S,0.00041019163026666933
3735,PIMREG,G0,0.0006028913029581588
3736,PIMREG,G1,0.001073384230150979
3737,PIMREG,G1-G0 transition,0.000835265684408794
3738,PIMREG,G2M,0.000708492130888412
3739,PIMREG,S,0.0016785342741810956
3740,PIP5K1B,G0,0.00026480902921082757
3741,PIP5K1B,G1,0.0006394862692778007
3742,PIP5K1B,G1-G0 transition,0.0005093383137844779
3743,PIP5K1B,G2M,0.00013438505151243586
3744,PIP5K1B,S,0.00037774636828002387
3745,PIPOX,G0,0.0005178197053716203
3746,PIPOX,G1,0.0006460640414010818
3747,PIPOX,G1-G0 transition,0.0006267567969795251
3748,PIPOX,G2M,0.00023701242447186083
3749,PIPOX,S,0.0003795615340167175
3750,PIWIL2,G0,0.00021913381158569808
3751,PIWIL2,G1,0.0006852426362811878
3752,PIWIL2,G1-G0 transition,0.00048252989619237946
3753,PIWIL2,G2M,0.00014889597241164553
3754,PIWIL2,S,0.0002625064532279201
3755,PKDREJ,G0,0.0001979362845537304
3756,PKDREJ,G1,0.0005706211679592185
3757,PKDREJ,G1-G0 transition,0.0004630485683679526
3758,PKDREJ,G2M,0.0001769167035829673
3759,PKDREJ,S,0.00029054499489531923
3760,PKMYT1,G0,0.00045643438517931913
3761,PKMYT1,G1,0.0007474392171984886
3762,PKMYT1,G1-G0 transition,0.0006271102174599148
3763,PKMYT1,G2M,0.00025709655157262796
3764,PKMYT1,S,0.0007968266467173501
3765,PKNOX2,G0,0.0002548815409864329
3766,PKNOX2,G1,0.0007316626178814672
3767,PKNOX2,G1-G0 transition,0.0005586350941877645
3768,PKNOX2,G2M,0.00022784106836466414
3769,PKNOX2,S,0.0003974014389071542
3770,PLBD1,G0,0.00025790016011815656
3771,PLBD1,G1,0.0005233424290524683
3772,PLBD1,G1-G0 transition,0.0005790852043657291
3773,PLBD1,G2M,0.0003004288656017054
3774,PLBD1,S,0.0002881277260076689
3775,PLCH1,G0,0.0003156666237046348
3776,PLCH1,G1,0.0006062909446935532
3777,PLCH1,G1-G0 transition,0.0007031456029906685
3778,PLCH1,G2M,0.0001970703861262515
3779,PLCH1,S,0.0003701295308959668
3780,PLCH2,G0,0.00032322692070343696
3781,PLCH2,G1,0.000660745183787996
3782,PLCH2,G1-G0 transition,0.0007777406615062843
3783,PLCH2,G2M,0.0001817485321407629
3784,PLCH2,S,0.0003304178959015491
3785,PLCXD3,G0,0.0008882546165346037
3786,PLCXD3,G1,0.0009131137287616831
3787,PLCXD3,G1-G0 transition,0.0007529403620185374
3788,PLCXD3,G2M,0.00026806469758883407
3789,PLCXD3,S,0.0004076236320561644
3790,PLD4,G0,0.0003519853728053461
3791,PLD4,G1,0.0007743731378977659
3792,PLD4,G1-G0 transition,0.0010670373976200645
3793,PLD4,G2M,0.00033787987791289567
3794,PLD4,S,0.0007012472825439557
3795,PLEK,G0,0.00024735378364730033
3796,PLEK,G1,0.0007455851698382322
3797,PLEK,G1-G0 transition,0.0005471638614623392
3798,PLEK,G2M,0.00021088411759677818
3799,PLEK,S,0.00024113113904274849
3800,PLEKHD1,G0,0.00026977782572022306
3801,PLEKHD1,G1,0.0006313426670673932
3802,PLEKHD1,G1-G0 transition,0.0005804927582588761
3803,PLEKHD1,G2M,0.0002337043663140511
3804,PLEKHD1,S,0.00027221894929511866
3805,PLIN5,G0,0.0003043760243121473
3806,PLIN5,G1,0.0006722442045316005
3807,PLIN5,G1-G0 transition,0.0005794718333121485
3808,PLIN5,G2M,0.00019607130736770908
3809,PLIN5,S,0.00033199689537375754
3810,PLK1,G0,0.000811630791998666
3811,PLK1,G1,0.0012008051782486833
3812,PLK1,G1-G0 transition,0.0016243460742881122
3813,PLK1,G2M,0.0023983842999557485
3814,PLK1,S,0.002835331802332967
3815,PLPPR4,G0,0.000302447168953906
3816,PLPPR4,G1,0.000677414915604012
3817,PLPPR4,G1-G0 transition,0.0005041543919287465
3818,PLPPR4,G2M,0.00021619125763721228
3819,PLPPR4,S,0.000335414047085317
3820,PLXDC1,G0,0.00024380356681940867
3821,PLXDC1,G1,0.000575548893797836
3822,PLXDC1,G1-G0 transition,0.0006002863719715166
3823,PLXDC1,G2M,0.00019249862242262533
3824,PLXDC1,S,0.0002464180361873746
3825,PLXNC1,G0,0.0002227226057463832
3826,PLXNC1,G1,0.000596085714122881
3827,PLXNC1,G1-G0 transition,0.0006229758377395221
3828,PLXNC1,G2M,0.0001448073157127595
3829,PLXNC1,S,0.0003228763973171084
3830,PNMA8C,G0,0.00028958785856056406
3831,PNMA8C,G1,0.0005766350876562591
3832,PNMA8C,G1-G0 transition,0.0005424070660369817
3833,PNMA8C,G2M,0.0002027782493036827
3834,PNMA8C,S,0.00023713453560671342
3835,PNPLA5,G0,0.00018079421022578097
3836,PNPLA5,G1,0.000564402810208056
3837,PNPLA5,G1-G0 transition,0.0005972308995575062
3838,PNPLA5,G2M,0.0001672153794179503
3839,PNPLA5,S,0.00034993237969254846
3840,POC5,G0,0.0005749016312345972
3841,POC5,G1,0.0008441675925708441
3842,POC5,G1-G0 transition,0.0006887741474940027
3843,POC5,G2M,0.00034728507684855017
3844,POC5,S,0.0004285073422823403
3845,POLA1,G0,0.00021755290459145042
3846,POLA1,G1,0.0007247760878199094
3847,POLA1,G1-G0 transition,0.000569110466809537
3848,POLA1,G2M,0.00024156881745959787
3849,POLA1,S,0.0002984401785792637
3850,POLA2,G0,0.0007431332957397445
3851,POLA2,G1,0.0007274350446442456
3852,POLA2,G1-G0 transition,0.0011092149090078237
3853,POLA2,G2M,0.0003158652139589904
3854,POLA2,S,0.0006340845540075811
3855,POLD3,G0,0.0009539954409987065
3856,POLD3,G1,0.0009573601728647688
3857,POLD3,G1-G0 transition,0.0008773606480569358
3858,POLD3,G2M,0.00044433831767639307
3859,POLD3,S,0.0011968887008738129
3860,POLD4,G0,0.0006767575521185951
3861,POLD4,G1,0.0006745550907951493
3862,POLD4,G1-G0 transition,0.0008714009021687987
3863,POLD4,G2M,0.00021600507250000133
3864,POLD4,S,0.00033621762947276117
3865,POPDC2,G0,0.0002311107518333663
3866,POPDC2,G1,0.0006303869927669658
3867,POPDC2,G1-G0 transition,0.0006588466866073098
3868,POPDC2,G2M,0.00019395962794375134
3869,POPDC2,S,0.00035052137845675613
3870,POU6F2,G0,0.00033834354012481153
3871,POU6F2,G1,0.0006784083458916326
3872,POU6F2,G1-G0 transition,0.0005859671622896977
3873,POU6F2,G2M,0.0002512421341738986
3874,POU6F2,S,0.0004186413445999485
3875,PPARGC1A,G0,0.0003097055664579593
3876,PPARGC1A,G1,0.000647397346802091
3877,PPARGC1A,G1-G0 transition,0.0005285595977249712
3878,PPARGC1A,G2M,0.00024187330242528496
3879,PPARGC1A,S,0.00023811321236613266
3880,PPARGC1B,G0,0.0004751836942209464
3881,PPARGC1B,G1,0.0007440461543263945
3882,PPARGC1B,G1-G0 transition,0.000883454564228725
3883,PPARGC1B,G2M,0.00021323662540211272
3884,PPARGC1B,S,0.00033694902838550533
3885,PPP1R14A,G0,0.002906167723069853
3886,PPP1R14A,G1,0.0014293104793743263
3887,PPP1R14A,G1-G0 transition,0.002257970088527351
3888,PPP1R14A,G2M,0.0003038906468584295
3889,PPP1R14A,S,0.00036034708542604955
3890,PPP1R27,G0,0.00029594197891309667
3891,PPP1R27,G1,0.0006161891322930271
3892,PPP1R27,G1-G0 transition,0.0005775344734895132
3893,PPP1R27,G2M,0.00016629712542696714
3894,PPP1R27,S,0.0003102460763825956
3895,PPP1R36,G0,0.00025436127107112696
3896,PPP1R36,G1,0.0007320307683633719
3897,PPP1R36,G1-G0 transition,0.0005862924172986563
3898,PPP1R36,G2M,0.0002525486817691948
3899,PPP1R36,S,0.00033179399817350017
3900,PPP1R3B,G0,0.0003067855893676636
3901,PPP1R3B,G1,0.0005969377395762437
3902,PPP1R3B,G1-G0 transition,0.0006367741099984705
3903,PPP1R3B,G2M,9.734699446015017e-05
3904,PPP1R3B,S,0.00017646598873612186
3905,PPP1R3C,G0,0.00032748344949143967
3906,PPP1R3C,G1,0.0006354590906487535
3907,PPP1R3C,G1-G0 transition,0.0005237948549114387
3908,PPP1R3C,G2M,0.00018823589157732776
3909,PPP1R3C,S,0.0003790443424464895
3910,PPP1R3G,G0,0.00018682241690794172
3911,PPP1R3G,G1,0.0005611218951109668
3912,PPP1R3G,G1-G0 transition,0.000555262169160739
3913,PPP1R3G,G2M,0.00016300298888658493
3914,PPP1R3G,S,0.0002579563392437241
3915,PPP1R42,G0,0.0003810186644641664
3916,PPP1R42,G1,0.0005718505301800045
3917,PPP1R42,G1-G0 transition,0.0005994968526068395
3918,PPP1R42,G2M,0.0001887332381874825
3919,PPP1R42,S,0.00027889927377692863
3920,PRAP1,G0,0.00022631748838305648
3921,PRAP1,G1,0.0005689398330435321
3922,PRAP1,G1-G0 transition,0.0006276122439215368
3923,PRAP1,G2M,0.00015960216665735738
3924,PRAP1,S,0.0002683635235368823
3925,PRCD,G0,0.0002996735018178554
3926,PRCD,G1,0.0005480521384965346
3927,PRCD,G1-G0 transition,0.0006247699922854366
3928,PRCD,G2M,0.000210804114535256
3929,PRCD,S,0.0002842797102971406
3930,PRLR,G0,0.00021601905854462636
3931,PRLR,G1,0.0005575759051442103
3932,PRLR,G1-G0 transition,0.0005546346404583125
3933,PRLR,G2M,0.00024243592249998094
3934,PRLR,S,0.00021382256713957514
3935,PRR18,G0,0.0
3936,PRR18,G1,0.0
3937,PRR18,G1-G0 transition,0.0
3938,PRR18,G2M,0.0
3939,PRR18,S,0.0
3940,PRRG2,G0,0.0006219128081150199
3941,PRRG2,G1,0.0006651628909320091
3942,PRRG2,G1-G0 transition,0.0007219124807721385
3943,PRRG2,G2M,0.00030877226031278415
3944,PRRG2,S,0.00041737948410385607
3945,PRRG4,G0,0.0003716544848642417
3946,PRRG4,G1,0.0004712948302845464
3947,PRRG4,G1-G0 transition,0.0005108055513700535
3948,PRRG4,G2M,0.000176085844167435
3949,PRRG4,S,0.0002560250956328261
3950,PRRT4,G0,0.00022593475861131153
3951,PRRT4,G1,0.0005921915059780322
3952,PRRT4,G1-G0 transition,0.0006382510393260167
3953,PRRT4,G2M,0.00021997053104097166
3954,PRRT4,S,0.00024447647734492285
3955,PRSS35,G0,0.00045882272477542897
3956,PRSS35,G1,0.0006437549672409314
3957,PRSS35,G1-G0 transition,0.0006022293505533552
3958,PRSS35,G2M,0.0002066838995685111
3959,PRSS35,S,0.00037516099176073596
3960,PSD2,G0,0.00024474636063056074
3961,PSD2,G1,0.0003892082603540279
3962,PSD2,G1-G0 transition,0.0005738876975227155
3963,PSD2,G2M,0.0001812063329928153
3964,PSD2,S,0.00020421710490411567
3965,PSD4,G0,0.00026615418800067585
3966,PSD4,G1,0.0007207773764658597
3967,PSD4,G1-G0 transition,0.0006711290809569455
3968,PSD4,G2M,0.00019164136885292598
3969,PSD4,S,0.00035376253803663936
3970,PSMC3IP,G0,0.0010911065138439135
3971,PSMC3IP,G1,0.00119029401219303
3972,PSMC3IP,G1-G0 transition,0.0011944729994482154
3973,PSMC3IP,G2M,0.0005301883785748839
3974,PSMC3IP,S,0.0005821781959638669
3975,PSRC1,G0,0.0010143267844745973
3976,PSRC1,G1,0.002963505305582919
3977,PSRC1,G1-G0 transition,0.0023652587622572823
3978,PSRC1,G2M,0.0033871272289041797
3979,PSRC1,S,0.00046309798954338884
3980,PTCH2,G0,0.0002106802648733215
3981,PTCH2,G1,0.0007302277090194986
3982,PTCH2,G1-G0 transition,0.000676315218035129
3983,PTCH2,G2M,0.00028177285751907025
3984,PTCH2,S,0.0002908021477557677
3985,PTGDS,G0,0.0002685064022766656
3986,PTGDS,G1,0.0007144372644099901
3987,PTGDS,G1-G0 transition,0.0005976901757222857
3988,PTGDS,G2M,0.00020165896974659318
3989,PTGDS,S,0.00031351403306435814
3990,PTGER4,G0,0.000274353514167444
3991,PTGER4,G1,0.0006557482251373315
3992,PTGER4,G1-G0 transition,0.0006023902554027123
3993,PTGER4,G2M,0.00017922185029624628
3994,PTGER4,S,0.0004192792823556099
3995,PTGES,G0,0.00025750908000412404
3996,PTGES,G1,0.0006228806794527863
3997,PTGES,G1-G0 transition,0.000579261598418098
3998,PTGES,G2M,0.00018830716350385173
3999,PTGES,S,0.0002660251792777804
4000,PTGIS,G0,0.0003381036561055612
4001,PTGIS,G1,0.0006006411175019027
4002,PTGIS,G1-G0 transition,0.0006784096595550932
4003,PTGIS,G2M,0.00015373634027393026
4004,PTGIS,S,0.0003972370539217356
4005,PTGS1,G0,0.0007365839906359184
4006,PTGS1,G1,0.0006840229100682533
4007,PTGS1,G1-G0 transition,0.0005483260999823851
4008,PTGS1,G2M,0.0001616734538955264
4009,PTGS1,S,0.0004490942752336942
4010,PTPRC,G0,0.00027585631641116105
4011,PTPRC,G1,0.0005655671225809111
4012,PTPRC,G1-G0 transition,0.0006914399185811626
4013,PTPRC,G2M,0.00020284317191284027
4014,PTPRC,S,0.00024156662539408287
4015,PTPRE,G0,0.00021081814434044675
4016,PTPRE,G1,0.0005088953733426373
4017,PTPRE,G1-G0 transition,0.0005494189361939315
4018,PTPRE,G2M,0.00020092772277773073
4019,PTPRE,S,0.00023474889376170737
4020,PWP2,G0,0.00024395055816374487
4021,PWP2,G1,0.0008256863590965469
4022,PWP2,G1-G0 transition,0.0006474293847376839
4023,PWP2,G2M,0.00022065445206996377
4024,PWP2,S,0.0003200531372120899
4025,PXT1,G0,0.00019988324189984354
4026,PXT1,G1,0.0006208563033737275
4027,PXT1,G1-G0 transition,0.00048171354538886486
4028,PXT1,G2M,0.00021722144174181806
4029,PXT1,S,0.0003191986258275521
4030,PYY,G0,0.03026754602725973
4031,PYY,G1,0.009827281134801158
4032,PYY,G1-G0 transition,0.022497144132818576
4033,PYY,G2M,0.0020014446333205768
4034,PYY,S,0.0011471346142430709
4035,RAB17,G0,0.00021776157057157563
4036,RAB17,G1,0.0006947792636089777
4037,RAB17,G1-G0 transition,0.0005166852148406931
4038,RAB17,G2M,0.0002334441454768592
4039,RAB17,S,0.000328637537417696
4040,RAB27B,G0,0.0004915601851105423
4041,RAB27B,G1,0.0007539218648201959
4042,RAB27B,G1-G0 transition,0.0009879659409443673
4043,RAB27B,G2M,0.00026765992669464475
4044,RAB27B,S,0.00027300191444943787
4045,RAB33A,G0,0.0002676641790310812
4046,RAB33A,G1,0.0006024189545954091
4047,RAB33A,G1-G0 transition,0.0006434797824725201
4048,RAB33A,G2M,0.00021033378250403265
4049,RAB33A,S,0.00034106762352159543
4050,RAB3IL1,G0,0.00029423258111420115
4051,RAB3IL1,G1,0.0005490778128629038
4052,RAB3IL1,G1-G0 transition,0.000849243708686039
4053,RAB3IL1,G2M,0.0001930846175705636
4054,RAB3IL1,S,0.0002564790401897038
4055,RAB42,G0,0.0002800706066822905
4056,RAB42,G1,0.0006077961761328181
4057,RAB42,G1-G0 transition,0.0006960710688858659
4058,RAB42,G2M,0.0002697530119249254
4059,RAB42,S,0.00026455053169448126
4060,RAB7B,G0,0.0006199093454860469
4061,RAB7B,G1,0.0005413966925848048
4062,RAB7B,G1-G0 transition,0.0006954655412755961
4063,RAB7B,G2M,0.0002386167480198234
4064,RAB7B,S,0.00028184563450032654
4065,RAB9B,G0,0.0003219402896077915
4066,RAB9B,G1,0.0006296702511472979
4067,RAB9B,G1-G0 transition,0.0005828186027614328
4068,RAB9B,G2M,0.00023504714645119793
4069,RAB9B,S,0.00039158110831427514
4070,RACGAP1,G0,0.0006703104477334444
4071,RACGAP1,G1,0.0008971079319438591
4072,RACGAP1,G1-G0 transition,0.0022957732042108467
4073,RACGAP1,G2M,0.0007708219912405622
4074,RACGAP1,S,0.0005054933341288364
4075,RAD51,G0,0.00040878999960593536
4076,RAD51,G1,0.001294008008074897
4077,RAD51,G1-G0 transition,0.0008634582428427372
4078,RAD51,G2M,0.0006189514835007809
4079,RAD51,S,0.00047126805040491337
4080,RAD54L,G0,0.00037282954160674516
4081,RAD54L,G1,0.0007533861973948443
4082,RAD54L,G1-G0 transition,0.0008353407631103613
4083,RAD54L,G2M,0.0002946366038935344
4084,RAD54L,S,0.001190450237948252
4085,RALYL,G0,0.0
4086,RALYL,G1,0.0
4087,RALYL,G1-G0 transition,0.0
4088,RALYL,G2M,0.0
4089,RALYL,S,0.0
4090,RAPGEF5,G0,0.0004232133117755539
4091,RAPGEF5,G1,0.0006480814278897507
4092,RAPGEF5,G1-G0 transition,0.0007150326486030703
4093,RAPGEF5,G2M,0.00019724750676696097
4094,RAPGEF5,S,0.00029461214527707594
4095,RAPSN,G0,0.0007451354335482699
4096,RAPSN,G1,0.000793778285341341
4097,RAPSN,G1-G0 transition,0.000848620556067101
4098,RAPSN,G2M,0.00014871953000226035
4099,RAPSN,S,0.0003354107427409849
4100,RASEF,G0,0.0002556923227693626
4101,RASEF,G1,0.0005509403096908221
4102,RASEF,G1-G0 transition,0.0005950986460685516
4103,RASEF,G2M,0.0001754549151897622
4104,RASEF,S,0.00030110028567581634
4105,RASGEF1B,G0,0.00023001018352803354
4106,RASGEF1B,G1,0.0005742933453365186
4107,RASGEF1B,G1-G0 transition,0.0005907322213653386
4108,RASGEF1B,G2M,0.00015897292099726658
4109,RASGEF1B,S,0.0002178860867353317
4110,RASGRP2,G0,0.00035190528399398286
4111,RASGRP2,G1,0.0005016683966788045
4112,RASGRP2,G1-G0 transition,0.0006672563910645184
4113,RASGRP2,G2M,0.00015069332862487883
4114,RASGRP2,S,0.00032138668314927646
4115,RASIP1,G0,0.0002750831026315213
4116,RASIP1,G1,0.0006299842602881518
4117,RASIP1,G1-G0 transition,0.0006353474697680013
4118,RASIP1,G2M,0.0002078935039125421
4119,RASIP1,S,0.00024176901663958576
4120,RASL10A,G0,0.0002752867475190044
4121,RASL10A,G1,0.0005490884642844531
4122,RASL10A,G1-G0 transition,0.0005848600043953934
4123,RASL10A,G2M,0.00020926182230805585
4124,RASL10A,S,0.0003167358338559168
4125,RASL11A,G0,0.00045386923517861055
4126,RASL11A,G1,0.0007571304348462686
4127,RASL11A,G1-G0 transition,0.0007346711218678864
4128,RASL11A,G2M,0.0002685107994892571
4129,RASL11A,S,0.0002677742260448937
4130,RBBP8,G0,0.0004550394462093394
4131,RBBP8,G1,0.000621202255341703
4132,RBBP8,G1-G0 transition,0.0006385088388315864
4133,RBBP8,G2M,0.00037700393233815405
4134,RBBP8,S,0.0005629488546878586
4135,RBM43,G0,0.00043104190301760016
4136,RBM43,G1,0.0007776447036881275
4137,RBM43,G1-G0 transition,0.0008128088929926986
4138,RBM43,G2M,0.00016268594576863775
4139,RBM43,S,0.0003393457599483058
4140,RBP7,G0,0.0003040895140458898
4141,RBP7,G1,0.0005786277558964046
4142,RBP7,G1-G0 transition,0.0005618692662497563
4143,RBP7,G2M,9.58175147725048e-05
4144,RBP7,S,0.00029917154558376213
4145,RD3,G0,0.00029733547990200575
4146,RD3,G1,0.0006882639983550072
4147,RD3,G1-G0 transition,0.0006158752720528685
4148,RD3,G2M,0.00020218296772396013
4149,RD3,S,0.00030275612359882074
4150,RDH16,G0,0.00019837275880419669
4151,RDH16,G1,0.000609355207396284
4152,RDH16,G1-G0 transition,0.0006789052011344134
4153,RDH16,G2M,0.00016957261335714762
4154,RDH16,S,0.0003096628834674949
4155,RDH5,G0,0.0002383092128821862
4156,RDH5,G1,0.00048610732907463316
4157,RDH5,G1-G0 transition,0.0005450252590598691
4158,RDH5,G2M,0.0002256225378617033
4159,RDH5,S,0.00026567016743158213
4160,REEP1,G0,0.00039465032306211625
4161,REEP1,G1,0.0006434826260834469
4162,REEP1,G1-G0 transition,0.0006828896934281817
4163,REEP1,G2M,0.00017819746502667656
4164,REEP1,S,0.00048003287369016663
4165,REN,G0,0.000310163661428277
4166,REN,G1,0.0005157853618309587
4167,REN,G1-G0 transition,0.0006142694808625092
4168,REN,G2M,0.00015130783677070356
4169,REN,S,0.0003775019753624417
4170,RENBP,G0,0.0002750497477346682
4171,RENBP,G1,0.0005828697909933145
4172,RENBP,G1-G0 transition,0.0005349638945181286
4173,RENBP,G2M,0.0001925763551854967
4174,RENBP,S,0.0002849744665951233
4175,REPS2,G0,0.0002830366503839121
4176,REPS2,G1,0.0006247204928277472
4177,REPS2,G1-G0 transition,0.0006501183507223279
4178,REPS2,G2M,0.0002119884277327871
4179,REPS2,S,0.00031817718292800586
4180,RET,G0,0.00036850083111778783
4181,RET,G1,0.0006261079270316804
4182,RET,G1-G0 transition,0.000607995577047291
4183,RET,G2M,0.000248971975388498
4184,RET,S,0.00034452325498465417
4185,RFC4,G0,0.0027310018715387746
4186,RFC4,G1,0.0018736021569013303
4187,RFC4,G1-G0 transition,0.0016655937499628893
4188,RFC4,G2M,0.0013234627044265688
4189,RFC4,S,0.0015607257786227294
4190,RFLNA,G0,0.0002736259153429436
4191,RFLNA,G1,0.0007194341378366072
4192,RFLNA,G1-G0 transition,0.0006962117056275137
4193,RFLNA,G2M,0.00013828961388381668
4194,RFLNA,S,0.00027717393723071797
4195,RGCC,G0,0.001983369286350145
4196,RGCC,G1,0.0010383848250566864
4197,RGCC,G1-G0 transition,0.001211231953531679
4198,RGCC,G2M,0.0003704032284852682
4199,RGCC,S,0.0006590465020848814
4200,RGS14,G0,0.000223085849959625
4201,RGS14,G1,0.0006594890189730805
4202,RGS14,G1-G0 transition,0.0005599879965759183
4203,RGS14,G2M,0.0002014923375738218
4204,RGS14,S,0.0003325156141521704
4205,RGS16,G0,0.0006241668705369204
4206,RGS16,G1,0.0006842003712016057
4207,RGS16,G1-G0 transition,0.0007020815800558164
4208,RGS16,G2M,0.00021390453996775785
4209,RGS16,S,0.0002752284482734586
4210,RHBDL3,G0,0.0002931094929888529
4211,RHBDL3,G1,0.0005528896381635425
4212,RHBDL3,G1-G0 transition,0.000760667099976174
4213,RHBDL3,G2M,0.00020118580826492078
4214,RHBDL3,S,0.0002944711462607903
4215,RHOV,G0,0.0008091997335165131
4216,RHOV,G1,0.0015678707371004363
4217,RHOV,G1-G0 transition,0.0007921930980771584
4218,RHOV,G2M,0.00043041628001405977
4219,RHOV,S,0.00029004474655111963
4220,RIIAD1,G0,0.00044063394778777655
4221,RIIAD1,G1,0.0007187905823061523
4222,RIIAD1,G1-G0 transition,0.0006778006601591304
4223,RIIAD1,G2M,0.00020121896903579803
4224,RIIAD1,S,0.0002947887419658494
4225,RIMS1,G0,0.0003415906382178113
4226,RIMS1,G1,0.0007632019566603624
4227,RIMS1,G1-G0 transition,0.0005007964610568111
4228,RIMS1,G2M,0.00017206813873307946
4229,RIMS1,S,0.0002747526901976969
4230,RINL,G0,0.00027934057134542273
4231,RINL,G1,0.0006841825894975769
4232,RINL,G1-G0 transition,0.0005389534220648327
4233,RINL,G2M,0.00018862030043207136
4234,RINL,S,0.0002863307383765854
4235,RIPOR2,G0,0.0001917492182748898
4236,RIPOR2,G1,0.000508326966205548
4237,RIPOR2,G1-G0 transition,0.000635768092393032
4238,RIPOR2,G2M,0.00018967699625482165
4239,RIPOR2,S,0.0002286098327730426
4240,RIPPLY3,G0,0.00020040881041466738
4241,RIPPLY3,G1,0.00045212449049091187
4242,RIPPLY3,G1-G0 transition,0.0005312622733154314
4243,RIPPLY3,G2M,0.00019353424544715
4244,RIPPLY3,S,0.0003835108821775887
4245,RMI2,G0,0.00033868231238981213
4246,RMI2,G1,0.0006304833412875533
4247,RMI2,G1-G0 transition,0.0004870135990413225
4248,RMI2,G2M,0.0002785789876028039
4249,RMI2,S,0.0003225997275460542
4250,RND1,G0,0.0002949934440682161
4251,RND1,G1,0.000456235691306021
4252,RND1,G1-G0 transition,0.0004960115262398396
4253,RND1,G2M,0.0001933820067632389
4254,RND1,S,0.00035037139942790653
4255,RNF112,G0,0.0003190038199743778
4256,RNF112,G1,0.0006037236925730984
4257,RNF112,G1-G0 transition,0.0005188669742413007
4258,RNF112,G2M,0.000130012645312664
4259,RNF112,S,0.00031283760904967923
4260,RNF128,G0,0.0002664129839294816
4261,RNF128,G1,0.0005499157560211403
4262,RNF128,G1-G0 transition,0.0006757386337726824
4263,RNF128,G2M,0.00018975138438372593
4264,RNF128,S,0.000264760677976449
4265,RNF144A,G0,0.0002803296038057069
4266,RNF144A,G1,0.0007058768906934315
4267,RNF144A,G1-G0 transition,0.0006419883405625065
4268,RNF144A,G2M,0.0002522072259667485
4269,RNF144A,S,0.0004803905193086981
4270,RNF150,G0,0.0002992990696696625
4271,RNF150,G1,0.0005797180730812666
4272,RNF150,G1-G0 transition,0.0005118105971761958
4273,RNF150,G2M,0.00022251017386563062
4274,RNF150,S,0.00029861953249642426
4275,RNU4-2,G0,0.00026455733577091596
4276,RNU4-2,G1,0.0005406691783160865
4277,RNU4-2,G1-G0 transition,0.0004559376114684458
4278,RNU4-2,G2M,0.00017708942951952694
4279,RNU4-2,S,0.00023290113640582838
4280,RPRML,G0,0.0002027042045838227
4281,RPRML,G1,0.0005594944379361373
4282,RPRML,G1-G0 transition,0.0005642465800546926
4283,RPRML,G2M,0.00021836692085442082
4284,RPRML,S,0.00032135912289859794
4285,RRM2,G0,0.01057862043583187
4286,RRM2,G1,0.0011863811195806301
4287,RRM2,G1-G0 transition,0.006838580163450988
4288,RRM2,G2M,0.0005400452843306043
4289,RRM2,S,0.005630780575372654
4290,RSPH4A,G0,0.00016675181995753167
4291,RSPH4A,G1,0.0005869652632573358
4292,RSPH4A,G1-G0 transition,0.0005753096955573988
4293,RSPH4A,G2M,0.0001233260521087771
4294,RSPH4A,S,0.00027470618523238075
4295,RSPO3,G0,0.00023308101789432862
4296,RSPO3,G1,0.0007453123647179798
4297,RSPO3,G1-G0 transition,0.00045071186679919645
4298,RSPO3,G2M,0.00023811180306196136
4299,RSPO3,S,0.0003070435737893396
4300,RTL4,G0,0.0002740548613905972
4301,RTL4,G1,0.0005155945158315025
4302,RTL4,G1-G0 transition,0.0006954150156065727
4303,RTL4,G2M,0.00026666683657564685
4304,RTL4,S,0.0002080130778821447
4305,RTP4,G0,0.00032890906087924913
4306,RTP4,G1,0.0006270676525165128
4307,RTP4,G1-G0 transition,0.0005574413871094239
4308,RTP4,G2M,0.00017514550991070538
4309,RTP4,S,0.00029199882440435784
4310,S100A1,G0,0.00040418102038392083
4311,S100A1,G1,0.0006242436539515881
4312,S100A1,G1-G0 transition,0.0008161816673091252
4313,S100A1,G2M,0.0001941052361831138
4314,S100A1,S,0.00021411176280310406
4315,S100A14,G0,0.00026667558188682124
4316,S100A14,G1,0.0006333059874198474
4317,S100A14,G1-G0 transition,0.0004511557674523008
4318,S100A14,G2M,0.00013587957211372355
4319,S100A14,S,0.00027840380459099716
4320,S100G,G0,0.0002950489471439184
4321,S100G,G1,0.0005627025736913244
4322,S100G,G1-G0 transition,0.0006413293671353539
4323,S100G,G2M,0.00017398749818741015
4324,S100G,S,0.0003394315065494249
4325,SAMD15,G0,0.000312664790868508
4326,SAMD15,G1,0.0006759250330756415
4327,SAMD15,G1-G0 transition,0.0005368410436951663
4328,SAMD15,G2M,0.00015787765526014083
4329,SAMD15,S,0.0003277315233351611
4330,SAMD5,G0,0.0002706054551050117
4331,SAMD5,G1,0.0006433879339745545
4332,SAMD5,G1-G0 transition,0.0005879883621718046
4333,SAMD5,G2M,0.00023577517649844875
4334,SAMD5,S,0.00031988005734201995
4335,SAP25,G0,0.0002130073794569429
4336,SAP25,G1,0.0006171573142955538
4337,SAP25,G1-G0 transition,0.0006762385554327728
4338,SAP25,G2M,0.00020134591616759946
4339,SAP25,S,0.00027470460824800005
4340,SAPCD2,G0,0.0010154876460729777
4341,SAPCD2,G1,0.0010837589236660102
4342,SAPCD2,G1-G0 transition,0.0009912751308271547
4343,SAPCD2,G2M,0.00033105557571750836
4344,SAPCD2,S,0.0005959398348121919
4345,SAXO2,G0,0.00024208957784110785
4346,SAXO2,G1,0.0006847262549897952
4347,SAXO2,G1-G0 transition,0.000579484241055262
4348,SAXO2,G2M,0.000194137586100599
4349,SAXO2,S,0.0002896376181246855
4350,SCHIP1,G0,0.00022503252734868827
4351,SCHIP1,G1,0.0006478621879349747
4352,SCHIP1,G1-G0 transition,0.0005117981631764987
4353,SCHIP1,G2M,0.00018524366100650341
4354,SCHIP1,S,0.00027488195096307954
4355,SCN3A,G0,0.0002724282811134818
4356,SCN3A,G1,0.0006382184330254764
4357,SCN3A,G1-G0 transition,0.0005187276667071264
4358,SCN3A,G2M,0.0002736459173216867
4359,SCN3A,S,0.00030856499775671725
4360,SCN3B,G0,0.00022772609857539216
4361,SCN3B,G1,0.000568658291732891
4362,SCN3B,G1-G0 transition,0.0005055105435232795
4363,SCN3B,G2M,0.00015868733698199406
4364,SCN3B,S,0.0002959372876508687
4365,SCUBE2,G0,0.00017489403815331626
4366,SCUBE2,G1,0.0007137273742541808
4367,SCUBE2,G1-G0 transition,0.000528258671622414
4368,SCUBE2,G2M,0.00030665495069181554
4369,SCUBE2,S,0.0002285728437727477
4370,SCUBE3,G0,0.0003265353937584807
4371,SCUBE3,G1,0.0006093245177852304
4372,SCUBE3,G1-G0 transition,0.0005424308893412073
4373,SCUBE3,G2M,0.00022997087727125482
4374,SCUBE3,S,0.00023999818978910343
4375,SCX,G0,0.0003141553146717524
4376,SCX,G1,0.0006908184691048621
4377,SCX,G1-G0 transition,0.0009398402539907628
4378,SCX,G2M,0.00021126069093511756
4379,SCX,S,0.0003409578543217484
4380,SEC16B,G0,0.00021292947471032646
4381,SEC16B,G1,0.0006136141461698783
4382,SEC16B,G1-G0 transition,0.0005986149248769258
4383,SEC16B,G2M,0.0002457591035227698
4384,SEC16B,S,0.00028695216877316573
4385,SELENBP1,G0,0.00031074403165744094
4386,SELENBP1,G1,0.0006150967806901347
4387,SELENBP1,G1-G0 transition,0.000786150246855309
4388,SELENBP1,G2M,0.0002278376641218867
4389,SELENBP1,S,0.0002748426975353692
4390,SEMA3C,G0,0.00039188909803187713
4391,SEMA3C,G1,0.0006243554049826715
4392,SEMA3C,G1-G0 transition,0.0005042510528425289
4393,SEMA3C,G2M,0.0002087729162841271
4394,SEMA3C,S,0.00033196292274940774
4395,SEMA6D,G0,0.00041287117954658245
4396,SEMA6D,G1,0.0006139913637837513
4397,SEMA6D,G1-G0 transition,0.0006946761117190221
4398,SEMA6D,G2M,0.00025846571745163335
4399,SEMA6D,S,0.00026271298917919983
4400,SERPINB9,G0,0.00021744732374442906
4401,SERPINB9,G1,0.0005628999467864635
4402,SERPINB9,G1-G0 transition,0.0006014023898607746
4403,SERPINB9,G2M,0.0002686269097638785
4404,SERPINB9,S,0.0003508243471638992
4405,SERPING1,G0,0.0016773633686824442
4406,SERPING1,G1,0.0010596554075156972
4407,SERPING1,G1-G0 transition,0.001102729253093956
4408,SERPING1,G2M,0.00021216176991317127
4409,SERPING1,S,0.0006057532411541991
4410,SFTPD,G0,0.00026225591104345886
4411,SFTPD,G1,0.0006564032163435357
4412,SFTPD,G1-G0 transition,0.00046803564870575616
4413,SFTPD,G2M,0.00021796348004290668
4414,SFTPD,S,0.00028548901658299213
4415,SGCA,G0,0.0003025229499052238
4416,SGCA,G1,0.0004950259431845843
4417,SGCA,G1-G0 transition,0.0005778896394056973
4418,SGCA,G2M,0.00020433310404672803
4419,SGCA,S,0.0002902459721905782
4420,SGCD,G0,0.00046510548762078614
4421,SGCD,G1,0.0006184928235480339
4422,SGCD,G1-G0 transition,0.0007370333334198029
4423,SGCD,G2M,0.00014884905605725622
4424,SGCD,S,0.0003006627795235767
4425,SGCZ,G0,0.0002625929178375732
4426,SGCZ,G1,0.0005640858306799707
4427,SGCZ,G1-G0 transition,0.0005489003834863439
4428,SGCZ,G2M,0.00017493742035266807
4429,SGCZ,S,0.0002844007651738
4430,SGIP1,G0,0.0037079074002379724
4431,SGIP1,G1,0.0014414537790997262
4432,SGIP1,G1-G0 transition,0.002382799934067645
4433,SGIP1,G2M,0.0002785181037343562
4434,SGIP1,S,0.0006769951761057569
4435,SGO1,G0,0.0004651856357186657
4436,SGO1,G1,0.0008871915576620961
4437,SGO1,G1-G0 transition,0.002371058961411682
4438,SGO1,G2M,0.0009599303787928549
4439,SGO1,S,0.0009731325970861613
4440,SGO2,G0,0.001215033645682326
4441,SGO2,G1,0.0008949835672683853
4442,SGO2,G1-G0 transition,0.0029488599189858426
4443,SGO2,G2M,0.0006008556906884317
4444,SGO2,S,0.000865773909600855
4445,SH3RF2,G0,0.0007155914017107004
4446,SH3RF2,G1,0.0007416433700354009
4447,SH3RF2,G1-G0 transition,0.0008170672594013521
4448,SH3RF2,G2M,0.0006303537717982486
4449,SH3RF2,S,0.00045049727290452234
4450,SHF,G0,0.0015352819802219979
4451,SHF,G1,0.0009922822003013635
4452,SHF,G1-G0 transition,0.0010908779280461376
4453,SHF,G2M,0.00022578002061666047
4454,SHF,S,0.0006771914029398123
4455,SHISAL2B,G0,0.00031046526098283165
4456,SHISAL2B,G1,0.0005979761986400781
4457,SHISAL2B,G1-G0 transition,0.0006271297903614688
4458,SHISAL2B,G2M,0.00024134989953257548
4459,SHISAL2B,S,0.00024382132677934257
4460,SHROOM4,G0,0.00025736969174699575
4461,SHROOM4,G1,0.0005158760909792231
4462,SHROOM4,G1-G0 transition,0.000673063410530848
4463,SHROOM4,G2M,0.0001422699757643466
4464,SHROOM4,S,0.00033070989645951393
4465,SKAP1,G0,0.0002648783262096426
4466,SKAP1,G1,0.0005447946898197384
4467,SKAP1,G1-G0 transition,0.0005798703558458914
4468,SKAP1,G2M,0.00024800184872481187
4469,SKAP1,S,0.00021878763618969025
4470,SLBP,G0,0.0015722790322677596
4471,SLBP,G1,0.0017446734541390631
4472,SLBP,G1-G0 transition,0.0010579795938665966
4473,SLBP,G2M,0.0013642868901053635
4474,SLBP,S,0.0011462031653618615
4475,SLC10A5,G0,0.00027450139447927565
4476,SLC10A5,G1,0.0005760178260321371
4477,SLC10A5,G1-G0 transition,0.0006478843480668588
4478,SLC10A5,G2M,0.00014097080924248859
4479,SLC10A5,S,0.0003124850559057533
4480,SLC11A1,G0,0.0003054088013024716
4481,SLC11A1,G1,0.0005868448101561898
4482,SLC11A1,G1-G0 transition,0.0005087065917739194
4483,SLC11A1,G2M,0.00020530668754874313
4484,SLC11A1,S,0.0003080133788506605
4485,SLC12A5,G0,0.00024131326959343205
4486,SLC12A5,G1,0.0005634297127489815
4487,SLC12A5,G1-G0 transition,0.0004809990236474424
4488,SLC12A5,G2M,0.00019053646707955637
4489,SLC12A5,S,0.00021162441077742804
4490,SLC14A1,G0,0.00037582683005613776
4491,SLC14A1,G1,0.0005180883777738457
4492,SLC14A1,G1-G0 transition,0.0006190300374758841
4493,SLC14A1,G2M,0.00021081389740808596
4494,SLC14A1,S,0.00024327356447231127
4495,SLC14A2,G0,0.00016020452367435128
4496,SLC14A2,G1,0.0007823160648575184
4497,SLC14A2,G1-G0 transition,0.0006112368386368056
4498,SLC14A2,G2M,0.00017865979373063833
4499,SLC14A2,S,0.0002752974290528257
4500,SLC15A2,G0,0.0004491656521675196
4501,SLC15A2,G1,0.0006146683410866749
4502,SLC15A2,G1-G0 transition,0.0008834887891399142
4503,SLC15A2,G2M,0.00017781526855202684
4504,SLC15A2,S,0.00034246291786095226
4505,SLC16A10,G0,0.00036675408565034647
4506,SLC16A10,G1,0.0006130125927769744
4507,SLC16A10,G1-G0 transition,0.0008358341204913162
4508,SLC16A10,G2M,0.00025643937091694144
4509,SLC16A10,S,0.0003492046596857836
4510,SLC1A1,G0,0.00021005227493451985
4511,SLC1A1,G1,0.0005505918202250011
4512,SLC1A1,G1-G0 transition,0.000528449837525681
4513,SLC1A1,G2M,0.0001421390105556773
4514,SLC1A1,S,0.00018151460444286357
4515,SLC1A2,G0,0.00034088717319471427
4516,SLC1A2,G1,0.0006588375033309135
4517,SLC1A2,G1-G0 transition,0.0005120944568984476
4518,SLC1A2,G2M,0.0001366768763432232
4519,SLC1A2,S,0.00027011131405522124
4520,SLC22A13,G0,0.00025388695643015875
4521,SLC22A13,G1,0.0006520699243819106
4522,SLC22A13,G1-G0 transition,0.0006924310690602233
4523,SLC22A13,G2M,0.000272452326380473
4524,SLC22A13,S,0.0003155570674834716
4525,SLC22A18,G0,0.0007225716899848854
4526,SLC22A18,G1,0.000636112066534395
4527,SLC22A18,G1-G0 transition,0.0006499489101542864
4528,SLC22A18,G2M,0.00033983110407615467
4529,SLC22A18,S,0.0007029443142766938
4530,SLC24A2,G0,0.0002459205106002117
4531,SLC24A2,G1,0.0004399753509984989
4532,SLC24A2,G1-G0 transition,0.0006238484020668037
4533,SLC24A2,G2M,8.7394378840875e-05
4534,SLC24A2,S,0.00028207556872722884
4535,SLC25A18,G0,0.00024536476396888666
4536,SLC25A18,G1,0.0006888305644718479
4537,SLC25A18,G1-G0 transition,0.0005207002775602598
4538,SLC25A18,G2M,0.0002613666951914186
4539,SLC25A18,S,0.00026049133122277746
4540,SLC26A1,G0,0.0003129991801503641
4541,SLC26A1,G1,0.0007103247608666567
4542,SLC26A1,G1-G0 transition,0.0005634817366371617
4543,SLC26A1,G2M,0.00029391860844402726
4544,SLC26A1,S,0.0003289862617454325
4545,SLC26A11,G0,0.0004443911496942637
4546,SLC26A11,G1,0.0005171387964643788
4547,SLC26A11,G1-G0 transition,0.0007037711055722114
4548,SLC26A11,G2M,0.00021195555779572885
4549,SLC26A11,S,0.00035955582904466317
4550,SLC26A4,G0,0.00026922272886636045
4551,SLC26A4,G1,0.0006166542157768716
4552,SLC26A4,G1-G0 transition,0.0005921214467819962
4553,SLC26A4,G2M,0.00016112595167443574
4554,SLC26A4,S,0.0002534381129793115
4555,SLC26A8,G0,0.00022825974965994217
4556,SLC26A8,G1,0.00047841745363910346
4557,SLC26A8,G1-G0 transition,0.0005508271221091987
4558,SLC26A8,G2M,0.00016750578988405652
4559,SLC26A8,S,0.00022245655915038823
4560,SLC2A12,G0,0.0004207607603994301
4561,SLC2A12,G1,0.000613188889501927
4562,SLC2A12,G1-G0 transition,0.000530146971510211
4563,SLC2A12,G2M,0.00019784619985230704
4564,SLC2A12,S,0.000310536589839364
4565,SLC43A2,G0,0.0002451522931273537
4566,SLC43A2,G1,0.0005994708785759889
4567,SLC43A2,G1-G0 transition,0.000602933827777901
4568,SLC43A2,G2M,0.00022696823496245897
4569,SLC43A2,S,0.00035808693048389054
4570,SLC44A4,G0,0.00025919697619045795
4571,SLC44A4,G1,0.0006903736667863804
4572,SLC44A4,G1-G0 transition,0.000537254419863507
4573,SLC44A4,G2M,0.00020350170417979155
4574,SLC44A4,S,0.0004042804724439837
4575,SLC45A1,G0,0.00023964041056891475
4576,SLC45A1,G1,0.0005292451543963758
4577,SLC45A1,G1-G0 transition,0.0005687160553286134
4578,SLC45A1,G2M,0.00020378919846017335
4579,SLC45A1,S,0.00026450937160182446
4580,SLC49A3,G0,0.0002518790383004978
4581,SLC49A3,G1,0.0006418370486863654
4582,SLC49A3,G1-G0 transition,0.000559605329251197
4583,SLC49A3,G2M,0.00023350244814597987
4584,SLC49A3,S,0.0003573830108705491
4585,SLC6A17,G0,0.00022112547655549273
4586,SLC6A17,G1,0.0005102448283579622
4587,SLC6A17,G1-G0 transition,0.0005779952265149388
4588,SLC6A17,G2M,0.0002614543497775026
4589,SLC6A17,S,0.00032287152716757133
4590,SLC7A3,G0,0.0
4591,SLC7A3,G1,0.0
4592,SLC7A3,G1-G0 transition,0.0
4593,SLC7A3,G2M,0.0
4594,SLC7A3,S,0.0
4595,SLC7A8,G0,0.00030372064561102606
4596,SLC7A8,G1,0.0005776321701299801
4597,SLC7A8,G1-G0 transition,0.0006686620790531617
4598,SLC7A8,G2M,0.00028384936194224855
4599,SLC7A8,S,0.00027302371663889916
4600,SLFN11,G0,0.0011948827197238495
4601,SLFN11,G1,0.0008274454175539995
4602,SLFN11,G1-G0 transition,0.0010003273718005158
4603,SLFN11,G2M,0.0003513147347337111
4604,SLFN11,S,0.0003552899328018168
4605,SLIT1,G0,0.00017318693939398565
4606,SLIT1,G1,0.0006849481270743922
4607,SLIT1,G1-G0 transition,0.0006865178331819883
4608,SLIT1,G2M,0.00020525229185917442
4609,SLIT1,S,0.00026005795221049134
4610,SLITRK6,G0,0.00024119706723163483
4611,SLITRK6,G1,0.0005870083179672295
4612,SLITRK6,G1-G0 transition,0.0006073845272246901
4613,SLITRK6,G2M,0.00028146773785656305
4614,SLITRK6,S,0.0001936882173425588
4615,SMC1B,G0,0.0001721123796921847
4616,SMC1B,G1,0.00046204262020727694
4617,SMC1B,G1-G0 transition,0.0006279199800077036
4618,SMC1B,G2M,0.0002057355939225568
4619,SMC1B,S,0.0002625355299427609
4620,SMIM31,G0,0.00021406893976265302
4621,SMIM31,G1,0.000522273607757527
4622,SMIM31,G1-G0 transition,0.0004902501106898348
4623,SMIM31,G2M,0.0002652053111604005
4624,SMIM31,S,0.00027924541516860405
4625,SMIM38,G0,0.0002704189561706169
4626,SMIM38,G1,0.0006520566815840408
4627,SMIM38,G1-G0 transition,0.0005418160879543121
4628,SMIM38,G2M,0.00018808025278516807
4629,SMIM38,S,0.0002620145965466132
4630,SMIM43,G0,0.00032550052482994426
4631,SMIM43,G1,0.0007995225442584724
4632,SMIM43,G1-G0 transition,0.0007419233551177585
4633,SMIM43,G2M,0.00025117119672543364
4634,SMIM43,S,0.0004043219009095432
4635,SMO,G0,0.000343832901473168
4636,SMO,G1,0.0007850222934178265
4637,SMO,G1-G0 transition,0.0006920766359009204
4638,SMO,G2M,0.0003180022791856955
4639,SMO,S,0.0003138396307506952
4640,SNAI1,G0,0.0002634712948685982
4641,SNAI1,G1,0.0007571849908514605
4642,SNAI1,G1-G0 transition,0.0006322735430061928
4643,SNAI1,G2M,0.00026898273685536125
4644,SNAI1,S,0.0004832399015012083
4645,SNAI3,G0,0.00029487328437591883
4646,SNAI3,G1,0.0007138385480180098
4647,SNAI3,G1-G0 transition,0.0005146795658580961
4648,SNAI3,G2M,0.00026259954011966175
4649,SNAI3,S,0.00032517896878344785
4650,SNAP25,G0,0.00019646195426341028
4651,SNAP25,G1,0.0005534921024428642
4652,SNAP25,G1-G0 transition,0.0005306775778778939
4653,SNAP25,G2M,0.00013022051766616407
4654,SNAP25,S,0.0002958740430734241
4655,SNCB,G0,0.00020496937313640507
4656,SNCB,G1,0.00047601735021383327
4657,SNCB,G1-G0 transition,0.0006472075105199714
4658,SNCB,G2M,0.00021166953148543186
4659,SNCB,S,0.0002633868079919954
4660,SNCG,G0,0.000854452212936727
4661,SNCG,G1,0.0006862615036617297
4662,SNCG,G1-G0 transition,0.0009422951943312944
4663,SNCG,G2M,0.00024931877560638386
4664,SNCG,S,0.00046310985827815006
4665,SNTG1,G0,0.0002716008257809953
4666,SNTG1,G1,0.0006475963031217663
4667,SNTG1,G1-G0 transition,0.0006461719097065283
4668,SNTG1,G2M,0.00021142479993936918
4669,SNTG1,S,0.0003216999561796928
4670,SNX31,G0,0.0002796718857993898
4671,SNX31,G1,0.0006424309758105302
4672,SNX31,G1-G0 transition,0.0005766225314980762
4673,SNX31,G2M,0.0003375637311491036
4674,SNX31,S,0.00032684165080500496
4675,SOCS1,G0,0.0005016916487781144
4676,SOCS1,G1,0.0007715105149283376
4677,SOCS1,G1-G0 transition,0.0006502787653362259
4678,SOCS1,G2M,0.00030148485686567973
4679,SOCS1,S,0.0003084908590762952
4680,SOCS2,G0,0.0003995659727183389
4681,SOCS2,G1,0.0006320032868147934
4682,SOCS2,G1-G0 transition,0.0008013226221328741
4683,SOCS2,G2M,0.00035781440523441213
4684,SOCS2,S,0.0003031205940337638
4685,SOGA3,G0,0.00032386718057879875
4686,SOGA3,G1,0.0006464282609772985
4687,SOGA3,G1-G0 transition,0.000544629551250156
4688,SOGA3,G2M,0.0002014756716949253
4689,SOGA3,S,0.0002229705423345758
4690,SOSTDC1,G0,0.00026098663200332375
4691,SOSTDC1,G1,0.0005872107130969399
4692,SOSTDC1,G1-G0 transition,0.0007737102707809835
4693,SOSTDC1,G2M,0.00022622925518272423
4694,SOSTDC1,S,0.00032352072395487645
4695,SOX30,G0,0.0
4696,SOX30,G1,0.0
4697,SOX30,G1-G0 transition,0.0
4698,SOX30,G2M,0.0
4699,SOX30,S,0.0
4700,SOX5,G0,0.0005069948838651116
4701,SOX5,G1,0.0006346935178251961
4702,SOX5,G1-G0 transition,0.0007445138264325658
4703,SOX5,G2M,0.00024722005692502446
4704,SOX5,S,0.00035136723650124627
4705,SOX6,G0,0.0006015887694723809
4706,SOX6,G1,0.0006479554716891638
4707,SOX6,G1-G0 transition,0.0009711465839095344
4708,SOX6,G2M,0.0001735690211807936
4709,SOX6,S,0.00031912971990392394
4710,SPAG5,G0,0.0006208934107488661
4711,SPAG5,G1,0.0011998061306924298
4712,SPAG5,G1-G0 transition,0.0009913530251523697
4713,SPAG5,G2M,0.0008720062329688206
4714,SPAG5,S,0.0016080128279228913
4715,SPATA17,G0,0.0002649762564390607
4716,SPATA17,G1,0.0005549019997043226
4717,SPATA17,G1-G0 transition,0.0006647081387630086
4718,SPATA17,G2M,0.00023855842030672455
4719,SPATA17,S,0.00028853068668316444
4720,SPATA45,G0,0.0
4721,SPATA45,G1,0.0
4722,SPATA45,G1-G0 transition,0.0
4723,SPATA45,G2M,0.0
4724,SPATA45,S,0.0
4725,SPATS1,G0,0.00022749737635856522
4726,SPATS1,G1,0.0005703150349809962
4727,SPATS1,G1-G0 transition,0.0005571544927966172
4728,SPATS1,G2M,0.0002339650136330363
4729,SPATS1,S,0.0002453616609877822
4730,SPDEF,G0,0.00024765350721318695
4731,SPDEF,G1,0.000626419822927112
4732,SPDEF,G1-G0 transition,0.0005787326023970057
4733,SPDEF,G2M,0.0002522246345444301
4734,SPDEF,S,0.00025707338153785575
4735,SPDL1,G0,0.0003464602277519472
4736,SPDL1,G1,0.0008486497340014843
4737,SPDL1,G1-G0 transition,0.000890700628317258
4738,SPDL1,G2M,0.000504346521703051
4739,SPDL1,S,0.00041058841347354444
4740,SPI1,G0,0.0002807182715145586
4741,SPI1,G1,0.000718085853388144
4742,SPI1,G1-G0 transition,0.0005234916246318033
4743,SPI1,G2M,0.00019508545797201297
4744,SPI1,S,0.0002165513156892625
4745,SPIN4,G0,0.0003872408836948293
4746,SPIN4,G1,0.0007328738222218018
4747,SPIN4,G1-G0 transition,0.0005805530229793356
4748,SPIN4,G2M,0.00024044015583386436
4749,SPIN4,S,0.0003571081355449436
4750,SPOCK3,G0,0.0003190664636935062
4751,SPOCK3,G1,0.0005663928727955781
4752,SPOCK3,G1-G0 transition,0.0005412506023285978
4753,SPOCK3,G2M,0.0002654943560196396
4754,SPOCK3,S,0.00035174104463192314
4755,SPON1,G0,0.0008126479823653499
4756,SPON1,G1,0.0006609308311755399
4757,SPON1,G1-G0 transition,0.0008937443532289817
4758,SPON1,G2M,0.00030688850634414197
4759,SPON1,S,0.0002407990130304696
4760,SPON2,G0,0.0027385060805300704
4761,SPON2,G1,0.0008767939093953171
4762,SPON2,G1-G0 transition,0.0018954227482907515
4763,SPON2,G2M,0.00036964236648979825
4764,SPON2,S,0.0006402020107280129
4765,SPRY1,G0,0.0003674938149685339
4766,SPRY1,G1,0.0010620426692606285
4767,SPRY1,G1-G0 transition,0.0005538536549345765
4768,SPRY1,G2M,0.00038862127851430707
4769,SPRY1,S,0.00041143359468989607
4770,SPTBN5,G0,0.00026266262679639814
4771,SPTBN5,G1,0.0006778851261731637
4772,SPTBN5,G1-G0 transition,0.0005938899879364719
4773,SPTBN5,G2M,0.00025955065860188364
4774,SPTBN5,S,0.00041348191582257895
4775,SRGAP3,G0,0.0004475459355096008
4776,SRGAP3,G1,0.0007417157607541537
4777,SRGAP3,G1-G0 transition,0.000673752394213328
4778,SRGAP3,G2M,0.000269820550443235
4779,SRGAP3,S,0.00026838256673966286
4780,SRPK3,G0,0.00023943392179597315
4781,SRPK3,G1,0.0006152856262154524
4782,SRPK3,G1-G0 transition,0.0005508766868570968
4783,SRPK3,G2M,0.00016874058592591192
4784,SRPK3,S,0.0003540195520384197
4785,SRRM4,G0,0.00017434648981079406
4786,SRRM4,G1,0.0006711886009248991
4787,SRRM4,G1-G0 transition,0.0005916839591956713
4788,SRRM4,G2M,0.00018869411738702387
4789,SRRM4,S,0.0002543485864447463
4790,SSTR2,G0,0.00034326451930870294
4791,SSTR2,G1,0.0006871039548485975
4792,SSTR2,G1-G0 transition,0.0005611960509915671
4793,SSTR2,G2M,0.0001564938619299159
4794,SSTR2,S,0.0002646606234046926
4795,ST8SIA1,G0,0.0002384128630755882
4796,ST8SIA1,G1,0.0006654726444312195
4797,ST8SIA1,G1-G0 transition,0.0005381835073337696
4798,ST8SIA1,G2M,0.00027465178771426274
4799,ST8SIA1,S,0.0002939873410684434
4800,ST8SIA2,G0,0.00037128544680514443
4801,ST8SIA2,G1,0.0005739993478159656
4802,ST8SIA2,G1-G0 transition,0.0006319493146968098
4803,ST8SIA2,G2M,0.00024475249360246233
4804,ST8SIA2,S,0.000278190425466318
4805,ST8SIA4,G0,0.00029004875522568743
4806,ST8SIA4,G1,0.0004985688933533267
4807,ST8SIA4,G1-G0 transition,0.0005584240537595363
4808,ST8SIA4,G2M,0.00022834010384573523
4809,ST8SIA4,S,0.0002271844974701474
4810,STAC2,G0,0.00021113258108095982
4811,STAC2,G1,0.000657880430636316
4812,STAC2,G1-G0 transition,0.0005854815413726279
4813,STAC2,G2M,0.00018473618189959008
4814,STAC2,S,0.00021795022254614973
4815,STARD6,G0,0.0003066479665368099
4816,STARD6,G1,0.000658028453276296
4817,STARD6,G1-G0 transition,0.0006542213257407641
4818,STARD6,G2M,0.00018182322486386682
4819,STARD6,S,0.00020649896484054226
4820,STARD8,G0,0.00035911082848494053
4821,STARD8,G1,0.0006286316500088039
4822,STARD8,G1-G0 transition,0.0005263456197671577
4823,STARD8,G2M,0.0002680892583877918
4824,STARD8,S,0.00023564732369221232
4825,STIL,G0,0.0007769282236318463
4826,STIL,G1,0.0008264474188148631
4827,STIL,G1-G0 transition,0.0011273294311403236
4828,STIL,G2M,0.0006584904247074161
4829,STIL,S,0.0008944564864964656
4830,STK17B,G0,0.0002564956369358579
4831,STK17B,G1,0.0006372924676817614
4832,STK17B,G1-G0 transition,0.0006233021386031688
4833,STK17B,G2M,0.00024845992826277814
4834,STK17B,S,0.0003075077669704623
4835,STK32A,G0,0.0003896930202321155
4836,STK32A,G1,0.0005681310479163799
4837,STK32A,G1-G0 transition,0.0006512968690907532
4838,STK32A,G2M,0.00028097173266811626
4839,STK32A,S,0.00034317633904119475
4840,SUCNR1,G0,0.00025122992429974894
4841,SUCNR1,G1,0.0006817825002907037
4842,SUCNR1,G1-G0 transition,0.0005816925254658541
4843,SUCNR1,G2M,0.00018418138087272624
4844,SUCNR1,S,0.00030328241238242214
4845,SULF1,G0,0.0008335564558386615
4846,SULF1,G1,0.0006895144367108629
4847,SULF1,G1-G0 transition,0.0008242570172982998
4848,SULF1,G2M,0.0002412610328518867
4849,SULF1,S,0.0003413970341698446
4850,SULT4A1,G0,0.00031193898303588094
4851,SULT4A1,G1,0.00048555442441818047
4852,SULT4A1,G1-G0 transition,0.0005999940759556413
4853,SULT4A1,G2M,0.00019502844442931364
4854,SULT4A1,S,0.00022943462582203556
4855,SVEP1,G0,0.0002293846389301019
4856,SVEP1,G1,0.0006661678699733016
4857,SVEP1,G1-G0 transition,0.0006367810338643719
4858,SVEP1,G2M,0.0002290397768498076
4859,SVEP1,S,0.00027636100437695386
4860,SVOP,G0,0.0003057885306908711
4861,SVOP,G1,0.0006154137673087585
4862,SVOP,G1-G0 transition,0.0005160817540734509
4863,SVOP,G2M,0.0002923780411370992
4864,SVOP,S,0.00028739342858934814
4865,SYN1,G0,0.00024796743844950726
4866,SYN1,G1,0.0005435504746731043
4867,SYN1,G1-G0 transition,0.0006057846710193877
4868,SYN1,G2M,0.00017537983886647707
4869,SYN1,S,0.00023085633680059792
4870,SYN3,G0,0.0002740124692735798
4871,SYN3,G1,0.0006895436201441065
4872,SYN3,G1-G0 transition,0.0005325995061784193
4873,SYN3,G2M,0.00018847748739038203
4874,SYN3,S,0.00024508526919823567
4875,SYNDIG1,G0,0.0001963542394947545
4876,SYNDIG1,G1,0.0006459467602261988
4877,SYNDIG1,G1-G0 transition,0.0005234656852367998
4878,SYNDIG1,G2M,0.0001419684133670633
4879,SYNDIG1,S,0.00031422217177044315
4880,SYNE2,G0,0.0026324254461075154
4881,SYNE2,G1,0.0010133310738106938
4882,SYNE2,G1-G0 transition,0.0026652590875854447
4883,SYNE2,G2M,0.00021544862756452278
4884,SYNE2,S,0.0002865406266996796
4885,SYNGAP1,G0,0.00027829586357926384
4886,SYNGAP1,G1,0.0006241818387223923
4887,SYNGAP1,G1-G0 transition,0.0007337107048612453
4888,SYNGAP1,G2M,0.00021737065629354223
4889,SYNGAP1,S,0.00033099872788523173
4890,SYNM,G0,0.0002297196474455659
4891,SYNM,G1,0.000600404897155603
4892,SYNM,G1-G0 transition,0.0007344461630375453
4893,SYNM,G2M,0.0002566270361021574
4894,SYNM,S,0.0003115912934899595
4895,SYNPO2,G0,0.00030716129622393977
4896,SYNPO2,G1,0.0007120230615188719
4897,SYNPO2,G1-G0 transition,0.0005599733044123466
4898,SYNPO2,G2M,0.0002905800749343672
4899,SYNPO2,S,0.0004584314558370424
4900,SYNPO2L,G0,0.0002558255646699008
4901,SYNPO2L,G1,0.0005687235098223793
4902,SYNPO2L,G1-G0 transition,0.0005479661482997706
4903,SYNPO2L,G2M,0.00014080525670867133
4904,SYNPO2L,S,0.0003180657775725149
4905,SYT12,G0,0.00019471080071884627
4906,SYT12,G1,0.0005473502446439041
4907,SYT12,G1-G0 transition,0.0005538713942319679
4908,SYT12,G2M,0.0002372189238851494
4909,SYT12,S,0.0002413709900665722
4910,SYT5,G0,0.0004350115577622023
4911,SYT5,G1,0.000728042916511537
4912,SYT5,G1-G0 transition,0.00046854339469305903
4913,SYT5,G2M,0.0002525201110624236
4914,SYT5,S,0.0003159744073986337
4915,SYT7,G0,0.0005515984065469099
4916,SYT7,G1,0.0007091904351432736
4917,SYT7,G1-G0 transition,0.0006916001778134985
4918,SYT7,G2M,0.00020194280287736015
4919,SYT7,S,0.00034193733640953446
4920,SYTL4,G0,0.0007036947208017121
4921,SYTL4,G1,0.0006629547640197368
4922,SYTL4,G1-G0 transition,0.0018557455237314757
4923,SYTL4,G2M,0.00025705239092188977
4924,SYTL4,S,0.00041089711844306733
4925,TAC1,G0,0.00032337126413602667
4926,TAC1,G1,0.0006640436184110312
4927,TAC1,G1-G0 transition,0.0005174285819463959
4928,TAC1,G2M,0.00022657356438978874
4929,TAC1,S,0.0003626707859490372
4930,TAC3,G0,0.0002457773874513098
4931,TAC3,G1,0.000639245981540246
4932,TAC3,G1-G0 transition,0.00048220538254376737
4933,TAC3,G2M,0.00017439854181707139
4934,TAC3,S,0.00028312042752731865
4935,TACSTD2,G0,0.0001639451527751161
4936,TACSTD2,G1,0.0007397245749348062
4937,TACSTD2,G1-G0 transition,0.000674424284195463
4938,TACSTD2,G2M,0.00024816450839760395
4939,TACSTD2,S,0.00023033031024922117
4940,TAF4B,G0,0.00029782749053390594
4941,TAF4B,G1,0.0006848966567063028
4942,TAF4B,G1-G0 transition,0.0005733023207474204
4943,TAF4B,G2M,0.000247624344576354
4944,TAF4B,S,0.00032212540849079174
4945,TAFA2,G0,0.00043482366905149756
4946,TAFA2,G1,0.0005534341602995915
4947,TAFA2,G1-G0 transition,0.0007052612241665886
4948,TAFA2,G2M,0.0003240931210203253
4949,TAFA2,S,0.00033953643869097036
4950,TAS1R3,G0,0.00023138599921200128
4951,TAS1R3,G1,0.0005992133842221281
4952,TAS1R3,G1-G0 transition,0.0004788942733317351
4953,TAS1R3,G2M,0.00020708263978290223
4954,TAS1R3,S,0.0002610921466795869
4955,TBC1D10C,G0,0.00018997178175559045
4956,TBC1D10C,G1,0.0007450688735303417
4957,TBC1D10C,G1-G0 transition,0.0006703120038067176
4958,TBC1D10C,G2M,0.00019155084391723524
4959,TBC1D10C,S,0.0003106366790485283
4960,TBKBP1,G0,0.0002326970083174066
4961,TBKBP1,G1,0.0006164789524519804
4962,TBKBP1,G1-G0 transition,0.0005435777616588952
4963,TBKBP1,G2M,0.00016465422873150986
4964,TBKBP1,S,0.00034591120052830773
4965,TBX1,G0,0.00029437096435933025
4966,TBX1,G1,0.0006892536482422137
4967,TBX1,G1-G0 transition,0.0005907151245859094
4968,TBX1,G2M,0.00023978532935550864
4969,TBX1,S,0.0003521128603047356
4970,TBX6,G0,0.00018796217327151296
4971,TBX6,G1,0.0005645529791624667
4972,TBX6,G1-G0 transition,0.0006219121463144775
4973,TBX6,G2M,0.00016983741658166442
4974,TBX6,S,0.000250045062309799
4975,TCF19,G0,0.00044194424295336126
4976,TCF19,G1,0.0009026884869090202
4977,TCF19,G1-G0 transition,0.0007332322757503685
4978,TCF19,G2M,0.0009201904405076298
4979,TCF19,S,0.001994506794449418
4980,TCF21,G0,0.00044864431677394437
4981,TCF21,G1,0.0007061367349425029
4982,TCF21,G1-G0 transition,0.0006770080666041291
4983,TCF21,G2M,0.0001820653221789412
4984,TCF21,S,0.00036264951616965947
4985,TCIM,G0,0.00032925975574334907
4986,TCIM,G1,0.0005425918064368456
4987,TCIM,G1-G0 transition,0.0005428974028720173
4988,TCIM,G2M,0.00015933238067065576
4989,TCIM,S,0.0003067376077039647
4990,TDRD9,G0,0.0
4991,TDRD9,G1,0.0
4992,TDRD9,G1-G0 transition,0.0
4993,TDRD9,G2M,0.0
4994,TDRD9,S,0.0
4995,TEC,G0,0.00022310666532835043
4996,TEC,G1,0.0007049984101566642
4997,TEC,G1-G0 transition,0.0006641146065331846
4998,TEC,G2M,0.0002979148655947504
4999,TEC,S,0.0003873913502248935
5000,TEKT2,G0,0.0006321796028340597
5001,TEKT2,G1,0.0008205719717734054
5002,TEKT2,G1-G0 transition,0.0007260297473443779
5003,TEKT2,G2M,0.00019605157233889016
5004,TEKT2,S,0.0003738392483998724
5005,TEX14,G0,0.0003403886956502127
5006,TEX14,G1,0.0007377091530401426
5007,TEX14,G1-G0 transition,0.0006354374557947025
5008,TEX14,G2M,0.00026243870323999834
5009,TEX14,S,0.00042507415203438877
5010,TEX15,G0,0.0002750268465629613
5011,TEX15,G1,0.0005911301847899659
5012,TEX15,G1-G0 transition,0.00056541764332021
5013,TEX15,G2M,0.0002453652142572686
5014,TEX15,S,0.0002786822901045429
5015,TEX26,G0,0.0003001355574827382
5016,TEX26,G1,0.000533427353318526
5017,TEX26,G1-G0 transition,0.0005275955759080396
5018,TEX26,G2M,0.00013969341922893282
5019,TEX26,S,0.0002102038126705102
5020,TEX38,G0,0.00030619669526811614
5021,TEX38,G1,0.0006338510381944611
5022,TEX38,G1-G0 transition,0.0005692134260909178
5023,TEX38,G2M,0.00018394818065785954
5024,TEX38,S,0.000290640524322149
5025,TFAP2C,G0,0.00031868279192668437
5026,TFAP2C,G1,0.0005772037419784083
5027,TFAP2C,G1-G0 transition,0.0006820884172140497
5028,TFAP2C,G2M,0.00021587656065346668
5029,TFAP2C,S,0.00033257820277724355
5030,TFR2,G0,0.00034312334244824275
5031,TFR2,G1,0.000717500556792604
5032,TFR2,G1-G0 transition,0.0006406188040519048
5033,TFR2,G2M,0.00015959938711251093
5034,TFR2,S,0.00032463576613289566
5035,TH,G0,0.00022510310296836947
5036,TH,G1,0.0004841146745225276
5037,TH,G1-G0 transition,0.0007414542081227174
5038,TH,G2M,0.0002342191804336938
5039,TH,S,0.00029318241634004736
5040,THBS3,G0,0.00046845990035690503
5041,THBS3,G1,0.0008697876903804385
5042,THBS3,G1-G0 transition,0.0006749468939519662
5043,THBS3,G2M,0.00020597095650458423
5044,THBS3,S,0.0004135529524977612
5045,THSD7A,G0,0.0002684749016077271
5046,THSD7A,G1,0.0005594031281826628
5047,THSD7A,G1-G0 transition,0.0006244431943802436
5048,THSD7A,G2M,0.0001923659486654743
5049,THSD7A,S,0.000253406068681025
5050,TICRR,G0,0.00030512405829457087
5051,TICRR,G1,0.0007651844905732557
5052,TICRR,G1-G0 transition,0.0012267600234194065
5053,TICRR,G2M,0.0005323367236458137
5054,TICRR,S,0.0007011995411921769
5055,TIGD3,G0,0.00021556243173526468
5056,TIGD3,G1,0.00044032229101419895
5057,TIGD3,G1-G0 transition,0.0006365548137330039
5058,TIGD3,G2M,0.00022984636834267366
5059,TIGD3,S,0.00026205304066271006
5060,TIMP4,G0,0.00031276876425929474
5061,TIMP4,G1,0.0006845678626327064
5062,TIMP4,G1-G0 transition,0.0005876207590275366
5063,TIMP4,G2M,0.000186738536432415
5064,TIMP4,S,0.00023992433870618634
5065,TLCD2,G0,0.0002646917011027103
5066,TLCD2,G1,0.0005993724638475276
5067,TLCD2,G1-G0 transition,0.0006887548582045317
5068,TLCD2,G2M,0.00024808083727444164
5069,TLCD2,S,0.0003096716814326388
5070,TLR1,G0,0.00028481199975200573
5071,TLR1,G1,0.0006650144448202134
5072,TLR1,G1-G0 transition,0.0006014443248115694
5073,TLR1,G2M,0.0001768507026255113
5074,TLR1,S,0.0003072814400213576
5075,TLR3,G0,0.0003602215705110919
5076,TLR3,G1,0.000724379098336906
5077,TLR3,G1-G0 transition,0.0007061768593687682
5078,TLR3,G2M,0.00022470375293462362
5079,TLR3,S,0.00032483353689971675
5080,TLR5,G0,0.00023838869791169672
5081,TLR5,G1,0.0006565708075222431
5082,TLR5,G1-G0 transition,0.0006754014274332037
5083,TLR5,G2M,0.0002155692486399304
5084,TLR5,S,0.00028041183469290886
5085,TMEFF2,G0,0.0003186342127351093
5086,TMEFF2,G1,0.0005257116404210805
5087,TMEFF2,G1-G0 transition,0.0005616432576166615
5088,TMEFF2,G2M,0.0001433311303354597
5089,TMEFF2,S,0.0002775394663553346
5090,TMEM100,G0,0.00031554986032006636
5091,TMEM100,G1,0.0005575784966174636
5092,TMEM100,G1-G0 transition,0.0005210024433482025
5093,TMEM100,G2M,0.00015989252203560828
5094,TMEM100,S,0.00030786034041140856
5095,TMEM108,G0,0.00023742255277577079
5096,TMEM108,G1,0.0006034888444642396
5097,TMEM108,G1-G0 transition,0.0006748272950816885
5098,TMEM108,G2M,0.00025378546596619605
5099,TMEM108,S,0.00023602730805163139
5100,TMEM119,G0,0.00023304792578097836
5101,TMEM119,G1,0.0006154371659344016
5102,TMEM119,G1-G0 transition,0.0005469475084571767
5103,TMEM119,G2M,0.0002520281272243983
5104,TMEM119,S,0.0002339369257419256
5105,TMEM121,G0,0.000388708493121541
5106,TMEM121,G1,0.0005696564427882187
5107,TMEM121,G1-G0 transition,0.0007373736676804548
5108,TMEM121,G2M,0.00024592206390413934
5109,TMEM121,S,0.00030543314342814813
5110,TMEM125,G0,0.0005407465889349199
5111,TMEM125,G1,0.0007100765833622786
5112,TMEM125,G1-G0 transition,0.0006596659132962731
5113,TMEM125,G2M,0.0002788229289349588
5114,TMEM125,S,0.00024097116755224569
5115,TMEM139,G0,0.0002516904904153844
5116,TMEM139,G1,0.0006797131852039128
5117,TMEM139,G1-G0 transition,0.0005796526052182178
5118,TMEM139,G2M,0.00017582662885772785
5119,TMEM139,S,0.00025700322155453644
5120,TMEM145,G0,0.0002961128224242683
5121,TMEM145,G1,0.0005951810295985107
5122,TMEM145,G1-G0 transition,0.0005692383761356003
5123,TMEM145,G2M,0.0002137748438675635
5124,TMEM145,S,0.0003075093317914266
5125,TMEM169,G0,0.00021887723060948946
5126,TMEM169,G1,0.0006557587020861857
5127,TMEM169,G1-G0 transition,0.0006109106515404627
5128,TMEM169,G2M,0.00018382663870862941
5129,TMEM169,S,0.0003194381021880049
5130,TMEM190,G0,0.0002692882388545061
5131,TMEM190,G1,0.0005611734595777725
5132,TMEM190,G1-G0 transition,0.0005624046433552308
5133,TMEM190,G2M,0.0001956583121515225
5134,TMEM190,S,0.0002950799965939962
5135,TMEM221,G0,0.0004126065734171206
5136,TMEM221,G1,0.0006826347667507356
5137,TMEM221,G1-G0 transition,0.0007040392294619956
5138,TMEM221,G2M,0.0002274034088279004
5139,TMEM221,S,0.00042395783272612144
5140,TMEM240,G0,0.0004579071275471829
5141,TMEM240,G1,0.0006568165501802852
5142,TMEM240,G1-G0 transition,0.0008750400382255035
5143,TMEM240,G2M,0.0002532655792338274
5144,TMEM240,S,0.00037134788704102983
5145,TMEM26,G0,0.00026599063873765627
5146,TMEM26,G1,0.0006274501699933342
5147,TMEM26,G1-G0 transition,0.0005527979574289653
5148,TMEM26,G2M,0.00018602026031288584
5149,TMEM26,S,0.00031519089229367663
5150,TMEM270,G0,0.0
5151,TMEM270,G1,0.0
5152,TMEM270,G1-G0 transition,0.0
5153,TMEM270,G2M,0.0
5154,TMEM270,S,0.0
5155,TMEM35A,G0,0.00040598522285855413
5156,TMEM35A,G1,0.0007872734069667396
5157,TMEM35A,G1-G0 transition,0.0006997401235530417
5158,TMEM35A,G2M,0.0002113645899892708
5159,TMEM35A,S,0.00031008104509239046
5160,TMEM45B,G0,0.0002583379290177579
5161,TMEM45B,G1,0.0006553892906421298
5162,TMEM45B,G1-G0 transition,0.0005743400518954419
5163,TMEM45B,G2M,0.00023810291110523988
5164,TMEM45B,S,0.00028433993869036935
5165,TMEM52,G0,0.0003078857644236068
5166,TMEM52,G1,0.0005523605607776416
5167,TMEM52,G1-G0 transition,0.000619959486361993
5168,TMEM52,G2M,0.00018747655279119474
5169,TMEM52,S,0.0003079697923994286
5170,TMEM71,G0,0.0002664944163116354
5171,TMEM71,G1,0.0007541959192532387
5172,TMEM71,G1-G0 transition,0.00046717041488368284
5173,TMEM71,G2M,0.0002694255091973554
5174,TMEM71,S,0.00033484033882606685
5175,TMEM88,G0,0.00022695009165921354
5176,TMEM88,G1,0.0006585049377804519
5177,TMEM88,G1-G0 transition,0.0005386250179868696
5178,TMEM88,G2M,0.00022462548298354622
5179,TMEM88,S,0.0002662181946345605
5180,TMEM88B,G0,0.00024921943884515
5181,TMEM88B,G1,0.0006442799750701
5182,TMEM88B,G1-G0 transition,0.0006787262213395883
5183,TMEM88B,G2M,0.00024469741030677883
5184,TMEM88B,S,0.0002577810394399965
5185,TMEM95,G0,0.00019253933458442246
5186,TMEM95,G1,0.0004640188823048552
5187,TMEM95,G1-G0 transition,0.0006232606933094032
5188,TMEM95,G2M,0.0001370012615231385
5189,TMEM95,S,0.00024937707738003853
5190,TMIGD3,G0,0.0002676270305628311
5191,TMIGD3,G1,0.000616055975616812
5192,TMIGD3,G1-G0 transition,0.0006010570330931339
5193,TMIGD3,G2M,0.00020961218177357088
5194,TMIGD3,S,0.0003236625760842088
5195,TNFAIP2,G0,0.00021620743563733726
5196,TNFAIP2,G1,0.0006264590197671447
5197,TNFAIP2,G1-G0 transition,0.0008078727208115588
5198,TNFAIP2,G2M,0.00015207377588149034
5199,TNFAIP2,S,0.0003508032192053308
5200,TNFAIP6,G0,0.00040360696920006307
5201,TNFAIP6,G1,0.0006115858857558323
5202,TNFAIP6,G1-G0 transition,0.0006957735176231382
5203,TNFAIP6,G2M,0.00023693122456919626
5204,TNFAIP6,S,0.0002895933217230659
5205,TNFAIP8L1,G0,0.00024117372984801575
5206,TNFAIP8L1,G1,0.000699077402529047
5207,TNFAIP8L1,G1-G0 transition,0.0005580204433684241
5208,TNFAIP8L1,G2M,0.00042166364563637435
5209,TNFAIP8L1,S,0.0005015649281012485
5210,TNFAIP8L2,G0,0.00028117487027678074
5211,TNFAIP8L2,G1,0.0007404429804303707
5212,TNFAIP8L2,G1-G0 transition,0.0005795128925746824
5213,TNFAIP8L2,G2M,0.0002472845714002827
5214,TNFAIP8L2,S,0.00026142838238479225
5215,TNFRSF11B,G0,0.009482399620093541
5216,TNFRSF11B,G1,0.003356919279819688
5217,TNFRSF11B,G1-G0 transition,0.004038638885198354
5218,TNFRSF11B,G2M,0.0012545644022454476
5219,TNFRSF11B,S,0.002305246782097731
5220,TNFRSF14,G0,0.0003248061437043214
5221,TNFRSF14,G1,0.0006156919497790379
5222,TNFRSF14,G1-G0 transition,0.000639935505112452
5223,TNFRSF14,G2M,0.00018328033300812113
5224,TNFRSF14,S,0.00034788697875710504
5225,TNFRSF4,G0,0.00021234347922756002
5226,TNFRSF4,G1,0.0006134784928609115
5227,TNFRSF4,G1-G0 transition,0.0004896759402306389
5228,TNFRSF4,G2M,0.00021973256876436548
5229,TNFRSF4,S,0.00027563227720388
5230,TNNI1,G0,0.00022261386371038496
5231,TNNI1,G1,0.0005731937759559142
5232,TNNI1,G1-G0 transition,0.0004847420020808652
5233,TNNI1,G2M,0.00022106557070360796
5234,TNNI1,S,0.00026516691943024
5235,TNS2,G0,0.0003045742291134965
5236,TNS2,G1,0.000741285114465161
5237,TNS2,G1-G0 transition,0.000930940087023768
5238,TNS2,G2M,0.0002674595114247782
5239,TNS2,S,0.00046815058038542475
5240,TNS4,G0,0.00027076232933912576
5241,TNS4,G1,0.0006368306770720604
5242,TNS4,G1-G0 transition,0.0005639788139893423
5243,TNS4,G2M,0.0002446286945992922
5244,TNS4,S,0.0004615528048604832
5245,TNXB,G0,0.00024425444059834054
5246,TNXB,G1,0.0005881185980462539
5247,TNXB,G1-G0 transition,0.0005076049275450282
5248,TNXB,G2M,0.0001532658836687449
5249,TNXB,S,0.000261175575630747
5250,TOGARAM2,G0,0.0003405159005880984
5251,TOGARAM2,G1,0.0005525112495000582
5252,TOGARAM2,G1-G0 transition,0.0006295162061424924
5253,TOGARAM2,G2M,0.00029997704134593307
5254,TOGARAM2,S,0.0002952897663095043
5255,TONSL,G0,0.00113571858278151
5256,TONSL,G1,0.0011822076950568374
5257,TONSL,G1-G0 transition,0.001685724152806728
5258,TONSL,G2M,0.0010618753380726483
5259,TONSL,S,0.0005494637115435357
5260,TOP2A,G0,0.005882778468843294
5261,TOP2A,G1,0.019938036148043924
5262,TOP2A,G1-G0 transition,0.010084887424292976
5263,TOP2A,G2M,0.014191772308648034
5264,TOP2A,S,0.00708999750505141
5265,TP73,G0,0.0002461067771778689
5266,TP73,G1,0.0006154410504284934
5267,TP73,G1-G0 transition,0.0006330498931756548
5268,TP73,G2M,0.00024955697622985136
5269,TP73,S,0.00042764489991458515
5270,TPH1,G0,0.00023934851685718662
5271,TPH1,G1,0.0006054667174353435
5272,TPH1,G1-G0 transition,0.0005286687351061304
5273,TPH1,G2M,0.00020652932919416054
5274,TPH1,S,0.000282843750334347
5275,TPH2,G0,0.0002914977149448365
5276,TPH2,G1,0.0007437379991231501
5277,TPH2,G1-G0 transition,0.0005842636687376824
5278,TPH2,G2M,0.00021282712316358506
5279,TPH2,S,0.00036946924001763433
5280,TPX2,G0,0.007542907933901144
5281,TPX2,G1,0.010098200728430087
5282,TPX2,G1-G0 transition,0.0022689957788074007
5283,TPX2,G2M,0.002032995788593784
5284,TPX2,S,0.0022152018320274296
5285,TRAIP,G0,0.000292365236635686
5286,TRAIP,G1,0.0006929232932904542
5287,TRAIP,G1-G0 transition,0.000759379769761035
5288,TRAIP,G2M,0.00020031978352572126
5289,TRAIP,S,0.00037753606513197006
5290,TRIM21,G0,0.00021249943451314083
5291,TRIM21,G1,0.0005671139934701333
5292,TRIM21,G1-G0 transition,0.0007490495742801734
5293,TRIM21,G2M,0.00017951796961365848
5294,TRIM21,S,0.00022532851934109003
5295,TRIM34,G0,0.00019926154481315203
5296,TRIM34,G1,0.000578509189041708
5297,TRIM34,G1-G0 transition,0.0006322152177670747
5298,TRIM34,G2M,0.0002158536653595003
5299,TRIM34,S,0.0002707445989448573
5300,TRIM59,G0,0.00033931392776262014
5301,TRIM59,G1,0.0007624724569048542
5302,TRIM59,G1-G0 transition,0.0006529029565561096
5303,TRIM59,G2M,0.0006785641787816617
5304,TRIM59,S,0.00047352796933901347
5305,TRO,G0,0.0002007050715479363
5306,TRO,G1,0.0004942406695536679
5307,TRO,G1-G0 transition,0.0005129833670613625
5308,TRO,G2M,0.0001716149697987673
5309,TRO,S,0.00024220793650851522
5310,TROAP,G0,0.0026428252149600187
5311,TROAP,G1,0.001056006448433282
5312,TROAP,G1-G0 transition,0.004948935086434803
5313,TROAP,G2M,0.000600440026577888
5314,TROAP,S,0.0013256834527040442
5315,TRPC5,G0,0.000171200417463383
5316,TRPC5,G1,0.0004915918098439293
5317,TRPC5,G1-G0 transition,0.0006034019557944693
5318,TRPC5,G2M,0.00014825535731202724
5319,TRPC5,S,0.0002361435214786313
5320,TRPM6,G0,0.00023568290832707444
5321,TRPM6,G1,0.0006042104534849274
5322,TRPM6,G1-G0 transition,0.0007152082959917691
5323,TRPM6,G2M,0.00022508983384598882
5324,TRPM6,S,0.00026973519002433097
5325,TRPV2,G0,0.0018052998494418868
5326,TRPV2,G1,0.0008485804097335131
5327,TRPV2,G1-G0 transition,0.0013793622305618752
5328,TRPV2,G2M,0.00024439065886184885
5329,TRPV2,S,0.0005508066795417759
5330,TSLP,G0,0.0004490938594862149
5331,TSLP,G1,0.0006745321240175114
5332,TSLP,G1-G0 transition,0.0007462362334580738
5333,TSLP,G2M,0.00015742051654583981
5334,TSLP,S,0.0005266077283268596
5335,TSPAN11,G0,0.0006304857084843282
5336,TSPAN11,G1,0.000740643852708538
5337,TSPAN11,G1-G0 transition,0.0006604287661200495
5338,TSPAN11,G2M,0.00028959023922630375
5339,TSPAN11,S,0.0003211255710658839
5340,TSPAN18,G0,0.0004026441882262009
5341,TSPAN18,G1,0.0006310738670937068
5342,TSPAN18,G1-G0 transition,0.0005721645237585899
5343,TSPAN18,G2M,0.0003053037599681632
5344,TSPAN18,S,0.0002889387377116715
5345,TSPAN32,G0,0.0
5346,TSPAN32,G1,0.0
5347,TSPAN32,G1-G0 transition,0.0
5348,TSPAN32,G2M,0.0
5349,TSPAN32,S,0.0
5350,TSPAN7,G0,0.0002995774110915176
5351,TSPAN7,G1,0.000618517239412439
5352,TSPAN7,G1-G0 transition,0.001094732928047464
5353,TSPAN7,G2M,0.00020725870577342897
5354,TSPAN7,S,0.00030856458141385044
5355,TSPOAP1,G0,0.0003141251896207037
5356,TSPOAP1,G1,0.0005904379546997312
5357,TSPOAP1,G1-G0 transition,0.000583757135069765
5358,TSPOAP1,G2M,0.0001629584994447991
5359,TSPOAP1,S,0.00029987176868780395
5360,TSSK6,G0,0.00022174402218874862
5361,TSSK6,G1,0.0006855749340008934
5362,TSSK6,G1-G0 transition,0.0006133784175111866
5363,TSSK6,G2M,0.00019474359240396788
5364,TSSK6,S,0.00031389967907809695
5365,TTC21A,G0,0.00021564495061341283
5366,TTC21A,G1,0.0005785865468055604
5367,TTC21A,G1-G0 transition,0.0006241359767356053
5368,TTC21A,G2M,0.00022998037340276893
5369,TTC21A,S,0.0003039338898538079
5370,TTC36,G0,0.0001590779594586642
5371,TTC36,G1,0.0006177605864818373
5372,TTC36,G1-G0 transition,0.0005593344019920845
5373,TTC36,G2M,0.00016664024041029127
5374,TTC36,S,0.00022847263515528272
5375,TTK,G0,0.00044772661093330407
5376,TTK,G1,0.0009813281375173207
5377,TTK,G1-G0 transition,0.002424856106515422
5378,TTK,G2M,0.0006244317119802246
5379,TTK,S,0.0006798914606948133
5380,TTLL6,G0,0.0002728663450999479
5381,TTLL6,G1,0.0005391492206316456
5382,TTLL6,G1-G0 transition,0.0005500107624020935
5383,TTLL6,G2M,0.00018930792063631167
5384,TTLL6,S,0.00020727083207709482
5385,TUBA8,G0,0.00024732523662638977
5386,TUBA8,G1,0.0005455017799374921
5387,TUBA8,G1-G0 transition,0.0006467974106077118
5388,TUBA8,G2M,0.0002353616898957971
5389,TUBA8,S,0.0003307615099834807
5390,TULP2,G0,0.00020893630602659743
5391,TULP2,G1,0.0004508649868492743
5392,TULP2,G1-G0 transition,0.0005335058450359077
5393,TULP2,G2M,0.00020494735708969264
5394,TULP2,S,0.00032709493271948644
5395,UBALD2,G0,0.0009964137131298356
5396,UBALD2,G1,0.0007722917910681316
5397,UBALD2,G1-G0 transition,0.0008119097950822322
5398,UBALD2,G2M,0.000254815311198538
5399,UBALD2,S,0.0005606438044933843
5400,UBE2C,G0,0.013381112453002237
5401,UBE2C,G1,0.02582502858207977
5402,UBE2C,G1-G0 transition,0.008213992632895295
5403,UBE2C,G2M,0.01715156573936997
5404,UBE2C,S,0.0032651137497327547
5405,UBE2S,G0,0.004944869282460448
5406,UBE2S,G1,0.004429866692942332
5407,UBE2S,G1-G0 transition,0.003856937193039896
5408,UBE2S,G2M,0.001798068574304858
5409,UBE2S,S,0.0012077374629774172
5410,UGT8,G0,0.0014880685857074916
5411,UGT8,G1,0.0008918669238382621
5412,UGT8,G1-G0 transition,0.0008930508902111969
5413,UGT8,G2M,0.0003274621416007607
5414,UGT8,S,0.0006350301338009371
5415,UNC5C,G0,0.0005137945254510057
5416,UNC5C,G1,0.0006102645037351092
5417,UNC5C,G1-G0 transition,0.0005990857204510194
5418,UNC5C,G2M,0.00024721707982477726
5419,UNC5C,S,0.00035261119691817883
5420,UNG,G0,0.0012434484671761032
5421,UNG,G1,0.0018458683993330363
5422,UNG,G1-G0 transition,0.0010079447232081132
5423,UNG,G2M,0.0014354003841399302
5424,UNG,S,0.0009801145488804689
5425,UPB1,G0,0.00033120632703644926
5426,UPB1,G1,0.0008234938280182558
5427,UPB1,G1-G0 transition,0.0005619705749225277
5428,UPB1,G2M,0.0002178150202252622
5429,UPB1,S,0.000233415625754236
5430,VAMP5,G0,0.0022527816291014672
5431,VAMP5,G1,0.0010080651250535596
5432,VAMP5,G1-G0 transition,0.001735104466897092
5433,VAMP5,G2M,0.0004308325164540478
5434,VAMP5,S,0.0004967850076503892
5435,VCAM1,G0,0.0005932504701845902
5436,VCAM1,G1,0.0008476187262872278
5437,VCAM1,G1-G0 transition,0.0008240717761675775
5438,VCAM1,G2M,0.0002325262746004528
5439,VCAM1,S,0.00036181504890047956
5440,VCAN,G0,0.0013239256747011963
5441,VCAN,G1,0.000746913891628814
5442,VCAN,G1-G0 transition,0.0014016888395037615
5443,VCAN,G2M,0.00020504348391333765
5444,VCAN,S,0.00045855182028725183
5445,VILL,G0,0.0007172010321898211
5446,VILL,G1,0.0006786656993664425
5447,VILL,G1-G0 transition,0.0006000655756268816
5448,VILL,G2M,0.0002028803771789963
5449,VILL,S,0.000382405442848771
5450,VMO1,G0,0.0002590774323367406
5451,VMO1,G1,0.0005343403251983993
5452,VMO1,G1-G0 transition,0.0005818345033476106
5453,VMO1,G2M,0.00020789090346956657
5454,VMO1,S,0.0003340250472922787
5455,VSIG2,G0,0.0002669593193647194
5456,VSIG2,G1,0.0005430564015048422
5457,VSIG2,G1-G0 transition,0.0008083372573409617
5458,VSIG2,G2M,0.00023122044758884335
5459,VSIG2,S,0.00024103342981654155
5460,VSIG8,G0,0.0
5461,VSIG8,G1,0.0
5462,VSIG8,G1-G0 transition,0.0
5463,VSIG8,G2M,0.0
5464,VSIG8,S,0.0
5465,VSNL1,G0,0.0002705995494911174
5466,VSNL1,G1,0.0005972961669432
5467,VSNL1,G1-G0 transition,0.0006979640330607913
5468,VSNL1,G2M,0.00019147676840678833
5469,VSNL1,S,0.00028042847301557765
5470,VSTM2L,G0,0.0001911836849272706
5471,VSTM2L,G1,0.0006141762977651214
5472,VSTM2L,G1-G0 transition,0.0006660618798766069
5473,VSTM2L,G2M,0.0001713132205699374
5474,VSTM2L,S,0.0002469318497083805
5475,VWA3B,G0,0.00019247034242939292
5476,VWA3B,G1,0.0006510773459778784
5477,VWA3B,G1-G0 transition,0.00045111318728436684
5478,VWA3B,G2M,0.00019343313576391187
5479,VWA3B,S,0.00024325702285442428
5480,VWA5B2,G0,0.003614657313426984
5481,VWA5B2,G1,0.0020331293023158744
5482,VWA5B2,G1-G0 transition,0.0019397686987546647
5483,VWA5B2,G2M,0.00029487905427654735
5484,VWA5B2,S,0.0006990543933144036
5485,WDHD1,G0,0.0005530825794393003
5486,WDHD1,G1,0.0008304592515665186
5487,WDHD1,G1-G0 transition,0.0010667341441216018
5488,WDHD1,G2M,0.0009538523418583
5489,WDHD1,S,0.0005890733059896097
5490,WDR76,G0,0.0020335701480490844
5491,WDR76,G1,0.0015255453742987531
5492,WDR76,G1-G0 transition,0.0018238527197022634
5493,WDR76,G2M,0.0010086806305867947
5494,WDR76,S,0.0007659365060756515
5495,WFDC3,G0,0.0004788489552820646
5496,WFDC3,G1,0.0005965551804536001
5497,WFDC3,G1-G0 transition,0.0008191284897956494
5498,WFDC3,G2M,0.00024135858983291615
5499,WFDC3,S,0.0004000645010866938
5500,WFIKKN1,G0,0.0002413497630697012
5501,WFIKKN1,G1,0.0006943081185145567
5502,WFIKKN1,G1-G0 transition,0.0005890803124767603
5503,WFIKKN1,G2M,0.0001636220860857017
5504,WFIKKN1,S,0.00023344739823597752
5505,WNT5B,G0,0.003837049047569153
5506,WNT5B,G1,0.0009110369338929173
5507,WNT5B,G1-G0 transition,0.0035146145617308516
5508,WNT5B,G2M,0.00022170847066776478
5509,WNT5B,S,0.0006001082172984305
5510,WNT9B,G0,0.0002611848406759703
5511,WNT9B,G1,0.0005687160184017838
5512,WNT9B,G1-G0 transition,0.0006038345316831856
5513,WNT9B,G2M,0.00022438357500432972
5514,WNT9B,S,0.0003788453131835464
5515,XAF1,G0,0.0002557210380688892
5516,XAF1,G1,0.0005757101422755773
5517,XAF1,G1-G0 transition,0.0005451063377976045
5518,XAF1,G2M,0.0001505106696481501
5519,XAF1,S,0.0002422143624789119
5520,XKRX,G0,0.0002458665933469983
5521,XKRX,G1,0.0006426272414972902
5522,XKRX,G1-G0 transition,0.0007278988112315991
5523,XKRX,G2M,0.00021935193464519458
5524,XKRX,S,0.00019262193137345584
5525,YPEL2,G0,0.0008989767450268075
5526,YPEL2,G1,0.0008820710666858993
5527,YPEL2,G1-G0 transition,0.0007092164434718698
5528,YPEL2,G2M,0.00020091095378769452
5529,YPEL2,S,0.0004319209963346183
5530,YPEL3,G0,0.0033105856586440026
5531,YPEL3,G1,0.0018222056851135745
5532,YPEL3,G1-G0 transition,0.0014673994064243348
5533,YPEL3,G2M,0.000583139725376013
5534,YPEL3,S,0.0011023642603052647
5535,YPEL4,G0,0.0002808157840857209
5536,YPEL4,G1,0.0006177152501779634
5537,YPEL4,G1-G0 transition,0.000520709652544498
5538,YPEL4,G2M,0.0001831434171696263
5539,YPEL4,S,0.0002521206384283105
5540,ZBP1,G0,0.0003520245110300848
5541,ZBP1,G1,0.0006000271943115708
5542,ZBP1,G1-G0 transition,0.000698738972549602
5543,ZBP1,G2M,0.00026020163339228686
5544,ZBP1,S,0.0003344386236225161
5545,ZBTB32,G0,0.0002613779478382105
5546,ZBTB32,G1,0.000710584756532524
5547,ZBTB32,G1-G0 transition,0.0005555850999786979
5548,ZBTB32,G2M,0.0002592756092276611
5549,ZBTB32,S,0.00031370511020979567
5550,ZFR2,G0,0.0003044361645935279
5551,ZFR2,G1,0.0005986106430632737
5552,ZFR2,G1-G0 transition,0.0006931022416138573
5553,ZFR2,G2M,0.00021494920457797666
5554,ZFR2,S,0.00025288541544819706
5555,ZFYVE28,G0,0.0002966129290034455
5556,ZFYVE28,G1,0.0006341479671605479
5557,ZFYVE28,G1-G0 transition,0.0006112257203192657
5558,ZFYVE28,G2M,0.0002389469722879875
5559,ZFYVE28,S,0.00030070129272482816
5560,ZMAT1,G0,0.00025624539852351
5561,ZMAT1,G1,0.0005660192627043708
5562,ZMAT1,G1-G0 transition,0.0005057598108896452
5563,ZMAT1,G2M,0.00021796063440612432
5564,ZMAT1,S,0.00027315312127411775
5565,ZMAT4,G0,0.0002638084319859795
5566,ZMAT4,G1,0.0005728942624080597
5567,ZMAT4,G1-G0 transition,0.0005554335510179589
5568,ZMAT4,G2M,0.00021264862844903547
5569,ZMAT4,S,0.00027579631034838455
5570,ZMYM1,G0,0.0001866185232007693
5571,ZMYM1,G1,0.0006448783492529355
5572,ZMYM1,G1-G0 transition,0.0004686482888913977
5573,ZMYM1,G2M,0.00017064489919938532
5574,ZMYM1,S,0.0003715890819000024
5575,ZMYND10,G0,0.00033091979411344476
5576,ZMYND10,G1,0.000615835998117159
5577,ZMYND10,G1-G0 transition,0.0005558017991126443
5578,ZMYND10,G2M,0.0001973835179660831
5579,ZMYND10,S,0.00033941477205948065
5580,ZNF367,G0,0.0003300881999322545
5581,ZNF367,G1,0.0009839156209927786
5582,ZNF367,G1-G0 transition,0.0006470798814820144
5583,ZNF367,G2M,0.0002505744937099069
5584,ZNF367,S,0.0002656940979139725
5585,ZNF469,G0,0.0010396888033214074
5586,ZNF469,G1,0.0008774553057576973
5587,ZNF469,G1-G0 transition,0.0006861422099008803
5588,ZNF469,G2M,0.00019853022723653068
5589,ZNF469,S,0.0006862543479008263
5590,ZNF608,G0,0.00029241487052349716
5591,ZNF608,G1,0.0007543538272520395
5592,ZNF608,G1-G0 transition,0.0008709463685292069
5593,ZNF608,G2M,0.00014370966587614229
5594,ZNF608,S,0.0003069270923828035
