cell_id,dim1,dim2,dim3,library,phase,fucci_time_hrs
SRR11286370,0.6399539000000001,-0.75806874,-0.1256607,U2OS,G2M,20.346400000000006
SRR11286371,0.7809808000000001,-0.62443686,-0.012143682,U2OS,G2M,25.204103
SRR11286372,0.9908636999999999,0.02717057,0.13210152,U2OS,G2M,22.762535
SRR11286374,0.01787994,0.0016869325,0.9998386999999999,U2OS,G1,1.0936190000000001
SRR11286375,0.93187964,-0.29946765,-0.20474198,U2OS,S,14.75114
SRR11286377,0.9485707,-0.31652546,0.0050001559999999995,U2OS,G2M,22.253875
SRR11286378,-0.13015307,0.8799551,-0.45687965,U2OS,G1,4.0947130000000005
SRR11286379,0.7181334,-0.6957903,0.012655214,U2OS,G2M,21.36372
SRR11286380,0.16021416,-0.39792398,0.90332055,U2OS,G1,0.152598
SRR11286381,0.88654137,-0.42817038,-0.17525539,U2OS,G2M,24.034185
SRR11286383,0.9410334,0.19037594,-0.27966616,U2OS,S,12.284139
SRR11286384,0.52953315,0.8379613000000001,-0.13196725,U2OS,G1,5.315497
SRR11286385,0.9019765,0.2764741,-0.3316632,U2OS,S,11.622881
SRR11286386,0.41492376,-0.6713823,0.6140717,U2OS,G2M,16.709481
SRR11286387,0.9915733,-0.119574055,0.04984337,U2OS,S,15.285232999999998
SRR11286388,0.46624717,-0.8259298,0.31694388,U2OS,S,15.768460000000001
SRR11286389,0.37579143,-0.65531987,0.6552379,U2OS,G2M,19.83774
SRR11286390,-0.9072355,0.3231236,-0.2692861,U2OS,G1-G0 transition,3.713218
SRR11286391,0.7594986,0.6502239000000001,-0.019256381,U2OS,S,9.893436999999999
SRR11286392,0.5385310999999999,-0.6507546999999999,0.5352593000000001,U2OS,G2M,21.007658
SRR11286393,0.48411372,-0.5485225,0.68173087,U2OS,G2M,16.887512
SRR11286394,0.8861786,0.4612468,-0.04403195,U2OS,S,12.258706
SRR11286396,0.7025029,0.3272859,-0.6319599,U2OS,S,9.054148
SRR11286397,0.8652164000000001,-0.4995826,-0.042634048,U2OS,G2M,24.746309
SRR11286398,0.85672003,0.46472420000000003,-0.22374569,U2OS,S,10.529262
SRR11286399,0.36072555,-0.785279,0.50320387,U2OS,G2M,18.794987
SRR11286401,0.48550975,0.57777363,-0.65609294,U2OS,S,8.621787000000001
SRR11286402,0.8973386999999999,-0.2720308,-0.34753782,U2OS,S,15.208934
SRR11286403,0.2799122000000001,-0.07346975,0.9572101000000001,U2OS,G1,1.322516
SRR11286404,0.54267496,-0.45835444,0.70385724,U2OS,G2M,25.305835000000002
SRR11286405,0.50301135,-0.8295296999999998,0.24261075,U2OS,G2M,22.457339
SRR11286406,0.5096281,0.49281165,0.70527714,U2OS,G1,6.8160440000000015
SRR11286407,0.7733029,-0.57361287,-0.2701312,U2OS,S,13.886417999999999
SRR11286408,0.3848017,-0.73630977,0.5565747,U2OS,G2M,18.947585
SRR11286411,0.9130030000000001,0.29585433,-0.28088367,U2OS,S,10.605561
SRR11286412,0.9541854999999999,-0.13349706,-0.2677845,U2OS,G2M,23.144029999999997
SRR11286413,0.8639171,0.28335562,-0.4163612,U2OS,S,10.910757
SRR11286414,0.55138826,-0.61123574,0.5677691,U2OS,G2M,20.651595999999998
SRR11286416,0.24936941,-0.8049833000000001,0.53834623,U2OS,G2M,21.261988
SRR11286417,-0.8127465,-0.39222896,-0.43081257,U2OS,G1-G0 transition,2.212671
SRR11286419,0.23661369,-0.18779184,0.95328295,U2OS,G1,0.152598
SRR11286420,0.4388193,-0.7679590000000001,0.46655813,U2OS,G2M,18.286327
SRR11286422,0.8469754,-0.10893895,-0.52035093,U2OS,S,12.360438
SRR11286423,0.10752509,0.97348183,0.20191981,U2OS,G1,7.146673000000002
SRR11286424,0.24275677,0.8207815999999999,-0.5170947,U2OS,G1,7.2738380000000005
SRR11286425,0.23629366,0.21022229,0.9486684999999999,U2OS,G1,1.424248
SRR11286426,0.8049046999999999,0.5677933000000001,-0.17245054,U2OS,S,11.546582
SRR11286427,0.24181995,-0.41864678,0.8753617,U2OS,G1,1.7294440000000002
SRR11286428,0.58785915,0.7144279,0.37949234,U2OS,G1,5.213765
SRR11286429,0.732376,0.4372957,-0.5219175,U2OS,S,10.554694999999999
SRR11286430,0.9283928,-0.37156364,0.0052027837,U2OS,G2M,22.431906
SRR11286431,0.88725275,-0.42705107,-0.17438436,U2OS,S,11.826345
SRR11286432,0.24062333,-0.8320053,0.4998675,U2OS,G2M,21.236555
SRR11286433,0.08207202,-0.17897497,0.9804244000000001,U2OS,G1,1.7548770000000002
SRR11286434,0.98958045,-0.13981144,0.034400005,U2OS,G2M,22.63537
SRR11286435,0.31064224,-0.61754763,0.72258997,U2OS,S,15.743027
SRR11286436,0.35447308,-0.85418904,0.3804075,U2OS,G2M,22.533638
SRR11286437,0.93104607,-0.34588873,0.11625021,U2OS,G2M,23.271195000000002
SRR11286438,0.14662214,-0.85256445,0.501633,U2OS,G2M,23.016865
SRR11286441,0.50671715,0.8613799000000001,0.035530332000000005,U2OS,S,9.486509
SRR11286442,0.47152132,-0.82613784,0.30848655,U2OS,G2M,20.727895
SRR11286443,0.82637036,0.301292,-0.47574693,U2OS,S,11.165087
SRR11286444,0.83363765,0.5417596,0.10744723,U2OS,S,10.402097
SRR11286445,0.73683023,-0.66227484,-0.1359163,U2OS,G2M,18.515224
SRR11286446,0.28487077,0.8798271000000001,0.38046396,U2OS,G1,5.747858
SRR11286447,0.63191396,-0.7724519,0.06326798,U2OS,G2M,24.008751999999998
SRR11286449,0.89562535,-0.30858228,-0.32036236,U2OS,G2M,18.260894
SRR11286450,0.81375206,0.039414275,-0.57987416,U2OS,S,9.562808
SRR11286451,0.8716078000000002,-0.0061897184,-0.49016464,U2OS,S,13.47949
SRR11286452,-0.9377880999999999,0.25536728,-0.23524675,U2OS,G1-G0 transition,3.204558
SRR11286453,0.8063161,-0.5787978,0.12185041,U2OS,G2M,20.804194
SRR11286454,0.5427466,0.7430789000000001,0.3914843,U2OS,G1,4.603373
SRR11286456,-0.17907725,0.5315449999999999,0.82788366,U2OS,G1,3.611486
SRR11286457,-0.08178118,0.18876123,-0.9786118,U2OS,G1-G0 transition,5.696992
SRR11286459,-0.95889187,0.23809576,-0.15439162,U2OS,G1-G0 transition,1.475114
SRR11286460,-0.9044965,-0.34053198,-0.25675657,U2OS,G1-G0 transition,4.679672
SRR11286461,0.9638252,-0.16023251,-0.21299422,U2OS,S,12.20784
SRR11286462,0.30196047,-0.78226614,0.5448666999999999,U2OS,G2M,18.973018
SRR11286463,0.27938655,0.655846,0.701291,U2OS,G1,5.747858
SRR11286464,-0.6160035,0.03774418,-0.7868385999999999,U2OS,G1-G0 transition,7.629899999999999
SRR11286465,0.44023886,-0.71325904,0.545391,U2OS,G2M,19.176482
SRR11286466,0.9289054,-0.36743796,-0.04608619,U2OS,G2M,17.014677000000002
SRR11286467,-0.84152025,0.25696610000000003,0.4751970999999999,U2OS,G1-G0 transition,0.813856
SRR11286468,0.9484658000000001,-0.30298758,0.09279611,U2OS,G2M,23.525525
SRR11286469,0.6061029,0.7805917,0.15269521,U2OS,S,9.15588
SRR11286470,0.37038574,-0.84227455,0.39164773,U2OS,G2M,20.549864000000003
SRR11286471,0.7479908000000001,-0.5651656999999999,-0.34799084,U2OS,S,15.056335999999998
SRR11286472,0.8241558000000001,0.5180144,-0.22897266,U2OS,S,10.961623
SRR11286475,0.36368653,-0.81152743,0.4573349,U2OS,G2M,22.279308
SRR11286476,-0.27171648,0.40263426,0.8741029,U2OS,G1,3.9166819999999998
SRR11286477,0.9992315,0.03675954,0.0136074405,U2OS,S,14.623974999999998
SRR11286478,-0.8855829,0.4259962000000001,0.18512219,U2OS,G1-G0 transition,2.848496
SRR11286479,0.44350708,0.6100858,-0.6565797,U2OS,S,8.570921
SRR11286480,0.9609989999999999,-0.19032982,0.20063764,U2OS,G2M,23.65269
SRR11286482,-0.7664850000000001,0.4943366,0.41003898,U2OS,G1-G0 transition,2.4924340000000003
SRR11286483,-0.8483673,-0.04048797,-0.5278576,U2OS,G1-G0 transition,2.4670009999999998
SRR11286484,0.40179855,-0.8468476,0.34843525,U2OS,G2M,24.898907
SRR11286485,-0.31109652,0.5518163,0.77376866,U2OS,G1,3.4588880000000004
SRR11286486,0.98502344,0.15417135,0.07719981,U2OS,G2M,22.406473000000002
SRR11286487,0.40976173,0.8702943000000001,0.27328244,U2OS,G1,3.331723
SRR11286489,-0.45210373,0.59591174,0.66369534,U2OS,G1,3.05196
SRR11286490,0.82942075,-0.024478257000000003,-0.55808777,U2OS,S,10.300365
SRR11286491,0.77228373,-0.598459,0.21313037,U2OS,G2M,18.794987
SRR11286492,-0.9444958000000001,0.22284020000000002,-0.24139175,U2OS,G1-G0 transition,4.959435
SRR11286493,0.7030158000000001,-0.61215466,0.36198804,U2OS,G2M,24.822608
SRR11286494,0.22582676,0.9734289,0.03792517,U2OS,G1,8.011395
SRR11286495,0.30387828,0.14165452,0.94212097,U2OS,G1,1.042753
SRR11286496,0.34911970000000003,-0.8061856,0.47768214,U2OS,G2M,20.168369000000002
SRR11286497,0.9141389000000001,-0.31193972,-0.25892800000000005,U2OS,S,15.437831
SRR11286498,0.7982264,0.35708413,-0.4851038,U2OS,S,11.037922
SRR11286499,0.97247875,0.15419000000000002,-0.17467204,U2OS,G2M,24.186783
SRR11286500,0.91163987,-0.4042735,-0.073997706,U2OS,G2M,24.898907
SRR11286502,0.9206184000000001,-0.35885370000000005,0.153902,U2OS,G2M,22.279308
SRR11286504,0.76430064,0.6103108,-0.20824291,U2OS,S,9.791705
SRR11286505,0.7803104999999999,0.012461028,-0.6252681,U2OS,S,11.139654
SRR11286506,0.21707168,-0.085187495,0.9724315,U2OS,G1,1.805743
SRR11286507,-0.47899179999999997,0.21878876,0.85011667,U2OS,G1,1.3733819999999999
SRR11286508,0.73160356,0.35967064,-0.5791314000000001,U2OS,S,9.715406
SRR11286509,0.99119425,-0.13225465,-0.006540125,U2OS,G2M,22.075844
SRR11286510,0.97643757,-0.110729046,-0.18522662,U2OS,S,13.962717000000001
SRR11286511,0.46716666,0.8017236999999999,0.3728194,U2OS,G1,5.900456
SRR11286512,-0.009447903,-0.9174188,0.39781088,U2OS,S,16.226254
SRR11286513,0.80931145,-0.5851199,0.05147569,U2OS,G2M,25.127804
SRR11286514,0.103449814,-0.5286552,0.84250927,U2OS,S,16.353419
SRR11286515,0.43164787,-0.6754916999999999,0.59782195,U2OS,G2M,18.464357999999997
SRR11286516,-0.6874893,0.19773751,0.6987548000000001,U2OS,G1,2.4161349999999997
SRR11286517,-0.06083982,0.11279652,0.9917537000000001,U2OS,G1,2.594166
SRR11286518,0.63288164,-0.711457,0.30543359999999997,U2OS,G2M,16.836646000000002
SRR11286519,0.2641967,-0.86452866,0.42754003,U2OS,G2M,23.39836
SRR11286520,0.19533879999999998,-0.22835635,0.9537799000000001,U2OS,G1,0.534093
SRR11286521,0.9009814,-0.22625789,0.37018877,U2OS,G2M,19.125616
SRR11286522,0.94528776,-0.16827866,-0.2794875999999999,U2OS,S,14.191614000000001
SRR11286523,0.2657107,0.24515949999999997,0.93235964,U2OS,G1,2.5687330000000004
SRR11286524,0.61471885,-0.7751933000000001,0.14558905,U2OS,G2M,20.905926
SRR11286525,0.9761963,-0.21625826,0.016522774,U2OS,S,13.784685999999999
SRR11286526,0.97433424,0.18396685,-0.12972586,U2OS,S,10.1732
SRR11286527,0.7128524,-0.69301444,0.107574806,U2OS,G2M,17.243574000000002
SRR11286528,-0.8771635,0.34275013,-0.33631300000000003,U2OS,G1-G0 transition,2.085506
SRR11286529,0.6504025999999999,0.75657094,0.06765222,U2OS,G1,6.61258
SRR11286530,0.054189082,0.99395835,0.095447965,U2OS,G1,6.383683
SRR11286531,0.9193261999999999,-0.16442084,-0.35749853,U2OS,S,12.335005
SRR11286532,0.31902075,0.69598824,0.6432932,U2OS,G1,7.477302000000001
SRR11286533,0.33234063,-0.80089426,0.49811459999999996,U2OS,G2M,20.270101
SRR11286534,0.30855104,-0.82734936,0.4693499,U2OS,G2M,17.574202999999994
SRR11286535,0.93374974,0.35670352,-0.02956225,U2OS,S,14.089882000000001
SRR11286536,0.11073068,0.99297565,-0.041691217999999995,U2OS,G1,7.502734999999999
SRR11286537,0.5828972,-0.70905507,0.39682725,U2OS,G2M,21.567184
SRR11286538,0.9409625,-0.33568020000000004,0.043687355,U2OS,G2M,22.559071
SRR11286539,0.5960679,-0.7545911999999999,0.27439952,U2OS,G2M,19.939472
SRR11286540,0.73213613,-0.5077814,0.45402065,U2OS,G2M,21.338287
SRR11286541,-0.65752655,0.72400576,-0.20850547,U2OS,G1-G0 transition,7.655333000000001
SRR11286542,-0.96996975,0.0010365928,-0.24322298,U2OS,G1-G0 transition,3.3571560000000003
SRR11286543,0.9700607,-0.01877894,-0.24213575,U2OS,S,11.088788000000001
SRR11286544,0.44873434,-0.82308877,0.34808367,U2OS,G2M,18.235460999999997
SRR11286545,0.012990802,-0.3666966,0.9302499,U2OS,G1,0.406928
SRR11286546,0.9558767,0.25613009999999997,-0.14386486,U2OS,S,12.411304
SRR11286547,0.23918438,-0.09768499,0.9660479,U2OS,G1,1.398815
SRR11286549,0.89252335,0.4476059,-0.055234972,U2OS,S,9.232178999999999
SRR11286550,-0.22715935,0.07998503,0.9705673,U2OS,G1,1.602279
SRR11286551,0.24214478,-0.6531008,0.71751314,U2OS,G2M,17.065542999999998
SRR11286552,0.28276274,-0.93333405,0.22120738,U2OS,G2M,20.753328
SRR11286553,-0.6938087,0.013161748000000001,-0.72003907,U2OS,G1-G0 transition,5.84959
SRR11286554,-0.93915075,0.037080563999999996,-0.341498,U2OS,G1-G0 transition,7.222971999999999
SRR11286555,0.42606068,-0.81301457,0.3968369,U2OS,G2M,23.322060999999998
SRR11286556,0.33972886,-0.8445461999999999,0.41391528,U2OS,G2M,19.710575
SRR11286558,0.7445714,0.42893144,-0.5114988,U2OS,S,10.42753
SRR11286559,0.9944761000000001,-0.06466105,-0.08268161,U2OS,S,14.878305
SRR11286560,0.9261767,0.3367619,-0.16967039,U2OS,S,9.740839
SRR11286561,0.11346871,0.4223829000000001,0.8992873,U2OS,G1,2.1872380000000002
SRR11286562,0.48275524,-0.8031590999999999,0.34911716,U2OS,G2M,21.974111999999998
SRR11286563,0.9699309000000002,0.23350208,-0.06863479,U2OS,S,12.640201
SRR11286564,0.70931846,0.18041965,-0.68140745,U2OS,S,10.046035
SRR11286565,-0.10917918,0.2608042,0.9591980999999999,U2OS,G1,4.247311
SRR11286566,0.063612,0.69279593,-0.7183225999999999,U2OS,G1,7.121239999999999
SRR11286568,-0.23682852,0.96851695,0.0767272,U2OS,G1,5.417229
SRR11286569,0.67544657,-0.7220999,0.1494777,U2OS,G2M,23.423793
SRR11286570,0.42423892,0.3362299,-0.8408155999999999,U2OS,G1,6.866910000000002
SRR11286571,0.23105095,-0.72118133,0.6530796,U2OS,G2M,20.626163000000002
SRR11286572,0.9117757,-0.23123809999999997,-0.33940244,U2OS,G2M,19.049317000000002
SRR11286573,-0.6616451999999999,0.5560326999999999,0.5030439,U2OS,G1,7.426436
SRR11286574,0.8539763000000001,-0.5173656,-0.055290923,U2OS,G2M,23.042298000000002
SRR11286575,0.42589560000000004,0.07152747,0.9019405999999999,U2OS,G1,3.026527
SRR11286576,0.8724975,-0.44944229999999996,-0.19170219,U2OS,G2M,23.856154
SRR11286577,0.39391237,-0.63646007,0.66313773,U2OS,G2M,20.829627
SRR11286578,0.5153930999999999,-0.85554236,0.04916577,U2OS,G2M,20.931359
SRR11286579,-0.93728226,0.06182722400000001,-0.34304407,U2OS,G1-G0 transition,4.7051050000000005
SRR11286580,0.3252531,0.029766405,0.94515836,U2OS,G1,0.8392890000000001
SRR11286581,0.26107620000000004,-0.45845774,0.8495031,U2OS,G1,0.661258
SRR11286582,0.8470453000000001,-0.50848883,-0.15476944,U2OS,S,16.149955
SRR11286583,0.6102626999999999,-0.6625920999999999,-0.4342247,U2OS,G2M,22.38104
SRR11286584,-0.69764835,0.60282475,-0.38715538,U2OS,G1-G0 transition,7.579034
SRR11286585,0.9470065999999999,-0.22582252,-0.22843544,U2OS,G2M,25.17867
SRR11286586,0.28839383,-0.7215331,0.6294592,U2OS,G2M,18.108296
SRR11286587,0.85488635,-0.28907117,-0.43082175,U2OS,G2M,19.303647
SRR11286590,-0.12624712,0.12473783,0.9841251,U2OS,G1,1.856609
SRR11286593,0.6266943,-0.74077874,0.24187008,U2OS,G2M,23.372927
SRR11286594,0.7461784,0.6187089,0.24579903,U2OS,S,8.926983
SRR11286595,0.9612499,0.14360687,-0.23532034,U2OS,S,15.00547
SRR11286596,0.6994589,0.69415474,-0.17001875,U2OS,S,10.452963
SRR11286597,0.9962268,-0.063981295,-0.05863904,U2OS,G2M,22.660803
SRR11286599,-0.25753072,0.648782,0.7160723000000001,U2OS,G1,5.0357340000000015
SRR11286600,0.52422017,-0.8217173000000001,-0.22354841,U2OS,G2M,24.771742
SRR11286601,0.37087226,0.35547426,0.8579578999999999,U2OS,G1,2.721331
SRR11286602,0.8808359,0.2836073,-0.3790712,U2OS,S,10.783592
SRR11286603,0.86095273,-0.39450353,-0.3211341,U2OS,S,15.081769
SRR11286604,0.12797657,0.0048762914,0.99176526,U2OS,G1,2.03464
SRR11286605,0.9807271999999999,0.15443921,-0.11967841,U2OS,S,14.039016000000002
SRR11286606,0.94562066,-0.07701671,-0.31602213,U2OS,S,13.072562
SRR11286607,0.09951171,-0.07624513,0.99211097,U2OS,G1,1.195351
SRR11286608,0.83692646,-0.52303535,-0.16120794,U2OS,S,13.148860999999998
SRR11286609,-0.010368737,0.32508355,0.9456285,U2OS,G1,3.662352
SRR11286610,0.25482976,-0.9387766,0.2318627,U2OS,G2M,22.355607
SRR11286611,0.9146303,0.38286793,-0.12985936,U2OS,S,12.869098
SRR11286613,0.43113595,-0.8738973,0.22455586,U2OS,G2M,23.169463
SRR11286614,0.96080375,0.15600458,0.22916955,U2OS,G2M,19.761441
SRR11286615,0.26117888,-0.8109329000000001,0.5236157,U2OS,G2M,22.8897
SRR11286616,0.6925134000000001,-0.63129115,0.34913692,U2OS,G2M,24.263082
SRR11286617,0.19026081,0.15962897,0.9686689,U2OS,G1,1.068186
SRR11286618,0.97011006,0.22838323,-0.08202182,U2OS,S,10.732726
SRR11286619,0.65825254,-0.6297749,-0.4124162,U2OS,G2M,16.938378
SRR11286620,0.82311547,0.027852442,-0.56719065,U2OS,S,9.740839
SRR11286621,-0.22756577,0.0873409959999999,0.9698377,U2OS,G1,2.924795
SRR11286622,0.6858135000000001,0.38648593,-0.6166754,U2OS,S,9.359344
SRR11286623,0.4073456,0.6892227,0.5992008000000001,U2OS,G1,3.81495
SRR11286624,0.21856317,-0.8438896,0.48998034,U2OS,G2M,19.07475
SRR11286625,0.89496344,-0.36772874,0.25261816,U2OS,G2M,18.362626000000002
SRR11286626,0.24240838,-0.9669966999999998,0.078456275,U2OS,G2M,21.389153
SRR11286628,-0.8231328000000001,0.33540517,0.45820943,U2OS,G1-G0 transition,4.120146
SRR11286629,-0.32866704,0.8932382,0.30676314,U2OS,G1,7.1721059999999985
SRR11286630,0.3070133,-0.42654064,0.8507678,U2OS,G2M,16.760347
SRR11286631,0.33956575,0.93070406,-0.13595928,U2OS,G1,5.8241570000000005
SRR11286633,0.84169126,0.46491554,-0.27460814,U2OS,S,12.131541
SRR11286634,0.4448497,-0.02290039,0.8953125,U2OS,G1,0.457794
SRR11286635,0.8755196,-0.43391663,-0.21256012,U2OS,G2M,16.912945
SRR11286636,0.94415116,0.21212378,-0.25215474,U2OS,S,11.69918
SRR11286638,0.8281605,-0.49473026,-0.26342392,U2OS,G2M,21.770648
SRR11286639,0.5608920999999999,-0.31712914,0.76474124,U2OS,G2M,18.006563999999994
SRR11286640,0.29591998,-0.91088253,0.28761837,U2OS,G2M,18.922152
SRR11286641,-0.69393504,0.60579646,-0.389185,U2OS,G1-G0 transition,9.130447
SRR11286642,0.8057623,0.55683506,-0.2016975,U2OS,S,9.868003999999999
SRR11286643,0.20055845,-0.7480544,0.63260645,U2OS,G2M,17.040110000000002
SRR11286644,0.0072629075,-0.7637672,0.64545083,U2OS,G2M,17.904832
SRR11286645,0.88373125,-0.44718245,-0.1380108,U2OS,G2M,21.948679000000002
SRR11286647,0.6405149,0.74816686,0.17316744,U2OS,S,11.470283
SRR11286649,0.91432375,0.30387214,-0.26771998,U2OS,S,12.97083
SRR11286650,0.22087476,0.7554363000000001,0.6168713,U2OS,G1,4.527074
SRR11286651,0.14990212,0.7198405999999999,0.6777601,U2OS,G1,3.865816
SRR11286652,0.42885584,-0.6990303000000001,0.5722232,U2OS,G2M,21.083957
SRR11286653,-0.044819906,0.19071689,0.9806213,U2OS,G1,3.3825890000000003
SRR11286654,0.7214555,0.6015708000000001,-0.34294978,U2OS,S,10.478396
SRR11286656,0.93612665,0.34004053,0.0896622,U2OS,S,13.047129
SRR11286657,0.37980992,-0.82742745,0.41365254,U2OS,G2M,22.203008999999998
SRR11286658,0.44952238,0.34392878,0.8244045,U2OS,G1,3.6369190000000002
SRR11286659,0.90096605,0.41469675,-0.12761903,U2OS,S,10.68186
SRR11286661,0.543992,-0.71305656,0.44229284,U2OS,G2M,17.599636
SRR11286662,0.2471621,-0.81325895,0.52680254,U2OS,G2M,18.693254999999997
SRR11286663,0.8751085,-0.4097467000000001,0.25747398,U2OS,G2M,20.473565
SRR11286664,-0.8619440999999999,0.15783885,-0.48180842,U2OS,G1-G0 transition,5.518961
SRR11286665,-0.027743083999999998,0.6584248,0.752135,U2OS,G1,3.9421150000000003
SRR11286666,0.54708844,-0.6972049,0.46324888,U2OS,G2M,19.379946
SRR11286667,-0.18844397,0.96619767,0.17592856,U2OS,G1,4.476208
SRR11286668,0.98748267,-0.09204901,-0.12808181,U2OS,S,12.945397
SRR11286669,0.5770232,0.66780096,0.47019783,U2OS,G1,6.129353
SRR11286670,0.94795936,-0.22317183,-0.22708447,U2OS,S,13.276026000000002
SRR11286671,0.4495193,0.85333323,0.2641115,U2OS,G1,5.290064
SRR11286672,0.088759854,0.7455003000000001,0.6605687,U2OS,G1,3.992981
SRR11286673,0.46865535,-0.79478836,0.38558236,U2OS,G2M,19.023884
SRR11286674,0.22451174,0.014141039,0.9743689,U2OS,G1,1.9837740000000001
SRR11286675,0.31441808,-0.8469519,0.42873484,U2OS,G2M,18.616956
SRR11286676,-0.05713412,-0.91513354,0.39908165,U2OS,G2M,17.853966
SRR11286677,0.9548886000000001,0.15671384,-0.25224692,U2OS,S,14.293346
SRR11286678,-0.26997966,-0.07231442,0.9601466000000001,U2OS,G1,3.280857
SRR11286679,0.22048491,-0.7649784000000001,0.6051401,U2OS,G2M,16.862079
SRR11286680,0.7384123,0.30672446,-0.60055596,U2OS,S,9.232178999999999
SRR11286681,0.94010645,-0.1724332,-0.29405203,U2OS,S,14.903738
SRR11286683,0.97141045,-0.08049922,-0.22334152,U2OS,S,15.488697
SRR11286684,0.9881179,0.09417214,-0.12146925,U2OS,S,13.657521
SRR11286685,0.8078470999999999,-0.3916668,-0.44043180000000004,U2OS,S,13.047129
SRR11286686,0.9157768000000001,-0.3301789,-0.22876781,U2OS,S,14.802006
SRR11286687,0.98222566,-0.18580255,0.02664719,U2OS,S,14.725706999999998
SRR11286688,-0.23493728,0.9676734,-0.09171976,U2OS,G1,3.102826
SRR11286689,0.8269699,-0.5622423000000001,0.0020736775,U2OS,G2M,22.686235999999997
SRR11286690,0.29561663,-0.83949935,0.45590743,U2OS,G2M,19.812307
SRR11286691,-0.7689551,0.027156802,-0.6387258000000001,U2OS,G1-G0 transition,5.086600000000002
SRR11286693,0.89869153,-0.43484706,-0.057109438,U2OS,G2M,24.568278
SRR11286694,0.813519,0.2993362,-0.49858272,U2OS,S,9.766272
SRR11286695,0.33373272,0.74617606,0.576059,U2OS,G1,5.671558999999999
SRR11286696,0.1250027,0.028168947000000003,0.99175644,U2OS,G1,0.8647220000000001
SRR11286697,-0.1816188,0.15396187,0.97124165,U2OS,G1,3.4843210000000004
SRR11286698,-0.5233926999999999,0.6869715000000001,-0.5041133,U2OS,G1-G0 transition,5.8750230000000006
SRR11286699,0.96486706,0.13839495,-0.22333461,U2OS,S,13.555789
SRR11286700,0.43090448,0.56559783,0.70315033,U2OS,G1,3.81495
SRR11286702,0.8033281999999999,0.042784844,-0.5939977,U2OS,S,11.648314
SRR11286703,-0.008927441,0.5902361999999999,0.8071813,U2OS,G1,3.535187
SRR11286704,0.3417692,0.2727405,0.89933664,U2OS,G1,2.441568
SRR11286705,0.6353103,0.7496205,-0.18560681,U2OS,S,9.944303
SRR11286706,0.9416584000000001,0.023448119,-0.33575255,U2OS,S,14.089882000000001
SRR11286707,0.9414005999999999,0.25825012,-0.21696071,U2OS,S,14.802006
SRR11286708,-0.98369974,-0.0291913,-0.17743349,U2OS,G1-G0 transition,3.128259
SRR11286709,0.5886942,0.62026906,-0.51836795,U2OS,S,9.842571000000001
SRR11286711,0.89308625,-0.38886744,-0.22622772,U2OS,S,14.242479999999999
SRR11286712,0.47617245,-0.6742398000000001,0.5645,U2OS,G2M,24.441113
SRR11286713,0.32540718,0.16695516,0.93071806,U2OS,G1,2.238104
SRR11286714,0.74411285,0.58260596,-0.3269043,U2OS,S,10.630994
SRR11286715,-0.07096487,-0.28346157,0.9563543,U2OS,G1,1.169918
SRR11286716,0.71847504,-0.60669315,-0.3401721,U2OS,G2M,22.024978
SRR11286717,0.13629228,-0.68173707,0.7187899999999999,U2OS,G2M,22.991432
SRR11286718,0.41099063,0.63484854,0.65425843,U2OS,G1,1.678578
SRR11286719,0.7051566999999999,-0.7035461,-0.08818772400000001,U2OS,G2M,19.507111
SRR11286722,0.09973401,0.91866,0.38225263,U2OS,G1,4.57794
SRR11286723,0.43925607,-0.7787271,0.44792664,U2OS,G2M,19.456245000000003
SRR11286724,0.7658482,0.37817836,-0.52005535,U2OS,S,10.656427
SRR11286725,0.94822973,0.044189975,-0.31449595,U2OS,S,12.919964
SRR11286726,0.78071326,-0.58581334,0.21750748,U2OS,G2M,23.194896
SRR11286727,0.19200878,-0.87067306,0.45283654,U2OS,G2M,18.05743
SRR11286728,-0.19651684,-0.09475424,0.97591126,U2OS,G1,0.559526
SRR11286729,0.11384652599999999,-0.058413636,0.9917796,U2OS,G1,0.8901549999999999
SRR11286730,0.43498892,-0.7534206,0.49309444,U2OS,G2M,19.634276
SRR11286731,-0.71168363,-0.36586929999999995,-0.59970504,U2OS,G1-G0 transition,6.078487
SRR11286732,-0.82447684,0.3728087,0.42573652,U2OS,G1-G0 transition,3.128259
SRR11286733,0.8351985000000001,0.26458374,-0.48211930000000003,U2OS,S,11.19052
SRR11286734,0.9391724,-0.16547379,-0.30095488,U2OS,S,15.666727999999999
SRR11286735,0.5183095999999999,-0.81545067,0.25767332,U2OS,S,15.463264
SRR11286737,-0.3885907,0.49732283,0.77567214,U2OS,G1,1.653145
SRR11286738,0.9328280000000001,-0.3471475,-0.09654304,U2OS,S,14.267913000000002
SRR11286739,0.9344652,-0.3180187,-0.16012208,U2OS,S,11.648314
SRR11286740,0.99497616,0.06928731,-0.07226104,U2OS,S,12.691067
SRR11286741,0.5151949,-0.7913913,0.32904977,U2OS,G2M,23.550957999999998
SRR11286742,0.091747835,-0.10897047,0.98980176,U2OS,G1,2.619599
SRR11286743,0.2771792,0.94395816,0.17920575,U2OS,G1,7.324704
SRR11286744,-0.8292605,-0.103516795,-0.54919136,U2OS,G1-G0 transition,4.349043
SRR11286745,0.7132353,-0.6629891,-0.22746569,U2OS,G2M,25.051505
SRR11286746,0.40193573,0.8698144,0.2861304,U2OS,G1,5.5443940000000005
SRR11286747,0.24658798,0.67871535,-0.6917656999999999,U2OS,G1,6.409116
SRR11286748,0.33608636,0.23533887,0.9119548000000001,U2OS,G1,2.5178670000000003
SRR11286749,0.3595370999999999,0.04427998,0.9320796,U2OS,G1,2.009207
SRR11286750,0.43778032,0.50589067,0.74325156,U2OS,G1,1.551413
SRR11286751,-0.29122420000000004,-0.10877567,0.9504504999999999,U2OS,G1,3.255424
SRR11286753,0.36544082,0.92921305,-0.05491825,U2OS,G1,3.992981
SRR11286754,-0.03766195,0.7233078000000001,0.6894979999999999,U2OS,G1,3.6369190000000002
SRR11286755,0.36255237,0.31686598,0.8764427,U2OS,G1,4.857703
SRR11286756,-0.13497116,0.69556975,0.7056668,U2OS,G1,1.5005469999999999
SRR11286757,0.03503284,0.72479784,0.6880703,U2OS,G1,2.060073
SRR11286758,-0.84702325,0.26107094,0.46302637,U2OS,G1-G0 transition,3.30629
SRR11286759,0.49043843,0.8556111999999999,0.16552801,U2OS,G1,4.298177
SRR11286760,-0.32782844,0.6749348000000001,-0.6610533000000001,U2OS,G1-G0 transition,6.3328169999999995
SRR11286761,0.081534944,0.9963083,0.0268693,U2OS,G1,5.722425
SRR11286763,-0.22099842,0.7129675,0.6654599,U2OS,G1,2.975661
SRR11286764,0.10866315,0.9368911,-0.33230624,U2OS,G1,6.688878999999999
SRR11286765,0.47187465,0.7799437,-0.41112304,U2OS,G1,6.663446
SRR11286766,0.18606699,0.22886612,0.9555100000000001,U2OS,G1,4.857703
SRR11286767,-0.015052038,0.37800083,-0.92568284,U2OS,G1-G0 transition,5.366363
SRR11286768,0.28919882,-0.03376934,0.95667315,U2OS,G1,0.50866
SRR11286769,-0.062249154,-0.26545784,0.9621108,U2OS,G1,0.305196
SRR11286770,0.15225157,-0.29250088,0.9440671,U2OS,G1,2.28897
SRR11286771,0.24378173,0.4291731,0.86970156,U2OS,G1,2.594166
SRR11286772,0.31956315,0.6158974,0.72010404,U2OS,G1,2.1618049999999998
SRR11286773,-0.8460861,0.5053949999999999,0.1694527,U2OS,G1-G0 transition,3.153692
SRR11286774,-0.8199245000000001,0.04125606,-0.57098305,U2OS,G1-G0 transition,6.434549
SRR11286775,-0.50096726,0.6753051,0.5412899,U2OS,G1,5.112033
SRR11286776,-0.44749165,0.7747786,0.4466199000000001,U2OS,G1,6.027621
SRR11286777,0.22147714,-0.16048597,0.9618690999999999,U2OS,G1,0.4832269999999999
SRR11286778,0.12275054,0.8816318000000001,0.45569465,U2OS,G1,5.646126000000001
SRR11286779,-0.13439563,0.14117862,0.9808193000000001,U2OS,G1,1.7040110000000002
SRR11286780,0.041534968,0.94931996,0.31155467,U2OS,G1,3.687785
SRR11286781,-0.39478463,0.77153194,-0.49888214,U2OS,G1-G0 transition,7.706199000000001
SRR11286782,-0.44666436,0.52226734,0.7264487,U2OS,G1,5.239198
SRR11286783,-0.2031706,-0.5903246999999999,0.7811776,U2OS,G1,0.076299
SRR11286784,-0.5705710999999999,0.7552797,-0.32249218,U2OS,G1-G0 transition,6.536281
SRR11286785,-0.93005663,-0.35540682,-0.093169965,U2OS,G1-G0 transition,7.401002999999998
SRR11286786,0.3220717,0.036144882,0.946025,U2OS,G1,0.203464
SRR11286787,0.41048184,0.9027245999999999,-0.12881415,U2OS,G1,5.59526
SRR11286788,-0.54556805,0.8272885,-0.13397495,U2OS,G1-G0 transition,7.833363999999999
SRR11286789,0.22174522,0.552192,0.8036871999999999,U2OS,G1,6.841477
SRR11286790,-0.16525143,-0.075272664,0.9833746999999999,U2OS,G1,1.9583409999999999
SRR11286791,0.11354727,0.63403434,0.7649232,U2OS,G1,1.7294440000000002
SRR11286792,0.168825,0.22783072,0.9589532,U2OS,G1,1.246217
SRR11286793,-0.88382447,-0.292541,-0.36506700000000003,U2OS,G1-G0 transition,6.9432089999999995
SRR11286794,-0.20029423,0.68435585,-0.70109874,U2OS,G1,6.61258
SRR11286795,-0.11428825599999999,0.68529725,-0.7192397,U2OS,G1-G0 transition,6.7651780000000015
SRR11286796,-0.34117365,0.890258,-0.30173016,U2OS,G1-G0 transition,7.604467
SRR11286797,0.17932814,0.42387205,-0.88779163,U2OS,G1,6.231085
SRR11286798,0.29232854,0.54709035,0.7843698,U2OS,G1,2.950228
SRR11286799,-0.34936336,-0.23468798,0.90712,U2OS,G1,0.610392
SRR11286800,-0.21735965,0.600136,-0.76979977,U2OS,G1-G0 transition,6.434549
SRR11286801,0.084708884,-0.16663203,0.9823738000000001,U2OS,G1,1.144485
SRR11286804,-0.9884350000000001,0.15139152,0.008766280500000001,U2OS,G1-G0 transition,6.078487
SRR11286805,-0.69631535,0.14952055,-0.7019890999999999,U2OS,G1-G0 transition,7.019508000000001
SRR11286806,-0.55490077,0.42927852,0.7126044,U2OS,G1,2.899362
SRR11286807,-0.9812649,0.026707988,-0.19080321,U2OS,G1-G0 transition,3.5606199999999997
SRR11286808,0.52979773,0.5406243000000001,0.65348285,U2OS,G1,2.7721970000000002
SRR11286809,-0.07740204,0.5528325,0.8296898000000001,U2OS,G1,6.459982
SRR11286810,0.18745612,-0.1276678999999999,0.973941,U2OS,G1,0.381495
SRR11286811,0.28532967,0.64833224,0.70586985,U2OS,G1,4.3236099999999995
SRR11286812,-0.15116397,0.22419502,-0.96274906,U2OS,G1-G0 transition,7.37557
SRR11286813,0.46937877,0.6140786,0.6345005,U2OS,G1,4.145579
SRR11286815,-0.9783014000000001,0.17571070000000003,-0.10978302,U2OS,G1-G0 transition,3.789517
SRR11286816,0.58116275,0.68921787,0.43269917,U2OS,G1,4.272744
SRR11286817,0.34054223,0.92894953,0.14520195,U2OS,G1,6.281951
SRR11286818,0.9958140999999999,0.06309278,0.066132315,U2OS,S,14.547676000000001
SRR11286819,0.80840045,-0.23833579,-0.5382237,U2OS,S,13.632088000000001
SRR11286820,0.9615004,-0.15367103,-0.22782052,U2OS,S,12.7165
SRR11286821,0.7934223000000001,0.48382299999999995,-0.36931863,U2OS,S,10.834458
SRR11286822,0.49124646,-0.8208616,0.2913125,U2OS,S,15.793892999999999
SRR11286823,0.8461655,0.19982515,-0.4940383,U2OS,S,9.817138
SRR11286824,0.9380308,0.05779759,-0.3416982,U2OS,S,10.809025
SRR11286825,0.96521837,-0.24709283,-0.08543110000000001,U2OS,S,15.336098999999999
SRR11286826,0.9014966,0.22054452,-0.37237626,U2OS,S,13.759253
SRR11286827,0.73389834,0.65829253,0.16746378,U2OS,S,9.562808
SRR11286828,0.8472357,0.51925796,-0.11208454,U2OS,S,9.206746
SRR11286829,0.86477375,0.014490181999999999,-0.5019524999999999,U2OS,S,12.614768
SRR11286830,0.75755805,0.40580767,-0.5112983,U2OS,S,8.876116999999997
SRR11286831,0.84248614,0.53813916,-0.024967235,U2OS,S,10.249499
SRR11286832,0.9719554,-0.06988497,-0.22454122,U2OS,S,14.115314999999999
SRR11286833,0.753236,-0.6045636,-0.25911078,U2OS,S,15.310666000000001
SRR11286834,0.60348743,0.79632527,-0.04085263,U2OS,S,8.748952000000001
SRR11286835,0.85193855,0.48854512,-0.18847913,U2OS,S,9.257612
SRR11286836,0.6760499,0.71568984,-0.1753408,U2OS,S,10.351231
SRR11286837,0.94850534,-0.10987311599999999,-0.29709515,U2OS,S,12.360438
SRR11286838,0.9125334999999999,0.40621626,-0.04765318,U2OS,S,11.851778
SRR11286839,0.9259769,0.123209424,-0.3569122,U2OS,S,11.826345
SRR11286840,0.9809459,0.07193369,-0.18047346,U2OS,S,12.233272999999999
SRR11286841,0.9922356,-0.07341178,-0.10039585,U2OS,S,13.759253
SRR11286842,0.8240864,0.34992146,-0.44546223,U2OS,S,11.902644
SRR11286843,0.89799255,0.22869655,-0.3759085,U2OS,S,10.274932000000002
SRR11286844,0.9236894,-0.30191599999999996,-0.23589112,U2OS,S,15.692160999999999
SRR11286845,0.682473,0.7191132,0.13079292,U2OS,S,9.613674000000001
SRR11286846,0.7280175999999999,-0.5931246,-0.34379292,U2OS,S,14.980037
SRR11286847,0.911935,0.21476564,-0.3496431,U2OS,S,10.020602
SRR11286848,0.9271204,-0.27687934,-0.25255839999999996,U2OS,S,14.598541999999998
SRR11286851,0.9867529,0.1347624,-0.09032065,U2OS,S,12.538469000000001
SRR11286852,0.8109369000000001,-0.5702689999999999,-0.13105167,U2OS,G2M,25.076938000000002
SRR11286854,0.78270453,-0.5645232,-0.2620823,U2OS,G2M,21.643483
SRR11286855,0.38962838,-0.8029138000000001,0.45113114,U2OS,G2M,21.058524
SRR11286856,0.19655316,-0.23355803,0.9522697,U2OS,G1,0.228897
SRR11286857,0.30632734,-0.8185292,0.4859767,U2OS,G2M,18.56609
SRR11286858,0.2954214000000001,-0.41221225,0.86186266,U2OS,G1,0.178031
SRR11286859,0.57036954,-0.69181585,0.44279727,U2OS,G2M,18.616956
SRR11286861,0.12499877,-0.9267864,0.35417825,U2OS,S,15.183501000000001
SRR11286862,-0.33354253,0.8509208,0.4058118,U2OS,G1,4.5016409999999984
SRR11286864,-0.5680097,0.68129873,0.46173266,U2OS,G1,6.10392
SRR11286865,0.9241889999999999,0.37448093,-0.0750908,U2OS,S,11.572014999999999
SRR11286867,0.73916227,0.62687653,-0.24630223,U2OS,S,9.689973
SRR11286868,0.7527903,-0.28793758,-0.5919449000000001,U2OS,S,12.436736999999999
SRR11286869,-0.7628668000000001,-0.3125623,-0.56598496,U2OS,G1-G0 transition,4.654239
SRR11286870,0.18568628,-0.056602664000000004,0.9809773999999999,U2OS,G1,1.449681
SRR11286871,0.686523,-0.7193544,0.105902895,U2OS,G2M,24.720876
SRR11286876,0.9837345,-0.14079270000000002,-0.11155236,U2OS,S,11.928077
SRR11286877,0.70297056,-0.63164467,-0.32689047,U2OS,G2M,23.093164
SRR11286878,0.4010528,0.4041086,0.82210267,U2OS,G1,2.314403
SRR11286879,0.19783351,-0.5376257,0.81964654,U2OS,G1,0.25433
SRR11286880,0.13175157,0.35109612,0.92702377,U2OS,G1,3.255424
SRR11286881,0.8722379000000001,0.1542441,-0.46412277,U2OS,S,12.182407000000001
SRR11286882,0.9819181,-0.18678649,0.03078412,U2OS,G2M,16.556883
SRR11286883,0.71666753,-0.53448564,-0.44800973,U2OS,S,13.682954
SRR11286884,-0.010145475,-0.056208312999999996,0.9983675,U2OS,G1,0.966454
SRR11286885,0.62387216,0.6818623,-0.3818997,U2OS,G1,7.4518689999999985
SRR11286886,0.66013426,-0.74381566,0.10469454,U2OS,G2M,23.881587
SRR11286888,0.9571563,-0.27200234,-0.09932943400000001,U2OS,G2M,22.050410999999997
SRR11286889,0.8252755999999999,-0.5521724,0.118429676,U2OS,S,14.445944
SRR11286890,0.7455354999999999,-0.63487273,-0.20276462,U2OS,G2M,18.973018
SRR11286891,0.91229975,0.20185503,-0.35631973,U2OS,S,13.22516
SRR11286892,-0.49702072,0.493055,-0.71404976,U2OS,G1-G0 transition,6.587147
SRR11286893,0.8065405999999999,-0.5491071999999999,-0.21902846,U2OS,G2M,21.846947
SRR11286894,0.25979385,0.33072093,0.9072654,U2OS,G1,3.179125
SRR11286895,-0.072048716,0.16189621,0.98417413,U2OS,G1,4.196445
SRR11286896,0.39513046,-0.80450875,0.44343832,U2OS,G2M,22.991432
SRR11286897,0.921485,-0.23716709,-0.30759895,U2OS,S,13.199727
SRR11286899,0.9509138,-0.22393663,-0.21357803,U2OS,S,16.073656
SRR11286900,-0.9482554,-0.22814211,-0.22082348,U2OS,G1-G0 transition,2.4161349999999997
SRR11286901,-0.4027763,0.10271389,0.909517,U2OS,G1,4.018414
SRR11286902,0.5025301999999999,0.54112184,0.6742778,U2OS,G1,5.4935279999999995
SRR11286903,-0.44055098,0.44285718,0.780892,U2OS,G1,3.840383
SRR11286904,0.8291388000000001,-0.41674799999999995,-0.37262574,U2OS,S,15.310666000000001
SRR11286905,0.76718575,-0.6144916,-0.18391892,U2OS,G2M,24.644576999999998
SRR11286907,0.85441273,-0.51306283,0.08212989,U2OS,G2M,22.915132999999997
SRR11286910,0.39308798,-0.7564734000000001,0.5227137,U2OS,G2M,25.153237
SRR11286911,0.44287970000000004,-0.8874735,0.12746893,U2OS,G2M,23.805288
SRR11286912,0.7806021,-0.01944701,-0.6247256,U2OS,S,10.122334
SRR11286913,0.7380069,0.59543943,-0.31748664,U2OS,S,8.698086
SRR11286914,0.9702929,-0.05958284,-0.23448139999999998,U2OS,S,12.182407000000001
SRR11286915,0.5806772,-0.765822,0.2762801,U2OS,G2M,18.184595
SRR11286916,-0.5769091,0.5894194,-0.5654737,U2OS,G1-G0 transition,7.807931
SRR11286917,0.6036054,-0.63674396,0.47981012,U2OS,G2M,21.745214999999998
SRR11286919,0.9927924000000001,0.057796865999999995,0.1049894,U2OS,S,15.844759
SRR11286921,0.67685646,-0.7278654,0.10989675,U2OS,S,15.158068
SRR11286922,0.38049343,0.91173124,-0.1548247,U2OS,G1,6.307384
SRR11286923,0.097384185,-0.07762653,0.9922148999999999,U2OS,G1,3.5097540000000005
SRR11286925,0.676289,0.6757258,-0.29330465,U2OS,S,9.079581
SRR11286926,0.50347406,-0.774292,0.38338703,U2OS,G2M,20.193801999999998
SRR11286928,0.78495544,-0.60792965,-0.119442634,U2OS,G2M,24.542845
SRR11286929,0.26399314,0.57928103,0.77119464,U2OS,G1,4.527074
SRR11286930,0.42298284,-0.6172352,0.66340494,U2OS,G2M,17.574202999999994
SRR11286932,0.55175894,-0.7609968,0.34124172,U2OS,G2M,21.541751
SRR11286934,0.3913342,-0.78000957,0.4883058,U2OS,G2M,20.677029
SRR11286935,0.05716002,0.7176209,0.69408435,U2OS,G1,7.197538999999999
SRR11286936,0.44186255,-0.869027,0.222597,U2OS,G2M,19.685142000000003
SRR11286937,0.79892385,-0.14800246,-0.58293736,U2OS,S,12.156974
SRR11286938,0.12465309,0.23955196,0.9628481,U2OS,G1,2.136372
SRR11286939,0.87393004,-0.4819757000000001,0.06281528,U2OS,G2M,18.159162
SRR11286940,0.45721275,-0.7742576,0.437586,U2OS,G2M,20.066637
SRR11286941,0.8475679,-0.22662455,-0.4798645,U2OS,S,13.403191
SRR11286942,0.17258371,0.5673918000000001,0.8051592,U2OS,G1,4.043847
SRR11286943,0.8944956000000001,-0.3559469,-0.270517,U2OS,G2M,22.508205
SRR11286944,0.5350134,-0.8295181999999999,0.16018818,U2OS,G2M,20.448132
SRR11286945,-0.31762743,0.36804536,0.87387383,U2OS,G1,4.883136
SRR11286946,0.37086144,-0.7572968000000001,0.537553,U2OS,G2M,17.828533
SRR11286947,0.917035,-0.39550906,0.05117985,U2OS,S,15.386965
SRR11286948,-0.020905249,0.9099108,-0.41427708,U2OS,G1,5.569827
SRR11286949,0.18237127,0.9082610999999999,0.3765667,U2OS,G1,5.773291
SRR11286952,0.9332364,-0.053389754000000005,-0.35527366,U2OS,S,14.674841
SRR11286953,0.37030396,-0.22995973,0.8999964,U2OS,G2M,16.811213000000002
SRR11286954,-0.1844035,0.01827207,0.9826808000000001,U2OS,G1,2.7721970000000002
SRR11286955,0.97347176,0.06168406,-0.22033586,U2OS,S,14.776573
SRR11286956,0.05707846,0.65754986,-0.75124586,U2OS,S,9.588241
SRR11286957,0.6341254,-0.7497574,0.18907320000000002,U2OS,G2M,18.286327
SRR11286958,0.9143104,0.07324756,-0.39833567,U2OS,S,10.325797999999999
SRR11286960,0.78925306,-0.5989935000000001,0.13522746,U2OS,G2M,21.668916
SRR11286961,0.72171885,-0.6434810000000001,0.25505713,U2OS,G2M,22.965999
SRR11286962,0.9301583000000001,-0.31712565,-0.1850321,U2OS,G2M,21.440019
SRR11286963,0.5902002,-0.67484987,0.44299135,U2OS,G2M,23.576391
SRR11286964,0.86639833,-0.45536283,-0.20493533,U2OS,G2M,22.330174
SRR11286965,0.08775492,-0.64461035,0.759458,U2OS,G2M,17.167275
SRR11286966,0.90000945,0.15605634,-0.4069761,U2OS,S,9.384777
SRR11286969,0.5250924,-0.78053457,0.33918109999999996,U2OS,G2M,24.873473999999998
SRR11286970,0.880067,-0.37589443,0.29014742,U2OS,G2M,22.711669
SRR11286971,0.5114595000000001,0.6596441999999999,0.5507074000000001,U2OS,G1,2.8230630000000003
SRR11286972,0.044399615,0.037184265,0.9983215,U2OS,G1,3.30629
SRR11286973,0.7622635,0.25919425,-0.5931045,U2OS,S,11.393984
SRR11286974,0.80609554,-0.40054829999999997,0.43562725,U2OS,G2M,22.177576000000002
SRR11286975,0.3291333,0.6162721999999999,0.7154577,U2OS,G1,3.7640839999999995
SRR11286977,0.6576688,0.5938797,-0.46344197,U2OS,S,10.274932000000002
SRR11286978,0.42523056,-0.76036584,0.4909406,U2OS,G2M,25.229536
SRR11286979,0.7824999,-0.5945188,0.18504435,U2OS,G2M,24.517412
SRR11286980,-0.8956407,0.39151087,-0.21106154,U2OS,G1-G0 transition,7.528167999999999
SRR11286981,-0.93530697,-0.18349400000000002,-0.30254063,U2OS,G1-G0 transition,2.263537
SRR11286982,0.3730413,0.6509931,-0.6610961999999999,U2OS,G1,5.468095
SRR11286983,0.057949337999999996,-0.8055768,0.5896507,U2OS,S,14.496809999999998
SRR11286984,0.8043288000000001,0.583509,0.11212655,U2OS,S,8.698086
SRR11286985,0.3597558,0.8355981,0.41515216,U2OS,G1,7.655333000000001
SRR11286986,0.19094860000000002,-0.78176254,0.593621,U2OS,G2M,16.607749000000002
SRR11286987,-0.7468134,0.19565855,-0.63560003,U2OS,G1-G0 transition,7.070374
SRR11286988,-0.49719414,-0.03798109,0.86680764,U2OS,G1,0.356062
SRR11286990,0.8217892,-0.5545855,-0.13075712,U2OS,G2M,16.734914
SRR11286991,-0.9077209999999999,-0.21568963,-0.35988957,U2OS,G1-G0 transition,4.425342
SRR11286992,0.7541744,0.22821349,-0.61574316,U2OS,S,9.91887
SRR11286993,0.8800795,-0.37343812,-0.2932645,U2OS,S,11.953510000000001
SRR11286994,0.86316645,-0.50464755,-0.016568147,U2OS,G2M,22.101277
SRR11286995,0.31608990000000003,0.7427465999999999,0.59026664,U2OS,G1,3.9675480000000003
SRR11286996,-0.6752775,0.37781329999999996,-0.6334489000000001,U2OS,G1-G0 transition,5.976755000000001
SRR11286997,0.18644208,0.9380596,0.29203343,U2OS,G1,4.679672
SRR11286998,0.8834973,0.45713729999999997,-0.1022648,U2OS,S,11.114221
SRR11286999,-0.09814728,-0.53262055,0.8406440999999999,U2OS,G1,0.101732
SRR11287000,-0.31112915,0.48144048,0.81939834,U2OS,G1,3.4080220000000003
SRR11287001,0.37574142,0.74782985,0.5473289000000001,U2OS,G1,5.569827
SRR11287002,0.48466107,-0.6346679000000001,0.6019140000000001,U2OS,S,16.175388
SRR11287003,0.65801644,0.123602584,-0.7427899,U2OS,S,12.894531
SRR11287004,0.13806656,-0.86908656,0.47500134,U2OS,G2M,17.319873
SRR11287005,0.06954606,0.9973481,0.021442676,U2OS,G1,0.8647220000000001
SRR11287006,0.9319378,-0.36172459999999995,-0.025442608,U2OS,G2M,25.102370999999998
SRR11287007,-0.21073358,0.6657045,-0.7158414000000001,U2OS,G1-G0 transition,5.798724
SRR11287008,0.90180254,-0.43193924,0.013443113999999999,U2OS,S,13.98815
SRR11287009,0.49239920000000004,0.4268477,0.7585144,U2OS,G1,5.137466000000001
SRR11287010,0.5365494000000001,-0.70995414,0.45615779999999995,U2OS,G2M,19.990338
SRR11287011,0.73080033,-0.67522806,0.09998973,U2OS,G2M,21.134823
SRR11287012,0.38118574,0.5971787,0.70574427,U2OS,G1,5.391796
SRR11287013,0.31302863,-0.79204756,0.52409303,U2OS,G2M,17.192708
SRR11287014,0.16954646,0.8563611999999999,-0.48774943,U2OS,G1,6.790611
SRR11287015,0.97212094,-0.2337243,0.018809825,U2OS,G2M,18.540657
SRR11287018,0.36030614,-0.90236014,0.2364862,U2OS,G2M,20.193801999999998
SRR11287019,0.7081144,0.6819227,0.18318187,U2OS,S,8.825251
SRR11287020,0.95212835,-0.30561084,0.0073208069999999,U2OS,S,12.767366
SRR11287021,0.14952323,-0.83747596,0.52562034,U2OS,G2M,18.744121
SRR11287022,0.6634178000000001,-0.6639259,0.3450784,U2OS,G2M,19.863173
SRR11287023,0.47358748,-0.4189143,0.77474236,U2OS,G2M,16.78578
SRR11287024,0.6266983,0.76839155,-0.12970625,U2OS,S,9.639107000000001
SRR11287025,0.2524609,-0.27559724,0.9275288,U2OS,G1,3.077393
SRR11287026,-0.63614595,0.7418905,-0.21193612,U2OS,G1-G0 transition,7.757064999999999
SRR11287027,0.95297605,-0.101143055,-0.2856687,U2OS,G2M,17.294439999999998
SRR11287028,0.21881764,-0.8291634,0.5143995,U2OS,G2M,17.701368
SRR11287029,0.84455514,0.33542284,-0.41739443,U2OS,S,9.91887
SRR11287030,0.84517485,-0.5215117,-0.11706862,U2OS,G2M,23.601824
SRR11287031,0.7793049,-0.6152531,-0.11894266,U2OS,G2M,23.449226
SRR11287032,0.24162279,0.03086054,0.96987945,U2OS,G1,0.330629
SRR11287033,-0.63887084,0.45187452,-0.6226183000000001,U2OS,G1-G0 transition,5.391796
SRR11287034,0.65054065,-0.74914724,0.12480072,U2OS,G2M,22.609937
SRR11287036,0.08290449,-0.39677897,0.91416276,U2OS,G1,1.2716500000000002
SRR11287037,-0.043876167,0.32543188,0.94454694,U2OS,G1,3.4588880000000004
SRR11287038,0.52614486,-0.84820306,0.06101687,U2OS,S,14.929170999999998
SRR11287039,0.9311912,-0.33314064,-0.14798722,U2OS,S,14.420511
SRR11287040,0.954693,0.17520335,-0.24055134,U2OS,G2M,17.141842
SRR11287041,0.979411,-0.14773701,0.13757853,U2OS,G2M,19.481678
SRR11287043,0.9433333,0.3147963,-0.10500284,U2OS,S,13.326892
SRR11287044,0.5385439000000001,0.45922506,0.70645803,U2OS,G1,1.576846
SRR11287045,0.98014635,-0.11513573,-0.16142148,U2OS,G2M,23.067731
SRR11287046,0.9841929,-0.13125716,-0.11889421,U2OS,S,13.835552000000002
SRR11287049,0.82112545,0.1372589,-0.5539973000000001,U2OS,S,8.876116999999997
SRR11287051,0.9056953000000001,-0.16298510000000002,-0.39134613,U2OS,S,14.827438999999998
SRR11287052,0.33708727,-0.7415378,0.5800810000000001,U2OS,G2M,19.405379
SRR11287053,0.9407753000000001,-0.27449965,-0.19897662,U2OS,G2M,17.218141000000006
SRR11287054,0.6944654,0.4521638,-0.5597014,U2OS,S,9.435642999999999
SRR11287055,-0.22264865,0.9106315,0.34810585,U2OS,G1,5.34093
SRR11287056,0.17917381,-0.8082116,0.5609728,U2OS,G2M,18.210028
SRR11287057,-0.47053343,0.41875675,0.7766859,U2OS,G1,4.755971
SRR11287058,0.27919137,-0.92720217,0.24969621,U2OS,G2M,19.786873999999997
SRR11287060,0.26319712,-0.20836458,0.9419721,U2OS,G1,0.737557
SRR11287061,0.36830384,0.092249654,0.9251174000000001,U2OS,G1,2.263537
SRR11287062,0.9720582,-0.18169132,0.14863141,U2OS,G2M,18.998451
SRR11287063,-0.8932687,0.2908962,-0.34271032,U2OS,G1-G0 transition,6.917776000000001
SRR11287064,0.8641721,-0.42605808,-0.26773316,U2OS,S,14.980037
SRR11287065,0.92697626,0.29324773,-0.23392478,U2OS,S,13.174294
SRR11287066,0.9128674000000001,-0.11561638,-0.39154312,U2OS,S,13.581222
SRR11287067,0.7447925999999999,-0.6437987,0.17551947,U2OS,G2M,17.345306
SRR11287068,0.39222842,-0.8372771999999999,0.38095108,U2OS,G2M,19.608843
SRR11287070,0.48911607,0.7364033,0.46741350000000004,U2OS,G1,6.485415
SRR11287072,0.8418389999999999,-0.47619409999999995,-0.25405943,U2OS,S,13.454057
SRR11287073,-0.74912304,0.44768608,-0.4882539000000001,U2OS,G1-G0 transition,4.628806
SRR11287074,0.71774316,0.67151314,-0.18415996,U2OS,S,9.664539999999999
SRR11287075,0.9932767,-0.113651484,-0.022014727999999997,U2OS,G2M,24.135917000000003
SRR11287076,-0.85086155,0.25524232,-0.45922303,U2OS,G1-G0 transition,6.9940750000000005
SRR11287077,0.9423453000000002,-0.33126152,0.04744607,U2OS,G2M,24.16135
SRR11287078,0.97880787,0.035746507000000004,-0.20163712,U2OS,S,14.140748
SRR11287079,0.8103626,0.37863258,-0.44715747,U2OS,S,11.317685
SRR11287080,0.18949659,-0.6103929,-0.76909786,U2OS,G1-G0 transition,4.450774999999998
SRR11287081,0.58926284,-0.67154354,0.44921997,U2OS,G2M,20.60073
SRR11287082,0.8405716000000001,-0.38775155,-0.37826994,U2OS,S,14.064449000000002
SRR11287083,0.8786304,0.11542695,-0.46334136,U2OS,S,10.783592
SRR11287085,0.58772177,-0.79134244,0.1684052999999999,U2OS,G2M,21.61805
SRR11287087,0.39109594,0.3358948,0.8568655000000001,U2OS,G1,3.0010939999999997
SRR11287088,0.8529693000000002,0.5023839,0.14161167,U2OS,S,15.514129999999998
SRR11287089,0.99226433,0.10584072,0.06487804,U2OS,S,15.361532
SRR11287092,0.9723860999999999,0.20916925,-0.10350634,U2OS,S,13.733820000000001
SRR11287093,-0.7251776,-0.23877934,-0.6458341,U2OS,G1-G0 transition,6.205652
SRR11287094,0.9397554,0.03795752,-0.33973405,U2OS,S,11.317685
SRR11287095,0.44313400000000003,-0.8955688,-0.03985903,U2OS,S,14.395077999999998
SRR11287096,-0.8070223000000001,0.33612016,-0.48552886,U2OS,G1-G0 transition,7.909663
SRR11287097,0.37271770000000004,0.1795184,0.9104146000000001,U2OS,G1,1.195351
SRR11287098,0.9756864,0.15121168,-0.15865383,U2OS,S,10.987055999999999
SRR11287099,0.84542435,-0.5321668,0.045343275999999995,U2OS,G2M,21.312854
SRR11287100,0.844521,0.48764077,-0.22133803,U2OS,S,9.995169
SRR11287101,0.29616750000000003,-0.65075725,0.6991421999999999,U2OS,G2M,17.955697999999995
SRR11287102,0.9928944,0.04256493,-0.11112511,U2OS,S,12.589335
SRR11287103,0.22422479,0.39176726,0.89232373,U2OS,G1,2.899362
SRR11287104,0.32133204,-0.6675949999999999,0.67161196,U2OS,S,15.234367
SRR11287105,0.021867552999999998,-0.38367254,0.9232101999999999,U2OS,G1,1.907475
SRR11287106,0.9866792999999999,0.13495758,-0.09083141,U2OS,S,11.521149000000001
SRR11287107,0.29998967,-0.82605463,0.47711635,U2OS,G2M,20.778761
SRR11287108,0.7273097,0.6798582,-0.09387963,U2OS,S,9.461076
SRR11287109,0.93223995,-0.35958907,-0.040302485,U2OS,G2M,24.619144
SRR11287110,0.9753752,0.08501155,-0.20350955,U2OS,S,12.7165
SRR11287112,0.92169374,-0.36694813,-0.12581596,U2OS,G2M,24.085051
SRR11287113,0.70392424,-0.6440004,0.29959005,U2OS,G2M,22.63537
SRR11287114,0.40732366,-0.8400373,0.35836396,U2OS,G2M,24.110484
SRR11287115,0.7660355,-0.61096525,0.19977735,U2OS,G2M,19.100182999999998
SRR11287116,0.3702859000000001,-0.79402757,0.48208752,U2OS,G2M,23.957886
SRR11287117,0.9423992,-0.31153417,-0.12177923,U2OS,S,15.641295000000001
SRR11287118,0.857025,-0.29210418,-0.42448005,U2OS,S,12.792799
SRR11287119,-0.8958951999999999,0.34829935,-0.2757886,U2OS,G1-G0 transition,6.256518
SRR11287120,0.8743860999999999,-0.37256584,-0.31087570000000003,U2OS,S,15.997357000000001
SRR11287121,0.3282182,-0.21647757,0.9194619,U2OS,G1,1.042753
SRR11287122,0.6153997,-0.78811944,0.012288433500000001,U2OS,G2M,23.779854999999998
SRR11287123,0.24303918,-0.11086393,0.96366024,U2OS,G1,0.330629
SRR11287124,0.86495113,-0.42685273,-0.26392472,U2OS,S,14.369644999999998
SRR11287125,0.5814712,-0.78454304,0.21536817,U2OS,G2M,22.940566
SRR11287126,0.72129816,0.14074172,-0.67817456,U2OS,S,9.410210000000001
SRR11287127,0.9051094999999999,-0.40951124,-0.11435641,U2OS,G2M,20.371833
SRR11287129,-0.44980326,-0.46056145,-0.76521903,U2OS,G1-G0 transition,6.968642000000001
SRR11287130,0.28334326,0.08639384,0.95511913,U2OS,G1,1.01732
SRR11287131,-0.46392497,0.21805309,0.858619,U2OS,G1,2.390702
SRR11287132,0.9670776,0.22949637,0.10996489,U2OS,S,11.012489
SRR11287133,0.9204460999999999,0.1844174,-0.34462902,U2OS,S,13.301459
SRR11287134,-0.14531483,0.21869520000000003,0.96491253,U2OS,G1,0.915588
SRR11287135,0.96538806,0.13749129,-0.22163486,U2OS,S,15.132635
SRR11287136,0.30950692,-0.88182336,0.35579902,U2OS,G2M,21.414586
SRR11287137,0.33587793,0.9205684999999999,0.199348,U2OS,G1,2.5433000000000003
SRR11287138,0.8583223,-0.42935926,0.28095096,U2OS,G2M,22.737102
SRR11287139,0.85600275,0.4977172,-0.13977428,U2OS,S,11.419417
SRR11287140,0.07163068,0.1150123,0.99077797,U2OS,G1,0.6358250000000001
SRR11287141,0.85255986,-0.5002869000000001,-0.15117721,U2OS,G2M,19.557976999999998
SRR11287142,0.777373,-0.08611751,-0.62311697,U2OS,S,10.605561
SRR11287143,-0.73239535,-0.3534974,-0.58192503,U2OS,G1-G0 transition,5.9258890000000015
SRR11287144,0.6058541999999999,0.77343315,-0.18639167,U2OS,S,9.511942
SRR11287145,0.81709236,-0.5672755,-0.10275475,U2OS,G2M,17.930265
SRR11287147,0.2515138,-0.05224951,0.9664423000000001,U2OS,G1,1.3733819999999999
SRR11287148,0.58638793,-0.754076,0.29583517,U2OS,G2M,24.364814000000003
SRR11287149,0.9697097,0.010717987,-0.24402510000000002,U2OS,G2M,25.280402
SRR11287150,0.36069155,0.6935031999999999,0.6236626000000001,U2OS,G1,3.7386510000000004
SRR11287151,0.4283157,-0.7891249,0.44025847,U2OS,G2M,19.659709
SRR11287153,0.5380060000000001,-0.43018556,-0.724907,U2OS,S,11.139654
SRR11287154,-0.54345363,0.81681037,-0.19359419,U2OS,G1-G0 transition,6.053054
SRR11287156,0.9229052,-0.38483850000000003,0.012055353999999999,U2OS,G2M,24.491979
SRR11287157,0.8009911999999999,-0.5977749,-0.0328371,U2OS,G2M,21.236555
SRR11287158,0.9380870000000001,-0.32926659999999996,0.10759312,U2OS,G2M,18.133729000000002
SRR11287159,0.9586934000000001,0.052333537,-0.2795857,U2OS,S,14.700273999999999
SRR11287160,-0.7745153,0.38858083,0.49913034,U2OS,G1,7.121239999999999
SRR11287161,0.9346065999999998,-0.33361563,-0.12333308,U2OS,G2M,16.963811
SRR11287162,0.38530412,-0.8959326999999999,0.22100966,U2OS,G2M,24.034185
SRR11287163,-0.47879073,0.46267366,0.7461182,U2OS,G1,7.0958070000000015
SRR11287164,0.9273098,0.3510876,-0.12974624,U2OS,S,11.775478999999999
SRR11287165,-0.010920718999999999,0.32466890000000004,0.94576466,U2OS,G1,1.297083
SRR11287166,0.2867769,-0.89159995,0.35044047,U2OS,G2M,17.396172
SRR11287167,0.86632866,-0.49839061,-0.032883156000000004,U2OS,G2M,18.871285999999998
SRR11287170,0.6369255,0.38794246,-0.666203,U2OS,S,9.054148
SRR11287171,0.12233491,-0.10787888,0.98660856,U2OS,G1,0.6866909999999999
SRR11287172,0.0073927175,0.008907202,0.99993294,U2OS,G1,4.349043
SRR11287173,0.9073753000000001,-0.40635514,0.10745086,U2OS,G2M,21.490885000000002
SRR11287174,0.8678478000000001,0.36092442,-0.3414291,U2OS,S,9.333911
SRR11287175,0.97599953,0.14866327,-0.15913539,U2OS,S,10.376664
SRR11287176,0.41695195,-0.45532355,0.7866586,U2OS,G2M,17.497904000000002
SRR11287177,0.33532786,-0.6064594,0.7209454000000001,U2OS,G2M,16.887512
SRR11287178,0.16494396,-0.86021817,0.48251238,U2OS,G2M,17.370739
SRR11287179,0.24531825,0.3841656,0.8900761999999999,U2OS,G1,1.627712
SRR11287180,0.042470275999999994,-0.5139623999999999,0.85676056,U2OS,G1,0.6866909999999999
SRR11287181,0.9863426,-0.1574991,0.048189137,U2OS,G2M,24.339381
SRR11287182,-0.13388412,0.96003824,-0.24576764,U2OS,G1,2.365269
SRR11287183,0.23429231,-0.42993715,0.8719295,U2OS,G1,0.584959
SRR11287184,0.9066114,-0.35454795,-0.22880448,U2OS,G2M,23.678123
SRR11287186,0.9449474,-0.0119848475,-0.32700235,U2OS,S,13.377757999999998
SRR11287187,0.8270565000000001,0.44023037,-0.34953490000000004,U2OS,S,12.004375999999999
SRR11287188,0.8918357,-0.042581335,-0.45035103,U2OS,S,13.097995
SRR11287189,0.20907594,-0.23805207,0.9484823,U2OS,G1,1.220784
SRR11287190,0.47552258,-0.68845844,0.5476342,U2OS,G2M,18.082863
SRR11287191,0.95518214,0.2934042999999999,0.039255068,U2OS,S,14.318779000000001
SRR11287192,0.7206679,-0.6488738000000001,-0.24413206,U2OS,G2M,21.211122
SRR11287193,-0.35653654,0.54992884,0.755288,U2OS,G1,1.907475
SRR11287194,0.8674804,-0.44523245,-0.22191381,U2OS,G2M,23.830721
SRR11287195,0.93942326,-0.33886835,-0.051499337,U2OS,S,14.445944
SRR11287196,-0.045883033,-0.38687688,0.92098916,U2OS,G1,0.279763
SRR11287197,0.24973619,0.9368014000000001,0.24502006,U2OS,G1,5.442662
SRR11287198,0.9409359,-0.23728088,-0.24153146,U2OS,G2M,21.465452
SRR11287199,0.34373698,-0.5577896,0.75545716,U2OS,S,15.666727999999999
SRR11287200,0.53172725,-0.44269294,0.7220035,U2OS,G2M,18.769554
SRR11287202,0.81179476,-0.5410838000000001,-0.21958454,U2OS,G2M,23.856154
SRR11287203,0.48693532,-0.8083376,-0.3308841,U2OS,G2M,24.237648999999998
SRR11287204,-0.9320273000000001,0.35433626,0.07596579,U2OS,G1-G0 transition,7.248404999999999
SRR11287205,0.7879347,0.43877107,-0.43201706,U2OS,S,10.147767
SRR11287206,0.46660897,-0.8016154999999999,0.37374938,U2OS,G2M,18.820420000000002
SRR11287207,0.863874,0.10144621,-0.49338663,U2OS,S,10.961623
SRR11287208,0.8947111999999999,-0.055585425,-0.44317296,U2OS,S,12.487603
SRR11287209,0.9561036,-0.2620135,-0.13120522,U2OS,G2M,23.500092000000002
SRR11287210,0.65780747,-0.72960526,0.1869906,U2OS,G2M,21.287421
SRR11287211,0.39105946,-0.49473834,0.7760840999999999,U2OS,G2M,17.472471000000002
SRR11287212,0.9628040000000001,-0.26669917,0.04336051,U2OS,G2M,22.813401000000002
SRR11287213,0.9258860000000001,-0.33293867,-0.17856911,U2OS,G2M,17.650502
SRR11287214,0.98196316,0.018793095,0.18813613,U2OS,S,14.954604000000002
SRR11287215,-0.0061544393999999995,0.77456546,-0.63246375,U2OS,G1,7.299270999999999
SRR11287216,0.5944554,-0.76239103,0.2557003,U2OS,G2M,22.838834
SRR11287217,0.97335106,0.08757131,-0.2119407,U2OS,S,12.818232
SRR11287218,0.9164576999999999,0.07518509,-0.39300448,U2OS,S,14.471376999999999
SRR11287219,0.9868200999999999,0.10207000000000001,-0.12557009,U2OS,S,15.564995999999999
SRR11287220,0.48360085,-0.81223947,0.32618585,U2OS,S,15.870192000000001
SRR11287222,0.89965147,-0.42742628,-0.08907347,U2OS,S,16.02279
SRR11287223,0.29106040000000005,-0.7116033,0.6394565,U2OS,G2M,19.278214000000002
SRR11287224,0.3829886,0.47563162,0.7918929,U2OS,G1,4.06928
SRR11287225,0.8924948,-0.055674892000000004,-0.44760832,U2OS,S,12.843665
SRR11287227,0.8099166,-0.47283894,0.34707105,U2OS,G2M,25.000639000000003
SRR11287228,-0.6183873000000001,0.20647919,-0.7582634,U2OS,G1-G0 transition,6.0021879999999985
SRR11287229,-0.95710903,0.11042562,-0.26785913,U2OS,G1-G0 transition,4.908569
SRR11287230,0.9763463,-0.21485610000000002,0.024173936,U2OS,G2M,20.015771
SRR11287231,-0.03637895,0.24386777,0.96912587,U2OS,G1,2.645032
SRR11287232,0.73393136,-0.6791465999999999,0.010230137,U2OS,G2M,21.897813
SRR11287233,-0.9944588,0.10397671,0.0155099689999999,U2OS,G1-G0 transition,5.264631
SRR11287234,0.47165287,-0.87123907,0.13596389,U2OS,G2M,20.219235
SRR11287236,0.97326034,0.060374983,-0.22162858,U2OS,S,13.428624
SRR11287237,0.17152178,-0.8361366,0.5210142,U2OS,G2M,19.964904999999998
SRR11287238,0.30620408,-0.6690891999999999,0.6771696999999999,U2OS,G2M,20.041204
SRR11287239,0.877724,0.47025514,0.09198151,U2OS,S,11.266819
SRR11287240,0.7265067,-0.6627920999999999,-0.18136889999999997,U2OS,G2M,23.932453
SRR11287241,-0.8001457,0.59865785,0.03709034,U2OS,G1-G0 transition,4.3744760000000005
SRR11287242,0.26814770000000004,0.6901431,0.6721602,U2OS,G1,4.806837000000001
SRR11287243,-0.58043665,-0.040952876,-0.813275,U2OS,G1-G0 transition,7.858797
SRR11287245,0.67950934,-0.0075106216000000005,-0.73362845,U2OS,S,10.758159
SRR11287246,0.8805527,-0.47187346,-0.044298813,U2OS,G2M,22.864267
SRR11287247,0.5352158,-0.8446722,0.008539544,U2OS,S,14.522243
SRR11287248,0.69917345,-0.66116005,-0.272073,U2OS,G2M,20.956792
SRR11287249,0.9811122999999999,0.17489813,-0.082639046,U2OS,S,13.860985000000001
SRR11287250,0.78928703,0.60695577,-0.092901975,U2OS,S,12.538469000000001
SRR11287252,-0.20876528,0.5737766,-0.79195786,U2OS,G1-G0 transition,6.739745
SRR11287254,0.37667929999999994,-0.23496355,0.8960495999999999,U2OS,G1,0.9918870000000001
SRR11287255,0.108615346,-0.5191233000000001,0.8477698,U2OS,S,16.02279
SRR11287256,-0.26987565,0.07958995,0.9596002,U2OS,G1,1.52598
SRR11287257,0.9977465,0.063956365,-0.020274857,U2OS,G2M,24.542845
SRR11287258,0.74166644,-0.6690623,0.04781946,U2OS,G2M,18.337193
SRR11287259,0.9273220999999999,-0.18241277,-0.32680184,U2OS,S,14.267913000000002
SRR11287260,0.77089137,-0.16094239,-0.6162986999999999,U2OS,S,11.241386
SRR11287261,0.51582605,-0.77639115,0.36213306,U2OS,G2M,20.880492999999998
SRR11287262,0.9448095999999999,-0.3152275,-0.089253925,U2OS,S,11.877211
SRR11287263,0.9160299999999999,0.36933798,-0.15645611,U2OS,S,12.080675
SRR11287265,0.81281865,-0.51150215,0.27873182,U2OS,G2M,18.718688
SRR11287266,0.9071846,0.16768096,-0.3858743,U2OS,S,12.563902
SRR11287267,-0.9127470999999999,0.4030647,-0.066568926,U2OS,G1-G0 transition,8.13856
SRR11287270,0.93403155,-0.31905714,-0.1605859,U2OS,S,16.175388
SRR11287271,0.28751564,-0.016349941,0.9576363999999999,U2OS,G1,1.551413
SRR11287272,0.15616606,0.9758041999999999,-0.15303046,U2OS,G1,5.0357340000000015
SRR11287273,0.5220611,-0.7812394,0.34222406,U2OS,G2M,21.948679000000002
SRR11287274,0.4395779,-0.6028564999999999,0.6658343000000001,U2OS,G2M,17.548769999999998
SRR11287275,0.9455249,-0.09767854,-0.3105507,U2OS,S,16.048223
SRR11287276,0.4554646,-0.7678536,0.45050290000000004,U2OS,G2M,17.523336999999998
SRR11287277,0.5472846,-0.5296175999999999,0.6480621999999999,U2OS,G2M,17.447038000000006
SRR11287278,0.5409361,-0.76663977,0.34590682,U2OS,G2M,21.592617
SRR11287279,-0.05641381,0.42571864,0.9030952,U2OS,G1,2.695898
SRR11287280,0.82087106,0.08504126,-0.56474656,U2OS,S,11.343117999999999
SRR11287281,0.31247070000000005,-0.650288,0.69245034,U2OS,G2M,18.489791
SRR11287282,0.66968566,0.60127026,-0.43588454,U2OS,S,10.503829
SRR11287283,0.772098,-0.5199494,-0.36540017,U2OS,S,13.937284000000002
SRR11287284,0.61264443,-0.7684005,0.18500715,U2OS,G2M,23.627257
SRR11287285,0.97101957,0.17436004,-0.16346079,U2OS,S,15.717594
SRR11287286,0.90953064,0.41519862,0.01907807,U2OS,S,13.021696
SRR11287287,0.43399474,0.6101764000000001,0.6628223000000001,U2OS,G1,4.221878
SRR11287288,0.77184534,-0.47547325,0.42211363,U2OS,G2M,24.288515
SRR11287290,0.70010555,-0.61042446,0.37045157,U2OS,G2M,20.549864000000003
SRR11287291,0.96357954,-0.16809624,-0.20798585,U2OS,G2M,20.117503
SRR11287292,0.31906042,-0.81989145,0.47537172,U2OS,G2M,23.500092000000002
SRR11287293,0.10251857,-0.82944894,0.5490941999999999,U2OS,G2M,19.83774
SRR11287294,0.79603255,-0.60524905,0.0024195781,U2OS,S,15.132635
SRR11287295,0.43150967,0.87855244,0.20480439,U2OS,G1,5.1628989999999995
SRR11287296,0.9531107,-0.21931109,-0.208525,U2OS,S,14.623974999999998
SRR11287297,0.83645463,-0.538622,-0.10114375,U2OS,G2M,21.109389999999998
SRR11287298,0.08287346,-0.77540386,0.6260038,U2OS,G2M,20.422698999999998
SRR11287301,0.9566306,0.13641629,-0.2573882,U2OS,S,11.800912
SRR11287302,0.9067096,-0.41418599999999994,0.07954714,U2OS,G2M,21.592617
SRR11287303,0.84993345,-0.33742175,-0.40467227,U2OS,S,15.107202
SRR11287305,0.9253358,0.018838577,-0.37868038,U2OS,S,13.708387
SRR11287306,0.94211674,0.006222088000000001,-0.33522704,U2OS,S,11.750046000000001
SRR11287307,0.8665484,-0.43881178,-0.23777682,U2OS,S,13.123428
SRR11287308,0.1874442,0.9282552,0.3212581,U2OS,G1,4.9340019999999996
SRR11287309,0.085786805,-0.3692684,0.9253548,U2OS,G1,0.712124
SRR11287310,0.667305,0.5049563,-0.5474697,U2OS,S,9.028715
SRR11287311,0.24613066,-0.15241763,0.95717734,U2OS,G1,4.171012
SRR11287312,0.35805678,0.15479743,0.92077845,U2OS,G1,2.110939
SRR11287313,0.81844956,-0.5635467,0.11205111400000001,U2OS,G2M,25.076938000000002
SRR11287314,0.5150757,0.54227436,-0.6638038,U2OS,S,9.384777
SRR11287315,0.738224,-0.6659654,0.10731030000000001,U2OS,G2M,23.347494
SRR11287317,0.1914944,-0.86978006,0.45476642,U2OS,G2M,19.58341
SRR11287318,-0.22299866,0.6500139,0.72646636,U2OS,G1,3.8912489999999997
SRR11287319,0.5070150999999999,-0.8189459,0.26881865,U2OS,G2M,17.752233999999994
SRR11287320,-0.70473784,-0.034124047000000005,-0.70864666,U2OS,G1-G0 transition,8.163993
SRR11287322,0.9824018,-0.080797605,-0.16839932,U2OS,G2M,20.498998
SRR11287323,0.2775025,0.8124128,0.5128136,U2OS,G1,5.213765
SRR11287324,0.7510458000000001,-0.6570253,0.065176345,U2OS,G2M,22.787968
SRR11287325,0.30258545,-0.6710223000000001,0.6768833000000001,U2OS,G2M,22.584504000000003
SRR11287326,0.08382239,-0.13850510000000002,0.98680806,U2OS,G1,0.50866
SRR11287327,0.7663659,0.64237833,-0.005787494000000001,U2OS,S,9.181313000000001
SRR11287328,0.8671948,-0.48471805,-0.1141126,U2OS,G2M,21.999545
SRR11287329,0.21860380000000001,-0.6908501,0.6891579000000001,U2OS,G2M,19.329079999999998
SRR11287330,-0.7194482,0.53370893,-0.44446465,U2OS,G1-G0 transition,6.256518
SRR11287331,0.4717072,0.59013546,0.65515846,U2OS,G1,5.061167
SRR11287332,0.9399136999999999,0.27293414,0.20510738,U2OS,S,11.215953
SRR11287333,0.18961903,0.7543717,0.6284644,U2OS,G1,5.900456
SRR11287334,0.8739253,-0.31618768,-0.3691609,U2OS,S,13.810119
SRR11287335,0.23059148,-0.774877,0.5885519,U2OS,G2M,17.752233999999994
SRR11287336,0.63708556,-0.71056175,-0.2987039,U2OS,G2M,22.457339
SRR11287339,0.90965354,-0.4139135000000001,0.0347279,U2OS,S,14.344211999999999
SRR11287340,0.9015985999999999,-0.42314926,-0.08980422,U2OS,S,15.030903
SRR11287341,-0.1643911,0.20548034,0.96475565,U2OS,G1,1.8820419999999998
SRR11287342,-0.15427114,0.0997449,0.98298085,U2OS,G1,2.79763
SRR11287343,0.49601516,0.37751678,0.78195274,U2OS,G1,2.339836
SRR11287344,0.6633863,0.747717,0.028942024,U2OS,S,10.071468
SRR11287345,0.36876842,-0.67547536,0.6385475,U2OS,G2M,18.388059
SRR11287346,0.8123986999999999,-0.5551908,-0.17824538,U2OS,G2M,24.695443
SRR11287348,-0.49757847,0.56013083,0.66232103,U2OS,G1,4.5525069999999985
SRR11287349,-0.13357215,0.062883236,0.98904204,U2OS,G1,3.4334550000000004
SRR11287350,0.96333575,0.24095611,-0.11800211,U2OS,S,11.673747
SRR11287351,0.6827887,-0.7060469,0.18787561,U2OS,G2M,21.821514
SRR11287352,0.23907213,-0.31260264,0.9193063,U2OS,G1,0.76299
SRR11287353,-0.32688746,0.35239476,0.8769051,U2OS,G1,1.932908
SRR11287354,-0.21550837,0.2515165,0.94355464,U2OS,G1,3.5860529999999997
SRR11287355,0.2819844,-0.73242676,0.61970615,U2OS,S,15.921057999999999
SRR11287356,0.9652834000000001,-0.11218984,-0.23588428,U2OS,S,14.573109
SRR11287358,-0.62041605,0.35065448,0.70151645,U2OS,G1,1.831176
SRR11287359,0.74652433,-0.6097322,-0.26632333,U2OS,G2M,24.975206
SRR11287360,0.2689474,-0.80678505,0.52608466,U2OS,G2M,20.295534
SRR11287361,0.48104790000000003,-0.755042,0.44553825,U2OS,G2M,25.026072
SRR11287362,0.24232683,-0.9401885,0.23942222,U2OS,G2M,21.516318
SRR11287363,0.59641576,-0.7642496,0.24537855,U2OS,G2M,20.982225
SRR11287364,0.488504,0.35354009999999997,-0.79773,U2OS,G1,7.350136999999998
SRR11287365,-0.51082116,0.6688786999999999,-0.5400583000000001,U2OS,G1-G0 transition,4.399909
SRR11287366,0.45206064,-0.7612083000000001,0.46497655,U2OS,G2M,19.252781
SRR11287367,0.93368614,0.042635318,-0.35554534,U2OS,G2M,25.254969
SRR11287368,0.9757943000000001,0.1978065,0.093263775,U2OS,S,13.911851
SRR11287369,0.9593601999999999,0.14924641,-0.23948607,U2OS,S,12.513036
SRR11287370,0.8626927,-0.49885687,-0.0830853,U2OS,G2M,17.396172
SRR11287371,-0.10743318,0.81498694,-0.56943333,U2OS,G1,4.730538
SRR11287372,0.9808015999999999,-0.12756068,-0.14750123,U2OS,G2M,19.507111
SRR11287373,0.8378799000000001,-0.54007405,-0.079229504,U2OS,G2M,21.033091
SRR11287374,0.98950046,0.13266021,0.057357013,U2OS,S,14.166181000000002
SRR11287376,0.18809642,-0.84011513,0.5087497999999999,U2OS,G2M,17.090976
SRR11287377,0.276381,-0.8104726999999999,0.51647604,U2OS,G2M,18.642389
SRR11287378,0.99454707,0.017135795,-0.10287139599999999,U2OS,G2M,16.658615
SRR11287379,0.43293977,0.60108125,-0.6717621,U2OS,G1,6.790611
SRR11287380,-0.48421243,0.30178627,-0.8212572,U2OS,G1-G0 transition,5.951322
SRR11287381,0.97863084,-0.17719565,-0.10432284,U2OS,S,13.22516
SRR11287383,0.891008,-0.35395917,-0.28428438,U2OS,S,15.412398000000001
SRR11287384,0.28192428,-0.40031594,0.87193227,U2OS,G1,0.127165
SRR11287385,0.77418655,-0.6320326,0.03420527,U2OS,G2M,23.754422
SRR11287386,0.66198,-0.6832853,0.30806473,U2OS,S,16.429717999999998
SRR11287387,0.45398828,0.36777505,-0.81156397,U2OS,G1,8.087694
SRR11287388,0.8511183000000001,-0.43483227,-0.2941402,U2OS,G2M,18.896719
SRR11287389,0.9134828000000002,-0.37832013,-0.14974299,U2OS,G2M,22.12671
SRR11287390,-0.12676963,0.6332005999999999,-0.76353544,U2OS,G1-G0 transition,6.892342999999999
SRR11287391,0.22594386,-0.79440707,0.5637966999999999,U2OS,G2M,21.414586
SRR11287392,0.66329837,-0.69366986,0.28081542,U2OS,G2M,19.736007999999998
SRR11287393,0.8367621,-0.5071438,-0.20648117,U2OS,G2M,24.949773
SRR11287394,0.12010961,-0.1256198999999999,0.9847808000000001,U2OS,S,11.063355
SRR11287395,0.31090024,-0.95019865,-0.021530277999999996,U2OS,G2M,24.466545999999997
SRR11287396,0.96776855,-0.051114865,-0.24659966,U2OS,S,12.055242
SRR11287397,0.8911308000000001,-0.45279476,-0.029375281,U2OS,G2M,24.92434
SRR11287398,0.80717975,0.3075447,-0.50386196,U2OS,S,10.224066
SRR11287400,0.30427068,-0.80473334,0.5097291,U2OS,G2M,18.667822
SRR11287401,0.18478347,-0.050961502,0.981457,U2OS,G1,0.788423
SRR11287402,0.81972814,-0.47155365,0.32508904,U2OS,G2M,20.702462
SRR11287403,0.9649066999999999,-0.019842511,-0.26184237,U2OS,S,11.978943
SRR11287404,0.98004276,0.021179155,0.19765554,U2OS,G2M,21.694349
SRR11287406,0.9998841,-0.01507023,0.0021291093,U2OS,S,14.217047
SRR11287407,0.8677689000000001,-0.46546093,-0.17413606,U2OS,G2M,23.907020000000003
SRR11287408,-0.8360771999999999,0.14116874,-0.53013796,U2OS,G1-G0 transition,7.0449410000000015
SRR11287409,0.81092346,-0.5779943000000001,0.091245085,U2OS,G2M,24.41568
SRR11287410,0.9705646000000001,0.15430538,-0.18491673,U2OS,S,13.504923000000002
SRR11287411,0.88328695,0.3058971,-0.3552902,U2OS,S,10.096900999999999
SRR11287412,0.8852331,-0.41989732,-0.20012048,U2OS,S,15.971924
SRR11287413,0.97118235,-0.1934419,-0.1392298,U2OS,S,14.649408
SRR11287414,0.09934504,-0.9187615,0.38210982,U2OS,S,15.819326
SRR11287415,0.95226556,0.22702558,-0.20408228,U2OS,S,15.539563000000001
SRR11287416,0.7487479,-0.15584365,-0.6442741999999999,U2OS,S,11.368551
SRR11287417,0.8143575,0.5673934,-0.12201025,U2OS,S,10.93619
SRR11287418,0.5263441,0.36567464,-0.76762235,U2OS,S,8.952416
SRR11287419,0.8992952,0.29097979999999996,-0.32649487,U2OS,S,13.530356
SRR11287420,0.99378246,0.031222891000000003,-0.10687169,U2OS,S,11.597448
SRR11287421,0.77946246,0.60462266,0.16391952,U2OS,S,9.969736
SRR11287422,0.90853256,0.003174018,-0.41780183,U2OS,S,11.44485
SRR11287423,0.50477374,-0.8558443000000001,0.11284443,U2OS,S,15.259799999999998
SRR11287424,0.8984589,0.2414221,-0.3667245,U2OS,S,12.106108
SRR11287425,0.8301279,0.37289172,-0.41453528,U2OS,S,13.352325
SRR11287426,0.79987574,0.21548079,-0.56014895,U2OS,S,9.537375
SRR11287427,0.78027266,0.5600066,0.2785086,U2OS,S,10.096900999999999
SRR11287428,0.60672903,0.57218766,-0.55179787,U2OS,S,9.105014
SRR11287429,0.71038175,0.11369588,-0.69457257,U2OS,S,8.850684
SRR11287430,0.57498276,0.7965988,0.1866148,U2OS,S,8.367457
SRR11287431,0.9159028,0.3735519000000001,0.14690426,U2OS,S,12.869098
SRR11287432,0.74626184,0.63406473,0.20262033,U2OS,S,8.901549999999997
SRR11287433,0.98944336,0.047228242999999996,-0.13700888,U2OS,S,12.004375999999999
SRR11287434,0.9814686,-0.1480553,0.12165093,U2OS,S,15.488697
SRR11287435,0.6379555,0.7558562,-0.14728943,U2OS,S,10.42753
SRR11287436,0.81212515,-0.19886968,-0.5485466999999999,U2OS,S,10.859891000000001
SRR11287437,0.63089526,-0.7669902,-0.11703508,U2OS,S,15.590429
SRR11287438,0.86371374,-0.20103478,-0.4621510999999999,U2OS,S,14.013582999999999
SRR11287439,0.95670223,0.23297171,-0.17448506,U2OS,S,11.292252000000001
SRR11287440,0.91380703,0.31795582,0.2527067,U2OS,S,12.665633999999999
SRR11287441,0.648035,-0.72051966,0.24678350000000002,U2OS,S,16.099089000000003
SRR11287442,0.65998286,-0.08481246,-0.7464781,U2OS,S,9.308478
SRR11287443,0.4858079000000001,0.17594993,-0.85617304,U2OS,S,8.977848999999997
SRR11287444,0.76749015,-0.13342318,-0.6270223,U2OS,S,12.741933
SRR11287445,0.82768863,-0.37940094,-0.41350523,U2OS,S,13.250592999999999
SRR11287446,0.9381417,-0.33542097,-0.08592333,U2OS,S,16.404285
SRR11287447,0.35450247,-0.9347825999999999,0.022566317000000002,U2OS,S,13.581222
SRR11287448,0.11299433,-0.72154933,0.68308043,U2OS,S,15.615862
SRR11287449,0.20829628,-0.7698789,0.6032405,U2OS,S,15.895625
SRR11287450,0.21112876,-0.78875387,0.57731444,U2OS,G2M,19.532544
SRR11287451,0.8204049000000001,-0.50585955,-0.26653699999999997,U2OS,G2M,23.144029999999997
SRR11287452,0.99095243,-0.026599314,-0.13155106,U2OS,G2M,23.474659000000006
SRR11287453,0.4803995,-0.69633627,0.53322804,U2OS,G2M,20.320967
SRR11287454,0.16685021,-0.8648041999999999,0.47357643,U2OS,G2M,19.151049
SRR11287455,0.81506485,-0.5768666,-0.053797077,U2OS,G2M,23.296628
SRR11287456,0.45716697,-0.8249206,0.33242193,U2OS,G2M,19.659709
SRR11287457,0.40174848,-0.80833614,0.430338,U2OS,G2M,17.803099999999993
SRR11287458,0.68424106,-0.72845393,-0.034189966,U2OS,G2M,21.185689
SRR11287459,0.79798156,-0.5904008000000001,0.12104657,U2OS,G2M,20.142936
SRR11287460,0.8757981,-0.35732523,-0.324494,U2OS,G2M,24.848041000000002
SRR11287461,0.6582526,-0.7035296,0.26786107,U2OS,G2M,17.879399
SRR11287462,0.6104255999999999,-0.7906915,0.046771597000000005,U2OS,G2M,21.770648
SRR11287463,0.20359612,-0.82191736,0.5319781,U2OS,G2M,17.930265
SRR11287464,0.5030848,-0.7660895000000001,0.40001559999999997,U2OS,G2M,20.727895
SRR11287465,0.28603804,-0.6777729,0.67735237,U2OS,G2M,18.31176
SRR11287466,0.40524137,-0.8717053,0.27551603,U2OS,G2M,19.354513
SRR11287467,0.9860346,-0.056780834,-0.15656237,U2OS,G2M,23.703556000000006
SRR11287468,0.38065192,-0.62853765,0.6782658,U2OS,G2M,18.438925
SRR11287469,0.16796105,-0.80282205,0.57207143,U2OS,G2M,24.364814000000003
SRR11287470,0.6039960999999999,-0.6676795,0.4351930000000001,U2OS,G2M,20.880492999999998
SRR11287471,0.46552345,-0.73730916,0.4895541,U2OS,G2M,22.228442
SRR11287472,0.6423615,-0.6662946,0.37871253,U2OS,G2M,23.983319
SRR11287473,0.7192417,-0.54688925,0.42848980000000003,U2OS,G2M,23.118597
SRR11287474,0.36926344,-0.8786236999999999,0.30276190000000003,U2OS,G2M,20.015771
SRR11287475,0.9160613000000001,-0.38341156,-0.1175891,U2OS,G2M,23.678123
SRR11287476,0.4538629,-0.8863939000000001,0.09118263,U2OS,G2M,24.390247
SRR11287477,0.977283,-0.20941627,-0.032599375,U2OS,G2M,20.397266000000002
SRR11287478,0.49107498,-0.8046542,0.33373174,U2OS,G2M,20.09207
SRR11287479,0.83114314,-0.5560585,7.99927e-06,U2OS,G2M,20.371833
SRR11287480,0.923826,-0.3824077,-0.017604498,U2OS,G2M,17.981130999999994
SRR11287481,0.8205714,-0.55898255,0.119168386,U2OS,G2M,20.244668
SRR11287482,0.8942338,-0.41012612,-0.17928322,U2OS,G2M,21.796081
SRR11287483,0.37510836,-0.92338145,0.08161089,U2OS,G2M,20.85506
SRR11287484,0.41148555,-0.6858001,0.6002981,U2OS,G2M,17.777666999999994
SRR11287485,0.6897446,-0.72379285,0.019401988000000002,U2OS,G2M,23.220329
SRR11287486,0.6447045,-0.61650664,0.45196888,U2OS,G2M,19.227348000000003
SRR11287487,0.53601897,-0.8441485999999999,0.009840394,U2OS,G2M,23.322060999999998
SRR11287488,0.7425797,-0.6693836,-0.02237913,U2OS,G2M,24.67001
SRR11287489,0.5421223000000001,-0.7462310999999999,0.38631922,U2OS,G2M,20.575297000000006
SRR11287490,0.35157397,-0.82707274,0.4385732,U2OS,G2M,22.101277
SRR11287491,0.43540847,-0.45103177,0.7790954000000001,U2OS,G2M,16.989244
SRR11287498,0.815516,-0.5486833999999999,-0.18406576,U2OS,G2M,24.313948
SRR11287499,0.67057544,-0.6303585999999999,0.39112234,U2OS,G2M,24.212216
SRR11287500,0.8179923000000001,-0.56452984,-0.11042836,U2OS,G2M,19.888606
SRR11287501,0.9143776,-0.13139012,-0.38294932,U2OS,G2M,24.720876
SRR11287502,0.38103703,-0.7603028000000001,0.5260708000000001,U2OS,G2M,21.058524
SRR11287503,0.9333372,-0.024865493,-0.35813877,U2OS,G2M,19.151049
SRR11287504,0.8307941999999999,-0.547728,-0.098868266,U2OS,G2M,17.726801000000002
SRR11287505,0.7284899,-0.67457783,0.11936174,U2OS,G2M,23.728989000000002
SRR11287506,0.7999628000000001,-0.5718778,-0.18170083,U2OS,G2M,22.304741
SRR11287508,0.6089214,-0.71243596,0.34878343,U2OS,G2M,21.719782000000002
SRR11287509,0.645536,-0.7266845000000001,0.2349741,U2OS,G2M,21.160256
SRR11287511,0.8013458999999999,-0.5858648,0.12086024,U2OS,G2M,17.421605
SRR11287512,0.9155709999999999,-0.3800504,-0.1314975,U2OS,G2M,21.87238
SRR11287513,0.43326279999999995,-0.8200232,0.37395906,U2OS,G2M,18.413492
SRR11287514,0.35051647,-0.7084041999999999,0.61261874,U2OS,G2M,18.108296
SRR11287515,0.37708727,-0.8258370999999999,0.41928288,U2OS,G2M,17.116409
SRR11287516,0.99783695,-0.0656952859999999,0.0023627551000000003,U2OS,G2M,17.243574000000002
SRR11287517,0.30616203,-0.79013836,0.53098595,U2OS,G2M,22.482772
SRR11287518,0.2651986,-0.66962624,0.6937365,U2OS,G2M,18.845852999999998
SRR11287519,0.9561434000000001,-0.22553855,-0.18687393,U2OS,G2M,19.201915
SRR11287520,0.5621669,-0.7422896,0.36465684,U2OS,G2M,17.269007000000002
SRR11287521,0.5687601999999999,-0.70772046,0.4190985,U2OS,G2M,22.152143
cell_9387,-0.8902336999999999,-0.09368297,-0.44576612,Fibroblast,G0,
cell_10579,-0.045444608,-0.20138657,0.97845703,Fibroblast,G1,
cell_12914,0.9140011,-0.13673182,-0.3819768,Fibroblast,S,
cell_19210,0.5838168,0.53806335,-0.607985,Fibroblast,G1,
cell_21047,-0.3787739,0.7881193,0.4851785,Fibroblast,G1-G0 transition,
cell_22865,0.93922734,-0.33812842,-0.059338458,Fibroblast,S,
cell_25261,0.1093933,-0.84004366,0.5313753999999999,Fibroblast,G2M,
cell_27312,-0.7675029000000001,-0.63364434,-0.09712905,Fibroblast,G0,
cell_27774,0.6415068,0.7229445999999999,-0.25655466,Fibroblast,S,
cell_30718,-0.96296513,-0.01259059,0.26933196,Fibroblast,G0,
cell_33109,-0.75671625,0.5843409,0.29313213,Fibroblast,G0,
cell_33326,-0.88719565,-0.21288088,-0.40934786,Fibroblast,G0,
cell_34215,-0.8988917,0.08411287,-0.43002188,Fibroblast,G0,
cell_39269,0.9854669,-0.14799520000000002,0.08338079,Fibroblast,G2M,
cell_42373,-0.82765996,-0.07390846,-0.55634207,Fibroblast,G0,
cell_47437,-0.9059636000000001,-0.41807002,-0.06668826,Fibroblast,G0,
cell_49519,-0.29036945,-0.6861108,-0.6670364000000001,Fibroblast,G0,
cell_54454,-0.5273840999999999,-0.68865985,-0.49760774,Fibroblast,G0,
cell_59742,0.91727734,-0.10483622599999999,-0.38420272,Fibroblast,S,
cell_59937,-0.071296684,0.23836324,0.96855557,Fibroblast,G1,
cell_61765,-0.3413104,-0.529126,-0.7768738000000001,Fibroblast,G0,
cell_63049,-0.48972910000000003,-0.6805759,-0.5449605,Fibroblast,G0,
cell_66804,-0.7903025,-0.6042907,0.10126552,Fibroblast,G0,
cell_69130,0.99049777,-0.13103662,-0.04175586,Fibroblast,S,
cell_72499,-0.8359714,-0.51234454,-0.19660804,Fibroblast,G0,
cell_72989,-0.62457216,0.767582,0.14397013,Fibroblast,G0,
cell_73811,-0.5593481,-0.7504881,-0.3519903,Fibroblast,G0,
cell_74371,-0.98222196,0.18188164,-0.04646578,Fibroblast,G0,
cell_74451,0.6577270000000001,0.6788287,0.32647613,Fibroblast,S,
cell_74924,0.9984907,-0.054900742999999995,0.0014791918,Fibroblast,S,
cell_76985,-0.89484596,0.08354734,0.43848667,Fibroblast,G0,
cell_80289,0.058506247000000004,-0.15956216,0.9854526,Fibroblast,G1,
cell_81536,-0.9585213,-0.201443,-0.20163745,Fibroblast,G0,
cell_81977,0.4727398,-0.77953804,0.41089842,Fibroblast,G2M,
cell_82373,0.032576073,0.96810794,-0.24840679999999998,Fibroblast,G1-G0 transition,
cell_84043,0.12287977,-0.44749984,0.8858016,Fibroblast,G2M,
cell_91349,-0.2850618,-0.9527996999999999,-0.104462735,Fibroblast,G0,
cell_94138,-0.8721496999999999,-0.46856874,-0.14070618,Fibroblast,G0,
cell_96793,-0.759134,-0.6450933000000001,-0.08700619,Fibroblast,G0,
cell_97867,0.82216907,-0.19436699,-0.53503233,Fibroblast,S,
cell_100051,0.28900963,-0.7559764,0.5873441,Fibroblast,G2M,
cell_101447,0.60508454,0.5196094,-0.6032238,Fibroblast,G1,
cell_102737,0.76521266,-0.502458,-0.40247422,Fibroblast,S,
cell_102768,-0.4527159000000001,-0.71082896,-0.5383034000000001,Fibroblast,G0,
cell_102888,-0.5707814,-0.72907764,-0.37769640000000004,Fibroblast,G0,
cell_104930,-0.4690005,0.44344634,0.76380223,Fibroblast,G1-G0 transition,
cell_108305,0.71409374,-0.6685965,0.2074822,Fibroblast,G2M,
cell_116377,0.8965636,-0.32953590000000005,-0.29593903,Fibroblast,S,
cell_116475,-0.32339045,-0.9449893,-0.049128952999999996,Fibroblast,G0,
cell_117254,-0.8509388000000001,-0.16977979,-0.49706945,Fibroblast,G0,
cell_120169,0.24701183,0.16497758,0.9548652,Fibroblast,G1,
cell_121717,-0.71375495,0.39651823,-0.5773449,Fibroblast,G0,
cell_122195,-0.08231539,-0.07657760400000001,-0.99366,Fibroblast,G0,
cell_122497,-0.44329315,0.76236707,-0.47147408,Fibroblast,G0,
cell_123206,0.17256492,-0.0010995404,-0.9849975000000001,Fibroblast,G1,
cell_123270,-0.7013076,-0.5410619000000001,-0.46413326,Fibroblast,G0,
cell_125328,0.907537,-0.3382752,-0.24889039,Fibroblast,S,
cell_125644,0.3089327,0.5412316,0.7820670999999999,Fibroblast,G1,
cell_127389,-0.358274,-0.071187094,-0.9308985000000001,Fibroblast,G0,
cell_128045,0.8396398000000002,0.36481738,-0.40238455,Fibroblast,S,
cell_130233,-0.84551066,0.28759453,-0.4498902,Fibroblast,G0,
cell_130316,-0.5861069,-0.4570432,-0.66902184,Fibroblast,G0,
cell_131889,-0.8817891999999999,-0.45256814,-0.13277775,Fibroblast,G0,
cell_132875,-0.72526145,0.6882326,0.018213594,Fibroblast,G0,
cell_135383,0.61662954,-0.62025744,0.48481816,Fibroblast,G2M,
cell_137128,-0.44442937,-0.6553696,-0.61071545,Fibroblast,G0,
cell_137303,0.6576892,0.72785777,-0.19408204,Fibroblast,S,
cell_138024,-0.6648234000000001,-0.6346972,-0.3939152,Fibroblast,G0,
cell_140969,-0.007983293,0.5281843,-0.84909225,Fibroblast,G1-G0 transition,
cell_141283,-0.05945256,0.40441075,-0.9126431,Fibroblast,G1-G0 transition,
cell_142995,0.5078416,-0.6400063,0.57661855,Fibroblast,G2M,
cell_146636,0.38635606,-0.60907817,0.6926418000000001,Fibroblast,G2M,
cell_146787,0.5278896,-0.66244453,0.53150725,Fibroblast,G2M,
cell_147463,-0.40721324,0.77917933,0.47650495,Fibroblast,G1-G0 transition,
cell_147465,0.8470360999999998,0.5102041,-0.14906852,Fibroblast,S,
cell_150578,-0.4136653,-0.10620778,-0.9042129000000001,Fibroblast,G0,
cell_152161,0.34896594,0.39232215,-0.8510617,Fibroblast,G1,
cell_152407,0.29208374,0.40502474,0.86639607,Fibroblast,G1,
cell_154206,-0.33567908,0.74803185,0.5725102,Fibroblast,G1-G0 transition,
cell_156938,0.40904006,0.88328445,0.22911772,Fibroblast,G1,
cell_156967,0.91512305,0.13219419,-0.38088652,Fibroblast,S,
cell_158105,-0.5384135,-0.5826627,-0.60878164,Fibroblast,G0,
cell_160238,-0.87240124,-0.4783978,0.1002579,Fibroblast,G0,
cell_161388,0.36857748,0.29590896,-0.8812424999999999,Fibroblast,G1,
cell_163368,0.8918546999999999,-0.44588490000000003,-0.076038696,Fibroblast,G2M,
cell_165216,0.7973324,0.45697552,-0.39425170000000004,Fibroblast,S,
cell_166375,-0.95660543,0.23046626,-0.17830136,Fibroblast,G0,
cell_166918,0.9291391,0.19308054,-0.31530990000000003,Fibroblast,S,
cell_166933,-0.7674913000000001,-0.44837508,-0.45816693,Fibroblast,G0,
cell_168298,-0.81977725,-0.2633728,-0.5085271,Fibroblast,G0,
cell_175974,0.6431222,-0.684557,0.3431844,Fibroblast,G2M,
cell_178236,-0.69743305,-0.556057,-0.4520924,Fibroblast,G0,
cell_178440,-0.79920405,-0.43363577,-0.41621247,Fibroblast,G0,
cell_178791,0.8161329,-0.49306262,-0.30135733,Fibroblast,S,
cell_180329,0.9397328000000001,-0.31969735,0.12122680000000001,Fibroblast,G2M,
cell_180434,-0.91951853,-0.39251092,0.020514513999999998,Fibroblast,G0,
cell_183614,-0.7203913000000001,-0.19992472,0.6641285,Fibroblast,G0,
cell_184126,-0.25717774,0.2166174,0.94177306,Fibroblast,G1,
cell_185270,0.8513161,-0.5159197,-0.09532823,Fibroblast,S,
cell_186094,-0.639316,-0.53962266,-0.5477976999999999,Fibroblast,G0,
cell_186442,-0.8387742,0.5018943,-0.21109208,Fibroblast,G0,
cell_188876,-0.9366143,0.25692889999999996,-0.23820414,Fibroblast,G0,
cell_190208,-0.30847287,-0.8474332,-0.43208966,Fibroblast,G0,
cell_192534,0.0579474,0.9919440999999999,0.11264573,Fibroblast,G1,
cell_192548,-0.435464,0.89793605,-0.06388935,Fibroblast,G1-G0 transition,
cell_193069,0.25960916,0.01809076,0.9655443000000001,Fibroblast,G1,
cell_198379,-0.56962436,0.5233141,0.6337749,Fibroblast,G1-G0 transition,
cell_200330,-0.64849687,-0.59955215,-0.46902978,Fibroblast,G0,
cell_200516,-0.6299878000000001,0.7629421999999999,-0.14503333,Fibroblast,G0,
cell_201349,-0.33510858,0.45725575,0.82378346,Fibroblast,G1-G0 transition,
cell_204439,-0.79418254,0.60727715,0.022100966,Fibroblast,G1-G0 transition,
cell_205630,-0.51761085,-0.63646936,-0.5718266,Fibroblast,G0,
cell_209407,-0.8166054,-0.36755764,-0.4450361,Fibroblast,G0,
cell_211635,-0.7506868,0.1951911,-0.6311654999999999,Fibroblast,G0,
cell_211704,-0.6039985999999999,-0.7552709,-0.2544632,Fibroblast,G0,
cell_211956,-0.5410276999999999,-0.508832,-0.66961104,Fibroblast,G0,
cell_214079,0.7585408,-0.5760595000000001,-0.30458382,Fibroblast,S,
cell_214757,0.89674366,-0.35206944,-0.26813805,Fibroblast,S,
cell_215076,0.49968815,-0.04845079,-0.8648493,Fibroblast,G1,
cell_215252,-0.10899619,-0.5054021,0.8559723,Fibroblast,G1,
cell_216979,-0.27287474,0.9536962999999999,-0.12650139999999999,Fibroblast,G1-G0 transition,
cell_217551,0.977966,0.06703739,-0.19770809,Fibroblast,S,
cell_217811,-0.6339789,0.7733439000000001,-0.00317074,Fibroblast,G0,
cell_218535,0.057094056,-0.38394848,0.9215876000000001,Fibroblast,G1,
cell_219294,-0.9893110999999999,0.13307996,-0.0596080159999999,Fibroblast,G0,
cell_221321,0.9696811,0.11724224,-0.21441258,Fibroblast,S,
cell_221704,-0.6835711,0.70305294,-0.19607945,Fibroblast,G0,
cell_225709,-0.062358312,0.8933661,-0.44498128,Fibroblast,G1,
cell_225926,-0.11765329,-0.010789791000000002,0.99299616,Fibroblast,G1,
cell_225954,0.40869462,-0.7521493,0.5169527,Fibroblast,G2M,
cell_227374,0.78853804,0.61434,-0.0281791,Fibroblast,S,
cell_229420,0.74080646,0.53996456,-0.39955455,Fibroblast,G1,
cell_230446,-0.9618,-0.27110317,-0.037997063,Fibroblast,G0,
cell_230520,0.96637017,-0.07386719,-0.24631746,Fibroblast,S,
cell_233419,0.13792133,0.42652792,0.8938969000000001,Fibroblast,G1,
cell_234891,-0.8506799,-0.49747947,-0.16987588,Fibroblast,G0,
cell_236468,0.8331811,-0.5080582,0.21837115,Fibroblast,S,
cell_238451,-0.6536196,-0.47686696,-0.5876899,Fibroblast,G0,
cell_243006,-0.17560518,-0.7905905,-0.58662546,Fibroblast,G0,
cell_244818,-0.36245027,0.5580528,0.7464628000000001,Fibroblast,G1-G0 transition,
cell_246116,-0.20603707,0.46084970000000003,-0.86323005,Fibroblast,G0,
cell_248247,0.8851562,0.39534578,-0.24535717,Fibroblast,S,
cell_250608,-0.0051777646999999994,0.9582947,0.28573456,Fibroblast,G1,
cell_252870,-0.80143374,-0.02067604,-0.5977260999999999,Fibroblast,G0,
cell_255062,-0.9929177,0.10026055,-0.06373498,Fibroblast,G0,
cell_255411,0.055967472000000004,0.6883183,0.72324634,Fibroblast,G1,
cell_255794,-0.67281944,-0.31691423,-0.6684903,Fibroblast,G0,
cell_258994,0.15131849,0.21027249,0.96586126,Fibroblast,G1,
cell_260192,-0.097682856,0.21519372,0.9716735999999999,Fibroblast,G1,
cell_260541,-0.22658524,-0.05534499,0.97241765,Fibroblast,G1,
cell_265158,-0.060502883,0.037232745,0.9974733,Fibroblast,G1,
cell_267756,-0.36638036,-0.6908446,-0.62329704,Fibroblast,G0,
cell_270679,0.052924685,-0.25494325,0.9655065,Fibroblast,G1,
cell_270866,-0.7312382,0.44626084,-0.51588964,Fibroblast,G0,
cell_271944,0.32351756,0.26665053,-0.90787333,Fibroblast,G1,
cell_278074,-0.7395563,-0.24783096,-0.6258085999999999,Fibroblast,G0,
cell_278880,-0.7927195,-0.49888869999999996,-0.35029402,Fibroblast,G0,
cell_281760,0.8064379,-0.5849380999999999,-0.08663289,Fibroblast,S,
cell_283401,0.15832807,0.9564089,-0.24538583,Fibroblast,G1,
cell_283455,0.9773106,-0.06746098,0.20078117,Fibroblast,S,
cell_285628,0.87411726,0.16801456,-0.45573009999999997,Fibroblast,G0,
cell_285982,-0.8905118000000001,0.11653702,-0.43978146,Fibroblast,G0,
cell_287006,0.8826501,-0.2976621,-0.3637667,Fibroblast,S,
cell_287372,-0.65938646,-0.7517967,-0.0033338354,Fibroblast,G0,
cell_290940,0.8716982,-0.44128972,-0.21308587,Fibroblast,S,
cell_291624,-0.82749975,-0.19413076,-0.52683693,Fibroblast,G0,
cell_292301,0.06641892,-0.35712096,0.93169373,Fibroblast,G1,
cell_293309,-0.605317,0.54698324,0.5782738000000001,Fibroblast,G1-G0 transition,
cell_293599,-0.69188833,-0.5299058000000001,-0.49039814,Fibroblast,G0,
cell_296107,-0.48702306,-0.72439295,-0.4879173,Fibroblast,G0,
cell_297715,0.7083643000000001,-0.634356,-0.30953586,Fibroblast,S,
cell_298411,0.5694366999999999,0.7916321999999999,-0.22149535,Fibroblast,S,
cell_301451,0.3306388,-0.78297496,0.5269041999999999,Fibroblast,G2M,
cell_303285,-0.73236096,0.5618665,-0.38464698,Fibroblast,G0,
cell_304770,-0.9901309000000001,-0.119778566,-0.07275816,Fibroblast,G0,
cell_305874,-0.8862095999999999,-0.4518092000000001,0.102474235,Fibroblast,G0,
cell_306322,0.9270437,-0.34296152,-0.15155035,Fibroblast,S,
cell_306790,0.8226812,-0.568058,0.022492558,Fibroblast,G2M,
cell_308272,-0.8263074,-0.47068465,-0.30930924,Fibroblast,G0,
cell_309583,-0.98305136,-0.028786622,-0.18105629,Fibroblast,G0,
cell_310997,-0.82493526,-0.036979284,-0.5640163,Fibroblast,G0,
cell_311707,-0.8257454,0.19824673,-0.5280557,Fibroblast,G0,
cell_312146,-0.65572006,-0.26643357,-0.70643085,Fibroblast,G0,
cell_312464,0.70979315,-0.6506733,0.26984817,Fibroblast,G2M,
cell_313602,0.0029477302,-0.28590953,0.9582521,Fibroblast,G1,
cell_313683,0.92582285,0.30488706,-0.22337393,Fibroblast,S,
cell_315614,-0.87004775,-0.4128949000000001,-0.26932284,Fibroblast,G0,
cell_315874,-0.99943197,-0.016690869,0.029277934,Fibroblast,G0,
cell_316427,-0.49685815,-0.83141303,-0.24876538,Fibroblast,G0,
cell_316683,-0.866663,0.48543373,-0.11510582,Fibroblast,G1-G0 transition,
cell_317625,-0.8662138,-0.13348712,-0.48151314,Fibroblast,G0,
cell_317885,-0.7555546,-0.59947515,-0.26413408,Fibroblast,G0,
cell_318822,-0.14878969,0.2571428,-0.9548504000000001,Fibroblast,G1-G0 transition,
cell_319645,-0.8816171999999999,0.45527214,-0.12441204,Fibroblast,G0,
cell_321206,0.78592914,-0.4212451,-0.45262349999999996,Fibroblast,S,
cell_326015,-0.18420161,-0.10526417,0.9772354,Fibroblast,G1,
cell_326864,0.4171036,0.68644243,-0.59566885,Fibroblast,G1,
cell_328211,0.053614598,0.8357313,0.54651487,Fibroblast,G1,
cell_329731,-0.7551443,-0.43292263,-0.49227545,Fibroblast,G0,
cell_331796,0.54001504,0.23032536,-0.80952686,Fibroblast,G1,
cell_333886,0.04956654,-0.3523553,0.9345528000000001,Fibroblast,G1,
cell_334293,0.14019512,0.20447235,-0.96878093,Fibroblast,S,
cell_334836,-0.5897638000000001,0.60812086,-0.53138274,Fibroblast,G1-G0 transition,
cell_335420,0.8888045,0.061512284,-0.4541396,Fibroblast,S,
cell_335632,-0.67854977,-0.35901657,-0.6408411999999999,Fibroblast,G0,
cell_338900,-0.6871946999999999,-0.628107,-0.3650275,Fibroblast,G0,
cell_339206,-0.43616444,0.8322605,0.34220335,Fibroblast,G1-G0 transition,
cell_339338,-0.66743726,0.7446520000000001,0.004573956,Fibroblast,G0,
cell_342137,0.2758607,0.7834799,0.5568306,Fibroblast,S,
cell_343111,0.97200304,-0.081174046,-0.22050142,Fibroblast,S,
cell_344551,-0.38441142,0.9000565,0.20524688,Fibroblast,G1-G0 transition,
cell_344974,0.48391795,-0.84455514,0.22923836,Fibroblast,G2M,
cell_345190,-0.5573333,0.37777445,0.7393688,Fibroblast,G1-G0 transition,
cell_346746,-0.5807426,-0.5465911999999999,-0.60330427,Fibroblast,G0,
cell_350716,0.3635932,0.87425214,0.32168776,Fibroblast,G1,
cell_353204,0.56863934,0.7866175999999999,-0.24058689,Fibroblast,S,
cell_358341,-0.95598394,0.29178295,-0.030942304,Fibroblast,G0,
cell_358408,0.7096089,-0.6768522,-0.19577138,Fibroblast,S,
cell_363060,-0.95165426,0.20593806,0.2279115,Fibroblast,G0,
cell_363855,0.8267895000000001,0.5575756,-0.07435416,Fibroblast,S,
cell_364209,0.9269354,-0.058330398,-0.3706592,Fibroblast,S,
cell_365226,0.9847184000000001,0.12400326,-0.12228137,Fibroblast,S,
cell_366424,0.131365,-0.14524041,0.9806367,Fibroblast,G1,
cell_366566,-0.23067735,-0.00044703856,-0.97303027,Fibroblast,G0,
cell_368916,0.70521855,0.5284661,-0.47264168,Fibroblast,S,
cell_369626,-0.46127072,-0.6233923000000001,-0.6313566999999999,Fibroblast,G0,
cell_369863,-0.5730732,-0.36215878,-0.7351380999999999,Fibroblast,G0,
cell_371395,-0.5544806999999999,-0.7919206,-0.25575927,Fibroblast,G0,
cell_372668,-0.96960807,0.04145004,-0.24112666,Fibroblast,G0,
cell_373792,0.22653653,0.7921486999999999,0.5667287,Fibroblast,S,
cell_376590,0.09085264,-0.031540114,0.9953646999999999,Fibroblast,G1,
cell_377051,0.32173795,0.7044614,-0.63262844,Fibroblast,G1,
cell_377412,0.35110965,0.93501264,0.049733147000000005,Fibroblast,S,
cell_378791,-0.46603695,-0.6608647,-0.5882748999999999,Fibroblast,G0,
cell_379162,-0.5200113000000001,0.4806195,0.7061111999999999,Fibroblast,G1-G0 transition,
cell_386238,0.27435544,0.76080704,0.58813405,Fibroblast,G1,
cell_391537,-0.4744797000000001,-0.88012576,0.01572577,Fibroblast,G0,
cell_392284,-0.98233515,-0.10869364,-0.1523267999999999,Fibroblast,G0,
cell_392617,-0.07384959,-0.124619365,0.9894525,Fibroblast,G1,
cell_393517,-0.46274376,-0.6263693,-0.62731946,Fibroblast,G0,
cell_396749,-0.43754157,-0.66821665,-0.6017007,Fibroblast,G0,
cell_398082,-0.76738447,-0.60442543,-0.21398836,Fibroblast,G0,
cell_399698,0.22199912,0.18213229,0.95788527,Fibroblast,G1,
cell_403800,-0.66690356,0.580734,-0.46689156,Fibroblast,G0,
cell_403946,-0.42122248,-0.6640431,-0.61775273,Fibroblast,G0,
cell_405123,-0.9781939000000001,-0.20667255,0.020570013999999998,Fibroblast,G0,
cell_407198,-0.40822828,-0.5666874,-0.7156918999999999,Fibroblast,G0,
cell_407682,0.9856389999999999,-0.0656049,-0.15560107,Fibroblast,S,
cell_408874,-0.33360144,0.46306923,0.8211436,Fibroblast,G1-G0 transition,
cell_414818,-0.7620393,-0.00306849,-0.6475234999999999,Fibroblast,G0,
cell_416852,-0.002917158,-0.36206409999999994,0.9321486999999999,Fibroblast,G1,
cell_417495,-0.8907305,-0.41888282,-0.17645477,Fibroblast,G0,
cell_417972,0.8405110999999998,0.29088400000000003,-0.457086,Fibroblast,S,
cell_419747,0.78862756,0.55871403,-0.2567205,Fibroblast,S,
cell_420972,0.48008174,-0.76365215,0.43169072,Fibroblast,G2M,
cell_423188,-0.9445319,0.29664972,-0.14091998,Fibroblast,G0,
cell_431439,-0.3878435,-0.868742,-0.3080007,Fibroblast,G0,
cell_432268,-0.23045133,0.7274399,-0.6463153,Fibroblast,G1-G0 transition,
cell_432892,0.2565598,0.6130919,0.7471916999999999,Fibroblast,G1,
cell_433126,-0.5898406999999999,0.78900325,0.17193574,Fibroblast,G0,
cell_433981,0.30802232,0.7833668,0.5398691999999999,Fibroblast,G1,
cell_434182,-0.73974,-0.35672238,-0.5705555999999999,Fibroblast,G0,
cell_434801,0.179128,0.41288567,-0.89299417,Fibroblast,G1,
cell_437841,0.18227739999999998,0.8326325000000001,0.52297056,Fibroblast,G1,
cell_438744,-0.24117732,0.7812482,-0.5757471,Fibroblast,G1-G0 transition,
cell_442618,-0.78692156,0.61663985,0.022576652000000003,Fibroblast,G0,
cell_446542,0.41096538,0.29815605,-0.86151636,Fibroblast,G1,
cell_447269,0.87372476,-0.25240860000000004,-0.41580649999999997,Fibroblast,S,
cell_450391,-0.9774648000000001,0.023325182000000003,-0.20980597,Fibroblast,G0,
cell_450427,0.8570796999999999,-0.48541668,0.17258383,Fibroblast,S,
cell_455033,0.5338343000000001,0.38110355,0.75483835,Fibroblast,S,
cell_455368,0.19391936,-0.028384956,-0.9806068000000001,Fibroblast,S,
cell_455689,-0.6165039000000001,-0.19614252,-0.7625293000000001,Fibroblast,G0,
cell_457116,-0.89319634,-0.16700298,-0.41750479999999995,Fibroblast,G0,
cell_457496,0.8373002,-0.35429499999999997,0.4164174,Fibroblast,G2M,
cell_458310,-0.6693886,0.6920390999999999,0.27018645,Fibroblast,G0,
cell_458450,-0.13930069,0.734068,0.6646348000000001,Fibroblast,G1,
cell_458888,0.8595064,-0.402606,0.3148922,Fibroblast,G2M,
cell_459094,-0.81136125,0.58049005,0.06873361,Fibroblast,G0,
cell_459096,0.004588718,0.94781077,0.31880040000000004,Fibroblast,G1-G0 transition,
cell_462275,0.40901503,0.07900131,0.9091014999999999,Fibroblast,G1,
cell_462549,0.9581947000000001,-0.25295639999999997,0.13370074,Fibroblast,S,
cell_463004,-0.7258142,0.085832424,-0.68251485,Fibroblast,G0,
cell_465032,0.85318893,0.20365089,-0.48020306,Fibroblast,S,
cell_470704,0.05414705,-0.22502431,0.9728473,Fibroblast,G1,
cell_471382,0.19296657,0.7563937,0.62500596,Fibroblast,S,
cell_471394,-0.4797001,0.46800008,-0.7422019,Fibroblast,G1-G0 transition,
cell_475994,0.23595676,0.8703386000000001,-0.43224424,Fibroblast,G1,
cell_479324,0.6719775,-0.740528,-0.00804309,Fibroblast,G2M,
cell_479498,-0.01965264,0.7080346,0.7059042,Fibroblast,G1-G0 transition,
cell_480387,-0.23873286,0.34830636,-0.9064709000000001,Fibroblast,G0,
cell_482294,0.84876335,0.51472795,-0.12106115,Fibroblast,S,
cell_482884,-0.68874407,-0.28776199999999996,-0.66545063,Fibroblast,G0,
cell_486264,-0.93106925,0.028099705,-0.36375844,Fibroblast,G0,
cell_486426,0.9361854,0.051298305,-0.34774357,Fibroblast,S,
cell_487964,-0.96571034,-0.099883884,-0.2396387,Fibroblast,G0,
cell_488795,0.6772866,0.64480895,-0.35426584,Fibroblast,G0,
cell_494764,-0.86014545,0.0053785276,-0.51002043,Fibroblast,G0,
cell_498856,0.21051633,-0.6264174,0.7505225,Fibroblast,G2M,
cell_500363,-0.4455668,-0.7728229,-0.45190147,Fibroblast,G0,
cell_503481,0.7996181,0.052696556,-0.5981922,Fibroblast,S,
cell_504413,-0.84866285,0.52846503,-0.022273352000000003,Fibroblast,G0,
cell_506473,-0.81360996,0.40246543,-0.41959548,Fibroblast,G0,
cell_506928,0.6512730999999999,0.553196,-0.5194397,Fibroblast,S,
cell_507408,-0.70107704,-0.6403015999999999,-0.3138547,Fibroblast,G0,
cell_509765,-0.80264586,-0.33105505,-0.49614719999999995,Fibroblast,G0,
cell_510150,0.83410573,-0.53096265,-0.14948684,Fibroblast,S,
cell_512486,-0.60219175,0.7842938,-0.14915872,Fibroblast,G0,
cell_512702,0.17562726,0.5040393,0.84563553,Fibroblast,G1,
cell_514029,-0.92257375,0.34369829999999996,-0.17529795,Fibroblast,G0,
cell_516901,0.8331404,0.52193516,-0.18292347,Fibroblast,S,
cell_519372,0.16235186,0.6039416999999999,0.78031814,Fibroblast,G1,
cell_519419,0.16518508,0.9100239,-0.3802241,Fibroblast,G1,
cell_519534,-0.47815722,0.30060238,-0.82522947,Fibroblast,G0,
cell_520906,0.19295610000000002,0.10145547,0.9759481,Fibroblast,G1,
cell_521045,-0.5354309,0.35871553,0.7646155,Fibroblast,G1-G0 transition,
cell_522567,0.9054492000000001,0.027308777000000003,-0.42357513,Fibroblast,S,
cell_522762,-0.3681301,0.6226284000000001,0.69051725,Fibroblast,G1-G0 transition,
cell_522983,0.5323359999999999,0.33295083,-0.7783071999999999,Fibroblast,G1,
cell_526887,0.39797553,0.35016948,-0.84793687,Fibroblast,S,
cell_530176,-0.22884285,-0.84603137,-0.48152044,Fibroblast,G0,
cell_532059,0.7938555,-0.47260526,-0.38267183,Fibroblast,S,
cell_532818,-0.8444139999999999,-0.512256,-0.15671234,Fibroblast,G0,
cell_533460,0.6921088000000001,-0.6906558,0.20971403,Fibroblast,G2M,
cell_533673,0.7255554,-0.670622,-0.15438738,Fibroblast,S,
cell_534628,-0.25335625,0.43561134,0.8637437,Fibroblast,G1,
cell_535488,0.9719946,-0.23322956,-0.028818296,Fibroblast,S,
cell_535996,-0.7287913,0.6754918000000001,0.112134784,Fibroblast,G0,
cell_539991,-0.78410226,0.6163693,0.072611995,Fibroblast,G0,
cell_540606,-0.84972197,0.44537875,-0.28215290000000004,Fibroblast,G0,
cell_541218,-0.8132218000000001,0.15390610000000002,-0.5612335,Fibroblast,G0,
cell_544290,-0.3242866,0.6969251999999999,0.6396353,Fibroblast,G1-G0 transition,
cell_545724,0.8017201999999999,0.12199601,-0.5851168999999999,Fibroblast,S,
cell_546283,-0.86113775,-0.20436296,-0.46548632,Fibroblast,G0,
cell_546425,0.37367207,-0.1399619,0.91694045,Fibroblast,G1,
cell_547343,0.1921271,-0.39433613,0.89865804,Fibroblast,G1,
cell_547936,0.5821161,0.805198,-0.11312337,Fibroblast,S,
cell_548788,-0.40493104,0.496964,0.7675009,Fibroblast,G1-G0 transition,
cell_552164,0.8701732,-0.10646102,-0.48110774,Fibroblast,S,
cell_555222,-0.9396293,-0.08698612,-0.33095357,Fibroblast,G0,
cell_555606,-0.81920046,-0.37355655,-0.4351622000000001,Fibroblast,G0,
cell_556314,-0.78718317,-0.16569465,-0.59404373,Fibroblast,G0,
cell_558890,-0.39755204,-0.87014645,-0.29120016,Fibroblast,G0,
cell_562697,-0.29433206,-0.0178417269999999,0.9555366,Fibroblast,G1,
cell_567710,0.8654290000000001,-0.37492020000000004,-0.3323664,Fibroblast,S,
cell_571055,-0.68435246,-0.5879906,-0.43119437,Fibroblast,G0,
cell_572193,-0.91543365,-0.3244006,0.23821279999999997,Fibroblast,G0,
cell_573628,0.30772206,0.93239915,0.18957518,Fibroblast,G1,
cell_573674,-0.8955006,0.4355153000000001,0.09167873,Fibroblast,G0,
cell_574382,0.21974118,0.964643,0.14552496,Fibroblast,G1,
cell_577299,0.88380766,-0.40849808,-0.22806458,Fibroblast,S,
cell_578092,0.82404375,-0.34230992,-0.45141548,Fibroblast,S,
cell_580049,0.7077875,0.66217554,-0.24609031,Fibroblast,S,
cell_581528,0.12307438,-0.12132499,0.9849533000000001,Fibroblast,G1,
cell_583598,-0.8501056999999999,-0.06939121,-0.5220202,Fibroblast,G0,
cell_583618,0.12031795,-0.20819297,0.97065914,Fibroblast,G1,
cell_585193,0.26394472,-0.029196637,0.9640958000000001,Fibroblast,G1,
cell_589956,0.58624184,0.7018126,-0.40469673,Fibroblast,G1,
cell_590234,0.15457971,0.3631281,0.9188270000000001,Fibroblast,G1,
cell_593956,-0.9614931999999999,-0.2067752,0.18103787,Fibroblast,G0,
cell_594471,-0.86785126,0.10160719,-0.48632312,Fibroblast,G0,
cell_596793,-0.91620934,-0.39896065,0.037292972,Fibroblast,G0,
cell_597030,0.9198001,0.03367441,-0.39093956,Fibroblast,S,
cell_597781,0.096321516,0.7969272,0.5963465,Fibroblast,G1,
cell_599498,-0.5923503000000001,-0.73520815,-0.32952997,Fibroblast,G0,
cell_601827,-0.6940904,0.7053035,-0.14417133,Fibroblast,G0,
cell_603058,0.35503855,0.8352905999999999,0.41980603,Fibroblast,S,
cell_603961,0.6278481,0.57235855,-0.5274585999999999,Fibroblast,S,
cell_604716,-0.8027408,0.15420748,-0.57604426,Fibroblast,G0,
cell_605091,0.40354767,0.8523908000000001,0.33253452,Fibroblast,S,
cell_608294,-0.38945237,0.801623,0.4535715,Fibroblast,G1-G0 transition,
cell_613213,-0.8367879,0.19016129999999998,-0.513444,Fibroblast,G0,
cell_613270,-0.5196513,-0.61400485,-0.59410495,Fibroblast,G0,
cell_614963,-0.9371138000000001,-0.30653343,0.16689820000000002,Fibroblast,G0,
cell_615069,-0.92290443,-0.0677982,-0.37901312,Fibroblast,G0,
cell_618409,-0.72932744,0.3204375,-0.6044843000000001,Fibroblast,G1-G0 transition,
cell_621989,0.012763396000000002,-0.2545902,0.9669648000000001,Fibroblast,G1,
cell_622162,-0.78854924,-0.49836369999999997,-0.36031032,Fibroblast,G0,
cell_623174,-0.4073945,0.3002844,-0.8624726,Fibroblast,G0,
cell_623794,-0.90450746,-0.07085702,-0.42053002,Fibroblast,G0,
cell_624913,0.94400114,-0.2842205,0.16757327,Fibroblast,G2M,
cell_629762,0.55278236,0.6575121,0.51196617,Fibroblast,S,
cell_637236,-0.021773512000000002,0.24104218,0.9702704,Fibroblast,G1,
cell_638234,0.98550284,0.034379926,0.16613902,Fibroblast,S,
cell_638516,-0.40454227,-0.30700937,-0.861447,Fibroblast,G0,
cell_638713,-0.55743223,-0.5327164000000001,-0.63677514,Fibroblast,G0,
cell_639461,0.20809439,0.3879135,0.8978974000000001,Fibroblast,G1,
cell_640349,-0.2766265,-0.65998465,-0.6984969,Fibroblast,G0,
cell_640966,-0.4125573,-0.5407185,-0.7330893,Fibroblast,G0,
cell_643047,-0.77074045,-0.041938365,-0.6357675,Fibroblast,G0,
cell_646249,-0.17906198,0.1590031,0.97090405,Fibroblast,G1,
cell_646602,0.37751728,0.88649327,0.2676011,Fibroblast,S,
cell_647350,-0.6360690999999999,-0.54676133,-0.5444886999999999,Fibroblast,G0,
cell_649009,0.9707681999999999,-0.074282914,0.2282346,Fibroblast,S,
cell_651117,0.37031916,0.21858029,0.90282136,Fibroblast,G1,
cell_652315,0.29054865,-0.43463450000000003,0.8524520000000001,Fibroblast,G2M,
cell_652510,0.06388447,0.4118364000000001,0.90901566,Fibroblast,G1,
cell_652969,0.5689890999999999,0.8222558000000001,-0.0121251489999999,Fibroblast,S,
cell_656517,0.9363038,0.32403200000000004,-0.13541925,Fibroblast,S,
cell_658364,0.32730895,0.061429523,0.9429184000000002,Fibroblast,G1,
cell_658964,-0.9577646000000001,0.28630805,-0.026731087,Fibroblast,G0,
cell_659326,0.4447060000000001,-0.7964298000000001,0.40979996,Fibroblast,G2M,
cell_660979,0.2101672,0.6964592,0.68613,Fibroblast,G1,
cell_662188,-0.9364118,-0.30865574,0.16692652,Fibroblast,G0,
cell_662926,0.3055286,0.10695650400000001,0.94615674,Fibroblast,G1,
cell_663308,0.032301857999999996,-0.28780475,0.9571441999999999,Fibroblast,G1,
cell_664830,-0.75737137,-0.5662672,-0.3251616,Fibroblast,G0,
cell_665057,-0.76745635,-0.33020002,-0.5495257,Fibroblast,G0,
cell_665063,-0.8493040999999999,-0.52786314,-0.006550376,Fibroblast,G0,
cell_665175,0.17494115,0.8667729,0.46701193,Fibroblast,G1,
cell_665185,-0.74044865,-0.524649,-0.4200942,Fibroblast,G0,
cell_665529,0.49894175,0.81872505,0.2841588,Fibroblast,S,
cell_667633,-0.8442763000000001,0.029987382000000003,-0.5350684,Fibroblast,G0,
cell_668890,-0.8905162,-0.3824404000000001,0.24641451,Fibroblast,G0,
cell_669310,-0.91918004,0.33587477,-0.20566020000000004,Fibroblast,G0,
cell_671270,-0.63556546,-0.6578691999999999,-0.40406018,Fibroblast,G0,
cell_673660,0.7029359000000001,-0.45209348,0.54908335,Fibroblast,G2M,
cell_674669,-0.89304876,0.25727788,-0.36915034,Fibroblast,G0,
cell_675228,-0.99946976,-0.004966186,-0.032177184,Fibroblast,G0,
cell_675471,-0.5326576999999999,0.44590244,0.7193377,Fibroblast,G0,
cell_677088,0.8489216999999999,-0.14107628,-0.509342,Fibroblast,S,
cell_677245,0.79194087,-0.5603357,-0.24259765,Fibroblast,S,
cell_678432,0.7399726,-0.49791178,0.45224354,Fibroblast,G2M,
cell_678542,-0.91819984,-0.19446559,-0.34509718,Fibroblast,G0,
cell_679231,-0.51785296,0.691958,-0.5030134,Fibroblast,G0,
cell_679927,-0.47324520000000003,-0.29492494,-0.8300953000000001,Fibroblast,G0,
cell_680676,-0.31604433,-0.7187435999999999,-0.6192929,Fibroblast,G0,
cell_681991,0.9622255,-0.22901079,-0.14722769,Fibroblast,S,
cell_683286,0.84928495,-0.5277111,-0.015362035,Fibroblast,G2M,
cell_683571,0.99946386,-0.017546106000000002,-0.027645608,Fibroblast,S,
cell_684392,0.31315133,-0.8604871999999999,0.40186793,Fibroblast,G2M,
cell_684892,0.10804863,-0.03144055,0.99364835,Fibroblast,G1,
cell_685483,-0.47657397,-0.7493097,-0.4597959,Fibroblast,G0,
cell_686416,0.51724935,0.8151486,-0.260741,Fibroblast,S,
cell_696688,-0.60778254,0.34907424,-0.71326536,Fibroblast,G1-G0 transition,
cell_697004,0.58481055,0.6816833999999999,-0.4396637,Fibroblast,S,
cell_697670,0.42451072,-0.7528786999999999,0.5029553,Fibroblast,G2M,
cell_700525,-0.46165937,0.6832512,0.56571954,Fibroblast,G1-G0 transition,
cell_701227,-0.21912576,0.8576565999999999,-0.4651977,Fibroblast,G1-G0 transition,
cell_706666,0.22961123,0.8628855,-0.45023045,Fibroblast,G1,
cell_709279,-0.8344790000000001,0.54277873,-0.09505799,Fibroblast,G0,
cell_710723,-0.34419733,0.031435534,0.9383708000000001,Fibroblast,G1,
cell_712394,-0.8459359000000001,-0.52546877,-0.09096792,Fibroblast,G0,
cell_714094,0.2318158,0.27778813,0.93225276,Fibroblast,G1,
cell_717083,-0.4369005999999999,0.8769,0.20041025,Fibroblast,G1-G0 transition,
cell_718660,0.92154694,-0.38253462,-0.0664728659999999,Fibroblast,S,
cell_720048,0.43820107,-0.54008013,0.71853566,Fibroblast,G2M,
cell_721120,-0.77993935,-0.14674133,-0.6084090999999999,Fibroblast,G0,
cell_722488,-0.7270134,0.5869314999999999,0.3563186,Fibroblast,G0,
cell_725326,0.9674427,0.108708344,-0.22855458,Fibroblast,S,
cell_725373,0.79674673,0.29274705,-0.5286718,Fibroblast,S,
cell_731154,0.31392562,0.43413514,-0.8443799000000001,Fibroblast,G1,
cell_734593,-0.35488203,-0.6109296,-0.70768905,Fibroblast,G0,
cell_734834,-0.7636904,-0.24649339999999997,-0.59667236,Fibroblast,G0,
cell_735523,0.70730245,0.64948416,-0.27909383,Fibroblast,S,
cell_735703,0.76930356,-0.6025706999999999,-0.21232146,Fibroblast,S,
cell_737198,0.89759105,-0.17671932,-0.40385705,Fibroblast,S,
cell_737261,0.61662453,-0.7581380999999999,0.21213411,Fibroblast,G2M,
cell_737526,-0.92214197,0.27679968,-0.27025214,Fibroblast,G0,
cell_740990,0.072686255,0.9428325000000001,-0.3252438,Fibroblast,G1,
cell_744855,-0.5390642,0.77675194,-0.32567809999999997,Fibroblast,G1-G0 transition,
cell_745073,0.0026632224,0.5374241999999999,0.84330785,Fibroblast,G1,
cell_745125,-0.80802274,-0.5533389,-0.20227538,Fibroblast,G0,
cell_745294,0.8979486999999999,0.104348905,-0.42755035,Fibroblast,S,
cell_745373,0.9653495000000001,-0.23119791,-0.12102798,Fibroblast,S,
cell_751522,-0.74114853,-0.5052825,-0.44202766,Fibroblast,G0,
cell_755425,-0.45239288,-0.52934015,-0.71773225,Fibroblast,G0,
cell_755630,-0.40510250000000003,0.74359614,0.5319366999999999,Fibroblast,G1-G0 transition,
cell_757500,0.71387583,-0.38060720000000003,-0.587809,Fibroblast,S,
cell_757670,-0.846757,0.50339633,0.17203169,Fibroblast,G0,
cell_761706,0.93589985,0.16229478,-0.31265312,Fibroblast,S,
cell_762939,-0.30159763,-0.82703376,-0.47439855,Fibroblast,G0,
cell_764512,-0.48986620000000003,-0.79208255,-0.36419284,Fibroblast,G0,
cell_764865,0.18971743,0.9643934999999999,-0.18426156,Fibroblast,G1,
cell_773141,0.36462063,0.03552035,0.93047845,Fibroblast,G1,
cell_774861,0.96275586,-0.2620591,-0.06652987,Fibroblast,S,
cell_775518,-0.17837845,0.8572280999999999,0.48305398,Fibroblast,G1,
cell_777085,-0.8207216,0.11423252,0.5597918000000001,Fibroblast,G1-G0 transition,
cell_779534,-0.8030114,0.41471627,-0.42799899999999996,Fibroblast,G0,
cell_783698,-0.6403813,0.76678467,0.04419304,Fibroblast,G1-G0 transition,
cell_786150,0.54732054,0.6198831,0.5623033000000001,Fibroblast,S,
cell_786906,0.20467784,0.64334804,0.73770607,Fibroblast,G1,
cell_787883,-0.8895112,-0.07500142,-0.4507156,Fibroblast,G0,
cell_787889,-0.27847967,0.5764425,0.76822066,Fibroblast,G1-G0 transition,
cell_789395,0.37012258,-0.69471955,0.6167446999999999,Fibroblast,G2M,
cell_789397,0.9058377000000001,-0.3128417999999999,-0.28563625,Fibroblast,S,
cell_791535,-0.7925411,-0.3574751,-0.49405497,Fibroblast,G0,
cell_791600,-0.78914493,-0.5351655,-0.30141032,Fibroblast,G0,
cell_794574,0.7916364,0.5606224,-0.24292897,Fibroblast,S,
cell_794745,0.99416894,-0.10743689999999999,-0.009239294,Fibroblast,S,
cell_794945,-0.1297048,0.6175036,0.77580017,Fibroblast,G1-G0 transition,
cell_795648,-0.6078294,-0.7910814,0.06880130000000001,Fibroblast,G0,
cell_796711,-0.7388971999999999,0.10714211,-0.6652455,Fibroblast,G0,
cell_799465,0.13825096,0.66090775,0.73762304,Fibroblast,G0,
cell_799690,0.15405492,0.96489346,-0.21271515,Fibroblast,G1,
cell_800728,-0.17904104,0.8117291,-0.5559141,Fibroblast,G1-G0 transition,
cell_802784,-0.3002613,0.94997656,0.0859511999999999,Fibroblast,G1-G0 transition,
cell_803467,-0.98264056,-0.112647705,-0.14740378,Fibroblast,G0,
cell_806454,-0.30230215,-0.84606594,-0.4390738,Fibroblast,G0,
cell_807605,-0.98797745,-0.14308710000000002,0.058536116,Fibroblast,G0,
cell_809937,-0.6947142,0.17000163,-0.6989074000000001,Fibroblast,G0,
cell_810171,-0.93682605,-0.34969320000000004,0.008456537,Fibroblast,G0,
cell_810932,0.22935404,-0.8218799999999999,0.5214499,Fibroblast,G2M,
cell_811109,-0.9647189,0.20283695,0.16785364,Fibroblast,G0,
cell_817038,-0.5208168,0.41180778,0.74777275,Fibroblast,G1-G0 transition,
cell_817365,0.22426948,0.33625376,0.91467845,Fibroblast,G1,
cell_819744,-0.7814445,0.18083262,-0.59719694,Fibroblast,G0,
cell_820569,0.60773164,-0.60533005,0.51404047,Fibroblast,G2M,
cell_821420,-0.9225225,-0.18014008,-0.3413237,Fibroblast,G0,
cell_822791,0.91529423,-0.402072,-0.023970248,Fibroblast,G2M,
cell_824731,-0.21579778,0.8638286000000001,0.45522678,Fibroblast,G1-G0 transition,
cell_826510,-0.40695438,-0.08242753,0.90972173,Fibroblast,G1,
cell_829500,-0.765491,-0.11247189,-0.63354045,Fibroblast,G0,
cell_829506,-0.5937498000000001,0.43941176,0.674076,Fibroblast,G1-G0 transition,
cell_829813,-0.46878737,-0.113158256,-0.8760328000000002,Fibroblast,G0,
cell_830020,-0.85517853,0.49334598,0.15899494,Fibroblast,G1-G0 transition,
cell_831392,-0.41037467,0.23052262,0.88229924,Fibroblast,G1,
cell_837522,0.8044393,-0.47722992,0.35373572,Fibroblast,G2M,
cell_837717,-0.13940558,0.58812827,0.7966625,Fibroblast,G1-G0 transition,
cell_838099,0.7835908,0.22234246,-0.5801286,Fibroblast,S,
cell_838169,0.81212306,-0.28789726,-0.5075148,Fibroblast,S,
cell_839194,0.07039934,0.9953038000000001,-0.066439934,Fibroblast,G1-G0 transition,
cell_839800,0.95351654,-0.27308348,-0.1274032,Fibroblast,S,
cell_840685,-0.3752693,-0.6582571,-0.6525876,Fibroblast,G0,
cell_840786,-0.8006531,-0.40520772,-0.44131774,Fibroblast,G0,
cell_843028,-0.9338692,0.1700013,-0.31462336,Fibroblast,G0,
cell_844134,0.19925494,0.16342491,0.9662245,Fibroblast,G1,
cell_845959,0.42209430000000003,-0.7057533,0.5689890999999999,Fibroblast,G2M,
cell_846422,-0.88854396,0.25488585,-0.38147467,Fibroblast,G0,
cell_846812,0.9724461,-0.23290595,0.010163449,Fibroblast,S,
cell_847734,0.20644648,0.5909175999999999,-0.7798693,Fibroblast,G1,
cell_848039,-0.564725,-0.37229887,-0.7365318000000001,Fibroblast,G0,
cell_849495,-0.55081993,-0.754402,-0.35703635,Fibroblast,G0,
cell_852203,-0.5617464,0.77900153,-0.2785634,Fibroblast,G0,
cell_852569,0.08455896,0.51306176,0.8541764000000001,Fibroblast,G1,
cell_852845,-0.94053125,0.017278647,-0.33926737,Fibroblast,G0,
cell_853225,0.4373294,0.3937374,-0.8085255,Fibroblast,G1,
cell_853858,0.13778062,-0.10419981,0.9849664,Fibroblast,G1,
cell_854345,-0.41085377,-0.7080604,-0.5743254,Fibroblast,G0,
cell_856252,-0.36098182,0.8163924,-0.45077208,Fibroblast,G0,
cell_857738,0.83366525,-0.45933327,-0.30661908,Fibroblast,S,
cell_857754,-0.4533622000000001,0.80933374,0.37341863,Fibroblast,G1-G0 transition,
cell_860905,0.38842788,0.022283042000000003,-0.92120963,Fibroblast,G1,
cell_862304,-0.5815551,-0.107469164,-0.80637723,Fibroblast,G0,
cell_864510,-0.9898781999999999,-0.060449567,-0.12840222,Fibroblast,G0,
cell_866344,0.8729229,0.16151641,-0.46034524,Fibroblast,S,
cell_866841,-0.63667667,0.7711164,0.0047290735,Fibroblast,G1-G0 transition,
cell_868924,-0.88980895,0.42512435,0.1658593,Fibroblast,G1-G0 transition,
cell_872560,0.5355726,-0.81874394,0.20693089,Fibroblast,G2M,
cell_873831,0.95959234,-0.2519616,-0.12529163,Fibroblast,S,
cell_874825,-0.7532493,-0.07711392,-0.6531991,Fibroblast,G0,
cell_879784,-0.6288336999999999,-0.7401479999999999,-0.23822035,Fibroblast,G0,
cell_880583,-0.51835614,-0.5015399,-0.6926504,Fibroblast,G0,
cell_881624,-0.34087459999999997,0.07637814,-0.93700105,Fibroblast,G0,
cell_883699,-0.37258378,0.4814877,0.7933164,Fibroblast,G1-G0 transition,
cell_884530,0.9310417,0.30526438,-0.19993751,Fibroblast,S,
cell_884602,0.52277106,-0.73239774,0.43623826,Fibroblast,G2M,
cell_884680,0.06277957,0.55943054,0.82649636,Fibroblast,G1,
cell_887027,-0.22124492,0.76046675,0.6105251,Fibroblast,G1-G0 transition,
cell_887245,-0.87535834,0.4162156,-0.24599245,Fibroblast,G0,
cell_887854,-0.4879769000000001,0.40497136,0.77322495,Fibroblast,G1-G0 transition,
cell_888452,0.11973638,0.5977201,-0.79271317,Fibroblast,G1,
cell_888479,-0.8109850000000001,-0.13111632,-0.5701857,Fibroblast,G0,
cell_891892,-0.5665060000000001,0.8032749,0.18390279999999998,Fibroblast,G0,
cell_892421,0.86069274,-0.13879032,-0.48984197,Fibroblast,S,
cell_892789,0.26333937,0.50176424,0.8239448,Fibroblast,G1,
cell_893660,0.38795918,0.77700055,-0.4957398,Fibroblast,S,
cell_895155,0.96802354,-0.21886484,-0.12259076,Fibroblast,S,
cell_896018,0.63321376,-0.7145189000000001,0.29749474,Fibroblast,G2M,
cell_896464,0.95910776,0.23611046,0.15609029,Fibroblast,S,
cell_897493,-0.11947747,0.61268836,0.7812414000000001,Fibroblast,G1-G0 transition,
cell_898837,-0.8655428,-0.2677906,-0.42323032,Fibroblast,G0,
cell_899175,-0.25180694,-0.86571646,-0.43258329999999995,Fibroblast,G0,
cell_899863,-0.45775545,-0.6599187,-0.5957913,Fibroblast,G0,
cell_902185,0.9844665000000001,-0.04574535,-0.16950811,Fibroblast,S,
cell_903254,0.9983153,-0.020522995,0.05427414,Fibroblast,S,
cell_903683,0.3344989,0.7654199,-0.5497662,Fibroblast,G1,
cell_904306,-0.4294114000000001,0.86709213,-0.25250167,Fibroblast,G1-G0 transition,
cell_906657,0.9067259,-0.33366640000000003,-0.25790483,Fibroblast,S,
cell_906665,-0.65265787,-0.35900623,-0.6671973000000001,Fibroblast,G0,
cell_910034,0.5106004,-0.64683914,0.56646824,Fibroblast,G2M,
cell_910578,-0.7530701999999999,-0.29253429999999997,-0.58932936,Fibroblast,G0,
cell_912415,-0.2819156,0.94199646,-0.18211633,Fibroblast,G1-G0 transition,
cell_914202,-0.859625,0.510532,-0.020048922,Fibroblast,G0,
cell_916157,0.078233115,0.6208599,0.78000796,Fibroblast,G1,
cell_918230,-0.26886252,0.29752344,0.9160746999999999,Fibroblast,G1,
cell_922643,0.28627238,-0.8246359000000001,0.48787659999999994,Fibroblast,G2M,
cell_922808,0.9426880999999999,-0.16980156,-0.28723988,Fibroblast,S,
cell_923519,-0.20376256,0.8998212,-0.3857491,Fibroblast,G1-G0 transition,
cell_942097,0.54557943,-0.6841158,0.484075,Fibroblast,G2M,
cell_942751,-0.7214351,-0.5116016,-0.46668518,Fibroblast,G0,
cell_942935,-0.44929713,-0.41261210000000004,-0.79239094,Fibroblast,G0,
cell_943625,-0.8047434,-0.45706475,-0.37878728,Fibroblast,G0,
cell_944198,-0.5165339,-0.71685296,-0.4683102,Fibroblast,G0,
cell_945141,-0.26022097,0.1201163,0.9580485999999999,Fibroblast,G1,
cell_945665,-0.85437495,0.45803833,-0.24544717,Fibroblast,G0,
cell_947587,-0.7639815999999999,-0.52409416,-0.37637413,Fibroblast,G0,
cell_947620,0.4566207000000001,0.62591213,0.6322431,Fibroblast,S,
cell_948196,-0.87248546,-0.48816583,-0.021523133,Fibroblast,G0,
cell_951514,0.83101475,-0.53503054,0.15217352,Fibroblast,G2M,
cell_954595,0.83746177,-0.47720158,-0.26633888,Fibroblast,S,
cell_961461,-0.74384403,-0.11390923,-0.6585746,Fibroblast,G0,
cell_962997,-0.6711259,-0.70492315,-0.22950707,Fibroblast,G0,
cell_963717,0.08549845,-0.15547024,0.98413366,Fibroblast,G1,
cell_965770,-0.34402394,-0.46807158,-0.81397575,Fibroblast,G0,
cell_966474,-0.83302605,-0.54800487,0.07588331,Fibroblast,G0,
cell_967502,0.29310426,-0.6207539000000001,0.72715497,Fibroblast,G2M,
cell_967765,-0.4370701,-0.60105366,-0.6691071,Fibroblast,G0,
cell_968832,0.36340955,0.00926574,0.93158346,Fibroblast,G1,
cell_969502,0.7750673,-0.27141740000000003,-0.5706166,Fibroblast,S,
cell_971026,-0.97002155,-0.082710445,-0.22851026,Fibroblast,G0,
cell_973095,0.12272428,-0.086140916,0.9886954,Fibroblast,G1,
cell_975592,0.58407474,0.75040567,-0.30943185,Fibroblast,S,
cell_978934,0.06167481,0.77142376,-0.6333259,Fibroblast,G1,
cell_980680,0.78125787,-0.58542275,0.21660158,Fibroblast,G2M,
cell_980939,-0.67086077,0.7091843000000001,-0.21680288,Fibroblast,G0,
cell_985402,0.8046842,-0.27028355,-0.5286114000000001,Fibroblast,S,
cell_986889,0.6863087,0.008676771,-0.72725856,Fibroblast,S,
cell_987195,0.26056194,0.96321523,0.06575732,Fibroblast,G1,
cell_988081,-0.6465644,-0.4679765,-0.60245526,Fibroblast,G0,
cell_989150,-0.45576629999999996,-0.5110049,-0.7288011,Fibroblast,G0,
cell_989438,-0.83012164,-0.55637264,0.03671024,Fibroblast,G0,
cell_990170,-0.6865536,0.6910919,-0.22591187,Fibroblast,G0,
cell_992872,-0.2240875,0.775234,0.5905904000000001,Fibroblast,G1-G0 transition,
cell_993197,0.03695887,0.99478656,-0.095046274,Fibroblast,G1-G0 transition,
cell_993681,0.42701998,-0.7497819,0.5054512999999999,Fibroblast,G2M,
cell_993952,-0.4097638,0.67705506,0.611302,Fibroblast,G1-G0 transition,
cell_994638,0.70501167,0.6838634,-0.18785451,Fibroblast,S,
cell_995438,0.49656597,-0.17276369,-0.8506321,Fibroblast,S,
cell_997636,-0.30194145,0.95317006,-0.017268343000000002,Fibroblast,G1-G0 transition,
cell_998646,0.45330909999999996,0.8503164000000001,-0.26734412,Fibroblast,S,
cell_998932,-0.9325588,0.32236508,-0.16252653,Fibroblast,G0,
cell_1001207,-0.72875035,-0.24852091,-0.6380912,Fibroblast,G0,
cell_1001544,-0.23787338,-0.7689951,-0.59334886,Fibroblast,G0,
cell_1003166,0.94330996,-0.31759940000000003,-0.09642033,Fibroblast,G2M,
cell_1003404,0.42073357,0.31966513,0.84899795,Fibroblast,G1,
cell_1003700,-0.10216277,0.6144184,-0.7823380999999999,Fibroblast,G1,
cell_1004644,-0.82423013,-0.47511932,-0.30806884,Fibroblast,G0,
cell_1006183,0.9032634,-0.21633512,0.3705595999999999,Fibroblast,G2M,
cell_1007082,0.37293094,0.7665314000000001,0.52283096,Fibroblast,G1,
cell_1008618,-0.6826089,0.7306272,0.015135796000000002,Fibroblast,G0,
cell_1009549,-0.83922607,0.33041507,-0.43188602,Fibroblast,G0,
cell_1012443,0.48872936,-0.8621498,0.13357073,Fibroblast,G2M,
cell_1012831,-0.6824129,-0.09319469,-0.72500163,Fibroblast,G0,
cell_1013143,-0.60728484,0.43927586,0.6619984,Fibroblast,G1-G0 transition,
cell_1013623,-0.751524,-0.6437424,-0.14424800000000002,Fibroblast,G0,
cell_1014244,0.8318456,0.5450271,-0.10477748,Fibroblast,S,
cell_1015874,-0.54794824,-0.52947384,-0.64761883,Fibroblast,G0,
cell_1018261,-0.8746103999999999,0.2073795,-0.43823558,Fibroblast,G0,
cell_1020882,-0.21907277,-0.76130223,-0.6102672,Fibroblast,G0,
cell_1021996,0.8838767,-0.36184883,0.29635707,Fibroblast,G2M,
cell_1023957,0.45891657,0.42192959999999996,0.7819022,Fibroblast,G1,
cell_1024127,-0.37460032,-0.5944276999999999,-0.7115689000000001,Fibroblast,G0,
cell_1025997,-0.75768185,0.5932890000000001,0.27189395,Fibroblast,G0,
cell_1027526,0.9945228000000002,-0.021206342000000003,0.10234582,Fibroblast,S,
cell_1028524,-0.5114547,-0.64405566,-0.5688641999999999,Fibroblast,G0,
cell_1031903,-0.6603439,-0.7313801999999999,-0.17037831,Fibroblast,G0,
cell_1033284,0.9442549000000001,-0.31521878,-0.094973214,Fibroblast,G2M,
cell_1034012,0.25992525,0.41452035,0.8721304,Fibroblast,G1,
cell_1038846,0.35096356,0.13626212,-0.9264216999999999,Fibroblast,G1,
cell_1040018,-0.40113553,-0.7786906,-0.48242226,Fibroblast,G0,
cell_1040320,0.43108127,-0.14164798,-0.8911256,Fibroblast,G1,
cell_1045385,-0.6058843,-0.36863095,-0.7049932,Fibroblast,G0,
cell_1046951,0.38456425,0.9114655999999999,0.14608483,Fibroblast,G1,
cell_1050204,0.3929763,-0.79898953,0.4551762,Fibroblast,G2M,
cell_1050290,-0.8923053,-0.28424403,-0.35070863,Fibroblast,G0,
cell_1051211,-0.6109215,-0.5564495,-0.56315094,Fibroblast,G0,
cell_1053022,-0.14973068,0.8342691999999999,0.53063685,Fibroblast,G1-G0 transition,
cell_1053227,-0.37296912,-0.4879734000000001,-0.7891616,Fibroblast,G0,
cell_1053711,0.8228589,-0.51626253,-0.23743688,Fibroblast,S,
cell_1056845,0.34973887,-0.7359444,0.5797142,Fibroblast,G2M,
cell_1059276,-0.71485275,0.69140834,0.104594566,Fibroblast,G0,
cell_1060413,-0.47786447,-0.3936019,-0.7853171,Fibroblast,G0,
cell_1061553,0.23422079,0.90011966,0.36732152,Fibroblast,G1,
cell_1064527,-0.42098704,-0.5219083999999999,-0.74187714,Fibroblast,G0,
cell_1064924,0.869798,0.33926809999999996,-0.35825765,Fibroblast,S,
cell_1068977,0.64513713,-0.74734604,0.15897112,Fibroblast,G2M,
cell_1072010,-0.56998104,-0.33068752,-0.75217503,Fibroblast,G0,
cell_1072083,-0.37486356,-0.84595793,-0.37925264,Fibroblast,G0,
cell_1072465,0.778146,-0.2517181,-0.57543606,Fibroblast,S,
cell_1075901,0.71556413,0.256919,-0.6495850000000001,Fibroblast,S,
cell_1078487,0.8715011,0.28667057,-0.39787659999999997,Fibroblast,S,
cell_1079345,0.51417965,0.60725814,0.605687,Fibroblast,S,
cell_1082793,-0.20721601,0.9262608,0.3148054,Fibroblast,G1-G0 transition,
cell_1083258,0.40694547,0.2643683,-0.8743595999999999,Fibroblast,G1,
cell_1083278,-0.26938817,0.959562,0.08167462,Fibroblast,G1-G0 transition,
cell_1084313,-0.09551372,0.18462841,0.9781562,Fibroblast,G1,
cell_1084869,0.41965193,-0.7446915,0.5189673,Fibroblast,G2M,
cell_1091087,-0.43539643,-0.8635818999999999,-0.25427592,Fibroblast,G0,
cell_1092760,-0.47833878,0.69757974,0.5334553000000001,Fibroblast,G1-G0 transition,
cell_1092763,-0.99502033,0.05318665,-0.0842958,Fibroblast,G0,
cell_1094154,0.07597334,0.7037880999999999,-0.7063359,Fibroblast,G1-G0 transition,
cell_1099208,-0.62352073,0.31700632,-0.7146531,Fibroblast,G0,
cell_1099530,-0.4963066,0.06363703,-0.8658119000000001,Fibroblast,G0,
cell_1100455,0.28676608,0.95563006,0.067353345,Fibroblast,G1,
cell_1100615,-0.30373058,0.15927671,-0.9393501,Fibroblast,G0,
cell_1101666,-0.44595826,0.25338364,0.85843927,Fibroblast,G1,
cell_1102182,0.03402848,0.276913,0.9602923000000001,Fibroblast,G1,
cell_1102897,-0.70827556,-0.589553,-0.3882952,Fibroblast,G0,
cell_1104332,-0.88475674,0.123436324,-0.44940959999999996,Fibroblast,G0,
cell_1106401,0.13611244,-0.018359056000000002,0.9905232,Fibroblast,G1,
cell_1108503,-0.17502725,0.9811486999999999,0.08193018,Fibroblast,G1-G0 transition,
cell_1110113,0.88555443,0.45776838,-0.07900387,Fibroblast,S,
cell_1111240,-0.7569709,0.4706434000000001,0.4533098,Fibroblast,G0,
cell_1112860,0.37863097,0.90832657,0.17771193,Fibroblast,S,
cell_1113449,-0.21208248,0.8652576,-0.45425817,Fibroblast,G1-G0 transition,
cell_1113713,-0.68847185,-0.54697955,-0.47625598,Fibroblast,G0,
cell_1116123,0.8253041999999999,0.45944315,-0.32830632,Fibroblast,S,
cell_1117291,0.8523965,-0.38768533,-0.35088503,Fibroblast,S,
cell_1119893,-0.78255033,-0.031790007,-0.62177527,Fibroblast,G0,
cell_1120673,-0.5721128000000001,0.8143096,-0.09791214,Fibroblast,G0,
cell_1122281,-0.8299598,-0.5329013000000001,-0.1648724999999999,Fibroblast,G0,
cell_1123917,-0.69826293,0.7120399000000001,0.07367380000000001,Fibroblast,G0,
cell_1125486,0.5097706,-0.6922619000000001,0.5107908,Fibroblast,G2M,
cell_1126482,0.94613373,0.2918092,-0.14027996,Fibroblast,S,
cell_1129357,-0.981693,-0.15860915,-0.105460554,Fibroblast,G0,
cell_1129663,0.7923174,-0.60953647,0.026428062000000002,Fibroblast,S,
cell_1131998,-0.8295497,0.5575972,0.030539462000000003,Fibroblast,G0,
cell_1133272,-0.26719573,0.9410879999999999,0.20726763,Fibroblast,G1-G0 transition,
cell_1133850,0.6826476,0.31392252,-0.6598824999999999,Fibroblast,G1,
cell_1134317,0.88266283,0.1639727,-0.44047594,Fibroblast,S,
cell_1141709,-0.40968072,-0.26261392,-0.8736107,Fibroblast,G0,
cell_1143468,-0.12134558,-0.3928855,0.91154593,Fibroblast,G1,
cell_1143836,0.47421047,0.8016958000000001,-0.36387932,Fibroblast,S,
cell_1147245,-0.36443317,-0.1672039,-0.91609573,Fibroblast,G0,
cell_1147271,-0.83144444,0.3821098,-0.40335134,Fibroblast,G0,
cell_1150627,-0.7850201,0.05442154,-0.61707497,Fibroblast,G0,
cell_1151227,-0.74489117,0.580314,0.32919964,Fibroblast,G0,
cell_1153187,-0.59284204,-0.48197734,-0.64516366,Fibroblast,G0,
cell_1153796,0.06533734,0.96736276,0.24482681,Fibroblast,G1,
cell_1155063,0.39452842,-0.7782180000000001,0.48859403,Fibroblast,G2M,
cell_1157549,0.97492033,-0.05840097,-0.21475504,Fibroblast,S,
cell_1157781,0.21260402,0.56885976,-0.7944798000000001,Fibroblast,G1,
cell_1159397,0.5135211,-0.73868525,0.43662378,Fibroblast,G2M,
cell_1159724,-0.44545415,0.8945018,-0.03790986,Fibroblast,G0,
cell_1160066,-0.8183541,-0.13324182,-0.55905545,Fibroblast,G1-G0 transition,
cell_1163934,0.9738885,-0.21534501,0.07188658,Fibroblast,S,
cell_1165480,0.4432527,-0.86462146,0.23655155,Fibroblast,G2M,
cell_1166756,0.97120357,-0.23282127,-0.050576027,Fibroblast,G2M,
cell_1168005,0.7361842,0.5880177,-0.33506396,Fibroblast,S,
cell_1170544,0.0025012046,0.5711096999999999,0.82086986,Fibroblast,G1,
cell_1170555,0.48371434,-0.7695019000000001,0.41699764,Fibroblast,G2M,
cell_1171264,-0.88069487,-0.44779757,-0.15444686,Fibroblast,G0,
cell_1172080,0.97710365,-0.15241233,0.14845558,Fibroblast,G2M,
cell_1173072,0.26924548,0.7810302,0.56347036,Fibroblast,G1,
cell_1173623,-0.73300195,0.6798263000000001,0.023328137000000002,Fibroblast,G0,
cell_1175028,0.9939929,0.01873368,-0.10782894,Fibroblast,S,
cell_1175470,0.26018040000000003,-0.0883825,0.9615065,Fibroblast,G1,
cell_1177493,-0.7157866,-0.64552164,-0.26636714,Fibroblast,G0,
cell_1179506,-0.37844697,0.74910045,0.5437155,Fibroblast,G1-G0 transition,
cell_1179900,-0.8393287,-0.52583826,-0.13791822,Fibroblast,G0,
cell_1179964,0.42610082,-0.80775833,0.40738752,Fibroblast,G2M,
cell_1180615,0.24223982,0.23791482,0.94059354,Fibroblast,G1,
cell_1180981,-0.5912223000000001,0.6721345999999999,-0.44574827,Fibroblast,G0,
cell_1183058,-0.8518846,-0.28030148,-0.44240683,Fibroblast,G0,
cell_1183725,0.89770716,-0.42657334,-0.110258706,Fibroblast,S,
cell_1186309,-0.379994,-0.0665173459999999,0.9225941999999999,Fibroblast,G1,
cell_1189385,0.6031246,0.19727404,-0.77286714,Fibroblast,S,
cell_1189783,-0.7839281,0.368911,-0.49936083,Fibroblast,G0,
cell_1190184,-0.012331173,0.18360520000000002,0.9829226000000001,Fibroblast,G1,
cell_1190296,-0.44332427,0.6983562,0.5619274000000001,Fibroblast,G1-G0 transition,
cell_1194608,0.17600425,-0.7057916,0.68620753,Fibroblast,G2M,
cell_1197495,-0.70843583,-0.11537937,-0.6962803000000001,Fibroblast,G0,
cell_1200324,-0.38991,-0.5555169,-0.7344189999999999,Fibroblast,G0,
cell_1204529,-0.38686034,-0.8412839,-0.37759817,Fibroblast,G0,
cell_1205682,-0.66053563,0.2531314,-0.70683604,Fibroblast,G0,
cell_1206688,-0.6529674,-0.6930019000000001,-0.30558470000000004,Fibroblast,G0,
cell_1207344,-0.7387304,-0.64794314,-0.1855991,Fibroblast,G0,
cell_1211540,0.31120852,0.59913754,0.7376879,Fibroblast,G1,
cell_1211803,0.73510855,-0.30656946,-0.60467404,Fibroblast,S,
cell_1211848,0.34139302,0.5832728,0.7370505,Fibroblast,G1,
cell_1212774,0.25887766,0.7283014,0.63447565,Fibroblast,G1,
cell_1212983,-0.5524441,-0.30947512,-0.7739706000000001,Fibroblast,G0,
cell_1214159,-0.24848747,0.92331654,0.2928148,Fibroblast,G1-G0 transition,
cell_1214419,-0.9556665999999999,0.29007545,0.050570615,Fibroblast,G0,
cell_1218646,-0.82118714,-0.30569518,-0.48187349999999995,Fibroblast,G0,
cell_1219672,0.8043139,-0.42476436,0.41551706,Fibroblast,G2M,
cell_1223945,-0.82035494,-0.13596839,-0.5554551,Fibroblast,G0,
cell_1224191,-0.076268844,-0.20692392,0.9753796999999998,Fibroblast,G1,
cell_1226112,0.42474857,0.8659719000000001,0.2639723,Fibroblast,S,
cell_1226311,-0.30027238,-0.81200343,-0.50048673,Fibroblast,G0,
cell_1226712,-0.65728796,-0.51298183,-0.5521071,Fibroblast,G0,
cell_1226864,-0.80714864,-0.4534892,0.37796637,Fibroblast,G0,
cell_1227281,-0.9647790999999999,0.25957274,-0.042700503,Fibroblast,G0,
cell_1227849,0.9753748,-0.2115141,0.062495865,Fibroblast,S,
cell_1230886,-0.017068578,-0.22476116,0.9742643,Fibroblast,G1,
cell_1231388,-0.15113541,0.7976758,0.5838419,Fibroblast,G1-G0 transition,
cell_1232946,-0.48382133,-0.3718944,-0.79221934,Fibroblast,G0,
cell_1233522,0.82028866,0.24621437,-0.5162414000000001,Fibroblast,S,
cell_1233615,-0.36273676,0.69479704,-0.6210306999999999,Fibroblast,G0,
cell_1234640,-0.9251836999999999,0.2789063,-0.25738356,Fibroblast,G0,
cell_1238732,-0.61924195,-0.70224595,-0.35126916,Fibroblast,G0,
cell_1239427,0.6798395,-0.6921176,0.24246962,Fibroblast,G2M,
cell_1242124,0.9159101000000001,-0.081537224,-0.39301440000000004,Fibroblast,S,
cell_1247557,-0.6707889,-0.2536126,-0.69693834,Fibroblast,G0,
cell_1248551,-0.2044317,-0.53478396,0.8198863999999999,Fibroblast,G2M,
cell_1249096,-0.9208026,-0.3534152,-0.16498537,Fibroblast,G0,
cell_1250360,0.0024250231,0.60589147,0.79554355,Fibroblast,G1,
cell_1252442,0.27565867,0.90974694,0.31043947,Fibroblast,S,
cell_1254046,0.7749419,-0.29027957,-0.5614292,Fibroblast,S,
cell_1254526,-0.89756095,0.017027993,-0.44056135,Fibroblast,G0,
cell_1256268,0.11036304,0.6278519,0.7704687,Fibroblast,G1,
cell_1257183,-0.002355532,0.71959543,0.6943894,Fibroblast,G1,
cell_1259349,0.12403130000000001,0.91041243,-0.39467129999999995,Fibroblast,G1,
cell_1260811,0.9188782,-0.35891223,-0.1638434,Fibroblast,S,
cell_1262220,0.8110141,0.53356886,-0.23991744,Fibroblast,S,
cell_1264647,0.72194254,-0.55416566,0.41436625,Fibroblast,G2M,
cell_1265637,0.09359622,0.285851,0.9536923,Fibroblast,G1,
cell_1269286,0.8771865,0.42619097,-0.22114523,Fibroblast,S,
cell_1272527,-0.72351164,0.6892975,-0.03741597,Fibroblast,G0,
cell_1273918,-0.69653565,-0.6826850999999999,-0.2208598,Fibroblast,G0,
cell_1276451,0.6200535,0.31001252,-0.720712,Fibroblast,S,
cell_1277111,-0.22156486,0.9379514999999999,0.26675078,Fibroblast,G1-G0 transition,
cell_1278998,-0.95057225,-0.27626348,-0.1417425,Fibroblast,G0,
cell_1279128,-0.6998976,-0.02643878,-0.7137536999999999,Fibroblast,G0,
cell_1282390,0.3442159,0.8245988000000001,0.44894573,Fibroblast,S,
cell_1282515,-0.10103098,0.98019344,0.17033371,Fibroblast,G1,
cell_1284486,-0.79084605,-0.4617653000000001,-0.40166566,Fibroblast,G0,
cell_1287456,0.12246431,0.8628453000000001,0.49040827,Fibroblast,G1,
cell_1290905,-0.540936,0.77468127,0.32750124,Fibroblast,G1-G0 transition,
cell_1293251,-0.65241903,0.7395404999999999,0.16561767,Fibroblast,G0,
cell_1298005,-0.5840765,0.64910114,-0.48736256,Fibroblast,G1-G0 transition,
cell_1298893,0.31334415,0.94956744,0.0116962455,Fibroblast,S,
cell_1299328,0.45572007,0.8031136999999999,-0.38383263,Fibroblast,G1,
cell_1299562,0.8558392,-0.44561195,-0.26261999999999996,Fibroblast,S,
cell_1301826,0.023489257000000003,0.53043693,0.8473988000000001,Fibroblast,G1,
cell_1303447,0.9585738000000001,-0.2751837,-0.07355363,Fibroblast,S,
cell_1304396,-0.43190873,-0.8239249,-0.36688215,Fibroblast,G0,
cell_1305828,0.3559642,0.8679163000000001,-0.34642574,Fibroblast,S,
cell_1306301,-0.6922953000000001,0.6603716,0.29092348,Fibroblast,G0,
cell_1306364,-0.4780374,0.66304517,-0.57606536,Fibroblast,G0,
cell_1307204,-0.933567,-0.13570324,-0.3317187,Fibroblast,G0,
cell_1309013,0.07718789,0.30941066,0.9477906999999999,Fibroblast,G1,
cell_1309193,-0.89568573,0.39787808,0.19859482,Fibroblast,G0,
cell_1311529,-0.40099245,0.91042244,0.10166482,Fibroblast,G1-G0 transition,
cell_1312251,-0.7469312,-0.28298724,-0.60167444,Fibroblast,G0,
cell_1312388,-0.89171094,-0.21439740000000002,0.39860436,Fibroblast,G0,
cell_1312952,0.97806954,-0.20430079,-0.04051314,Fibroblast,S,
cell_1315211,-0.91758627,-0.02599529,-0.39668575,Fibroblast,G0,
cell_1315280,0.9074032,0.38767865,-0.16224883,Fibroblast,S,
cell_1319364,-0.65797156,-0.5837034000000001,-0.47577727,Fibroblast,G0,
cell_1320486,0.23329699999999998,-0.14763588,0.96113265,Fibroblast,G1,
cell_1325905,0.28832513,0.23303951,-0.92874175,Fibroblast,S,
cell_1326074,-0.8439620000000001,-0.06003287,-0.5330331,Fibroblast,G0,
cell_1326480,-0.47411326,0.74330604,-0.47192429999999996,Fibroblast,G0,
cell_1326876,-0.74799544,-0.15254845,-0.64593476,Fibroblast,G0,
cell_1328731,0.27644032,-0.6947613,0.6639936,Fibroblast,G2M,
cell_1328829,-0.49757227,0.69733125,0.515898,Fibroblast,G1-G0 transition,
cell_1329323,-0.9797950999999999,-0.19519573,-0.04359176,Fibroblast,G0,
cell_1331607,-0.83071655,-0.5566739,0.0049166222999999995,Fibroblast,G0,
cell_1331645,0.96683145,0.24735808,-0.06364788,Fibroblast,S,
cell_1332043,0.43112525,0.5496713000000001,0.7155365,Fibroblast,S,
cell_1332844,-0.7103394000000001,0.52873325,0.46460629,Fibroblast,G1-G0 transition,
cell_1332886,0.73442763,-0.6503226,0.19415617,Fibroblast,G2M,
cell_1332994,0.8077703,-0.22218837,-0.5460215,Fibroblast,S,
cell_1333501,0.9995204,0.030736001000000002,-0.0037665903000000003,Fibroblast,S,
cell_1336625,0.28277504,-0.5556251,0.7818689,Fibroblast,G2M,
cell_1336994,-0.09225549999999999,-0.19134189,0.9771781999999999,Fibroblast,G1,
cell_1342978,0.9878190999999998,-0.05895070400000001,-0.14400785,Fibroblast,S,
cell_1343979,0.9118669,-0.33079067,-0.24305597,Fibroblast,S,
cell_1344482,-0.60970557,0.77087325,-0.18442757,Fibroblast,G0,
cell_1344647,-0.5640868,-0.651315,-0.5075381,Fibroblast,G0,
cell_1348504,0.943427,-0.036585152,-0.32955575,Fibroblast,S,
cell_1349454,0.11234300000000001,-0.42976022,0.895927,Fibroblast,G1,
cell_1350477,0.9234264999999999,-0.383067,-0.023305494,Fibroblast,S,
cell_1350690,0.46302587,-0.5825732,0.6679936,Fibroblast,G2M,
cell_1351280,-0.9604569,-0.2609613,-0.09706482,Fibroblast,G0,
cell_1351507,-0.90699315,-0.054696087000000004,-0.4175784000000001,Fibroblast,G0,
cell_1354112,0.9909401,-0.11579698,-0.06803601,Fibroblast,S,
cell_1355787,0.9261870999999999,0.008198304,-0.3769752,Fibroblast,S,
cell_1357651,-0.7344081,-0.061469518,-0.67591876,Fibroblast,G0,
cell_1358000,-0.96244913,-0.2587416,0.082123294,Fibroblast,G0,
cell_1358713,-0.069766186,0.025267058999999998,0.9972434000000001,Fibroblast,G1,
cell_1359057,-0.72703445,-0.18802962,-0.6603526999999999,Fibroblast,G0,
cell_1362203,-0.5076917999999999,0.5874988,0.63015413,Fibroblast,G1-G0 transition,
cell_1369745,-0.53188765,0.6135316999999999,-0.5836731,Fibroblast,G0,
cell_1369854,-0.46138546,-0.54616046,-0.6991654,Fibroblast,G0,
cell_1370948,-0.4496995,0.86420566,-0.22565225,Fibroblast,G1-G0 transition,
cell_1371969,-0.96050197,0.13703904,-0.24219036,Fibroblast,G0,
cell_1373407,0.27798232,-0.7402637,0.61215645,Fibroblast,G2M,
cell_1373760,-0.8698398,0.18468384,-0.45746115,Fibroblast,G0,
cell_1374114,0.6448981,-0.7065418000000001,0.29138476,Fibroblast,G2M,
cell_1374622,0.9668028000000001,-0.20655094,-0.1504293,Fibroblast,S,
cell_1377130,-0.17716448,-0.65451795,-0.7349959,Fibroblast,G0,
cell_1377714,-0.8333591999999999,0.0069506722999999,-0.552688,Fibroblast,G0,
cell_1377867,0.029681287999999997,0.9471937,0.31928512,Fibroblast,G1-G0 transition,
cell_1378133,-0.47653633,0.7468843000000001,0.46376398,Fibroblast,G1-G0 transition,
cell_1378140,-0.8385545,0.11846566,-0.5317821999999999,Fibroblast,G0,
cell_1378449,-0.23483275,0.5551409,0.7979173,Fibroblast,G1-G0 transition,
cell_1380415,0.20854586,0.9706710999999999,0.11960883,Fibroblast,S,
cell_1380977,0.7378194,-0.62869644,-0.24568911,Fibroblast,S,
cell_1383777,-0.36830205,0.34379196,0.8638059000000001,Fibroblast,G1,
cell_1385002,-0.66310066,0.027206763999999998,-0.74803567,Fibroblast,G0,
cell_1385057,0.8087964,-0.38594943,0.44372449999999997,Fibroblast,G2M,
cell_1385378,-0.6385044,-0.11727768,-0.76063,Fibroblast,G0,
cell_1385889,0.7612945,0.53992796,-0.3590383,Fibroblast,S,
cell_1385963,-0.645942,0.72833514,-0.22866316,Fibroblast,G0,
cell_1388215,0.71665204,0.5515026,-0.42691317,Fibroblast,S,
cell_1390993,-0.60324526,0.75946414,0.24353537,Fibroblast,G0,
cell_1391036,0.31936744,0.23406984,-0.91826785,Fibroblast,G1,
cell_1392337,0.9469431,0.12459633,-0.29626745,Fibroblast,S,
cell_1393047,0.40534702,0.5736644000000001,0.7117603,Fibroblast,S,
cell_1394501,0.16256869,-0.51908505,0.8391199,Fibroblast,G2M,
cell_1398252,-0.8619616,-0.47710115,-0.17145461,Fibroblast,G0,
cell_1399444,-0.38029242,-0.6496558000000001,-0.65827423,Fibroblast,G0,
cell_1400748,0.6709647,-0.12506123,-0.7308667,Fibroblast,S,
cell_1401865,-0.407281,0.9119693000000001,0.049337674000000005,Fibroblast,G1-G0 transition,
cell_1402300,0.19669348,-0.17471392,-0.9647728999999999,Fibroblast,G0,
cell_1402776,-0.21214171,0.90215147,-0.37565774,Fibroblast,G1-G0 transition,
cell_1404144,0.08425167,0.6361565,0.76694626,Fibroblast,G1,
cell_1405033,0.30014545,0.19818556,0.93307835,Fibroblast,G1,
cell_1409405,0.10051931,0.013161283000000001,0.994848,Fibroblast,G1,
cell_1410016,-0.9975407,-0.049217053,-0.049902603,Fibroblast,G0,
cell_1410473,-0.6384593000000001,0.7234484999999999,0.26266292,Fibroblast,G1-G0 transition,
cell_1414178,0.5498276,0.6942163,0.46449262,Fibroblast,S,
cell_1418241,0.13659646,0.646518,0.7505704000000001,Fibroblast,G1,
cell_1418476,-0.8482681000000001,0.48034176,0.22296435,Fibroblast,G0,
cell_1418544,0.32931197,-0.6640341,0.6712764,Fibroblast,G2M,
cell_1419284,-0.8436954,-0.2706281,-0.46361467,Fibroblast,G0,
cell_1420123,0.37453014,-0.6772541,0.63328815,Fibroblast,G2M,
cell_1420904,-0.6082056,0.009948997,-0.7937172,Fibroblast,G1-G0 transition,
cell_1421711,0.30622253,0.46619049999999995,-0.8299964,Fibroblast,G1,
cell_1421871,-0.9123631,-0.24459018,-0.32828236,Fibroblast,G0,
cell_1422303,0.30372077,0.06912613,-0.95025,Fibroblast,G1,
cell_1424667,0.20723662,0.94922847,0.23668176,Fibroblast,G1,
cell_1427380,-0.9891761999999998,-0.1428063999999999,-0.03371367,Fibroblast,G0,
cell_1427489,0.04344749,-0.04477766,0.9980517,Fibroblast,G1,
cell_1427848,0.75326407,0.5482904000000001,-0.36327812,Fibroblast,S,
cell_1429308,-0.99730456,-0.05171387,0.052049946,Fibroblast,G0,
cell_1430868,-0.9082938,0.24092224,-0.34199202,Fibroblast,G0,
cell_1431978,0.73789126,0.61599237,0.27580768,Fibroblast,S,
cell_1433788,-0.75294495,-0.6551994999999999,-0.061543204000000004,Fibroblast,G0,
cell_1434538,-0.29179117,-0.8083236999999999,-0.5113420999999999,Fibroblast,G0,
cell_1438060,-0.65358955,-0.11036475,-0.7487590999999999,Fibroblast,G0,
cell_1438324,0.5009336,0.84607977,0.18224846,Fibroblast,S,
cell_1442635,-0.24474591,0.80482656,0.5406974,Fibroblast,G1-G0 transition,
cell_1442909,-0.61321354,-0.63782436,-0.4659925999999999,Fibroblast,G0,
cell_1443288,-0.04743894,-0.24837892,0.96750057,Fibroblast,G1,
cell_1443485,-0.88810384,0.19819628,-0.4147165,Fibroblast,G0,
cell_1443767,-0.18003283,0.9791405000000001,0.09419116,Fibroblast,G1-G0 transition,
cell_1446270,0.98757076,0.13681161,-0.077372186,Fibroblast,S,
cell_1448235,0.36926076,0.83225876,-0.41351140000000003,Fibroblast,S,
cell_1450675,0.7452838,0.5594058000000001,-0.36279076,Fibroblast,S,
cell_1453611,-0.8289883,0.4311,-0.35627404,Fibroblast,G0,
cell_1455038,0.2589224,0.7634076999999999,0.5917498000000001,Fibroblast,G1,
cell_1458605,0.7737248999999999,-0.5927266999999999,0.22366242,Fibroblast,G2M,
cell_1461602,-0.30251426,-0.92304224,-0.23765129999999998,Fibroblast,G0,
cell_1461925,0.92280734,0.012389905,-0.38506263,Fibroblast,S,
cell_1464890,0.7792679,-0.6152749,-0.11907264,Fibroblast,S,
cell_1466658,0.6490126,0.74881035,0.13440858,Fibroblast,S,
cell_1467105,-0.35571083,-0.587233,-0.72706753,Fibroblast,G0,
cell_1467813,-0.30465549999999997,-0.6750383000000001,-0.67194366,Fibroblast,G0,
cell_1469063,-0.76597065,0.64098614,0.0492521259999999,Fibroblast,G0,
cell_1469136,0.7286175,-0.43838623,-0.5262452,Fibroblast,S,
cell_1469590,0.74176896,-0.549917,-0.38388798,Fibroblast,S,
cell_1473192,0.78148514,0.09920368,-0.61598676,Fibroblast,G1,
cell_1477673,-0.13299973,-0.7522038000000001,-0.6453684000000001,Fibroblast,G0,
cell_1482966,-0.73626536,-0.6763728,0.020812234,Fibroblast,G0,
cell_1483018,0.37392852,-0.8130975,0.44614995,Fibroblast,G2M,
cell_1485784,-0.6559604,-0.26203350000000003,-0.70785195,Fibroblast,G0,
cell_1490934,-0.90708077,-0.012036795,-0.42078426,Fibroblast,G0,
cell_1492180,-0.45232177,0.8809144,-0.1392659,Fibroblast,G1-G0 transition,
cell_1495275,0.31606445,0.7808363,-0.53888583,Fibroblast,G1,
cell_1496751,-0.515828,-0.7550071,-0.40482804,Fibroblast,G0,
cell_1496797,-0.50601995,-0.83299613,-0.22374354,Fibroblast,G0,
cell_1496830,0.4569514,-0.63841474,0.61937225,Fibroblast,G2M,
cell_1496832,-0.63377863,-0.47149396,-0.61320317,Fibroblast,G0,
cell_1497626,0.7832047,0.1763836,-0.5962208000000001,Fibroblast,S,
cell_1499269,-0.9316966999999998,-0.30238366,0.20125906,Fibroblast,G0,
cell_1504899,-0.6665896,-0.7436894000000001,-0.050836332000000005,Fibroblast,G0,
cell_1505278,0.46726924,-0.069972984,-0.8813416999999999,Fibroblast,S,
cell_1506529,-0.20974141,0.7589716999999999,0.61641747,Fibroblast,G1-G0 transition,
cell_1508914,0.58212614,-0.6955969,0.42103937,Fibroblast,G2M,
cell_1509536,-0.2710086,-0.8934234000000001,-0.35825816,Fibroblast,G0,
cell_1511496,0.56147915,0.048872635,-0.8260463,Fibroblast,G1,
cell_1513525,-0.2713291,0.39633998,-0.87709475,Fibroblast,G1-G0 transition,
cell_1514388,0.86122084,-0.46212792,-0.21150996,Fibroblast,S,
cell_1516202,-0.82535344,0.5585624,-0.08245993,Fibroblast,G0,
cell_1516818,0.8549916,-0.5116443,0.08490863,Fibroblast,S,
cell_1518499,0.21268298,0.36254278,-0.9073745999999999,Fibroblast,G1-G0 transition,
cell_1518549,0.3965916,0.68962854,0.60591054,Fibroblast,S,
cell_1519176,0.341366,-0.7363173000000001,0.5842141,Fibroblast,G2M,
cell_1519503,-0.4317215999999999,0.2681893,0.8612148000000001,Fibroblast,G1-G0 transition,
cell_1522503,-0.6834709,-0.22536869999999998,-0.6943173,Fibroblast,G0,
cell_1524455,-0.8183921999999999,0.56037456,-0.1273356,Fibroblast,G0,
cell_1526959,0.91914964,0.2305814,-0.3193683,Fibroblast,S,
cell_1528706,0.291007,-0.40302607,0.86768943,Fibroblast,G2M,
cell_1529239,0.095067024,-0.15124938,0.9839135,Fibroblast,G1,
cell_1530023,-0.042696387,0.44838175,-0.8928218000000001,Fibroblast,G1,
cell_1530346,0.97718346,-0.19397719,0.08651745,Fibroblast,S,
cell_1530459,0.9900416,-0.051409364000000006,0.1310517,Fibroblast,S,
cell_1530625,0.20545161,0.68891835,-0.69511217,Fibroblast,G1,
cell_1531765,0.9438162,0.29825935,-0.14231108,Fibroblast,S,
cell_1533851,-0.6515036,0.7529161999999999,-0.09306074,Fibroblast,G0,
cell_1533895,-0.76697457,-0.12251145,-0.6298739000000001,Fibroblast,G0,
cell_1535520,0.21843822,0.7912832,-0.5711003000000001,Fibroblast,G1,
cell_1535999,-0.8619869000000001,-0.5057842,-0.0340727,Fibroblast,G0,
cell_1536696,0.88770807,-0.44399613,0.12182654,Fibroblast,G2M,
cell_1539590,-0.4483549,0.36916795,-0.81405956,Fibroblast,G0,
cell_1539598,-0.035390306,0.15857926,0.98671174,Fibroblast,G1-G0 transition,
cell_1540107,-0.16467687,0.80904984,0.5641984999999999,Fibroblast,G1-G0 transition,
cell_1541173,-0.63246816,0.37548172,0.67749363,Fibroblast,G0,
cell_1542955,-0.7361502,0.21762167,-0.6408773,Fibroblast,G0,
cell_1543527,-0.0029912544,0.94839096,0.31708917,Fibroblast,G1-G0 transition,
cell_1544034,-0.72009337,0.10953887,-0.68517643,Fibroblast,G0,
cell_1545207,-0.7091148,0.7028883,-0.055713,Fibroblast,G0,
cell_1545242,0.95183384,-0.30616757,0.016546454,Fibroblast,G2M,
cell_1545833,-0.5611437,-0.45806953,-0.6894127,Fibroblast,G0,
cell_1547311,-0.26574838,-0.8754788,-0.4036268,Fibroblast,G0,
cell_1547338,-0.407657,0.91202897,0.044933308,Fibroblast,G1-G0 transition,
cell_1548423,0.08991738,0.23406868,-0.96805304,Fibroblast,G1,
cell_1553408,0.87018687,0.47547695,0.12921435,Fibroblast,S,
cell_1555079,-0.6792646,-0.73385537,-0.007481605,Fibroblast,G0,
cell_1555278,-0.5289694,0.022801232999999997,-0.8483344999999999,Fibroblast,G0,
cell_1556596,0.12813607,0.35772818,0.92499286,Fibroblast,G1,
cell_1556792,-0.56811124,-0.48196393,-0.6670536,Fibroblast,G0,
cell_1557792,-0.72663957,0.61258304,-0.31102565,Fibroblast,G0,
cell_1559891,0.9539156999999999,0.29877750000000003,-0.02786993,Fibroblast,S,
cell_1561305,-0.97192407,-0.11515828,-0.20518804,Fibroblast,G0,
cell_1563791,0.9267903000000001,-0.18445015,-0.32716656,Fibroblast,S,
cell_1565571,-0.7881099,-0.085018,-0.6096347,Fibroblast,G0,
cell_1566090,0.25434238,0.17401586,0.95132995,Fibroblast,G1,
cell_1568357,0.17408335,0.88254213,-0.43682309999999996,Fibroblast,G1-G0 transition,
cell_1570600,-0.608771,-0.72679335,-0.31807095,Fibroblast,G0,
cell_1572156,-0.8416171,0.25237719999999997,-0.47747907,Fibroblast,G0,
cell_1572579,-0.3981668,-0.7159466,-0.5734838000000001,Fibroblast,G0,
cell_1575884,0.7542774999999999,0.3403679,-0.56144017,Fibroblast,S,
cell_1581016,-0.33068937,0.08720603,0.9397018,Fibroblast,G1,
cell_1581321,0.5279115,0.20167209,-0.8250078000000002,Fibroblast,S,
cell_1581761,-0.32126078,-0.79490024,-0.5147088,Fibroblast,G0,
cell_1585917,-0.25750133,-0.5365411,-0.8036272,Fibroblast,G0,
cell_1587876,-0.5594663000000001,-0.32422656,-0.76280695,Fibroblast,G0,
cell_1588957,-0.9629419,-0.18828726,-0.19310822,Fibroblast,G0,
cell_1589293,-0.93097776,0.0029050186,-0.36506423,Fibroblast,G0,
cell_1590030,0.19693759,0.48290348,-0.85324067,Fibroblast,G1,
cell_1591301,-0.76092106,-0.45073414,-0.4667310000000001,Fibroblast,G0,
cell_1594868,0.6819123,-0.6335759,0.36548203,Fibroblast,G2M,
cell_1595381,-0.47237417,-0.73130536,-0.49199095,Fibroblast,G0,
cell_1596105,-0.5462326,0.7900756,-0.2782272,Fibroblast,G1-G0 transition,
cell_1597044,0.92992246,0.023465287,-0.36700645,Fibroblast,S,
cell_1597542,0.23972070000000004,0.5194923,0.8201596,Fibroblast,G1,
cell_1598079,-0.50938404,-0.7116649,-0.48379853,Fibroblast,G0,
cell_1598954,0.9838607,0.14509365,-0.10471855,Fibroblast,S,
cell_1601176,-0.96177787,0.24391475,-0.12445459,Fibroblast,G0,
cell_1601941,-0.47798014,-0.8039259,-0.3538901,Fibroblast,G0,
cell_1601950,-0.7857481,-0.34472704,-0.5135784999999999,Fibroblast,G0,
cell_1602645,-0.86024743,0.0041215983,-0.5098600999999999,Fibroblast,G0,
cell_1603855,-0.9015504999999999,-0.42946208,-0.052621648,Fibroblast,G0,
cell_1604144,-0.9646778,0.24687016,0.09193431,Fibroblast,G0,
cell_1606578,-0.35155758,-0.9046428,-0.24089187,Fibroblast,G0,
cell_1607688,-0.52811694,-0.62049043,-0.57972765,Fibroblast,G0,
cell_1609521,0.3654239,0.8689870000000001,-0.3336565,Fibroblast,G1,
cell_1609532,-0.42620343,-0.7045564000000001,-0.5674073000000001,Fibroblast,G0,
cell_1610989,0.77190024,0.5828525999999999,-0.25387537,Fibroblast,S,
cell_1611192,-0.87860227,-0.47090837,0.07939329,Fibroblast,G0,
cell_1611351,0.7431145,0.6556447,-0.13383116,Fibroblast,S,
cell_1611655,-0.6022265,-0.6040268,-0.52199113,Fibroblast,G0,
cell_1616978,0.29752752,0.59578216,0.7460033,Fibroblast,G1,
cell_1617327,-0.67865115,-0.36803013,-0.6355991999999999,Fibroblast,G0,
cell_1618162,-0.22202836,0.47641057,0.8507269000000001,Fibroblast,G1,
cell_1618246,0.47848386,0.81225955,-0.3335978,Fibroblast,S,
cell_1618771,0.1264133,0.44067806,-0.8887195999999999,Fibroblast,G1,
cell_1618997,-0.9624699000000001,-0.24803728,-0.110132836,Fibroblast,G0,
cell_1621892,-0.7483771,-0.4704964,-0.4675092000000001,Fibroblast,G0,
cell_1622711,0.5624505999999999,0.7234742,0.4002929,Fibroblast,S,
cell_1624011,0.7707029000000001,0.24807392,-0.586921,Fibroblast,S,
cell_1624390,-0.44998469999999996,-0.6187828000000001,0.64391094,Fibroblast,G0,
cell_1628082,0.24787557,0.96447873,-0.09131611,Fibroblast,S,
cell_1629830,-0.5554674,-0.7647345,-0.3265533,Fibroblast,G0,
cell_1631171,-0.26085138,-0.7368891,-0.6236593,Fibroblast,G0,
cell_1633933,-0.41095698,0.603382,0.6834064999999999,Fibroblast,G1-G0 transition,
cell_1635233,0.0098318225,-0.31354746,0.94952154,Fibroblast,G1,
cell_1635741,-0.47610795,-0.7133681,-0.51422465,Fibroblast,G0,
cell_1639479,-0.8476098,0.51554316,0.1255895,Fibroblast,G0,
cell_1639746,0.62536097,0.68422145,-0.37518623,Fibroblast,S,
cell_1640441,-0.7500646,0.4527999,-0.48205322,Fibroblast,G0,
cell_1640712,-0.80464464,-0.58743596,-0.08640473,Fibroblast,G0,
cell_1644214,0.28615934,0.4046907,-0.8685264000000001,Fibroblast,G1,
cell_1646611,-0.92570984,-0.35013923,0.14305182,Fibroblast,G0,
cell_1647458,-0.47151467,-0.5456696999999999,-0.69276154,Fibroblast,G0,
cell_1648131,0.36504033,0.9222254000000001,0.12745854,Fibroblast,S,
cell_1651395,0.8315097,-0.39266598,-0.3929439,Fibroblast,S,
cell_1653088,-0.67534435,-0.72986305,-0.10587685599999999,Fibroblast,G0,
cell_1657558,-0.8420081,0.063724145,-0.5356878,Fibroblast,G0,
cell_1659362,0.2741797,-0.053080227,0.96021247,Fibroblast,G1,
cell_1659524,-0.062185533,0.9960937,-0.06269114,Fibroblast,G1,
cell_1659895,-0.78450453,-0.5960238,-0.17119643,Fibroblast,G0,
cell_1660258,-0.033047426,0.9724222,-0.23087414,Fibroblast,G1,
cell_1660594,-0.9800909999999999,-0.108174615,0.16649252,Fibroblast,G0,
cell_1664593,-0.6562266,-0.4328188,-0.6180894,Fibroblast,G0,
cell_1665932,-0.15470928,0.8633211,-0.4803557,Fibroblast,G1-G0 transition,
cell_1672822,0.8304949,-0.13151674,-0.5412779999999999,Fibroblast,S,
cell_1673245,-0.7756335,-0.30903277,-0.5503556,Fibroblast,G0,
cell_1673406,0.11726278,-0.7128555,0.6914378999999999,Fibroblast,G2M,
cell_1676672,-0.6506983000000001,-0.17328808,-0.7392989000000001,Fibroblast,G0,
cell_1682122,-0.74281305,0.66926926,-0.0175318439999999,Fibroblast,G0,
cell_1688210,-0.6273276,0.12913433,-0.7679741999999999,Fibroblast,G0,
cell_1689619,-0.60822916,-0.45635617,-0.64945847,Fibroblast,G0,
cell_1690839,0.9754381999999999,0.20069873,-0.09077561,Fibroblast,S,
cell_1690921,0.7961286,-0.59332734,-0.11891939,Fibroblast,S,
cell_1691470,-0.8213790000000001,-0.47326434,-0.3183667,Fibroblast,G0,
cell_1692617,-0.7796185999999999,-0.4992854000000001,0.378033,Fibroblast,G0,
cell_1693104,-0.8914898000000001,-0.41702995,-0.17700818,Fibroblast,G0,
cell_1693432,-0.9072316999999999,0.3602097,-0.21720839,Fibroblast,G0,
cell_1693800,-0.9644313,0.04643227,-0.26022348,Fibroblast,G0,
cell_1696748,0.5101979,0.80541927,0.30165863,Fibroblast,S,
cell_1700324,-0.25176615,-0.71720886,-0.64978856,Fibroblast,G0,
cell_1704198,-0.6092645999999999,-0.73067105,-0.3080849,Fibroblast,G0,
cell_1706432,0.87484956,-0.45624727,0.1627164,Fibroblast,G2M,
cell_1706497,-0.6062609999999999,-0.71896386,-0.3399096,Fibroblast,G0,
cell_1707054,0.9741145,-0.21049124,-0.08242824,Fibroblast,S,
cell_1707131,0.8056315,-0.5806405,-0.11753459,Fibroblast,S,
cell_1707696,0.7891037,-0.5790428000000001,0.20499945,Fibroblast,G2M,
cell_1709272,0.30364078,0.26391533,-0.91550577,Fibroblast,G1,
cell_1710704,-0.9437734,0.19714525,-0.26537773,Fibroblast,G0,
cell_1712444,0.028506346000000002,0.22492546,-0.97395885,Fibroblast,G1,
cell_1713892,-0.9615634,0.16807997,-0.21712875,Fibroblast,G0,
cell_1715752,0.718823,0.5643381,-0.40597528,Fibroblast,S,
cell_1717754,0.19360887,0.97857714,0.07001712,Fibroblast,G1,
cell_1718927,0.76849777,0.57916224,-0.2719969,Fibroblast,S,
cell_1718983,-0.35672170000000003,0.6606901999999999,-0.6604831999999999,Fibroblast,G0,
cell_1720051,-0.47682858,-0.5409292,-0.6928419,Fibroblast,G0,
cell_1723416,-0.8767277,0.47165698,0.094277166,Fibroblast,G0,
cell_1724579,-0.9895279,0.13378470000000003,-0.054186773,Fibroblast,G0,
cell_1725259,-0.501945,-0.8172701,-0.28305614,Fibroblast,G0,
cell_1726369,-0.2892701,-0.7558836999999999,-0.58733517,Fibroblast,G0,
cell_1727356,0.21274185,0.17904931,0.96056336,Fibroblast,G1,
cell_1727487,0.2641469,0.49259722,0.8292010000000001,Fibroblast,S,
cell_1727738,0.22213544,0.54124326,0.8109941999999999,Fibroblast,G1,
cell_1728602,0.22663274,0.26948914,0.93595576,Fibroblast,G1,
cell_1729108,-0.93166363,-0.2221302,-0.2875085,Fibroblast,G0,
cell_1729911,0.6696721,0.59744775,-0.44112998,Fibroblast,S,
cell_1730663,-0.3652667,-0.6675310999999999,-0.6488316999999999,Fibroblast,G0,
cell_1731445,0.079174206,0.37154666,0.92503214,Fibroblast,G1,
cell_1731935,-0.24855820000000003,-0.7647873000000001,-0.59440666,Fibroblast,G0,
cell_1732126,-0.27896285,0.7108929,0.64560896,Fibroblast,G1-G0 transition,
cell_1741657,-0.07093111,0.99508303,-0.06912776,Fibroblast,G1,
cell_1749082,-0.6132724,0.78459376,0.09115703,Fibroblast,G0,
cell_1752190,0.28586504,-0.8775122,0.38503699999999996,Fibroblast,G2M,
cell_1753019,-0.4014758,0.88923115,-0.21928289999999998,Fibroblast,G1-G0 transition,
cell_1754198,-0.87357116,-0.268584,-0.405877,Fibroblast,G0,
cell_1757228,-0.9884940999999999,-0.13073614,-0.07607494,Fibroblast,G0,
cell_1758765,0.99623954,-0.05706809,-0.06519333,Fibroblast,S,
cell_1759928,0.3641885,-0.5774854,0.7306691999999999,Fibroblast,G2M,
cell_1760104,-0.21326489999999998,0.9245184000000001,0.3158857,Fibroblast,G1-G0 transition,
cell_1764268,-0.18201204,0.5237736,0.8321857,Fibroblast,G1-G0 transition,
cell_1764744,-0.35126677,-0.76539963,-0.53923565,Fibroblast,G0,
cell_1766259,-0.9413889000000001,-0.28910866,0.17379053,Fibroblast,G0,
cell_1766684,-0.66027606,-0.49106666,-0.5682333,Fibroblast,G0,
cell_1772338,-0.45125738,-0.2533741,-0.85566837,Fibroblast,G0,
cell_1772601,-0.10976517,0.9429377,0.31435690000000005,Fibroblast,G1-G0 transition,
cell_1772872,-0.9537123,-0.21202939999999998,0.21325168,Fibroblast,G0,
cell_1772953,0.90705216,-0.19464637,-0.3733216,Fibroblast,S,
cell_1779152,-0.73782825,-0.6705361999999999,-0.077398114,Fibroblast,G0,
cell_1779874,0.73387986,0.5870141999999999,0.34181090000000003,Fibroblast,S,
cell_1780461,0.49897367,-0.6968991,0.5151279999999999,Fibroblast,G2M,
cell_1783344,0.33329278,-0.44995442,0.828527,Fibroblast,G2M,
cell_1783977,-0.9184678,-0.3397819,-0.20239833,Fibroblast,G0,
cell_1786154,0.21431947,0.3800401,0.8997982,Fibroblast,G1,
cell_1787551,-0.40758204,-0.8354657,-0.36861065,Fibroblast,G0,
cell_1787771,0.22319448,0.2465812,-0.9430705,Fibroblast,S,
cell_1788048,-0.4152329000000001,0.21554561,0.8838109000000001,Fibroblast,G1-G0 transition,
cell_1790273,-0.6722052,0.62732166,0.39320183,Fibroblast,G0,
cell_1790577,0.123947404,-0.1960551,0.97272784,Fibroblast,G1,
cell_1790857,0.27845058,0.9591951999999999,0.049088154,Fibroblast,G1,
cell_1791564,0.8187073,0.0880390259999999,-0.5674216999999999,Fibroblast,S,
cell_1791664,-0.76928353,-0.5599071,0.30774477,Fibroblast,G0,
cell_1793986,0.48065397,-0.6933712,0.53685015,Fibroblast,G2M,
cell_1794375,-0.21052574,-0.8822019,-0.42118713,Fibroblast,G0,
cell_1795967,0.84987366,-0.36963382,0.3756136,Fibroblast,G2M,
cell_1796531,0.05943617,0.96989375,-0.23616412,Fibroblast,G1-G0 transition,
cell_1801814,-0.2589199,-0.60524154,-0.752757,Fibroblast,G0,
cell_1803073,-0.44736984,0.35220367,0.8220783000000002,Fibroblast,G1-G0 transition,
cell_1803184,-0.91468614,-0.086432815,-0.39481455,Fibroblast,G0,
cell_1803998,0.7461744,-0.38843217,-0.54068875,Fibroblast,S,
cell_1809841,-0.05565297,0.36636204,0.92880654,Fibroblast,G1,
cell_1814208,-0.41917112,-0.7220875,-0.5503501000000001,Fibroblast,G0,
cell_1816122,-0.85227084,-0.16912037,-0.495008,Fibroblast,G0,
cell_1816524,-0.921901,0.38736072,0.007093659,Fibroblast,G0,
cell_1816615,0.38409597,0.92325747,-0.008122706,Fibroblast,S,
cell_1817899,0.9670996999999999,-0.19310814,-0.16561173,Fibroblast,S,
cell_1818960,-0.4243941,-0.8311919,-0.35917899999999997,Fibroblast,G0,
cell_1819005,-0.41960877,-0.6810431,-0.6000906,Fibroblast,G0,
cell_1819516,-0.59049344,0.5450633,-0.59516674,Fibroblast,G0,
cell_1820235,-0.23414005,-0.7429104000000001,-0.62710655,Fibroblast,G0,
cell_1820924,-0.30544573,-0.43368090000000004,-0.84771675,Fibroblast,G0,
cell_1823093,-0.8947075000000001,0.16784517,-0.41391608,Fibroblast,G0,
cell_1824150,0.7535678000000001,-0.56853515,0.33000457,Fibroblast,G2M,
cell_1824758,-0.0044019413,0.5264274,-0.8502086999999999,Fibroblast,G1,
cell_1825101,-0.90224147,-0.009512238000000001,-0.43112627,Fibroblast,G0,
cell_1827235,0.0056050032999999996,0.070938535,0.99746495,Fibroblast,G1,
cell_1831933,0.37583703,0.8229984,0.42593434,Fibroblast,S,
cell_1833884,-0.69105697,0.5429411999999999,-0.4771322,Fibroblast,G0,
cell_1834129,-0.69240314,0.61316097,0.38027805,Fibroblast,G0,
cell_1834244,-0.13728762,0.84400076,0.5184736,Fibroblast,G1-G0 transition,
cell_1835757,-0.41758463,0.9026270000000001,-0.10434361,Fibroblast,G1-G0 transition,
cell_1835945,0.53037685,-0.69574255,0.48439926,Fibroblast,G2M,
cell_1836473,0.37905744,0.89102805,-0.24976906,Fibroblast,G1,
cell_1838916,-0.71589655,0.40044934,0.57195497,Fibroblast,G1-G0 transition,
cell_1841774,0.2735873,0.8576859,-0.43534434,Fibroblast,G1-G0 transition,
cell_1845788,-0.5703912,-0.3873497,-0.7243025,Fibroblast,G0,
cell_1846623,0.031759247000000004,-0.3330145,0.9423867,Fibroblast,G1,
cell_1848793,0.8614668,-0.49678525,-0.10525873,Fibroblast,G2M,
cell_1853174,-0.61909217,-0.19336706,-0.7611399,Fibroblast,G0,
cell_1855656,-0.9131655999999999,-0.22715113,-0.3384242,Fibroblast,G0,
cell_1857132,-0.8576819,-0.40591198,-0.31562197,Fibroblast,G0,
cell_1857364,0.91915333,0.06351133,-0.38874632,Fibroblast,S,
cell_1858336,-0.38104537,-0.8211162000000001,-0.42493826,Fibroblast,G0,
cell_1859488,0.39872554,0.8913935,-0.21548976,Fibroblast,S,
cell_1859842,-0.7558368000000001,0.15653683,-0.6357728,Fibroblast,G0,
cell_1860272,0.22580516,0.4443518,-0.86692756,Fibroblast,G1,
cell_1861110,0.72081125,0.15649904,-0.67523265,Fibroblast,S,
cell_1861835,0.13135818,0.82664114,-0.54718316,Fibroblast,G1-G0 transition,
cell_1862188,0.87763995,0.47781977,-0.037900433,Fibroblast,S,
cell_1862218,-0.48874748,-0.4200282,-0.7646582,Fibroblast,G0,
cell_1865289,-0.7083687,-0.24743827,-0.66105074,Fibroblast,G0,
cell_1868167,-0.8363674999999999,0.32166034,-0.44387394,Fibroblast,G0,
cell_1871224,-0.62048316,-0.5433533,-0.5654800999999999,Fibroblast,G0,
cell_1873630,0.78461546,-0.60901815,0.11608412,Fibroblast,G2M,
cell_1875649,0.24982926,0.9671896000000001,0.046147082,Fibroblast,G1,
cell_1875835,-0.48492444,-0.8244657,-0.29172695,Fibroblast,G0,
cell_1876387,-0.7472840999999999,0.51768965,0.41661006,Fibroblast,G0,
cell_1876946,0.92252237,-0.27727684,0.2684585,Fibroblast,G2M,
cell_1877460,-0.7127598,-0.7000960999999999,-0.042884454,Fibroblast,G0,
cell_1877825,-0.48590824,-0.22752546,-0.84387517,Fibroblast,G0,
cell_1878643,0.15697674,0.26127952,0.9524133,Fibroblast,G1,
cell_1879385,0.076615915,-0.052371762999999995,-0.99568427,Fibroblast,S,
cell_1880540,0.7045489,-0.33241937,-0.62698334,Fibroblast,S,
cell_1880704,-0.42705885,-0.50800234,-0.7480336,Fibroblast,G0,
cell_1881707,0.032959603,-0.49428335,0.86867577,Fibroblast,G1,
cell_1884541,-0.94490135,-0.28304657,-0.16445616,Fibroblast,G0,
cell_1885313,-0.83451974,-0.17212220000000003,-0.52340305,Fibroblast,G0,
cell_1888325,0.79609275,-0.60240185,-0.057865698,Fibroblast,S,
cell_1889262,-0.7880019,0.5943086,-0.16077965,Fibroblast,G0,
cell_1891482,0.96515936,-0.18490097,-0.18514633,Fibroblast,S,
cell_1892158,0.33164355,0.49223900000000004,-0.8048063,Fibroblast,G1,
cell_1893813,-0.7215421,-0.49632472,-0.48274064,Fibroblast,G0,
cell_1897692,-0.7640931,-0.6440693000000001,0.036556877,Fibroblast,G0,
cell_1898032,0.7050839,0.6319260999999999,-0.3217547999999999,Fibroblast,S,
cell_1899418,0.9324326,0.32550293,-0.15689823,Fibroblast,S,
cell_1899589,0.8456308000000001,-0.2646084,0.46356309999999995,Fibroblast,G2M,
cell_1901258,0.93811977,-0.282617,0.20014755,Fibroblast,G2M,
cell_1902279,-0.5086785,-0.13417074,-0.8504377000000001,Fibroblast,G0,
cell_1902348,0.8506011,-0.40891716,0.3305518,Fibroblast,G2M,
cell_1907229,-0.70496327,-0.68948257,-0.16625448,Fibroblast,G0,
cell_1908062,0.6527997,-0.7168154,0.24500625,Fibroblast,G2M,
cell_1909147,0.21364449,0.9077886999999999,0.36093706,Fibroblast,G1,
cell_1911204,-0.8538448000000001,0.2970908,-0.42741767,Fibroblast,G0,
cell_1912133,0.2497085,0.8356183,-0.48927265,Fibroblast,G1,
cell_1916893,0.97881746,-0.20355587,-0.021941152999999998,Fibroblast,S,
cell_1917012,0.24637853,0.8357778,-0.49068648,Fibroblast,G1-G0 transition,
cell_1919406,0.14594823,0.87153524,-0.46810845,Fibroblast,G1-G0 transition,
cell_1923772,-0.3822306,0.21013318,-0.8998577,Fibroblast,G0,
cell_1924642,0.18864302,0.16895586,0.9674026,Fibroblast,G1,
cell_1925009,0.9761304,0.21117142,-0.05075494,Fibroblast,S,
cell_1925391,-0.64461464,0.74964845,-0.14999764,Fibroblast,G0,
cell_1927939,-0.6771253,0.42570508,-0.6002304,Fibroblast,G0,
cell_1928988,0.21984069,0.5064073,-0.83379954,Fibroblast,G1,
cell_1933681,0.9860059000000001,0.14576152,-0.08090706,Fibroblast,S,
cell_1933708,-0.23845217,0.88974667,-0.38921908,Fibroblast,G1-G0 transition,
cell_1935232,-0.7664618000000001,0.4054552,0.49813887,Fibroblast,G0,
cell_1936015,-0.49797317,0.8146369000000001,0.2973035,Fibroblast,G1-G0 transition,
cell_1936544,0.9054125,-0.41701859999999996,0.07952138,Fibroblast,G2M,
cell_1939567,-0.6687805,-0.3638966,-0.64831454,Fibroblast,G0,
cell_1939980,0.0856435,0.7651281,-0.6381569,Fibroblast,G1,
cell_1940160,-0.86853176,-0.49238375,-0.056664365999999994,Fibroblast,G0,
cell_1943139,0.21494362,0.6745245,0.70626897,Fibroblast,G1,
cell_1944584,-0.30806226,-0.5559816999999999,-0.77199876,Fibroblast,G0,
cell_1944758,-0.020312672,0.8522658000000001,-0.52271456,Fibroblast,G1,
cell_1949087,0.95045877,0.21108043,-0.22819499999999998,Fibroblast,S,
cell_1951524,-0.7241521,0.5431318,0.42498422,Fibroblast,G0,
cell_1952867,-0.85337645,-0.50294286,0.13710160000000002,Fibroblast,G0,
cell_1954885,0.42952758,-0.7502911,0.5025625,Fibroblast,G2M,
cell_1957612,0.93229944,-0.25841220000000004,-0.25306300000000004,Fibroblast,S,
cell_1963916,-0.8648636000000001,-0.5006882,0.03636241,Fibroblast,G0,
cell_1964463,-0.39865986,-0.71214277,-0.5778606,Fibroblast,G0,
cell_1964593,0.23523471,-0.049623188,0.970671,Fibroblast,G1,
cell_1965094,-0.8921982,-0.41668501,0.17422931,Fibroblast,G0,
cell_1965672,-0.84857124,-0.01667675,-0.5288184,Fibroblast,G0,
cell_1969930,-0.85769236,0.014310471000000002,-0.51396424,Fibroblast,G0,
cell_1970107,0.8817453000000002,0.47169128,0.0057067988,Fibroblast,S,
cell_1972870,0.25213632,0.026101537,0.96733975,Fibroblast,G1,
cell_1973050,-0.5970426999999999,0.4280708,0.6784507,Fibroblast,G1-G0 transition,
cell_1975430,-0.76993126,0.24674290000000001,-0.58849275,Fibroblast,G1-G0 transition,
cell_1979479,0.90721434,-0.23705077,0.34751856,Fibroblast,G2M,
cell_1979698,-0.92224795,-0.15641399,-0.35354415,Fibroblast,G0,
cell_1982327,0.8572048000000001,-0.08258293,-0.508311,Fibroblast,S,
cell_1984548,-0.9259373,-0.2989495,-0.23080112,Fibroblast,G0,
cell_1985075,0.08122439,0.6356390000000001,-0.76770157,Fibroblast,G1,
cell_1985107,-0.12330334,-0.031935662000000004,0.9918551,Fibroblast,G1,
cell_1986567,-0.40790644,-0.63642657,-0.65465534,Fibroblast,G0,
cell_1991996,0.04527783,-0.009243147,0.9989315999999999,Fibroblast,G1,
cell_1993012,0.7192642,0.66883993,-0.1879149,Fibroblast,S,
cell_1993263,-0.7405694,0.6677687,-0.07511179,Fibroblast,G0,
cell_1995368,0.4521773,-0.7315772,0.5102259,Fibroblast,G2M,
cell_1998085,0.8745715000000001,-0.48339984,0.038068056,Fibroblast,S,
cell_2002285,-0.7330354,-0.1485138999999999,-0.6637791000000001,Fibroblast,G0,
cell_2003359,0.04548648,0.69962794,0.7130579,Fibroblast,G1,
cell_2006541,0.8520725,-0.3315926,-0.40499216,Fibroblast,S,
cell_2007886,-0.9759177,-0.15151945,0.15692776,Fibroblast,G0,
cell_2008430,-0.8019576999999999,-0.42417225,-0.42064458,Fibroblast,G0,
cell_2009896,-0.81782466,0.348475,-0.45796055,Fibroblast,G0,
cell_2011814,-0.58672535,-0.8094294,0.02402897,Fibroblast,G0,
cell_2013827,-0.9353100000000001,0.013273967,-0.35358036,Fibroblast,G0,
cell_2017043,-0.70439893,-0.28576487,-0.6497388000000001,Fibroblast,G0,
cell_2017150,-0.59380287,0.7143349,-0.37030235,Fibroblast,G0,
cell_2017779,0.98205864,-0.1883213,0.009786401,Fibroblast,S,
cell_2020340,0.41251317,0.036811776000000004,0.9102075000000001,Fibroblast,G1,
cell_2020883,0.07310508,-0.46414134,0.8827392,Fibroblast,G1,
cell_2021737,-0.87054366,-0.23010644,-0.43497682,Fibroblast,G0,
cell_2023247,0.46789458,0.25635266,-0.84578836,Fibroblast,G1,
cell_2023670,-0.8439817,-0.27661836,-0.45954022,Fibroblast,G0,
cell_2027351,-0.09390586,-0.25941420000000004,0.96118987,Fibroblast,G1,
cell_2027380,-0.865218,0.4496183,0.22190344,Fibroblast,G0,
cell_2028644,-0.38165912,-0.28470936,-0.8793617,Fibroblast,G0,
cell_2029027,0.07935606,-0.12721284,0.9886958,Fibroblast,G1,
cell_2029510,-0.18784344,-0.8172238000000001,-0.5448486,Fibroblast,G0,
cell_2029674,0.92595947,0.022896899,-0.37692815,Fibroblast,S,
cell_2031717,0.7809369,-0.5545325,0.28745642,Fibroblast,G2M,
cell_2032272,0.9699625,-0.24301063,-0.010889142,Fibroblast,S,
cell_2035652,0.38794259999999997,-0.76335937,0.5165102,Fibroblast,G2M,
cell_2037029,0.13340434,0.24415255,0.9605169,Fibroblast,G1,
cell_2043552,0.09526814,0.9952629000000001,0.019384805,Fibroblast,G1,
cell_2043670,-0.07191414,0.061976027,0.99548346,Fibroblast,G1,
cell_2043688,0.77282125,-0.6087336,-0.17941725,Fibroblast,G2M,
cell_2044742,0.99751365,0.04406049,0.055000782000000005,Fibroblast,S,
cell_2045567,-0.67317355,0.71327853,0.19511783,Fibroblast,G0,
cell_2047172,-0.86012757,-0.32687294,-0.39157966,Fibroblast,G0,
cell_2050419,-0.41647568,0.76967806,-0.48388392,Fibroblast,G0,
cell_2051071,0.34365436,0.8162104,0.4644375,Fibroblast,S,
cell_2052708,-0.8761336999999999,-0.48204747,0.0044749305,Fibroblast,G0,
cell_2053581,0.9235699,-0.2144001,-0.3178856,Fibroblast,S,
cell_2053796,0.6793281,0.071838945,-0.73030967,Fibroblast,S,
cell_2054424,0.80910236,0.5695623000000001,-0.14474851,Fibroblast,S,
cell_2058964,-0.9622371,-0.23370613,0.1395747,Fibroblast,G0,
cell_2059466,-0.6735048,-0.21661738,-0.70673066,Fibroblast,G0,
cell_2060852,-0.41392693,-0.06048112,0.9082986999999999,Fibroblast,G1,
cell_2063497,0.5641029000000001,0.74512345,-0.3557794,Fibroblast,S,
cell_2063934,0.05190543,-0.38577,0.9211336999999999,Fibroblast,G1,
cell_2064149,-0.45712143,0.889175,-0.020192895,Fibroblast,G1-G0 transition,
cell_2064492,0.2825986,-0.30426684,0.9097030999999999,Fibroblast,G1,
cell_2064727,0.9047995999999999,0.3756386,-0.20058237,Fibroblast,S,
cell_2065240,-0.20227677,-0.8039791999999999,-0.5591972,Fibroblast,G0,
cell_2068224,0.6718440999999999,-0.7361209,-0.08216675,Fibroblast,G2M,
cell_2070322,-0.5732349,0.4123821,-0.7080556,Fibroblast,G0,
cell_2075805,-0.63128114,0.7434356,0.2208792,Fibroblast,G1-G0 transition,
cell_2076813,-0.33890963,-0.54061323,-0.7699853,Fibroblast,G0,
cell_2080875,0.9900511000000001,0.04124454,-0.13452747,Fibroblast,S,
cell_2084547,0.8558380999999999,-0.32044375,-0.4060258,Fibroblast,S,
cell_2085894,-0.40503728,0.69767267,-0.5909295,Fibroblast,G0,
cell_2086910,0.9233933000000001,-0.3244953,-0.20505507,Fibroblast,S,
cell_2090476,-0.76164037,0.6479526999999999,0.007820342,Fibroblast,G1-G0 transition,
cell_2091736,-0.5085839,0.7737149999999999,0.37776625,Fibroblast,G1-G0 transition,
cell_2093222,0.87405664,-0.46621507,-0.13663214,Fibroblast,G2M,
cell_2097256,0.24820547,-0.4438522,0.8610395000000001,Fibroblast,G2M,
cell_2097636,-0.55113184,0.7930815,0.25937486,Fibroblast,G1-G0 transition,
cell_2099568,0.106765576,0.97113216,-0.21331528,Fibroblast,G1-G0 transition,
cell_2101753,-0.81028414,0.1251193,-0.57252496,Fibroblast,G0,
cell_2103460,0.92204535,-0.38708174,-8.825107e-05,Fibroblast,S,
cell_2104174,-0.99165875,0.07149842,-0.10724197,Fibroblast,G0,
cell_2104874,0.00608259,0.6388499,0.7693074000000001,Fibroblast,G1,
cell_2105847,0.0847546,0.26309827,0.961039,Fibroblast,G1,
cell_2106171,0.4735655,0.10504604,-0.8744719000000001,Fibroblast,G1,
cell_2106586,-0.60375565,0.79701036,-0.015925873,Fibroblast,G0,
cell_2107818,0.80828595,-0.57041067,-0.14596462,Fibroblast,S,
cell_2108529,-0.7288299,0.6446816999999999,-0.23063518,Fibroblast,G0,
cell_2110214,0.39855359999999995,-0.84556603,0.35520855,Fibroblast,G2M,
cell_2113100,-0.5895697,-0.49774224,-0.6361291,Fibroblast,G0,
cell_2114198,0.54907364,-0.6178826,0.56279594,Fibroblast,G2M,
cell_2114347,-0.5747357,0.5979565,0.5586831,Fibroblast,G0,
cell_2117497,0.7185958,-0.6927963,0.060442228,Fibroblast,G2M,
cell_2121131,-0.2978692,-0.8070807,-0.5097986,Fibroblast,G0,
cell_2121390,0.09301369,0.7579435999999999,0.64565474,Fibroblast,G1,
cell_2124721,0.5772286999999999,-0.7875227,0.21590501,Fibroblast,G2M,
cell_2125144,0.67243636,0.051073108,-0.7383907,Fibroblast,S,
cell_2126109,-0.99472046,-0.07922769,-0.06522289,Fibroblast,G0,
cell_2126838,-0.72507256,0.6197256,-0.30034956,Fibroblast,G0,
cell_2127237,-0.43844940000000004,-0.59605277,-0.67266864,Fibroblast,G0,
cell_2127285,-0.71011674,-0.44134292,-0.54858965,Fibroblast,G0,
cell_2128474,-0.53982127,0.78580034,0.3018459000000001,Fibroblast,G0,
cell_2129502,0.44563016,-0.55533785,0.70214915,Fibroblast,G2M,
cell_2131477,0.31347767,0.93058485,-0.18905963,Fibroblast,G1,
cell_2131754,0.7488256,0.43454474,-0.50043094,Fibroblast,S,
cell_2132851,0.95103884,-0.08839999,-0.29615977,Fibroblast,S,
cell_2133362,0.96107244,0.26235428,-0.08666071,Fibroblast,S,
cell_2133832,0.89310664,0.37598714,-0.24697020000000003,Fibroblast,S,
cell_2134494,0.39577866,0.7127994000000001,0.5790301999999999,Fibroblast,S,
cell_2136772,0.48797333,-0.8185988000000001,0.30294868,Fibroblast,G2M,
cell_2139160,-0.46871084,-0.28253746,-0.8369484,Fibroblast,G0,
cell_2140689,0.43090066,0.74131,-0.51457185,Fibroblast,G1,
cell_2140825,-0.97657216,-0.0038720649,-0.21515518,Fibroblast,G0,
cell_2141588,0.06665667,0.70128685,0.709756,Fibroblast,G1,
cell_2143132,0.43659073,0.090669565,-0.8950796,Fibroblast,S,
cell_2143295,-0.6835658,0.06912991,-0.72660786,Fibroblast,G0,
cell_2143627,-0.26624137,-0.33748868,-0.9028934999999999,Fibroblast,G0,
cell_2144758,0.9439955,-0.32571100000000003,0.052772400000000004,Fibroblast,S,
cell_2145354,-0.69256073,-0.6019039,-0.39758158,Fibroblast,G0,
cell_2146335,0.054883447,0.7897714,0.6109412,Fibroblast,G1,
cell_2146887,0.6040094,0.6947106,-0.39057618,Fibroblast,S,
cell_2148391,-0.65273446,-0.38087463,-0.6548834,Fibroblast,G0,
cell_2149431,0.8931992,-0.44891626,0.025874627999999997,Fibroblast,S,
cell_2153634,0.8970828000000002,0.37831798,-0.22829363,Fibroblast,S,
cell_2154243,0.048775457,0.5916303,0.8047327,Fibroblast,G1,
cell_2157091,0.044725608,0.9963598,-0.072571866,Fibroblast,G1-G0 transition,
cell_2160504,-0.36928514,-0.6443532,-0.6696548000000001,Fibroblast,G0,
cell_2161324,-0.61786664,0.78523374,-0.0406037,Fibroblast,G1-G0 transition,
cell_2162381,-0.52144635,0.8389837,0.15556346,Fibroblast,G1-G0 transition,
cell_2166479,-0.6258912,0.64248854,-0.44211856,Fibroblast,G0,
cell_2169597,0.43685535,-0.6231519,0.6487210999999999,Fibroblast,G2M,
cell_2170496,-0.6725223000000001,0.13767557,-0.72715825,Fibroblast,G0,
cell_2172331,0.2821593,0.7225428,0.6311246,Fibroblast,G1,
cell_2173478,0.71169984,0.46140084,-0.52970994,Fibroblast,S,
cell_2173757,0.9948834000000001,-0.09394402,-0.03716636,Fibroblast,S,
cell_2174830,-0.6396687,-0.54935247,-0.5376203,Fibroblast,G0,
cell_2175805,-0.8418481,0.20624694,-0.49875247,Fibroblast,G0,
cell_2177591,0.81477374,-0.5695737,-0.1083027,Fibroblast,S,
cell_2178468,0.26232538,0.3622129000000001,0.89441997,Fibroblast,G1,
cell_2179281,-0.76103127,0.18732654,-0.6210799,Fibroblast,G0,
cell_2181455,0.9847927,-0.16862446,0.041822102,Fibroblast,S,
cell_2182051,0.87723297,0.14341405,-0.45814269999999996,Fibroblast,S,
cell_2182951,0.006938252,0.89531,-0.44538945,Fibroblast,G1-G0 transition,
cell_2185285,0.5750890000000001,-0.5234966,0.62866825,Fibroblast,G2M,
cell_2185608,0.081599854,0.62598586,0.7755534000000001,Fibroblast,G1,
cell_2185961,0.95182866,-0.21525389,-0.21837568,Fibroblast,S,
cell_2187456,0.7833505000000001,0.60627604,-0.13708103,Fibroblast,S,
cell_2189525,0.48653793,-0.6485187,0.58540964,Fibroblast,G2M,
cell_2189885,0.26984257,0.26058143,0.9269748,Fibroblast,G1,
cell_2190646,0.056228567,0.8014828,-0.5953684,Fibroblast,G1,
cell_2193948,0.8642687,-0.15377851,-0.4789484000000001,Fibroblast,S,
cell_2196087,-0.12889507,0.53220785,0.8367440999999999,Fibroblast,G1,
cell_2197618,0.86796933,0.43577868,-0.23817228,Fibroblast,S,
cell_2198398,-0.65917706,-0.53150505,-0.53196603,Fibroblast,G0,
cell_2201568,-0.09935325,0.807426,0.5815429,Fibroblast,G1,
cell_2202156,0.46710342,-0.83967716,0.2770499,Fibroblast,G2M,
cell_2202845,-0.9532239,0.009509978,-0.30211553,Fibroblast,G0,
cell_2204689,-0.029033967999999997,0.26849297,0.962844,Fibroblast,G1,
cell_2206408,-0.9073515,-0.3539875,-0.22672878,Fibroblast,G0,
cell_2208434,-0.65137726,0.38179925,-0.6556958,Fibroblast,G0,
cell_2209733,-0.29381594,0.2540687,0.9214777,Fibroblast,G1,
cell_2211069,-0.9776646999999999,0.015359833,-0.20960863,Fibroblast,G0,
cell_2214345,0.55510724,-0.80153775,0.22224572,Fibroblast,G2M,
cell_2214465,-0.33411527,-0.6807123,-0.6519186,Fibroblast,G0,
cell_2218351,0.96307117,0.26889083,0.013842726999999999,Fibroblast,S,
cell_2219208,-0.38289183,-0.7140316999999999,-0.5861334,Fibroblast,G0,
cell_2219739,-0.72832924,0.38332105,-0.5679803000000001,Fibroblast,G0,
cell_2219830,0.36740205,0.17809656,-0.9128511,Fibroblast,G1,
cell_2220922,-0.93536645,-0.31469464,-0.16142088,Fibroblast,G0,
cell_2225749,0.46481556,0.5729631,0.6750257,Fibroblast,S,
cell_2226802,0.2967448,0.87668264,-0.3786425,Fibroblast,S,
cell_2229128,-0.5775544,-0.56250757,-0.59162176,Fibroblast,G0,
cell_2231212,-0.9412083000000001,0.24499232,-0.23260625,Fibroblast,G0,
cell_2231499,0.82225347,-0.062158093,-0.5657168,Fibroblast,S,
cell_2231698,0.032461077000000005,0.94650126,-0.32106328,Fibroblast,G1-G0 transition,
cell_2231881,-0.9324273000000001,-0.25675595,-0.25427455,Fibroblast,G0,
cell_2232481,-0.7033794,-0.47882079999999994,-0.5253456999999999,Fibroblast,G0,
cell_2234715,-0.033418300000000005,0.7998508000000001,0.5992679,Fibroblast,G1-G0 transition,
cell_2235399,-0.5770528,-0.50496846,-0.64188564,Fibroblast,G0,
cell_2236600,0.7079213000000001,-0.7057340999999999,0.028049206,Fibroblast,G2M,
cell_2238579,0.51448894,-0.62299997,0.5892132,Fibroblast,G2M,
cell_2242811,0.8939034,-0.35705292,0.27101620000000004,Fibroblast,G2M,
cell_2242829,-0.6877443,0.22248442,-0.6910199,Fibroblast,G0,
cell_2243537,0.9278021000000001,0.28807306,-0.23705953,Fibroblast,S,
cell_2244465,-0.5474675999999999,-0.77425957,0.31749234,Fibroblast,G0,
cell_2245189,-0.48039004,-0.78491396,-0.39132547,Fibroblast,G0,
cell_2245536,-0.9226316999999999,-0.21648055,-0.31919712,Fibroblast,G0,
cell_2247535,-0.8325746999999999,-0.4896089,-0.2590413,Fibroblast,G0,
cell_2248101,-0.7733346999999999,-0.23323505,-0.58953786,Fibroblast,G0,
cell_2249499,-0.94235957,0.16822219,-0.28924018,Fibroblast,G0,
cell_2249612,-0.64460844,-0.4983484,-0.57976615,Fibroblast,G0,
cell_2250213,-0.87553805,-0.44818115,-0.18046269,Fibroblast,G0,
cell_2254754,0.8830654,0.40647683,-0.23446156,Fibroblast,S,
cell_2255451,0.87749565,-0.4779183,0.0399429,Fibroblast,G2M,
cell_2257947,0.7160167,0.6769363,-0.17052104,Fibroblast,S,
cell_2258254,-0.83352536,-0.5046247,-0.22492076,Fibroblast,G0,
cell_2258556,0.93622476,-0.3400836,-0.08846676,Fibroblast,S,
cell_2259099,-0.6806496,-0.091461666,-0.7268774,Fibroblast,G0,
cell_2260437,-0.40728718,0.59897727,0.6894515999999999,Fibroblast,G1-G0 transition,
cell_2261216,0.35143942,0.9262728000000001,0.1360475,Fibroblast,S,
cell_2262869,-0.57616687,-0.5155221999999999,-0.6342466,Fibroblast,G0,
cell_2264697,-0.3307845,0.7464046,-0.57746154,Fibroblast,G1-G0 transition,
cell_2266905,-0.8599055,-0.45451465,-0.23233378,Fibroblast,G0,
cell_2267665,-0.64713836,-0.06603537,0.7595071999999999,Fibroblast,G0,
cell_2267949,0.5439656999999999,-0.6701746999999999,0.50494266,Fibroblast,G2M,
cell_2268391,-0.34266302,0.8014055,-0.49023587,Fibroblast,G1-G0 transition,
cell_2268710,-0.1512404,0.51065487,-0.8463793,Fibroblast,G1,
cell_2271116,0.24641323,0.5427420000000001,0.80293936,Fibroblast,G1,
cell_2272852,0.13129026,0.8635606,-0.48685312,Fibroblast,G1,
cell_2272993,-0.9062658000000001,-0.07536625,-0.41593528,Fibroblast,G0,
cell_2273113,-0.6172489999999999,0.76795846,0.17100725,Fibroblast,G0,
cell_2274592,-0.47742867,0.74235845,-0.47006992,Fibroblast,G0,
cell_2277970,-0.9128156999999999,-0.37222362,-0.16797918,Fibroblast,G0,
cell_2278712,0.97606057,0.21729912,-0.009318169,Fibroblast,S,
cell_2282332,0.10737588,-0.40608335,0.90750563,Fibroblast,G1,
cell_2282978,0.8014819999999999,-0.206335,-0.5612951,Fibroblast,S,
cell_2283750,-0.47255185,-0.68448913,-0.5551299,Fibroblast,G0,
cell_2285266,0.7106148,-0.65632,0.25351644,Fibroblast,G2M,
cell_2285927,0.8642996999999999,-0.41456655,0.28481686,Fibroblast,G2M,
cell_2285940,0.80745304,-0.41430375,0.4199667,Fibroblast,G2M,
cell_2291237,0.08769201,-0.28372326,0.9548880999999999,Fibroblast,G1,
cell_2291756,0.16626558,-0.15593469,0.9736735999999999,Fibroblast,G1,
cell_2297658,0.7913434,-0.14139082,-0.5947977,Fibroblast,S,
cell_2298457,0.96974957,-0.16241583,-0.18222716,Fibroblast,S,
cell_2301792,-0.6328931999999999,-0.15310791,-0.75894934,Fibroblast,G0,
cell_2302085,0.62102824,0.7587955,-0.19635029,Fibroblast,S,
cell_2302668,-0.92020744,0.27154829999999996,-0.28192163,Fibroblast,G0,
cell_2303039,0.41855448,0.85742563,0.29938817,Fibroblast,S,
cell_2303483,0.7638556,0.49103516,-0.41881862,Fibroblast,G1,
cell_2303953,0.31384006,0.50425476,-0.8045071,Fibroblast,G1,
cell_2307105,-0.45431229999999995,-0.6398925,-0.6197884,Fibroblast,G0,
cell_2308612,0.9012007,0.28392893,-0.3274469,Fibroblast,S,
cell_2310007,-0.0282286,0.8900777,0.45493364,Fibroblast,G1,
cell_2313754,0.53106374,-0.6108113000000001,0.5872656999999999,Fibroblast,G2M,
cell_2315017,-0.7975124,0.44168025,-0.41096540000000004,Fibroblast,G0,
cell_2315601,-0.10049921,0.99464446,0.02412932,Fibroblast,G1-G0 transition,
cell_2316293,-0.85016257,-0.43999740000000004,0.28918156,Fibroblast,G0,
cell_2316724,-0.41759256,0.8081866999999999,-0.41527200000000003,Fibroblast,G0,
cell_2318299,-0.14949562,-0.5132177,-0.84513825,Fibroblast,G0,
cell_2318512,-0.24138954,0.2198674,0.9451927999999999,Fibroblast,G1-G0 transition,
cell_2320868,-0.35109288,0.9015915999999999,-0.2527183,Fibroblast,G1-G0 transition,
cell_2321411,0.120498985,0.9852713,0.12132849,Fibroblast,G1,
cell_2321820,0.41802284,0.83768594,-0.3514815,Fibroblast,G1-G0 transition,
cell_2321868,-0.039815694,0.0739108999999999,0.9964697,Fibroblast,G1,
cell_2322450,0.58215934,-0.81013,0.06913604,Fibroblast,G2M,
cell_2322731,0.25051424,0.8922363000000001,0.37570858,Fibroblast,G1,
cell_2324099,-0.47078848,0.6810624,-0.56081396,Fibroblast,G0,
cell_2324939,0.27876174,-0.17483210000000002,0.94431216,Fibroblast,G1,
cell_2324942,-0.9572894000000001,0.13847905,-0.25381196,Fibroblast,G0,
cell_2324987,0.9391555,-0.34343526,0.006253112,Fibroblast,S,
cell_2325547,0.19306366,0.67438596,0.712692,Fibroblast,G1,
cell_2325823,0.53838205,-0.81758314,0.20421246,Fibroblast,G2M,
cell_2326188,-0.7181225,0.43750870000000003,0.5411897,Fibroblast,G0,
cell_2327202,0.5435361,-0.65055424,0.53042233,Fibroblast,G2M,
cell_2328893,-0.01255543,0.2522453,-0.96758187,Fibroblast,G1,
cell_2329025,-0.20100974,-0.8732056999999999,-0.44396716,Fibroblast,G0,
cell_2330139,0.099896215,0.17370702,0.9797176999999999,Fibroblast,G1,
cell_2330172,-0.27506754,-0.635904,-0.72108525,Fibroblast,G0,
cell_2330264,0.7010199,0.6141661999999999,-0.36245146,Fibroblast,S,
cell_2330709,-0.74760664,-0.5372986,-0.39037734,Fibroblast,G0,
cell_2331556,-0.42178407,0.90507823,-0.05414357,Fibroblast,G1-G0 transition,
cell_2332963,-0.4519856,-0.24902214,-0.8565610999999999,Fibroblast,G0,
cell_2335881,-0.6604744,-0.58891565,-0.4657809,Fibroblast,G0,
cell_2337770,-0.47104153,-0.63223773,-0.6151385,Fibroblast,G0,
cell_2337813,-0.2413873,-0.022613987000000002,0.9701654000000001,Fibroblast,G1,
cell_2340619,-0.26456714,-0.6989013000000001,-0.6644856,Fibroblast,G0,
cell_2340717,-0.65844095,-0.6127482,0.43702996,Fibroblast,G0,
cell_2343029,-0.09537127599999999,0.5615031999999999,-0.82196015,Fibroblast,G1-G0 transition,
cell_2343882,-0.8166784,0.56790704,-0.1025577,Fibroblast,G0,
cell_2345850,-0.7739664,0.17567597,-0.6083699,Fibroblast,G0,
cell_2347054,0.15668589,-0.4735688,0.8667075999999999,Fibroblast,G1,
cell_2347494,-0.9039149,-0.34861390000000003,-0.24780259999999998,Fibroblast,G0,
cell_2347702,-0.70529425,-0.48560247,-0.51647866,Fibroblast,G0,
cell_2347819,-0.37682566,-0.8070606,-0.45459393,Fibroblast,G0,
cell_2349326,-0.63390964,0.33469868,-0.69723403,Fibroblast,G1-G0 transition,
cell_2352574,0.5950684,0.6023116999999999,-0.53208476,Fibroblast,S,
cell_2353049,0.51607573,0.7937342,0.32195002,Fibroblast,S,
cell_2354790,-0.75461674,-0.19377539,-0.6269009,Fibroblast,G0,
cell_2357153,0.9645621999999999,-0.15118244,-0.21624894,Fibroblast,S,
cell_2357337,0.32665235,0.9208071,-0.21310191,Fibroblast,G1-G0 transition,
cell_2357522,-0.46084756,-0.6539396,-0.5999855,Fibroblast,G0,
cell_2359839,0.8895950999999999,-0.2792345999999999,0.36145362,Fibroblast,G2M,
cell_2361235,-0.8200575999999999,0.56773835,-0.07196188,Fibroblast,G0,
cell_2363311,0.9559284,-0.21087377,0.20428717,Fibroblast,S,
cell_2366613,0.55321753,0.44713086,-0.70286864,Fibroblast,G1,
cell_2366617,-0.11556992,0.98208654,0.14882769,Fibroblast,G1-G0 transition,
cell_2366878,0.9483195,0.09640566,-0.30231777,Fibroblast,S,
cell_2373037,-0.22482471,-0.65851104,-0.7182041,Fibroblast,G0,
cell_2373089,-0.34661529999999996,0.40834442,0.84445995,Fibroblast,G1-G0 transition,
cell_2373751,0.20607856,0.17930874,0.9619667,Fibroblast,G1,
cell_2374165,-0.20508572,-0.11031579,0.97250724,Fibroblast,G1,
cell_2374899,-0.73577034,-0.6240864,-0.26297948,Fibroblast,G0,
cell_2376084,-0.5454986999999999,-0.35027546,-0.7614055000000001,Fibroblast,G0,
cell_2376149,0.27226081,-0.76588297,0.5824923000000001,Fibroblast,G2M,
cell_2376496,-0.6829541,0.5953315,-0.4232659000000001,Fibroblast,G0,
cell_2380684,0.15670535,0.36193007,-0.9189396999999999,Fibroblast,G1,
cell_2380947,0.24364091,-0.17886032,0.9532303,Fibroblast,G1,
cell_2382489,-0.7107278,0.66630596,0.22561498,Fibroblast,G1-G0 transition,
cell_2383298,-0.47837424,-0.84384376,-0.24307573,Fibroblast,G0,
cell_2383882,-0.0610846,0.6976538000000001,0.7138260999999999,Fibroblast,G1,
cell_2385725,-0.26720658,0.07511676,0.9607072,Fibroblast,G1,
cell_2386620,0.6047883000000001,-0.7271215,0.32484677,Fibroblast,G2M,
cell_2387784,0.45434636,0.8888575999999999,-0.059174199999999996,Fibroblast,S,
cell_2389743,0.21586178,0.85730255,0.46737134,Fibroblast,G1,
cell_2389974,-0.92713434,0.32334270000000004,-0.18939777,Fibroblast,G0,
cell_2390271,0.5826553000000001,-0.7400517,0.33591115,Fibroblast,G2M,
cell_2391019,0.8541736999999999,-0.511115,-0.095649384,Fibroblast,S,
cell_2392216,-0.45970845,-0.69362015,-0.55458015,Fibroblast,G0,
cell_2393217,-0.8633583,-0.48136229999999997,-0.15133625,Fibroblast,G0,
cell_2394678,-0.9474386999999999,0.31229338,-0.06951672,Fibroblast,G0,
cell_2396689,0.15289506,0.7699343000000001,0.61953545,Fibroblast,G1,
cell_2397468,-0.4359541,-0.63017154,-0.6425168000000001,Fibroblast,G0,
cell_2398141,0.85621464,-0.36018607,-0.37035468,Fibroblast,S,
cell_2400332,-0.42810652,-0.31679884,-0.84638244,Fibroblast,G0,
cell_2400712,0.7758607,0.49862087,-0.38654542,Fibroblast,S,
cell_2401185,-0.8534478999999999,-0.49881917,-0.15101674,Fibroblast,G0,
cell_2401193,-0.26212883,-0.55942404,-0.78634167,Fibroblast,G0,
cell_2401550,-0.23594461,0.23196344,-0.9436753000000001,Fibroblast,G0,
cell_2406702,0.5242619000000001,0.48431152,0.7004226,Fibroblast,S,
cell_2407358,-0.6834336999999999,0.33437540000000004,-0.648931,Fibroblast,G0,
cell_2409404,-0.954666,0.28300905,-0.09229726,Fibroblast,G0,
cell_2411227,-0.6987848000000001,-0.6588655,-0.27856052,Fibroblast,G0,
cell_2411692,-0.076143146,0.46891558,0.8799548,Fibroblast,G1,
cell_2414304,-0.7094322,0.6780973000000001,-0.19206783,Fibroblast,G0,
cell_2414874,0.0537685,0.07990652,-0.995351,Fibroblast,S,
cell_2415736,0.90889144,-0.3371869,-0.24540047,Fibroblast,S,
cell_2415834,-0.954785,-0.1482135,-0.25771725,Fibroblast,G0,
cell_2416962,0.797114,0.41798679999999994,-0.435771,Fibroblast,S,
cell_2417376,0.2567277,-0.39498833,0.8820856,Fibroblast,G1,
cell_2417951,-0.8383113000000001,0.51987267,-0.1642148,Fibroblast,G0,
cell_2419215,-0.10352263,0.8995888000000001,-0.42429107,Fibroblast,G1-G0 transition,
cell_2419240,-0.86586535,-0.00036980089999999997,-0.50027686,Fibroblast,G0,
cell_2421859,0.9394686,0.34171617,0.025072854,Fibroblast,S,
cell_2422265,-0.79730994,0.418021,-0.43537945,Fibroblast,G0,
cell_2423291,-0.21865956,-0.17005903,0.9608684000000001,Fibroblast,G1,
cell_2428648,0.6946238,-0.6873994999999999,0.21208404,Fibroblast,G2M,
cell_2431660,0.12127227,0.084962614,-0.9889764999999999,Fibroblast,S,
cell_2431834,-0.8682434000000001,-0.4534474,0.20134282,Fibroblast,G0,
cell_2431896,-0.16985902,0.95910376,-0.22642417,Fibroblast,G1-G0 transition,
cell_2433261,-0.25770316,-0.76049423,-0.596018,Fibroblast,G0,
cell_2434204,0.8634877000000001,-0.43285045,0.2589004,Fibroblast,G2M,
cell_2435449,-0.82403845,-0.4799876,-0.30095232,Fibroblast,G0,
cell_2436735,-0.85686374,-0.12083782,-0.50118136,Fibroblast,G0,
cell_2436755,0.4160904,0.5953899,0.6872989,Fibroblast,S,
cell_2438195,-0.8775413000000001,0.092444494,-0.47050545,Fibroblast,G0,
cell_2438745,0.7990634,-0.60009956,-0.03712426,Fibroblast,G2M,
cell_2442558,0.84188974,-0.42899495,0.32739136,Fibroblast,G2M,
cell_2443345,-0.27133426,0.55685395,0.7850423000000001,Fibroblast,G1-G0 transition,
cell_2445323,0.37892303,-0.6741161,0.6340226999999999,Fibroblast,G2M,
cell_2448634,0.024400294,0.10672899,0.99398863,Fibroblast,G1,
cell_2449450,-0.8223906999999999,-0.56696564,-0.047153883,Fibroblast,G0,
cell_2449792,0.95993733,-0.22987342,-0.16024514,Fibroblast,S,
cell_2450432,-0.7678476,-0.50385195,-0.39565542,Fibroblast,G0,
cell_2451394,0.8397075999999999,-0.22862026,-0.49256867,Fibroblast,S,
cell_2451520,-0.92345494,0.103271835,-0.36954838,Fibroblast,G0,
cell_2455942,-0.27105808,0.86325246,-0.42581993,Fibroblast,G1-G0 transition,
cell_2463463,-0.37377244,0.9161253,0.14494328,Fibroblast,G1-G0 transition,
cell_2464977,0.38422588,0.4419832,0.81056845,Fibroblast,G1,
cell_2469894,0.44232577,-0.5872955,0.67781407,Fibroblast,G2M,
cell_2470296,0.84005094,-0.29649854,-0.4543162,Fibroblast,S,
cell_2473451,0.79157335,-0.49622813,-0.35660768,Fibroblast,S,
cell_2473561,-0.7882355,-0.50928104,-0.34542403,Fibroblast,G0,
cell_2475859,-0.5379664000000001,0.84084785,0.059725455999999996,Fibroblast,G0,
cell_2476041,-0.5161861,-0.72487986,-0.45618102,Fibroblast,G0,
cell_2479892,0.3552475,0.8007884,0.48222095,Fibroblast,S,
cell_2480395,-0.73923296,-0.26371208,-0.6196696999999999,Fibroblast,G0,
cell_2480686,0.8500232,0.19373125,-0.4898252,Fibroblast,S,
cell_2481575,-0.7204444999999999,0.50085706,-0.47968948,Fibroblast,G0,
cell_2482165,-0.76328766,0.29482967,-0.57486296,Fibroblast,G0,
cell_2482246,0.38948813,-0.13801871,0.91063154,Fibroblast,G1,
cell_2484496,0.52469885,0.8373324000000001,0.15351045,Fibroblast,S,
cell_2487513,0.24017668,0.8898803,-0.38785067,Fibroblast,S,
cell_2487687,-0.67544085,0.52440304,0.5184411,Fibroblast,G1-G0 transition,
cell_2487864,0.33519679999999996,0.7007091,-0.6298015,Fibroblast,G1,
cell_2489039,0.0022338443,-0.16030143,0.98706555,Fibroblast,G1,
cell_2489284,0.45354143,0.86423063,-0.21772839,Fibroblast,S,
cell_2489869,0.30108762,0.93826556,0.17030549,Fibroblast,G1,
cell_2493137,0.6495283000000001,0.6862785,-0.3273145,Fibroblast,S,
cell_2493559,-0.28520045,0.95420706,0.09027445,Fibroblast,G1-G0 transition,
cell_2496063,0.28814664,0.5541005,0.7809891999999999,Fibroblast,G1,
cell_2497117,0.72546077,-0.29762540000000004,-0.6205851,Fibroblast,S,
cell_2499669,0.49030784,0.07631679,-0.8682015999999999,Fibroblast,G1,
cell_2501897,0.028513266000000002,0.999281,-0.024991542000000002,Fibroblast,G1,
cell_2502023,-0.86526144,0.2292779,-0.44581845,Fibroblast,G0,
cell_2504757,-0.37741524,-0.6660275,-0.64340115,Fibroblast,G0,
cell_2509032,0.9753666999999999,-0.15547064,0.15648845,Fibroblast,S,
cell_2509134,0.65688384,-0.72174835,0.21813506,Fibroblast,G2M,
cell_2510563,0.84567297,-0.35074976,-0.40225837,Fibroblast,S,
cell_2512251,0.034858134,-0.46312582,0.88560677,Fibroblast,G1,
cell_2512326,-0.65829194,0.5450958,-0.51915526,Fibroblast,G0,
cell_2513031,0.26785448,-0.84363997,0.4653229999999999,Fibroblast,G2M,
cell_2514818,0.43552357,-0.8057856,0.40128404,Fibroblast,G2M,
cell_2515528,-0.82765543,-0.31518683,-0.46437449999999997,Fibroblast,G0,
cell_2515569,-0.91486096,-0.40375885,0.0028811646999999997,Fibroblast,G0,
cell_2515605,-0.37536615,-0.68618,-0.6231028000000001,Fibroblast,G0,
cell_2518501,0.9804508,0.03324255,0.19393614,Fibroblast,S,
cell_2518526,-0.15571374,0.54777724,0.8220056,Fibroblast,G1-G0 transition,
cell_2518599,-0.5569133000000001,-0.4220924,-0.7153219,Fibroblast,G0,
cell_2521588,-0.58341223,-0.5970188,-0.55063486,Fibroblast,G0,
cell_2523244,0.29615074,-0.63973564,0.70924795,Fibroblast,G2M,
cell_2524931,0.53639305,0.8102533000000001,-0.23616162,Fibroblast,S,
cell_2527022,-0.08653868,-0.18414101,0.97908276,Fibroblast,G1,
cell_2527024,0.89716035,0.036637515,-0.44018298,Fibroblast,S,
cell_2532079,-0.7777071,-0.08304326,-0.6231175,Fibroblast,G0,
cell_2533118,-0.42353114,0.8178936,-0.38944998,Fibroblast,G0,
cell_2535675,-0.19886068,0.28825298,0.9366774999999999,Fibroblast,G1,
cell_2538116,-0.8851771,-0.15731810000000002,-0.43784982,Fibroblast,G0,
cell_2538975,-0.3395707000000001,-0.29356205,-0.8935955,Fibroblast,G0,
cell_2539518,-0.7691248,0.6315733,0.09778622,Fibroblast,G0,
cell_2539556,0.15859152,0.39458358,0.9050703999999999,Fibroblast,G1,
cell_2539990,0.96102273,-0.014997818500000001,-0.276062,Fibroblast,S,
cell_2540830,-0.42253065,-0.19325365,-0.88550603,Fibroblast,G0,
cell_2541258,0.8284358,-0.43949607,-0.34718540000000003,Fibroblast,S,
cell_2542770,0.90791214,-0.3423962,0.24178614,Fibroblast,S,
cell_2544634,0.30685443,0.1626612999999999,0.93775356,Fibroblast,G1,
cell_2545345,0.9966678,-0.07128843,-0.03963926,Fibroblast,S,
cell_2545935,-0.7213774000000001,-0.3920597,-0.5708799,Fibroblast,G0,
cell_2548127,-0.9357780000000001,0.3339101,-0.11324091,Fibroblast,G0,
cell_2548323,-0.3997481,-0.51055086,-0.76127476,Fibroblast,G0,
cell_2548590,-0.67690444,0.43121000000000004,0.59653854,Fibroblast,G1-G0 transition,
cell_2550638,0.30163068,0.22864644,-0.9256023999999999,Fibroblast,S,
cell_2552347,-0.83874226,0.5266649,0.13833092,Fibroblast,G0,
cell_2553211,-0.32322627,0.6106001,0.72297466,Fibroblast,G1-G0 transition,
cell_2556177,0.86619014,-0.35579473,-0.35089138,Fibroblast,S,
cell_2556471,0.7994915,-0.42967817,0.41974986,Fibroblast,G2M,
cell_2556797,0.22596076,0.68306214,0.6945271,Fibroblast,S,
cell_2557870,-0.756234,-0.52212805,-0.3943254000000001,Fibroblast,G0,
cell_2558045,0.27034122,-0.24621533,0.9307489,Fibroblast,G1,
cell_2562778,-0.35587603,0.82348603,0.44184049999999997,Fibroblast,G1-G0 transition,
cell_2563201,-0.75362724,-0.11899455,-0.6464411999999999,Fibroblast,G0,
cell_2563866,-0.9897162,-0.13846482,-0.03590805,Fibroblast,G0,
cell_2564710,-0.9376636999999999,0.01209582,-0.34733325,Fibroblast,G0,
cell_2565365,-0.8164849000000001,-0.31400448,-0.4845139,Fibroblast,G0,
cell_2565994,-0.8098456,0.50377315,0.30060359999999997,Fibroblast,G0,
cell_2566543,0.21075335,0.97649616,-0.045147873,Fibroblast,G1-G0 transition,
cell_2568953,0.24720018,-0.7481392,0.6157759,Fibroblast,G2M,
cell_2569300,0.15188672,0.94726306,-0.28217536,Fibroblast,G1-G0 transition,
cell_2572331,-0.5586647,-0.7616848,-0.32822263,Fibroblast,G0,
cell_2572798,0.94323593,-0.042968087,-0.32933235,Fibroblast,S,
cell_2572858,0.8936812,0.30550134,-0.32863805,Fibroblast,S,
cell_2575170,0.3280112,0.8775506999999999,0.34973308,Fibroblast,G1,
cell_2576855,0.3635239,-0.04122451,0.9306723,Fibroblast,G1,
cell_2577550,0.027271912000000002,0.82501,0.5644596,Fibroblast,G1,
cell_2578281,0.98516077,-0.058583576,-0.1613263,Fibroblast,S,
cell_2579692,0.92702115,-0.36468893,-0.08737164,Fibroblast,S,
cell_2580547,-0.7064134,-0.527094,-0.47238959999999997,Fibroblast,G0,
cell_2581024,0.78158635,-0.60917443,-0.13427298,Fibroblast,S,
cell_2582794,0.9208447,-0.18673415,-0.3423087,Fibroblast,S,
cell_2585030,-0.7752237,-0.20530902,-0.5973915,Fibroblast,G0,
cell_2587147,-0.24518330000000002,0.95269406,-0.17960826,Fibroblast,G1-G0 transition,
cell_2588386,0.878184,-0.090366885,-0.46970895,Fibroblast,S,
cell_2588495,0.6339159000000001,0.6627189,-0.3986907,Fibroblast,S,
cell_2588775,0.3849229,0.640354,0.6646661,Fibroblast,G1,
cell_2589016,0.96079606,-0.27553922,-0.030808581,Fibroblast,S,
cell_2589570,-0.86081564,0.4589429,-0.21992676,Fibroblast,G0,
cell_2590721,0.24035184,0.17469181,0.9548370999999999,Fibroblast,G1,
cell_2593142,0.64078057,0.6387399,-0.42592442,Fibroblast,S,
cell_2593180,0.04063789,0.61468107,0.7877281999999999,Fibroblast,G1,
cell_2597011,0.93336415,-0.33781448,-0.12129627,Fibroblast,S,
cell_2597268,-0.38999823,0.22492689,0.89292175,Fibroblast,G1-G0 transition,
cell_2597904,0.5507119,-0.83467376,-0.006001643,Fibroblast,G2M,
cell_2602130,0.9825613000000001,0.06989922,-0.17230092,Fibroblast,S,
cell_2605352,0.06775529,0.8649614,0.49724343,Fibroblast,G1,
cell_2605656,-0.19441082,-0.8233232,-0.5332383,Fibroblast,G0,
cell_2606861,-0.17662846,-0.76700395,-0.6168528,Fibroblast,G0,
cell_2607097,-0.93873477,0.27847835,-0.20304389999999997,Fibroblast,G0,
cell_2607693,0.1884104,-0.24939223,0.94989735,Fibroblast,G1,
cell_2607975,-0.52593774,0.809217,0.26183470000000003,Fibroblast,G1-G0 transition,
cell_2608356,-0.77997935,0.6258053000000001,-0.00013007659,Fibroblast,G0,
cell_2609226,0.6678263000000001,0.72811776,-0.15444306,Fibroblast,S,
cell_2609417,0.8358040999999999,0.49855718,-0.22993937,Fibroblast,S,
cell_2609798,-0.644096,-0.56167746,-0.51928675,Fibroblast,G0,
cell_2610323,0.7491154000000001,-0.48047358,0.45603869999999996,Fibroblast,G2M,
cell_2611392,-0.8461464,0.14883035,-0.51174784,Fibroblast,G0,
cell_2611610,0.25438836,0.9575884,0.13531871,Fibroblast,G1,
cell_2613024,0.035378296000000004,0.13235743,0.99057055,Fibroblast,G1,
cell_2616122,0.9989957,0.014396913,-0.042430107,Fibroblast,S,
cell_2617802,-0.3506974,-0.7616491,-0.5448871,Fibroblast,G0,
cell_2619397,0.7750577,-0.43745249999999997,0.4559835999999999,Fibroblast,G2M,
cell_2620537,0.30073574,0.35944286,-0.88337916,Fibroblast,G1,
cell_2620586,-0.54083836,-0.64349174,-0.5416755,Fibroblast,G0,
cell_2622301,-0.98042417,-0.05388995,-0.18937866,Fibroblast,G0,
cell_2623779,0.9943003,-0.0011417483,-0.10660982,Fibroblast,S,
cell_2630584,0.3701598,0.31269044,-0.8747608,Fibroblast,G1,
cell_2632521,-0.52528095,-0.6235145000000001,-0.57905924,Fibroblast,G0,
cell_2635272,-0.86362886,0.5003310000000001,0.06175806,Fibroblast,G1-G0 transition,
cell_2635661,0.47203144,0.84560347,-0.2492811,Fibroblast,S,
cell_2636185,-0.79224485,-0.4740036,-0.38427678,Fibroblast,G0,
cell_2637307,-0.005831064,0.51206505,0.85892683,Fibroblast,G1,
cell_2637612,-0.8996586,-0.40433168,-0.16471285,Fibroblast,G0,
cell_2641724,0.8389348,-0.54129195,-0.05649239,Fibroblast,S,
cell_2643150,-0.92245996,-0.255846,-0.2891545,Fibroblast,G0,
cell_2643607,0.19536693,0.14485568,0.9699735,Fibroblast,G1,
cell_2644238,-0.5472751,0.81508493,-0.19006972,Fibroblast,G0,
cell_2644785,0.78525084,-0.6065615,-0.12435583,Fibroblast,S,
cell_2646806,0.97160375,-0.2176225,-0.092878364,Fibroblast,S,
cell_2647369,-0.82246923,0.3684027,-0.43338642,Fibroblast,G0,
cell_2647723,0.634523,0.50071126,-0.5887858,Fibroblast,S,
cell_2649079,-0.7518616,0.6510921,-0.10384231,Fibroblast,G0,
cell_2649759,0.8076012,-0.45231783,0.37840283,Fibroblast,G2M,
cell_2650336,0.8714606,0.25562257,-0.41858500000000004,Fibroblast,S,
cell_2651259,-0.40961499999999995,-0.67706305,-0.6113928000000001,Fibroblast,G0,
cell_2652271,0.23006651,0.9195083000000001,0.31870663,Fibroblast,G1,
cell_2654705,0.40114444,0.7017226,0.58878565,Fibroblast,S,
cell_2656468,-0.9532376,-0.29347435,0.072186634,Fibroblast,G0,
cell_2656491,-0.9884231,0.09956301,-0.11448517400000001,Fibroblast,G0,
cell_2659264,-0.503628,0.4604818,0.7309688,Fibroblast,G0,
cell_2659479,-0.45945802,-0.46129504,-0.7590159000000001,Fibroblast,G0,
cell_2662344,-0.8501780999999999,-0.4597354,-0.25659397,Fibroblast,G0,
cell_2663682,0.09154744,0.30059728,0.94934726,Fibroblast,G1,
cell_2663826,0.92581934,-0.25375304,-0.28012148,Fibroblast,S,
cell_2664323,0.23368098,0.9721434000000001,0.01817492,Fibroblast,G1,
cell_2664657,-0.7361515000000001,-0.5681222,-0.367856,Fibroblast,G0,
cell_2666699,-0.73509014,0.37721097,0.56334215,Fibroblast,G1-G0 transition,
cell_2670212,-0.9057152,0.34873518,-0.24096386,Fibroblast,G0,
cell_2670354,-0.60782987,-0.30545303,-0.73296744,Fibroblast,G0,
cell_2670410,0.039916664,0.52309275,-0.85134053,Fibroblast,G1-G0 transition,
cell_2670924,-0.40317485,-0.56594163,-0.7191384,Fibroblast,G0,
cell_2671560,0.5301302,-0.03261799,-0.8472886000000001,Fibroblast,G1,
cell_2672477,-0.46494332,0.7958348000000001,0.38791057,Fibroblast,G1-G0 transition,
cell_2672674,-0.72550625,-0.6637561,-0.1818476,Fibroblast,G0,
cell_2673266,-0.5217289,-0.32164073,-0.7901557,Fibroblast,G0,
cell_2674308,0.1207895,0.31534624,0.9412581,Fibroblast,G1,
cell_2674320,0.44838372,-0.75150895,0.48392805,Fibroblast,G2M,
cell_2675504,-0.6999386,-0.49136904,-0.5183072,Fibroblast,G0,
cell_2680695,-0.95220435,0.23627435,-0.19360074,Fibroblast,G0,
cell_2681124,-0.6333978,0.37514266,0.6768124,Fibroblast,G1-G0 transition,
cell_2682314,-0.8348280999999999,-0.33353987,-0.4379649000000001,Fibroblast,G0,
cell_2684075,0.8321128000000001,-0.48460119999999995,0.26972172,Fibroblast,G2M,
cell_2684342,-0.97040635,-0.0910601,-0.22365022,Fibroblast,G0,
cell_2685025,0.18049437,0.9828093000000001,-0.038827747,Fibroblast,G1,
cell_2686701,-0.9640376,0.23669749999999998,-0.12085388,Fibroblast,G0,
cell_2687073,-0.32514787,-0.61222255,-0.7207373,Fibroblast,G0,
cell_2691705,0.32879236,0.37087154,0.86853313,Fibroblast,S,
cell_2692822,0.3748821,0.9003353999999999,-0.22104186,Fibroblast,G1,
cell_2693322,0.23731604,-0.20396963,0.9497776,Fibroblast,G1,
cell_2694389,-0.90199816,0.3993403,-0.16409265,Fibroblast,G0,
cell_2695230,0.76676357,-0.6066231,-0.2099572,Fibroblast,S,
cell_2695729,0.0899283,0.9826655999999999,-0.16211532,Fibroblast,G1,
cell_2696879,-0.7782943,0.6274002,0.025036547000000003,Fibroblast,G0,
cell_2699266,-0.8691880999999999,0.4862898,0.08963475,Fibroblast,G0,
cell_2702796,0.300854,-0.6030068000000001,0.7388299,Fibroblast,G2M,
cell_2706501,0.5532205,0.48642436,-0.67626804,Fibroblast,S,
cell_2706677,-0.9562099000000001,0.23209339999999998,0.17831211,Fibroblast,G0,
cell_2706829,-0.68584794,-0.7011767,0.19484323,Fibroblast,G0,
cell_2707699,0.3524595,-0.7969531,0.4905488,Fibroblast,G2M,
cell_2708475,-0.9522248,0.30288762,-0.03907711,Fibroblast,G0,
cell_2709200,-0.7295813,-0.4477144,-0.51697475,Fibroblast,G0,
cell_2711960,-0.38908964,0.86016643,0.32973194,Fibroblast,G1-G0 transition,
cell_2713287,-0.7165148,0.4966299,0.4898625,Fibroblast,G1-G0 transition,
cell_2713488,0.32490432,-0.60104567,0.73019254,Fibroblast,G2M,
cell_2714544,0.18235092,-0.7662616,0.6161099,Fibroblast,G2M,
cell_2714557,-0.23569128,-0.06167446,0.96986896,Fibroblast,G1,
cell_2715128,-0.6351274,-0.42802754,0.6429661999999999,Fibroblast,G0,
cell_2715611,-0.30455098,0.88454896,0.35330132,Fibroblast,G1-G0 transition,
cell_2715940,0.92906654,0.23426634,-0.28627688,Fibroblast,S,
cell_2716137,-0.86872125,-0.49496317,-0.018299462,Fibroblast,G0,
cell_2720728,0.6055298000000001,-0.6978637,0.38251778,Fibroblast,G2M,
cell_2721794,-0.19402768,0.5195417999999999,0.8321235999999999,Fibroblast,G1,
cell_2723209,0.22916445,0.32635590000000003,0.91704714,Fibroblast,G1,
cell_2724137,0.17397001,0.15012439,0.97324055,Fibroblast,G1,
cell_2724388,-0.64350194,0.5998589,0.47547308,Fibroblast,G1-G0 transition,
cell_2724413,0.6601026,0.18614165,-0.72774714,Fibroblast,G1,
cell_2726783,-0.7238502,-0.36175048,-0.58751816,Fibroblast,G0,
cell_2728054,-0.99690026,-0.061864644,-0.048608247,Fibroblast,G0,
cell_2730686,0.65015745,-0.7576383000000001,-0.05726644400000001,Fibroblast,S,
cell_2732205,0.49507943,0.85266703,-0.16689834,Fibroblast,G1,
cell_2732681,-0.90935045,-0.037164845,-0.41436759999999995,Fibroblast,G0,
cell_2733376,-0.09432106,-0.6980006,-0.7098582,Fibroblast,G0,
cell_2733889,-0.5520455,0.83362764,0.0176245719999999,Fibroblast,G1-G0 transition,
cell_2734127,0.20595248,-0.32562512,0.92279565,Fibroblast,G2M,
cell_2735789,-0.85671717,-0.47850105,-0.19254228,Fibroblast,G0,
cell_2739383,-0.114270546,-0.93066543,-0.34756909999999996,Fibroblast,G0,
cell_2740930,-0.026785602999999998,0.17915347,0.9834564,Fibroblast,G1,
cell_2742763,-0.7525351,0.44940558,-0.48137876,Fibroblast,G0,
cell_2743111,-0.38643935,-0.07673023,-0.9191174999999999,Fibroblast,G0,
cell_2744026,-0.98758256,0.13993418,-0.07140826,Fibroblast,G0,
cell_2744292,0.9772224,0.20791590000000001,0.042514313,Fibroblast,S,
cell_2744567,-0.8296472,-0.009430779,-0.55820835,Fibroblast,G0,
cell_2745448,-0.5875756,-0.24935259,-0.76979095,Fibroblast,G0,
cell_2748941,0.8145507,0.40264079999999997,-0.41759738,Fibroblast,S,
cell_2749379,0.89390206,-0.064828396,-0.4435496,Fibroblast,S,
cell_2749750,0.91102844,-0.17039102,-0.37549207,Fibroblast,S,
cell_2750491,-0.13635114,-0.6558076,-0.74251246,Fibroblast,G0,
cell_2751021,-0.7247241,0.13205133,-0.6762672,Fibroblast,G0,
cell_2751043,0.8923305,0.44761366,-0.05820944,Fibroblast,S,
cell_2751089,-0.90891945,0.24325344,-0.33866358,Fibroblast,G0,
cell_2751468,0.32902476,0.795804,0.5083687,Fibroblast,S,
cell_2752423,0.5371701,-0.7896274,0.29654159999999996,Fibroblast,G2M,
cell_2755451,0.9507653,-0.2920934,-0.1035703,Fibroblast,S,
cell_2755900,0.28643614,0.68249655,-0.67242306,Fibroblast,G1,
cell_2757277,0.43753377,-0.72017115,0.53844005,Fibroblast,G2M,
cell_2758119,-0.5699306,-0.82124066,0.02725735,Fibroblast,G0,
cell_2758197,-0.8823542999999999,-0.46597788,0.06569206,Fibroblast,G0,
cell_2759620,0.6585920999999999,-0.5510126000000001,0.5124856,Fibroblast,G2M,
cell_2760841,-0.07932535,0.70380116,0.7059543,Fibroblast,G1,
cell_2762737,-0.9218249,0.32839453,-0.20590247,Fibroblast,G0,
cell_2763381,-0.7771861,-0.26943922,-0.568669,Fibroblast,G0,
cell_2765298,-0.9861247,-0.009079543,0.16575761,Fibroblast,G0,
cell_2766579,-0.5585255,-0.4620309,-0.6888951999999999,Fibroblast,G0,
cell_2767901,-0.8175832,-0.19444276,-0.54198694,Fibroblast,G0,
cell_2769154,0.81586933,-0.32838140000000005,0.47594443,Fibroblast,G2M,
cell_2769327,-0.84226346,-0.030915737000000002,-0.538179,Fibroblast,G0,
cell_2769571,0.48394683,0.097698316,0.86962664,Fibroblast,G1,
cell_2772002,-0.23142317,0.5856289000000001,0.7768411,Fibroblast,G1-G0 transition,
cell_2773328,-0.56182605,0.72554725,0.3974072,Fibroblast,G0,
cell_2774993,-0.7075021,-0.13289288,-0.6941039000000001,Fibroblast,G0,
cell_2775212,0.19492637,-0.6617935,0.72390133,Fibroblast,G2M,
cell_2776333,-0.67798513,0.7231352,0.1319537999999999,Fibroblast,G1-G0 transition,
cell_2778302,0.25354156,0.9667515999999999,-0.033287562,Fibroblast,G1,
cell_2781172,0.799078,-0.38653502,0.46050519999999995,Fibroblast,G2M,
cell_2781209,0.398984,-0.02950337,0.91648316,Fibroblast,G1,
cell_2782971,-0.8004799,0.53400415,-0.27216083,Fibroblast,G0,
cell_2782992,0.98711246,-0.031393636,0.15691823,Fibroblast,S,
cell_2785068,-0.2731068,-0.9159936,-0.29388517,Fibroblast,G0,
cell_2787411,-0.1713959,0.98397523,0.04915375,Fibroblast,G1-G0 transition,
cell_2789053,-0.5879561,-0.6555437,-0.4738883,Fibroblast,G0,
cell_2790285,-0.34683287,-0.7784544,-0.5231784,Fibroblast,G0,
cell_2793196,0.31871465,0.2095948,-0.9243868000000001,Fibroblast,S,
cell_2793296,-0.4365045,0.59807426,0.6721391,Fibroblast,G1-G0 transition,
cell_2795811,-0.8376399,-0.1915277,-0.51154333,Fibroblast,G0,
cell_2796483,0.9393527,-0.2993623,-0.16732831,Fibroblast,S,
cell_2798932,-0.7368519,-0.09613463,-0.6691844,Fibroblast,G0,
cell_2798997,-0.73410165,0.20442665,-0.64753723,Fibroblast,G0,
cell_2800541,-0.69066656,-0.5762138000000001,-0.43698657,Fibroblast,G0,
cell_2801067,-0.6841811,0.6789159,-0.266401,Fibroblast,G0,
cell_2801174,0.29688296,0.9466409,0.1254253,Fibroblast,S,
cell_2802235,0.9567056999999999,-0.121406846,-0.26452687,Fibroblast,S,
cell_2803960,-0.70562667,-0.61114216,-0.3586033,Fibroblast,G0,
cell_2807589,-0.84520674,-0.52468026,-0.10166721,Fibroblast,G0,
cell_2808517,-0.2327827,-0.744693,-0.62549543,Fibroblast,G0,
cell_2809169,-0.75474113,0.49624497,-0.4290765,Fibroblast,G1-G0 transition,
cell_2810650,-0.7789191999999999,0.62600064,0.037523136,Fibroblast,G0,
cell_2812269,0.85368645,0.4503429,-0.26155445,Fibroblast,S,
cell_2812972,-0.79679024,-0.60358185,0.028536916000000002,Fibroblast,G0,
cell_2813748,-0.60238695,0.7902179,-0.11262995,Fibroblast,G1-G0 transition,
cell_2814904,-0.7723733,0.63418067,-0.035415985,Fibroblast,G0,
cell_2815802,0.9144902,-0.39610973,-0.082490124,Fibroblast,S,
cell_2820312,-0.12408358,0.9058506,0.40501606,Fibroblast,G1,
cell_2822864,0.07212637,-0.31931952,0.9448983,Fibroblast,G1,
cell_2823463,0.9403275,0.12833732,-0.31514084,Fibroblast,S,
cell_2826817,0.32746437,0.78893316,0.5199535,Fibroblast,S,
cell_2827613,0.43401816,0.43990603,0.7862001999999999,Fibroblast,G1,
cell_2828329,0.94515735,-0.25526625,-0.20375656,Fibroblast,S,
cell_2829497,-0.37570770000000003,-0.29023412,-0.8801181,Fibroblast,G0,
cell_2830286,-0.21621260000000003,-0.9759517,0.027756553,Fibroblast,G0,
cell_2831186,-0.8868941999999999,-0.284956,-0.3636189,Fibroblast,G0,
cell_2831563,0.8583542,0.5027797,-0.102179386,Fibroblast,S,
cell_2832243,0.25320104,0.56405735,0.78595704,Fibroblast,G1,
cell_2834746,0.43010473,0.30053136,0.8512877000000001,Fibroblast,G1,
cell_2838728,-0.4819348,-0.4015808,-0.778763,Fibroblast,G0,
cell_2839012,0.31893706,0.48261598,-0.81569654,Fibroblast,G1,
cell_2839036,0.3807279000000001,0.6238195,0.6825654000000001,Fibroblast,G1,
cell_2840513,-0.9612378,-0.21536505,-0.17216215,Fibroblast,G0,
cell_2840789,-0.25916350000000005,-0.7610826,-0.5946325,Fibroblast,G0,
cell_2841069,-0.50963664,-0.63307726,-0.5826522,Fibroblast,G0,
cell_2844288,0.28349444,0.2537167,0.92480195,Fibroblast,G1,
cell_2850417,-0.8904661,-0.17920223,-0.4182782,Fibroblast,G0,
cell_2850438,-0.06638989,-0.032538313,0.9972631,Fibroblast,G1,
cell_2854572,0.8541411,-0.5161723,-0.06331528,Fibroblast,G2M,
cell_2858398,-0.28830528,-0.39632317,-0.8716697,Fibroblast,G0,
cell_2858705,0.9814735000000001,0.07001031,-0.17834847,Fibroblast,S,
cell_2859388,0.90963453,0.37583438,-0.17695646,Fibroblast,S,
cell_2859934,0.5690583,-0.8180361999999999,-0.0836021999999999,Fibroblast,S,
cell_2860385,-0.644558,0.22213404,-0.73157465,Fibroblast,G0,
cell_2863680,-0.9157203000000002,0.34769106,-0.20141289,Fibroblast,G0,
cell_2863921,-0.7821734,-0.6230113,0.007859032,Fibroblast,G0,
cell_2864267,-0.44671425,-0.62289995,-0.6422163000000001,Fibroblast,G0,
cell_2864566,0.5632109000000001,0.80322266,0.19397652,Fibroblast,S,
cell_2865282,-0.21684505,-0.7510224,-0.6236534,Fibroblast,G0,
cell_2867272,0.19862288,0.19599015,0.9602796,Fibroblast,G1,
cell_2869969,-0.9803768,0.05112341,-0.19038838,Fibroblast,G0,
cell_2871021,-0.960383,-0.26577738,0.08382567,Fibroblast,G0,
cell_2874813,0.7793041,-0.41542196,-0.46915862,Fibroblast,S,
cell_2874852,-0.5537876,-0.72942823,-0.4015641,Fibroblast,G0,
cell_2875851,0.9166499,-0.2324953,-0.32511348,Fibroblast,S,
cell_2875982,0.8097516,-0.48276806,0.33352265,Fibroblast,G2M,
cell_2876029,0.53221303,-0.71922904,0.4466082,Fibroblast,G2M,
cell_2876262,-0.8377464,-0.53651005,-0.10167568,Fibroblast,G0,
cell_2877290,-0.9971624,0.07011466,-0.027403647000000003,Fibroblast,G0,
cell_2878019,-0.26586768,-0.69228834,-0.67085844,Fibroblast,G0,
cell_2879932,0.9044040000000001,-0.28633246,-0.3163339000000001,Fibroblast,S,
cell_2886254,-0.6536192,0.20151897,0.7295012,Fibroblast,G1-G0 transition,
cell_2888048,-0.4380638,-0.34487605,-0.83015704,Fibroblast,G0,
cell_2888281,0.79920405,-0.5981424,0.059149444,Fibroblast,G2M,
cell_2888631,0.96626526,-0.24942298,0.06418409,Fibroblast,S,
cell_2889984,-0.94055766,0.1341058,-0.3120369,Fibroblast,G0,
cell_2890926,0.99175996,0.066030614,0.109782726,Fibroblast,S,
cell_2891112,0.69647616,-0.07414235,-0.71373945,Fibroblast,S,
cell_2893744,-0.47701418,-0.30032712,-0.8259909,Fibroblast,G0,
cell_2894673,-0.37699357,0.88300353,-0.27960813,Fibroblast,G0,
cell_2895893,-0.6660723000000001,-0.39297519999999997,-0.6339701999999999,Fibroblast,G0,
cell_2897157,0.058744904,-0.28277272,0.9573863000000001,Fibroblast,G1,
cell_2900601,-0.056163675999999996,0.6382366999999999,0.7677887,Fibroblast,G1,
cell_2904106,0.89581704,0.27234253,-0.35119978,Fibroblast,S,
cell_2905598,0.5573405,0.81429565,0.16215448,Fibroblast,S,
cell_2907925,0.21979256,0.9748701,-0.036323834,Fibroblast,G1,
cell_2908193,0.9925411,-0.070269816,-0.099621736,Fibroblast,S,
cell_2912532,-0.7580465999999999,-0.23546195,-0.608213,Fibroblast,G0,
cell_2912854,-0.9020396999999999,-0.41741008,-0.10996908,Fibroblast,G0,
cell_2912964,-0.46995845,0.37218288,0.8003868000000001,Fibroblast,G1-G0 transition,
cell_2913143,0.7709583999999999,0.5818055999999999,-0.25908574,Fibroblast,S,
cell_2913319,-0.5512727,0.7439163000000001,-0.37773925,Fibroblast,G0,
cell_2913459,0.010311153,0.96035004,0.27860638,Fibroblast,G1,
cell_2913510,-0.44324556,0.56147337,0.6987711,Fibroblast,G1-G0 transition,
cell_2914186,-0.88334763,0.46855244,0.012469833,Fibroblast,G0,
cell_2915401,0.87046677,-0.41477925,-0.26503885,Fibroblast,S,
cell_2916479,-0.6406066999999999,0.7607434000000001,-0.104368195,Fibroblast,G0,
cell_2917634,-0.6352463,0.36695564,0.679563,Fibroblast,G1-G0 transition,
cell_2917696,0.6676373000000001,0.6745625,-0.31500122,Fibroblast,S,
cell_2917778,-0.47941545,-0.7297648,-0.48744643,Fibroblast,G0,
cell_2918550,0.33496287,0.9250870000000001,-0.17892395,Fibroblast,G1,
cell_2919550,0.9874303,-0.037282422,0.15359505,Fibroblast,S,
cell_2921315,0.9410695,-0.009632144,-0.3380763,Fibroblast,S,
cell_2922260,-0.29624924,-0.7834733,-0.54626536,Fibroblast,G0,
cell_2924270,-0.7963383,-0.38661847,-0.46515727,Fibroblast,G0,
cell_2924499,0.9129763000000001,0.20387931,-0.35342237,Fibroblast,S,
cell_2924558,0.9953542999999999,-0.050429955,0.082016155,Fibroblast,S,
cell_2927502,0.8947523000000001,-0.117992036,-0.43069273,Fibroblast,S,
cell_2928618,-0.39112186,0.65888405,0.64256936,Fibroblast,G1-G0 transition,
cell_2933170,0.11599685,0.7807381,-0.61399746,Fibroblast,G1,
cell_2936983,-0.35462528,-0.13630128,-0.9250203000000001,Fibroblast,G0,
cell_2937215,-0.21670224,-0.9130219999999999,-0.3455876,Fibroblast,G0,
cell_2937642,-0.7129751,-0.57988465,-0.39420834,Fibroblast,G0,
cell_2938644,0.9884075000000001,-0.085016996,-0.12578818,Fibroblast,S,
cell_2940185,0.31785408,0.06344191,0.94601464,Fibroblast,G1,
cell_2941789,-0.7340833999999999,-0.14379978,-0.6636588999999999,Fibroblast,G0,
cell_2941827,0.31226194,-0.28515926,0.9061879999999999,Fibroblast,G1,
cell_2941974,-0.7912615,0.19250095,-0.58038664,Fibroblast,G0,
cell_2942564,0.46522748,-0.6057456,0.6454731,Fibroblast,G2M,
cell_2942751,-0.7286514000000001,0.37652317,0.57209915,Fibroblast,G0,
cell_2943495,-0.8648496999999999,-0.21303277,-0.4545898,Fibroblast,G0,
cell_2947079,-0.8011851,0.58951235,0.10284739999999999,Fibroblast,G0,
cell_2947456,0.9978662,-0.03537327,-0.054877817999999995,Fibroblast,S,
cell_2952358,-0.83202094,-0.44314006,0.33371848,Fibroblast,G0,
cell_2953382,-0.015669238000000002,-0.30571914,0.9519926999999999,Fibroblast,G1,
cell_2953806,-0.65334946,-0.6302167,-0.41947734,Fibroblast,G0,
cell_2955971,0.78053105,0.595771,-0.18928327,Fibroblast,S,
cell_2956874,0.52250487,0.6443819000000001,0.5583554000000001,Fibroblast,S,
cell_2957722,-0.86963093,0.43809790000000004,-0.22762328,Fibroblast,G0,
cell_2957903,-0.7582015000000001,0.6480484000000001,0.07185916,Fibroblast,G0,
cell_2958055,0.28489718,0.22156608,-0.9325996999999999,Fibroblast,G1,
cell_2960986,-0.8232241,-0.546268,-0.15457506,Fibroblast,G0,
cell_2961902,0.22804031,-0.22807279,0.94656235,Fibroblast,G1,
cell_2961924,-0.6413262,-0.59614867,-0.48301914,Fibroblast,G0,
cell_2962596,-0.9812431,-0.06657922,-0.18091223,Fibroblast,G0,
cell_2963335,-0.53663063,0.39099157,0.74776554,Fibroblast,G1-G0 transition,
cell_2966395,0.037296537000000005,0.5023372,0.86386704,Fibroblast,G1,
cell_2966958,-0.7294609999999999,-0.30842713,-0.6105401999999999,Fibroblast,G0,
cell_2967296,0.85531855,-0.35180247,0.38034883,Fibroblast,G2M,
cell_2967779,0.6924669,-0.5575319999999999,0.457873,Fibroblast,G2M,
cell_2969318,-0.16743577,-0.38348514,0.90824246,Fibroblast,G1,
cell_2969392,0.8924046,0.3223288,-0.31578174,Fibroblast,S,
cell_2969540,0.079432905,0.27778238,-0.9573543,Fibroblast,G1,
cell_2971858,-0.58357614,0.13211428,-0.80123943,Fibroblast,G0,
cell_2973279,0.91088057,-0.10875753,-0.398081,Fibroblast,S,
cell_2974204,0.3052807,0.49078655,0.8160467,Fibroblast,G1,
cell_2975730,0.92401296,0.32190707,-0.20633924,Fibroblast,S,
cell_2975987,0.10909707,-0.16612892,0.98005044,Fibroblast,G1,
cell_2977027,0.88375276,-0.28165957,0.37369654,Fibroblast,G2M,
cell_2977542,0.86036056,0.490583,-0.13823132,Fibroblast,S,
cell_2978674,0.96419346,-0.18108946,0.19374652,Fibroblast,S,
cell_2979452,0.19362266,-0.39851773,0.8964898000000001,Fibroblast,G1,
cell_2979992,0.363325,0.06630627,-0.92929995,Fibroblast,G1,
cell_2980547,-0.31561628,0.7897496999999999,0.52600545,Fibroblast,G1-G0 transition,
cell_2980953,-0.9540504000000001,0.09277877,-0.284921,Fibroblast,G0,
cell_2981317,-0.77964234,-0.44587934,-0.43971518,Fibroblast,G0,
cell_2982568,-0.8963466999999998,0.19312102,-0.39908257,Fibroblast,G0,
cell_2982793,0.85450095,0.50223094,-0.13263486,Fibroblast,S,
cell_2986147,0.9616078000000001,-0.20626039999999998,0.18101647,Fibroblast,S,
cell_2987674,-0.1815322,-0.89512503,-0.40718204,Fibroblast,G0,
cell_2989051,0.4350116,-0.8286341,0.3523216,Fibroblast,G2M,
cell_2989216,-0.8010071,0.5978005,0.03197167,Fibroblast,G0,
cell_2990826,-0.58392555,0.6455787,-0.49219817,Fibroblast,G0,
cell_2991723,0.71043044,-0.67239064,0.20779623,Fibroblast,G2M,
cell_2992717,-0.14477953,-0.84141725,-0.52063024,Fibroblast,G0,
cell_2995239,-0.8650215,0.45777120000000004,0.20538588,Fibroblast,G1-G0 transition,
cell_2995301,-0.802995,0.15142208,-0.57642907,Fibroblast,G0,
cell_2995389,-0.95069575,0.28917828,-0.112042785,Fibroblast,G0,
cell_2995704,-0.4594155,0.595604,-0.6589335,Fibroblast,G0,
cell_2997132,-0.99216455,0.122567765,-0.02422014,Fibroblast,G0,
cell_2998771,-0.6962539000000001,-0.08855396,-0.7123123,Fibroblast,G0,
cell_2999036,-0.9051376,-0.42279609999999995,0.044376075,Fibroblast,G0,
cell_3000170,-0.35286006,-0.54307985,-0.7619409,Fibroblast,G0,
cell_3000585,-0.7856183000000001,-0.058726235999999994,-0.6159180999999999,Fibroblast,G0,
cell_3002635,-0.4196087000000001,0.71307814,0.5616477,Fibroblast,G1-G0 transition,
cell_3004790,0.33417737,-0.62026626,0.70964444,Fibroblast,G2M,
cell_3005021,-0.9018847,0.12307953,-0.4140718,Fibroblast,G0,
cell_3006799,-0.4823437,-0.81525916,-0.32046372,Fibroblast,G0,
cell_3008121,0.8896738999999999,0.25262305,-0.3803446,Fibroblast,S,
cell_3013704,0.0805004459999999,0.19336845,0.97781813,Fibroblast,G1,
cell_3014036,0.7314046,-0.6458529000000001,0.21890923,Fibroblast,G2M,
cell_3014857,-0.9251412,0.31190106,-0.21640603,Fibroblast,G0,
cell_3016274,-0.60519475,-0.5566774999999999,-0.5690776999999999,Fibroblast,G0,
cell_3016458,-0.9108162000000001,0.38311198,-0.15374996,Fibroblast,G0,
cell_3016522,-0.54395,0.82153624,-0.17087035,Fibroblast,G1-G0 transition,
cell_3016607,0.12040173,0.8694054,0.4792053,Fibroblast,G1,
cell_3017996,-0.62992674,0.6616126,-0.4067691,Fibroblast,G0,
cell_3019653,-0.5111684,-0.076535344,-0.85606617,Fibroblast,G0,
cell_3019659,-0.7089279,0.7037121000000001,0.047014195,Fibroblast,G0,
cell_3021454,-0.82293075,0.23710981,-0.5162983,Fibroblast,G0,
cell_3023039,-0.07646786400000001,-0.0755483999999999,0.9942056999999999,Fibroblast,G1,
cell_3023852,-0.31701338,-0.64034903,-0.699611,Fibroblast,G0,
cell_3026501,0.7599397,0.47623859999999996,-0.44236696,Fibroblast,S,
cell_3026505,-0.78921336,-0.61394984,-0.01441762,Fibroblast,G0,
cell_3026510,-0.88429505,-0.46549416,0.03656975,Fibroblast,G0,
cell_3028584,-0.9070958,-0.34884143,-0.23555651,Fibroblast,G0,
cell_3028853,0.07852229,-0.3593349,0.9298992,Fibroblast,G2M,
cell_3029374,-0.47333315,-0.4775545,-0.74020094,Fibroblast,G0,
cell_3029431,-0.21470334,-0.33688226,0.9167403000000001,Fibroblast,G1,
cell_3029673,-0.04789074,-0.31666967,0.9473261000000001,Fibroblast,G1,
cell_3031649,0.6918489000000001,-0.5394972,-0.47988328,Fibroblast,S,
cell_3033858,0.7006568,0.2730974,-0.6591644,Fibroblast,S,
cell_3034524,0.19159489999999998,-0.24030079,0.95160234,Fibroblast,G1,
cell_3036818,-0.4409907,-0.75388676,-0.48701328,Fibroblast,G0,
cell_3038271,0.35001084,-0.5753621999999999,0.7392232,Fibroblast,G2M,
cell_3040251,0.20181885,0.9429555000000001,-0.26477134,Fibroblast,G1,
cell_3044735,-0.31893995,-0.4033732,-0.85765225,Fibroblast,G0,
cell_3045090,0.84668094,-0.46248424,0.26313400000000003,Fibroblast,G2M,
cell_3049213,-0.72771275,-0.56359124,-0.39089522,Fibroblast,G0,
cell_3049827,-0.6310448000000001,0.77565914,-0.01162867,Fibroblast,G0,
cell_3050069,-0.8193258,-0.5309043999999999,-0.21643853,Fibroblast,G0,
cell_3054656,0.35755312,0.9311799999999999,0.071130246,Fibroblast,G1,
cell_3054671,0.9131697,-0.1522124,-0.37809068,Fibroblast,S,
cell_3054968,-0.43868247,0.32636485,0.8372835,Fibroblast,G1-G0 transition,
cell_3055896,-0.32171813,-0.6446621,-0.6934755,Fibroblast,G0,
cell_3058586,0.69605875,-0.6042243,0.38783413,Fibroblast,G2M,
cell_3059346,-0.9816176999999999,-0.1756218,-0.074724086,Fibroblast,G0,
cell_3060479,0.36530559999999995,0.7968158000000001,0.48128626,Fibroblast,S,
cell_3060725,0.9668004000000001,-0.15735677,-0.20133434,Fibroblast,S,
cell_3062449,-0.71146846,-0.13491972,-0.6896443,Fibroblast,G0,
cell_3063154,0.9922974,0.075988196,-0.09783555599999999,Fibroblast,S,
cell_3063689,-0.47569670000000003,-0.44866905,-0.756577,Fibroblast,G0,
cell_3063952,0.78658056,-0.61322546,-0.072426304,Fibroblast,G2M,
cell_3064052,-0.86609364,0.48441577,0.12338277,Fibroblast,G0,
cell_3065843,0.28610393,0.9269474,0.24271983,Fibroblast,G1,
cell_3067444,0.7848781,-0.49242079999999994,0.37614897,Fibroblast,G2M,
cell_3068110,-0.6912329,0.7174724,-0.08619974,Fibroblast,G0,
cell_3069485,-0.99589497,-0.0530641999999999,0.07333150000000001,Fibroblast,G0,
cell_3070721,-0.19700196,-0.042131428,-0.9794973,Fibroblast,G0,
cell_3071205,-0.34585488,-0.9253896999999999,-0.15504242,Fibroblast,G0,
cell_3073163,0.97917897,-0.034827303,-0.19998913,Fibroblast,S,
cell_3074672,0.11413111,-0.3042728,0.9457230999999999,Fibroblast,G1,
cell_3074929,0.89252394,-0.36928096,-0.25890604,Fibroblast,S,
cell_3075121,0.23608737,-0.30739340000000004,0.92183065,Fibroblast,G1,
cell_3076210,0.50037044,0.8643692,-0.04995152,Fibroblast,S,
cell_3077026,0.14252712,0.89457226,0.42358762,Fibroblast,G1,
cell_3078130,0.53988516,0.7146321,-0.44477513,Fibroblast,G1,
cell_3079659,0.8618174999999999,-0.49818733,0.09528933,Fibroblast,G2M,
cell_3082038,-0.98843896,-0.12923984,-0.07928105,Fibroblast,G0,
cell_3082682,-0.83625567,0.36847436,-0.40608245,Fibroblast,G0,
cell_3083520,0.54602146,0.6643475000000001,-0.51039505,Fibroblast,G1,
cell_3083536,-0.37356085,-0.6471378000000001,-0.66457874,Fibroblast,G0,
cell_3084020,0.0627948,0.27233595,0.96015096,Fibroblast,G1,
cell_3084445,0.02457592,0.5079259,-0.86105007,Fibroblast,G1,
cell_3086004,0.39881495,0.8781001,0.26436123,Fibroblast,S,
cell_3086550,0.46218747,0.71141994,0.52940005,Fibroblast,S,
cell_3087081,-0.9395005,0.25495628,-0.22877048,Fibroblast,G0,
cell_3088384,-0.20770013,-0.36381197,-0.9080207,Fibroblast,G0,
cell_3088536,-0.45404515,-0.6218630999999999,-0.6380668,Fibroblast,G0,
cell_3088925,-0.91220003,0.06488259,-0.40457538,Fibroblast,G0,
cell_3089726,0.37812722,0.270069,0.88548434,Fibroblast,G1,
cell_3090017,0.82940274,-0.4971939,-0.25473365,Fibroblast,S,
cell_3092317,0.32149002,-0.8728726000000001,0.3670663,Fibroblast,G2M,
cell_3092323,-0.3558301,0.6856358,0.63505006,Fibroblast,G1-G0 transition,
cell_3092497,-0.6658585,-0.55261075,-0.5012522,Fibroblast,G0,
cell_3093404,-0.83494484,-0.44019544,0.3302952,Fibroblast,G0,
cell_3093476,0.4966433,0.48530558,0.71959984,Fibroblast,G1,
cell_3094530,0.41716763,0.6433837,0.6418944999999999,Fibroblast,S,
cell_3096992,-0.24057885,0.29820257,0.9236866,Fibroblast,G1-G0 transition,
cell_3097457,-0.70770264,-0.4710613,-0.5265531999999999,Fibroblast,G0,
cell_3097474,0.8130943,0.213429,-0.5415954000000001,Fibroblast,S,
cell_3100279,0.094823025,-0.59192437,0.8003962,Fibroblast,G2M,
cell_3101521,-0.9739196,-0.14148925,-0.17737336,Fibroblast,G0,
cell_3102841,0.47532624,0.8781875,0.05340155,Fibroblast,G1,
cell_3102849,-0.5985651999999999,0.79950005,0.050192602,Fibroblast,G0,
cell_3103488,-0.26631317,-0.85933256,-0.43660602,Fibroblast,G0,
cell_3107717,0.90547276,-0.3558343,-0.23130274,Fibroblast,S,
cell_3110504,-0.9831479999999999,0.17065494,-0.06555074,Fibroblast,G0,
cell_3111562,-0.8593970999999999,-0.23094845,-0.4561792000000001,Fibroblast,G0,
cell_3112503,0.4808604,0.87505376,0.05526518,Fibroblast,S,
cell_3114235,-0.59184766,0.6561416,0.46818212,Fibroblast,G0,
cell_3118945,-0.8910781999999999,0.3009611,-0.33970886,Fibroblast,G0,
cell_3118978,-0.816988,0.5519451999999999,0.16699417,Fibroblast,G0,
cell_3119944,0.40977939999999996,-0.15638329,0.89867973,Fibroblast,G1,
cell_3126415,-0.38347623,-0.6561875,-0.64989525,Fibroblast,G0,
cell_3127733,0.9105985999999999,-0.28410240000000003,0.30016005,Fibroblast,G2M,
cell_3130610,0.9314131999999999,0.26736376,-0.24695346,Fibroblast,S,
cell_3132389,0.19985883,-0.8415792999999999,0.5017975,Fibroblast,G2M,
cell_3135034,0.87614197,-0.43372923,0.21036631,Fibroblast,G2M,
cell_3136351,-0.8753786,-0.27676648,0.39637432,Fibroblast,G0,
cell_3138425,-0.052088697,-0.60565037,0.7940242,Fibroblast,G1,
cell_3139074,0.22730432,0.78327173,0.5786346,Fibroblast,S,
cell_3140920,-0.9290691999999999,-0.035666455,-0.3681821,Fibroblast,G0,
cell_3144005,-0.20829363,0.93094116,0.29993743,Fibroblast,G1-G0 transition,
cell_3145216,-0.8415676999999999,0.52084935,-0.14310783,Fibroblast,G0,
cell_3146177,0.78908825,0.5830215,-0.19345677,Fibroblast,S,
cell_3147575,0.1260928999999999,-0.02883002,0.99159944,Fibroblast,G1,
cell_3150476,0.203295,-0.46997619999999996,0.858949,Fibroblast,G2M,
cell_3150818,0.38349903,0.8720184999999999,0.30415820000000005,Fibroblast,S,
cell_3151245,-0.7416206,0.23537412,0.6281704,Fibroblast,G1-G0 transition,
cell_3151705,-0.57084835,0.6061128,-0.5538586,Fibroblast,G0,
cell_3152011,0.049261887000000004,0.9808909,-0.18821852,Fibroblast,G1-G0 transition,
cell_3153330,-0.913117,0.39575666,-0.097949356,Fibroblast,G0,
cell_3154091,-0.6533751999999999,0.5619608,-0.50724834,Fibroblast,G0,
cell_3156350,0.5072977,-0.57755643,0.6395917,Fibroblast,G2M,
cell_3157456,-0.76403606,-0.6293523,-0.14200203,Fibroblast,G0,
cell_3158348,-0.1037568,0.99401224,0.034266543,Fibroblast,G1-G0 transition,
cell_3159802,-0.67414343,0.24601863,-0.6964234,Fibroblast,G1-G0 transition,
cell_3161233,-0.7312966999999999,-0.39808524,-0.5538350999999999,Fibroblast,G0,
cell_3161238,-0.8687212999999999,-0.39659268,-0.2967108,Fibroblast,G0,
cell_3162366,-0.5587542,-0.42591858,-0.7116088,Fibroblast,G0,
cell_3164647,0.88056594,-0.26982063,-0.38961583,Fibroblast,S,
cell_3165513,0.86988753,0.25472298,-0.4223882000000001,Fibroblast,S,
cell_3165541,0.8362688,-0.50031984,-0.22435367,Fibroblast,S,
cell_3165543,-0.12499263,0.42058015,-0.89860404,Fibroblast,G0,
cell_3165773,-0.9567411,-0.20542513,-0.20602714,Fibroblast,G0,
cell_3166777,0.7003835999999999,0.5493893,-0.45566884,Fibroblast,S,
cell_3169030,-0.08351047,0.89558405,0.43698397,Fibroblast,G1-G0 transition,
cell_3169679,0.8884138,-0.19421059,-0.4159366,Fibroblast,S,
cell_3169829,0.3805074,-0.65901923,0.6487739,Fibroblast,G2M,
cell_3172520,-0.43241270000000004,-0.57526964,-0.6943227,Fibroblast,G0,
cell_3177368,-0.64636946,-0.1353218,-0.7509291,Fibroblast,G0,
cell_3181091,0.31946027,0.8085744,-0.49411803,Fibroblast,S,
cell_3187325,0.7620161999999999,0.4578397,-0.4579454000000001,Fibroblast,S,
cell_3189558,0.9107286,0.11469932,-0.3967589,Fibroblast,S,
cell_3191153,0.31794512,0.7898622,0.5244314999999999,Fibroblast,S,
cell_3191510,0.6195977,0.14387852,-0.7716202,Fibroblast,G1,
cell_3192752,-0.85076827,-0.18943544,-0.49021167,Fibroblast,G0,
cell_3193069,0.6004411999999999,0.6971068,-0.39180679999999996,Fibroblast,S,
cell_3194199,-0.24399273,0.8988674999999999,0.364012,Fibroblast,G1-G0 transition,
cell_3194222,0.3569266,0.5064244000000001,0.78494436,Fibroblast,S,
cell_3194267,-0.84848076,0.49071023,-0.1982017,Fibroblast,G0,
cell_3197429,0.46219516,0.8449805,-0.2690424000000001,Fibroblast,S,
cell_3199683,-0.55382746,-0.39393634,-0.73354566,Fibroblast,G0,
cell_3201199,-0.17298132,-0.85667616,-0.48598713,Fibroblast,G0,
cell_3201475,-0.84704864,-0.45603069999999996,-0.2730287,Fibroblast,G0,
cell_3202085,-0.66173905,0.5316793000000001,0.52860063,Fibroblast,G1-G0 transition,
cell_3202543,-0.57021004,0.24967640000000002,-0.78263795,Fibroblast,G0,
cell_3204714,-0.66561776,-0.04236748,-0.7450892,Fibroblast,G0,
cell_3205512,-0.25651228,-0.92917156,-0.26616096,Fibroblast,G0,
cell_3206202,0.9779379,-0.14662257,-0.1487928999999999,Fibroblast,S,
cell_3210388,-0.6826861999999999,-0.58224666,-0.4415071,Fibroblast,G0,
cell_3210684,0.29280004,-0.41886365,0.8595472,Fibroblast,G1,
cell_3212032,0.94138986,0.3368334,0.018124359,Fibroblast,S,
cell_3212344,-0.5245675999999999,0.7641708,0.37532905,Fibroblast,G1-G0 transition,
cell_3212458,-0.7073604,-0.28405857,-0.6472651,Fibroblast,G0,
cell_3213815,0.78024924,-0.616574,0.10510816,Fibroblast,G2M,
cell_3215121,0.019721686999999998,-0.33381072,0.9424336999999999,Fibroblast,G1,
cell_3218279,-0.78762454,-0.47037432,-0.3979894000000001,Fibroblast,G0,
cell_3219005,0.7620624,-0.47788050000000004,-0.43691066,Fibroblast,S,
cell_3222893,0.7142345999999999,-0.61895716,0.326743,Fibroblast,G2M,
cell_3223466,0.34793267,-0.62239766,0.7011162,Fibroblast,G2M,
cell_3223877,0.25586408,0.8178433,0.5154278,Fibroblast,S,
cell_3225890,-0.43249735,-0.5593176999999999,-0.7071844,Fibroblast,G0,
cell_3226340,-0.19868852,-0.68124926,-0.7045724,Fibroblast,G0,
cell_3226708,0.15533516,-0.5166038,0.8420164000000001,Fibroblast,G2M,
cell_3228444,0.9615044,0.10685751,-0.25316143,Fibroblast,S,
cell_3231622,-0.53368926,0.8455471999999999,-0.015017969499999999,Fibroblast,G1-G0 transition,
cell_3237551,0.12187023,-0.32935068,0.93630964,Fibroblast,G1,
cell_3247778,-0.67052585,-0.60876966,-0.42402196,Fibroblast,G0,
cell_3251466,-0.75788057,-0.5795806,-0.29950523,Fibroblast,G0,
cell_3253757,-0.14793016,-0.48726620000000004,0.8606325,Fibroblast,G1,
cell_3256328,0.2618266,-0.3476612,0.9003214,Fibroblast,G1,
cell_3257320,-0.19018800000000002,0.9796002,0.06490076,Fibroblast,G1-G0 transition,
cell_3258003,0.15342884,-0.40823427,0.8998913000000001,Fibroblast,G1,
cell_3265541,0.17033824,0.9616463,0.21499088,Fibroblast,G1,
cell_3265944,-0.79147243,0.5879226,-0.16708823,Fibroblast,G0,
cell_3267076,0.38550404,-0.8891110999999999,-0.24671455,Fibroblast,G0,
cell_3267588,-0.008814449,0.39935824,0.9167526,Fibroblast,G1,
cell_3268527,0.8743749,0.32177648,-0.36321938,Fibroblast,S,
cell_3268754,-0.13820243,0.2999145,0.9439021999999999,Fibroblast,G1,
cell_3270666,-0.38523966,0.8081944000000001,-0.44543478,Fibroblast,G1-G0 transition,
cell_3271379,-0.71381414,-0.7002584,0.010373984000000001,Fibroblast,G0,
cell_3272391,0.01039481,0.95659554,-0.29123312,Fibroblast,G1-G0 transition,
cell_3273238,-0.38562524,0.7296309,-0.5647406,Fibroblast,G0,
cell_3274853,0.009634895,0.25742539999999997,0.9662501,Fibroblast,G1,
cell_3275287,0.5176805,-0.65925443,0.54533535,Fibroblast,G2M,
cell_3275750,0.14818616,0.9889594,0.00039058636,Fibroblast,G1,
cell_3275773,-0.31549117,0.72011715,-0.6179779000000001,Fibroblast,G0,
cell_3281328,-0.07038957,0.42642814,0.90177846,Fibroblast,G1,
cell_3288152,0.29114842,0.7334534,0.6142302,Fibroblast,G1,
cell_3288939,-0.92427886,0.22624650000000002,-0.30744275,Fibroblast,G0,
cell_3289643,-0.53502315,-0.8098824,-0.24050124,Fibroblast,G0,
cell_3290704,-0.09767439,0.9952161,-0.0021705039999999997,Fibroblast,G1-G0 transition,
cell_3294923,-0.40398183,-0.8534633,-0.32923993,Fibroblast,G0,
cell_3296225,-0.65160936,-0.5275599,-0.54505575,Fibroblast,G0,
cell_3297035,0.98916894,-0.14250863,-0.035159367999999996,Fibroblast,S,
cell_3298617,0.43935162,0.8223334999999999,0.36157677,Fibroblast,S,
cell_3299272,0.6743069,0.62653863,-0.3908446,Fibroblast,S,
cell_3302168,0.119111694,0.7918528,0.59898376,Fibroblast,G1,
cell_3302973,0.60595745,-0.6818434,0.4097622,Fibroblast,G2M,
cell_3304419,0.9733019,-0.21049227,-0.09152310000000001,Fibroblast,S,
cell_3305760,-0.77203786,0.6186413000000001,-0.14574052,Fibroblast,G0,
cell_3308071,-0.6048643,0.39546537,-0.69119203,Fibroblast,G0,
cell_3308612,-0.7931589,-0.34562284,-0.50144166,Fibroblast,G0,
cell_3312755,-0.15969162,-0.4645932,0.8710061,Fibroblast,G1,
cell_3313849,-0.5976353,0.6337956,0.49105516,Fibroblast,G1-G0 transition,
cell_3314387,-0.5391238,0.80211705,0.25681478,Fibroblast,G1-G0 transition,
cell_3315352,0.18394648,0.5956275,0.78191537,Fibroblast,G1,
cell_3317135,-0.9853158999999999,0.0015795571,-0.17073403,Fibroblast,G1-G0 transition,
cell_3318377,0.5178456,0.111407146,-0.84818894,Fibroblast,G1,
cell_3318890,0.922309,0.23190227,-0.3091397,Fibroblast,S,
cell_3322949,0.71051687,0.059314362999999995,-0.70117575,Fibroblast,S,
cell_3323736,0.26084375,0.83674926,0.48146784,Fibroblast,S,
cell_3325180,0.10589405,0.9291777,0.35414007,Fibroblast,G1,
cell_3328718,-0.6046701999999999,-0.01334922,-0.7963640000000001,Fibroblast,G0,
cell_3329703,0.6634005000000001,-0.69514614,0.27689594,Fibroblast,G2M,
cell_3331518,0.48044970000000004,0.64388126,-0.5954704000000001,Fibroblast,G1,
cell_3331621,-0.6457845,-0.3569574,-0.67493975,Fibroblast,G0,
cell_3334552,0.2616673,0.43461406,0.86176616,Fibroblast,G1,
cell_3336114,-0.49888766,-0.5202324,-0.69315904,Fibroblast,G0,
cell_3336666,-0.9371038,0.3445703,-0.055747785,Fibroblast,G0,
cell_3337072,-0.55498147,-0.6629995,-0.5024214,Fibroblast,G0,
cell_3338693,0.82943475,-0.53937835,-0.145289,Fibroblast,S,
cell_3339008,-0.31124586,-0.58710086,-0.7472875,Fibroblast,G0,
cell_3340006,-0.7394343000000001,-0.5692134,-0.35949013,Fibroblast,G0,
cell_3340301,-0.84345967,-0.036372088,-0.53595984,Fibroblast,G0,
cell_3343446,-0.5769813,-0.18272660000000002,-0.79605496,Fibroblast,G0,
cell_3343860,0.29147074,-0.9178474,0.26944578,Fibroblast,G2M,
cell_3344082,0.3233188,0.8577271999999999,0.39971116,Fibroblast,S,
cell_3345175,-0.25206962,0.5425196999999999,0.8013321,Fibroblast,G1-G0 transition,
cell_3346121,0.5016285,-0.6794569,0.5354503,Fibroblast,G2M,
cell_3350117,0.5350263000000001,-0.66526645,0.52073735,Fibroblast,G2M,
cell_3351375,-0.9287181999999999,0.054226086,-0.36679977,Fibroblast,G0,
cell_3355137,0.9917573000000001,-0.12590262,-0.02378774,Fibroblast,S,
cell_3357078,-0.38246924,-0.57582474,-0.72259474,Fibroblast,G0,
cell_3357222,-0.57312137,0.7344255000000001,-0.36352608,Fibroblast,G0,
cell_3359019,-0.47745502,0.8473190999999999,0.23256575,Fibroblast,G0,
cell_3362720,-0.45831662,0.8126217,-0.3599886,Fibroblast,G1-G0 transition,
cell_3362805,-0.21721369,0.38220713,0.89818484,Fibroblast,G1-G0 transition,
cell_3363113,0.9895513000000001,-0.13840692,-0.040396537999999996,Fibroblast,S,
cell_3363469,-0.93468267,-0.33354208,-0.12295491,Fibroblast,G0,
cell_3364702,0.59700847,-0.7951649000000001,0.106271975,Fibroblast,G2M,
cell_3365019,-0.37426823,-0.7063957,-0.6007734,Fibroblast,G0,
cell_3365865,-0.28084156,-0.879683,-0.38377836,Fibroblast,G0,
cell_3369591,-0.40203140000000004,-0.48488519999999996,-0.77669626,Fibroblast,G0,
cell_3370286,-0.77653855,0.51418966,0.36413845,Fibroblast,G0,
cell_3370303,-0.2763467,-0.83126795,-0.48231328,Fibroblast,G0,
cell_3372803,0.908969,-0.41073725,-0.0712068159999999,Fibroblast,S,
cell_3375655,-0.53542674,0.7664608,0.35476217,Fibroblast,G0,
cell_3379416,0.9727541,-0.06903224,-0.22132309,Fibroblast,S,
cell_3380017,-0.8566646000000001,-0.17946188,-0.48365188,Fibroblast,G0,
cell_3380707,-0.31960347,0.5073973,0.800251,Fibroblast,G1-G0 transition,
cell_3383834,0.39999577,-0.6863296999999999,0.6074164000000001,Fibroblast,G2M,
cell_3385150,-0.8469014000000001,-0.4744695,-0.24007656,Fibroblast,G0,
cell_3388531,-0.82684886,0.486954,-0.28141907,Fibroblast,G0,
cell_3390290,0.26066333,0.19504406,0.9455223,Fibroblast,G1,
cell_3390593,-0.627979,-0.07769712,-0.774342,Fibroblast,G0,
cell_3391274,-0.9881663,-0.04997669,-0.14501585,Fibroblast,G0,
cell_3399384,-0.12726268,-0.26528674,0.9557339,Fibroblast,G1,
cell_3400470,0.49216977,-0.14176327,0.8588783999999999,Fibroblast,G1,
cell_3401962,0.24594574,-0.0025087562,0.9692803,Fibroblast,G1,
cell_3402761,-0.9573956,-0.010487086999999999,-0.288589,Fibroblast,G0,
cell_3403278,0.07151305,-0.2193052,0.97303194,Fibroblast,G1,
cell_3404398,0.6134571999999999,-0.6522787,0.44519964,Fibroblast,G2M,
cell_3406374,0.12273556,-0.44282532,0.8881676,Fibroblast,G1,
cell_3406497,0.33193259999999997,-0.8140636,0.4765722,Fibroblast,G2M,
cell_3406678,-0.33469602,-0.48425955,-0.80837554,Fibroblast,G0,
cell_3408443,-0.63744,0.71122926,0.29634976,Fibroblast,G0,
cell_3409683,-0.18127762,0.16978120000000002,0.9686654,Fibroblast,G1,
cell_3411629,0.22807895,0.10580461,0.96787673,Fibroblast,G1,
cell_3412754,-0.39321318,-0.13590560000000002,-0.9093476,Fibroblast,G0,
cell_3412784,0.102061085,0.07538537,-0.9919176,Fibroblast,G1,
cell_3413092,-0.8800856,0.21415351,-0.42377773,Fibroblast,G0,
cell_3413403,-0.94768333,-0.31691143,-0.038258124,Fibroblast,G0,
cell_3416489,-0.73398787,0.6624059,0.14993437,Fibroblast,G0,
cell_3418640,-0.790929,0.56401324,-0.23731910000000003,Fibroblast,G0,
cell_3418915,-0.9152151,0.2733886,-0.29604062,Fibroblast,G0,
cell_3419247,0.27581906,0.53829956,0.7963399999999999,Fibroblast,G1,
cell_3419994,-0.59572124,0.7375134,0.318104,Fibroblast,G1-G0 transition,
cell_3421742,0.32890612,0.46758598,0.82047784,Fibroblast,G1,
cell_3428524,0.51575446,0.64567375,0.5631189,Fibroblast,S,
cell_3428782,-0.7366224,0.4480041,-0.50663584,Fibroblast,G0,
cell_3431325,0.837944,-0.42242023,-0.34555903,Fibroblast,S,
cell_3431456,-0.32001364,-0.88993704,-0.32496643,Fibroblast,G0,
cell_3433287,0.3602835,0.7463291999999999,-0.5596325,Fibroblast,S,
cell_3434200,0.7606004,-0.63437814,-0.13802679,Fibroblast,S,
cell_3434955,-0.80771035,-0.18334588,-0.56034666,Fibroblast,G0,
cell_3436272,0.016630124,-0.17340650000000002,0.9847100000000001,Fibroblast,G1,
cell_3436999,0.10103863,-0.43598756,0.89426297,Fibroblast,G1,
cell_3437189,0.96567726,-0.084390886,-0.24565369,Fibroblast,S,
cell_3441184,0.9265389,-0.33888996,-0.16333835,Fibroblast,S,
cell_3442586,-0.8422738000000001,-0.24875386,-0.4782223,Fibroblast,G0,
cell_3442897,-0.8920584,0.30264872,-0.33561262,Fibroblast,G0,
cell_3444379,0.8399452,-0.285686,-0.46138433,Fibroblast,S,
cell_3446079,0.24889039,0.33862436,-0.90740675,Fibroblast,G1,
cell_3446972,0.08602095400000001,-0.024325455,0.9959963,Fibroblast,G1,
cell_3450424,0.13584635,-0.8340146999999999,0.53475714,Fibroblast,G2M,
cell_3451020,0.1785773,0.0627531559999999,-0.9819226999999999,Fibroblast,G1,
cell_3453545,-0.30211124,0.52200466,0.7976465,Fibroblast,G1-G0 transition,
cell_3454394,0.34994948,-0.22037329,0.91047835,Fibroblast,G1,
cell_3455183,-0.30979356,-0.76969373,-0.5582111,Fibroblast,G0,
cell_3455534,-0.6261342,-0.7270603,-0.2816721,Fibroblast,G0,
cell_3456370,-0.71580255,0.6972194,-0.038884595,Fibroblast,G0,
cell_3457495,0.71115637,0.42468062,-0.5602705,Fibroblast,S,
cell_3458411,-0.34776026,-0.7141831,-0.6074579999999999,Fibroblast,G0,
cell_3461468,0.84325165,0.49278834,-0.21467665,Fibroblast,S,
cell_3462154,0.85845065,-0.48332527,-0.17163737,Fibroblast,S,
cell_3464881,-0.40065120000000004,0.9022889000000001,0.1592274,Fibroblast,G1-G0 transition,
cell_3466403,0.9650608,0.21772844,-0.1457807,Fibroblast,S,
cell_3467015,0.18331397,-0.17715694,0.9669599,Fibroblast,G1,
cell_3469016,0.7130726,-0.6889926,-0.12967822,Fibroblast,S,
cell_3469630,0.63700485,0.690613,-0.3424596,Fibroblast,S,
cell_3469699,-0.8781761999999999,0.13535862,-0.45878599999999997,Fibroblast,G0,
cell_3470840,-0.16362306,0.16574027,0.9725005999999999,Fibroblast,G1,
cell_3471060,-0.8023437,-0.15192305,-0.5772035,Fibroblast,G0,
cell_3471124,0.41570833,0.83579576,0.3586532,Fibroblast,G1,
cell_3472994,0.11318083,0.7259713000000001,-0.6783478000000001,Fibroblast,G1-G0 transition,
cell_3473492,-0.11808905,-0.28724945,0.95054865,Fibroblast,G1,
cell_3474122,-0.8102369,-0.45430478,-0.3703017,Fibroblast,G0,
cell_3474274,0.17343064,-0.12352761,0.9770684000000001,Fibroblast,G1,
cell_3474849,0.03751032,-0.36400879999999997,0.93063974,Fibroblast,G1,
cell_3475191,0.6550245,-0.6138404000000001,0.44061622,Fibroblast,G2M,
cell_3475952,0.74869066,-0.60597974,-0.26879516,Fibroblast,S,
cell_3476461,0.9177409,-0.3018135,-0.25818682,Fibroblast,S,
cell_3479802,0.7185845999999999,-0.6290794,0.29647124,Fibroblast,G2M,
cell_3480888,-0.7991286999999999,0.5984723000000001,-0.056782585,Fibroblast,G0,
cell_3481107,-0.8561039,0.40535983,-0.32057682,Fibroblast,G0,
cell_3482085,-0.29650688,-0.55729836,-0.7755656,Fibroblast,G0,
cell_3483168,0.50234574,-0.06418306,-0.8622815,Fibroblast,G1,
cell_3483357,-0.061822247000000004,-0.38979128,0.91882575,Fibroblast,G1,
cell_3484285,-0.7882638000000001,-0.3893602000000001,-0.4764858,Fibroblast,G0,
cell_3484990,-0.64712787,0.16030939,-0.7453364,Fibroblast,G0,
cell_3486360,0.98874265,0.092587106,-0.1175383,Fibroblast,S,
cell_3487488,-0.5329762,0.53646815,0.65432274,Fibroblast,G1-G0 transition,
cell_3488836,-0.16818574,-0.07985077,0.98251593,Fibroblast,G1,
cell_3489037,-0.7271428000000001,-0.68216205,-0.07692986,Fibroblast,G0,
cell_3490578,0.62017274,0.02748173,-0.7839837,Fibroblast,S,
cell_3491966,0.109369345,-0.058922753,-0.99225324,Fibroblast,G0,
cell_3492376,0.27594003,0.9020372999999999,0.33194250000000003,Fibroblast,G0,
cell_3493093,0.9788899999999999,-0.121382535,-0.16444069,Fibroblast,S,
cell_3497261,0.55367875,-0.8322849,0.027231152999999998,Fibroblast,G2M,
cell_3497364,-0.5791086999999999,-0.8025448000000001,-0.1433701,Fibroblast,G0,
cell_3499365,-0.95840925,-0.25163979999999997,0.13464424,Fibroblast,G0,
cell_3501288,-0.7881195,0.40582916,-0.46278542,Fibroblast,G0,
cell_3504380,-0.23609103,0.33297738,-0.9129004000000001,Fibroblast,G0,
cell_3504722,-0.5915749,-0.31192705,-0.74346536,Fibroblast,G0,
cell_3509779,-0.48756853,0.36663878,0.79237163,Fibroblast,G1-G0 transition,
cell_3510602,-0.5954123,-0.34986609999999996,-0.72324127,Fibroblast,G0,
cell_3513562,-0.7816371,-0.4068421,-0.47278214,Fibroblast,G0,
cell_3513731,0.5269295,0.38427368,-0.75807595,Fibroblast,G1,
cell_3514676,-0.8910732,-0.3324744,-0.30894816,Fibroblast,G0,
cell_3514913,0.66279846,0.6290641,-0.40617287,Fibroblast,S,
cell_3519256,-0.9855805000000001,0.06585284,-0.15586653,Fibroblast,G0,
cell_3519507,-0.8615521999999999,0.49932346,-0.09167299400000001,Fibroblast,G0,
cell_3519714,0.6524958000000001,-0.62758094,0.42472517,Fibroblast,G2M,
cell_3523332,0.34545016,0.8544314000000001,0.3880864,Fibroblast,S,
cell_3531029,-0.36320972,-0.7295616,-0.5794984999999999,Fibroblast,G0,
cell_3538378,-0.8150166,-0.04365069,-0.5777909999999999,Fibroblast,G0,
cell_3540780,-0.95332426,-0.19802709,-0.22794351,Fibroblast,G0,
cell_3541241,-0.91563016,0.3911257,-0.09296253,Fibroblast,G0,
cell_3541247,0.23098846,0.83463925,0.50002176,Fibroblast,G1,
cell_3541345,-0.9974068000000001,0.0716835,0.006413502,Fibroblast,G0,
cell_3543218,0.09095222,0.5455265,-0.8331438,Fibroblast,G1-G0 transition,
cell_3544001,0.88727313,-0.45203722,-0.09169904,Fibroblast,S,
cell_3549837,-0.31663272,-0.7085146999999999,-0.6306748000000001,Fibroblast,G0,
cell_3551426,0.9467806999999999,0.24736257,-0.20595619999999998,Fibroblast,S,
cell_3553695,0.8840803,-0.33224478,-0.3286571,Fibroblast,S,
cell_3553927,-0.24075171,-0.47668296,-0.84546554,Fibroblast,G0,
cell_3554671,-0.5649326,-0.80925274,-0.1611246,Fibroblast,G0,
cell_3555288,0.50728166,0.26390994,-0.82037604,Fibroblast,G1,
cell_3557046,-0.43004426,-0.42854625,-0.7946131,Fibroblast,G0,
cell_3557068,-0.5146477,0.6126472,-0.5998343,Fibroblast,G0,
cell_3557408,-0.88187516,-0.38505320000000004,-0.27208477,Fibroblast,G0,
cell_3557817,0.5085834,0.6396619,-0.5763468,Fibroblast,G1,
cell_3558440,0.13354824,-0.43370336,0.8911040000000001,Fibroblast,G1,
cell_3558818,-0.48938796,-0.70722336,-0.5102298,Fibroblast,G0,
cell_3562402,-0.14194451,0.95405,-0.26389438,Fibroblast,G1-G0 transition,
cell_3565791,0.09726278,0.16228093,0.9819393,Fibroblast,G1,
cell_3569279,-0.079247996,0.99223614,-0.09584967,Fibroblast,G1-G0 transition,
cell_3569483,-0.003308162,0.3528825,-0.9356617,Fibroblast,G1-G0 transition,
cell_3570768,0.56918615,0.5314035,-0.62740535,Fibroblast,S,
cell_3571380,0.19278979999999998,-0.07212677,0.9785855999999999,Fibroblast,G1,
cell_3572350,0.9746093000000001,-0.21876545,-0.047733698,Fibroblast,S,
cell_3577289,0.8571506,-0.4495287,-0.25142938,Fibroblast,S,
cell_3578702,0.4097603,-0.22183058,0.88480926,Fibroblast,G1,
cell_3578792,0.24183723,-0.29518616,0.92432654,Fibroblast,G1,
cell_3579774,-0.4220365,-0.8068901999999999,-0.41329575,Fibroblast,G0,
cell_3579803,-0.8951636999999999,0.28470734,-0.34296325,Fibroblast,G0,
cell_3581935,0.6247413,-0.7217984000000001,0.29783443,Fibroblast,G2M,
cell_3582351,-0.43852472,-0.88588476,-0.15134133,Fibroblast,G0,
cell_3582810,-0.30666485,-0.7186175,-0.62413573,Fibroblast,G0,
cell_3583014,-0.8708671999999998,0.32414556,0.36948577,Fibroblast,G0,
cell_3585540,-0.23114508,0.23656839999999998,0.9437199000000001,Fibroblast,G1,
cell_3586197,-0.91806865,-0.33979148,0.20418473,Fibroblast,G0,
cell_3586443,-0.6663786,0.703324,0.24753745,Fibroblast,G1-G0 transition,
cell_3587132,-0.57479227,0.81675345,0.050275534000000004,Fibroblast,G0,
cell_3591697,-0.8727016,0.015024793,-0.48802263,Fibroblast,G0,
cell_3592700,0.85499096,-0.5186069000000001,-0.006108195500000001,Fibroblast,S,
cell_3597555,-0.40170553,0.9144886000000001,-0.04840743,Fibroblast,G1-G0 transition,
cell_3598755,0.9935518,0.07082581,0.08853539,Fibroblast,S,
cell_3599080,-0.7047764,0.70882237,-0.029342936,Fibroblast,G1-G0 transition,
cell_3599876,0.47184235,-0.8752693000000001,0.10615273,Fibroblast,G2M,
cell_3600713,-0.95880425,-0.27585974,0.0677911859999999,Fibroblast,G0,
cell_3602570,-0.8583999,0.08654688,-0.5056277,Fibroblast,G1-G0 transition,
cell_3605904,-0.6656383000000001,0.73374206,0.13619122,Fibroblast,G0,
cell_3608364,0.7695417,-0.566918,0.293955,Fibroblast,G2M,
cell_3608381,-0.9715285,-0.09119464,-0.21866849,Fibroblast,G0,
cell_3608440,-0.9439211999999999,-0.061664212,-0.32436149999999997,Fibroblast,G0,
cell_3608579,-0.37455198,0.004025901,0.9271971,Fibroblast,G1,
cell_3608887,-0.7121404,-0.69591045,0.09254621,Fibroblast,G0,
cell_3610725,0.0052951495,-0.1828845,0.9831200999999999,Fibroblast,G1,
cell_3611271,-0.8126835,-0.27765822,-0.51229995,Fibroblast,G0,
cell_3612224,0.9754755999999999,-0.18798833,-0.114489645,Fibroblast,S,
cell_3612558,0.21685025,0.36299694,-0.9062059000000001,Fibroblast,G1,
cell_3612801,-0.71455735,-0.62582374,0.31265408,Fibroblast,G0,
cell_3613909,0.9621333000000001,-0.037488412,-0.26998916,Fibroblast,S,
cell_3614565,0.7311568,-0.6817686,0.024518184,Fibroblast,G2M,
cell_3617116,0.5502878999999999,-0.6777213000000001,0.48772645,Fibroblast,G2M,
cell_3621585,-0.25857508,0.6091289000000001,0.7497339,Fibroblast,G1-G0 transition,
cell_3621752,0.37776417,0.16887584,0.9103709000000001,Fibroblast,G1,
cell_3622077,-0.3638956,0.6271409,0.68867576,Fibroblast,G1-G0 transition,
cell_3624924,0.9666101999999999,0.12000928,-0.22641231,Fibroblast,S,
cell_3625303,-0.5928791999999999,-0.7572793999999999,-0.27390164,Fibroblast,G0,
cell_3626497,0.76436996,0.37677208,-0.5232412000000001,Fibroblast,S,
cell_3628014,0.85353655,-0.47247952,0.21963197,Fibroblast,G2M,
cell_3629813,-0.2691841,-0.8554361999999999,-0.44245765,Fibroblast,G0,
cell_3633410,0.6467739,0.086038165,-0.75781333,Fibroblast,G1,
cell_3634076,-0.72338295,0.65222126,-0.22654904,Fibroblast,G0,
cell_3634381,-0.98959607,-0.110183194,0.092516184,Fibroblast,G0,
cell_3634691,0.8474915000000001,-0.35667098,-0.39312065,Fibroblast,S,
cell_3635930,0.9365434000000001,-0.29019266,-0.19665837,Fibroblast,S,
cell_3636560,0.9752912,0.16362588,-0.14843713,Fibroblast,S,
cell_3637710,-0.6119755,-0.7716018,0.17354093,Fibroblast,G0,
cell_3637966,0.9087626,-0.40126997,-0.11459867,Fibroblast,S,
cell_3638304,0.2516443,0.7846366,0.56658673,Fibroblast,G1,
cell_3639970,0.57284486,0.6918789000000001,0.43949097,Fibroblast,S,
cell_3641302,-0.9700546999999998,-0.23723914,-0.052072442999999996,Fibroblast,G0,
cell_3641638,0.20054126,0.9516033000000002,0.2328834,Fibroblast,G1,
cell_3643051,0.76056206,-0.4295752000000001,0.48683706,Fibroblast,G2M,
cell_3643748,0.25348517,0.8897752,0.37953309999999996,Fibroblast,S,
cell_3645399,0.9987638000000001,0.018191976000000002,-0.04626083,Fibroblast,S,
cell_3645401,0.3015386,0.9010072,0.3118661,Fibroblast,S,
cell_3646843,-0.40374622,-0.7531227,-0.51941824,Fibroblast,G0,
cell_3650034,0.5224719,-0.5184369000000001,0.67693895,Fibroblast,G2M,
cell_3651425,0.9351859,-0.028952158999999998,-0.35297212,Fibroblast,S,
cell_3654165,-0.79326713,0.60859436,0.018440932,Fibroblast,G0,
cell_3656588,0.27111298,0.04402543,-0.96154016,Fibroblast,G1,
cell_3656806,-0.90367997,-0.11175029,0.41336977,Fibroblast,G0,
cell_3657931,0.2801884,0.75062335,0.5983805,Fibroblast,G1,
cell_3659491,-0.36803928,-0.75103474,-0.5481732,Fibroblast,G0,
cell_3663469,0.6607651999999999,0.75054044,-0.008847015,Fibroblast,S,
cell_3664646,0.70025665,0.31422657,-0.64101666,Fibroblast,G1,
cell_3664785,0.47884336,-0.67030185,0.5669254,Fibroblast,G2M,
cell_3666167,-0.7307606,0.64055926,0.23595095,Fibroblast,G1-G0 transition,
cell_3667761,-0.8818196,0.35086653,-0.31509858,Fibroblast,G0,
cell_3671253,0.12956958,0.9073511999999999,-0.3999072,Fibroblast,G1,
cell_3672124,-0.6342797,-0.40285587,-0.65984577,Fibroblast,G0,
cell_3672881,0.36786306,0.7477745,0.5527297,Fibroblast,G1,
cell_3674545,-0.6020828,-0.5591901,-0.5699147,Fibroblast,G0,
cell_3674645,-0.73981977,0.6630606,-0.114093736,Fibroblast,G0,
cell_3675188,-0.88497853,0.3985214,-0.24081898,Fibroblast,G0,
cell_3675664,0.44838324,0.82916194,-0.33383074,Fibroblast,S,
cell_3676061,-0.9843514999999999,0.17617966,0.0035813588,Fibroblast,G0,
cell_3677435,0.15584472,0.105299644,0.98215294,Fibroblast,G1,
cell_3679380,0.44929487,-0.85953206,0.24359527,Fibroblast,G2M,
cell_3683042,-0.62195593,0.7810045,-0.05659262,Fibroblast,G0,
cell_3683347,0.25786364,0.24705824,0.9340601999999999,Fibroblast,G1,
cell_3686590,0.0781785,0.6126833,0.78645223,Fibroblast,G1,
cell_3690517,-0.705268,-0.7047751,0.07673915,Fibroblast,G0,
cell_3691367,0.03268159,0.7334856,-0.6789189,Fibroblast,G1,
cell_3692836,0.23606908,0.44930345,0.86162513,Fibroblast,G1,
cell_3694320,0.3192991,0.49312273,0.8092454000000001,Fibroblast,S,
cell_3695828,-0.50190467,-0.81415975,-0.29195136,Fibroblast,G0,
cell_3702769,0.57729745,-0.7721175,0.2656352,Fibroblast,G2M,
cell_3703805,0.48584986,-0.6792176,0.55010295,Fibroblast,G2M,
cell_3703951,-0.6376369000000001,0.6015075,0.48125657,Fibroblast,G1-G0 transition,
cell_3707585,0.95829684,-0.12103399999999999,-0.25887817,Fibroblast,S,
cell_3709355,0.51258177,0.8326314,0.20972559999999998,Fibroblast,S,
cell_3709725,0.8715841000000001,-0.39031017,0.29664624,Fibroblast,G2M,
cell_3710111,0.43841824,0.89856553,-0.019216511000000002,Fibroblast,G1,
cell_3710834,-0.35336542,0.21897143,0.9094968000000001,Fibroblast,G1-G0 transition,
cell_3713812,0.6840375,0.48234648,-0.54720616,Fibroblast,S,
cell_3717058,0.722068,0.041632824,-0.69056827,Fibroblast,G1,
cell_3717295,-0.22601858,0.9679815999999999,-0.10921202599999999,Fibroblast,G0,
cell_3718727,0.27996355,0.71849185,-0.63670224,Fibroblast,G1,
cell_3719607,0.5600276,-0.76801586,0.31067786,Fibroblast,G2M,
cell_3719676,-0.31871942,-0.6520609,-0.68792033,Fibroblast,G0,
cell_3720222,-0.6929816,-0.18308137,-0.6973218000000001,Fibroblast,G0,
cell_3722054,-0.14598286,0.04364622,0.98832387,Fibroblast,G1,
cell_3722667,0.15431882,-0.7779781,0.6090448,Fibroblast,G2M,
cell_3725079,-0.94018763,-0.27852833,-0.19613570000000002,Fibroblast,G0,
cell_3725758,0.73689663,-0.49697070000000004,-0.45826125,Fibroblast,S,
cell_3726393,-0.55145425,0.82729286,0.10716696,Fibroblast,G1-G0 transition,
cell_3728573,0.17366497,-0.42311135,0.889279,Fibroblast,G1,
cell_3728857,-0.93717086,0.03198272,-0.34740138,Fibroblast,G0,
cell_3731944,-0.48265827,-0.5329451,-0.6949896,Fibroblast,G0,
cell_3732137,0.30967876,0.7214543999999999,-0.61935663,Fibroblast,G1,
cell_3738379,0.90291417,-0.42975473,-0.007540891,Fibroblast,S,
cell_3740466,-0.009738474,0.9951108,-0.098282725,Fibroblast,G1,
cell_3741434,-0.7363751999999999,-0.40996462,-0.53821987,Fibroblast,G0,
cell_3741722,0.009861901,0.9886254999999999,-0.15007472,Fibroblast,G1-G0 transition,
cell_3741780,-0.00529109,-0.51934564,0.8545478999999999,Fibroblast,G1,
cell_3741783,0.7057289000000001,0.6899798,0.16085622,Fibroblast,S,
cell_3742370,0.80731636,-0.5892895,0.031274498,Fibroblast,G2M,
cell_3744112,-0.79043,0.019728856,-0.6122346,Fibroblast,G0,
cell_3747933,0.44241238,0.6550256999999999,-0.61254585,Fibroblast,S,
cell_3749637,-0.5812438,-0.26529118,-0.7692699000000001,Fibroblast,G0,
cell_3752274,0.26314770000000004,0.16691655,-0.95020634,Fibroblast,G1,
cell_3752782,-0.9847017,0.17326419,0.018499323999999998,Fibroblast,G0,
cell_3753300,-0.5992491,0.7518135,0.27509475,Fibroblast,G0,
cell_3758134,-0.28326508,0.48638666,0.8265524,Fibroblast,G1-G0 transition,
cell_3761963,-0.06217176,-0.2445026,-0.96765345,Fibroblast,G0,
cell_3762583,-0.7325443,-0.283695,-0.61878586,Fibroblast,G0,
cell_3763149,0.9846019,-0.15724513,0.07637421,Fibroblast,S,
cell_3766287,0.9491142,-0.11665956,-0.29252812,Fibroblast,S,
cell_3768606,-0.6061078000000001,0.52986485,0.5931919,Fibroblast,G1-G0 transition,
cell_3769524,0.0826070159999999,-0.37073967,0.92505574,Fibroblast,G1,
cell_3769566,-0.972706,-0.1543408999999999,0.17326859,Fibroblast,G0,
cell_3775408,-0.6588392,0.6775875,-0.32681218,Fibroblast,G0,
cell_3776075,-0.20909932,0.90927577,0.35985398,Fibroblast,G1-G0 transition,
cell_3778417,-0.8003184,-0.07339583,-0.5950658000000001,Fibroblast,G0,
cell_3778733,0.8582936,-0.30652118,0.41155428,Fibroblast,G2M,
cell_3779162,0.12209181,0.7848265,0.6075696999999999,Fibroblast,G1,
cell_3784038,0.70916814,0.69385093,0.12510617,Fibroblast,S,
cell_3784774,-0.31806856,0.8786855,-0.3560114,Fibroblast,G1-G0 transition,
cell_3785470,0.15774485,0.7397878000000001,-0.65408766,Fibroblast,G1,
cell_3786291,-0.3428651,0.23483813,0.9095573,Fibroblast,G1-G0 transition,
cell_3786701,-0.91564244,0.008523293000000001,-0.4019032,Fibroblast,G0,
cell_3788713,-0.9122087,0.40507543,-0.061556335999999996,Fibroblast,G1-G0 transition,
cell_3791050,-0.78542,0.59264064,-0.17858468,Fibroblast,G0,
cell_3791297,-0.67700243,-0.68371105,-0.27240949999999997,Fibroblast,G0,
cell_3797131,-0.18701947,0.84992665,0.49259365,Fibroblast,G1-G0 transition,
cell_3799319,0.6599600999999999,0.7503569999999999,-0.03764554,Fibroblast,S,
cell_3802192,-0.4463488000000001,-0.38153657,-0.8094458000000001,Fibroblast,G0,
cell_3803355,0.037798945,-0.09026381,0.9952003,Fibroblast,G1,
cell_3804062,0.16044287,0.22076106,0.9620409,Fibroblast,G1,
cell_3805309,0.6395104,0.40600544,-0.6528292,Fibroblast,S,
cell_3807602,0.59874517,-0.6189739000000001,0.5083065999999999,Fibroblast,G2M,
cell_3809021,0.516041,-0.72496164,0.45621526,Fibroblast,G2M,
cell_3809092,-0.6607232,-0.46242583,-0.59127593,Fibroblast,G0,
cell_3812706,-0.5665345,0.4202821,0.7088029,Fibroblast,G1-G0 transition,
cell_3813637,-0.60908186,0.65850013,0.4420372,Fibroblast,G1-G0 transition,
cell_3815027,0.28314131,0.94388276,-0.17004783,Fibroblast,S,
cell_3815943,0.9928495999999999,0.11853757,-0.014087148,Fibroblast,S,
cell_3816278,-0.28430617,0.29749718,0.9114085,Fibroblast,G1,
cell_3816741,0.5237529000000001,-0.7011225999999999,0.48384920000000003,Fibroblast,G2M,
cell_3816919,-0.5007661,0.7138220000000001,0.48958296,Fibroblast,G0,
cell_3818725,0.52623415,0.14144015,-0.8384940000000001,Fibroblast,S,
cell_3819442,-0.5511203,-0.7384552,-0.3885232,Fibroblast,G0,
cell_3819641,0.40788215,0.8683806999999999,0.28204107,Fibroblast,S,
cell_3820744,-0.6861225999999999,-0.24215132,-0.68600184,Fibroblast,G0,
cell_3822458,0.06301148,0.8867356,0.4579622999999999,Fibroblast,G1,
cell_3822886,-0.63747907,-0.038643096,-0.7694979000000001,Fibroblast,G0,
cell_3825555,-0.6092231,-0.7901229999999999,0.06747355,Fibroblast,G0,
cell_3826789,0.7114943,0.6123246,-0.34472364,Fibroblast,S,
cell_3830948,-0.46739915,0.47027925,0.7485822,Fibroblast,G1-G0 transition,
cell_3834776,0.11850411,0.767821,0.6296090999999999,Fibroblast,G1,
cell_3836096,0.22332072,0.8679361999999999,0.44363794,Fibroblast,G1,
cell_3836878,0.86146367,0.5047189999999999,-0.056028727,Fibroblast,S,
cell_3836884,0.8222434000000001,-0.5102283,-0.25215572,Fibroblast,S,
cell_3837863,-0.061613824000000005,0.5310385999999999,0.8451046,Fibroblast,G1,
cell_3841783,0.504107,0.121032424,-0.8551181999999999,Fibroblast,G1,
cell_3842047,0.9755794,-0.18049942,0.12515904,Fibroblast,S,
cell_3844824,0.78536344,-0.51546943,-0.34277603,Fibroblast,S,
cell_3847494,0.068450995,0.9643985999999999,0.25544,Fibroblast,G1,
cell_3848113,0.17603181,0.28877425,-0.941075,Fibroblast,G1-G0 transition,
cell_3852140,-0.86373264,0.50377756,0.01318976,Fibroblast,G1-G0 transition,
cell_3853634,-0.04711285,-0.28522748,0.9573011999999999,Fibroblast,G1,
cell_3855645,-0.42454273,-0.38300714,-0.8204078000000001,Fibroblast,G0,
cell_3856726,-0.91243726,-0.23142777,-0.3374897,Fibroblast,G0,
cell_3860249,-0.8733224,-0.09262695,-0.47825527,Fibroblast,G0,
cell_3860440,-0.49882380000000004,-0.3587112,-0.78898734,Fibroblast,G0,
cell_3860726,0.8592101999999999,-0.41168147,-0.30376998,Fibroblast,S,
cell_3861268,0.4924039000000001,-0.67202497,0.5531010999999999,Fibroblast,G2M,
cell_3862263,-0.98950183,0.04478419,-0.137406,Fibroblast,G0,
cell_3863542,-0.79327726,0.51731265,0.32108983,Fibroblast,G0,
cell_3864847,0.7460453,0.32596149999999996,-0.58065957,Fibroblast,S,
cell_3866991,0.31165403,0.8702706,0.38144535,Fibroblast,G1,
cell_3869543,-0.7748805000000001,-0.6299776,0.05185136,Fibroblast,G0,
cell_3871995,-0.39639175,0.36918923,-0.84057885,Fibroblast,G0,
cell_3872184,-0.61926824,0.7137568,-0.3271972,Fibroblast,G0,
cell_3873821,0.70235974,-0.61702996,0.35491535,Fibroblast,G2M,
cell_3876691,-0.88433605,-0.42232359999999997,0.19897902,Fibroblast,G0,
cell_3878073,0.87870157,0.43180227,-0.20354448,Fibroblast,S,
cell_3880266,0.31353578,-0.8197049999999999,0.47935249999999996,Fibroblast,G2M,
cell_3882978,0.38310128,0.91045785,0.15588470000000001,Fibroblast,G1,
cell_3883132,-0.08486998,0.59148395,-0.80183774,Fibroblast,G1,
cell_3883633,0.33217759999999996,-0.72265023,0.60616386,Fibroblast,G2M,
cell_3885499,-0.29404905,0.9127234000000001,-0.28367397,Fibroblast,G0,
cell_3885902,0.19469596,-0.19139391,0.9620091999999999,Fibroblast,G1,
cell_3885990,0.05057814,0.17935416,0.9824835,Fibroblast,G1,
cell_3887160,0.27844656,0.6971593,0.6606334,Fibroblast,G1,
cell_3891266,0.26006925,0.80740356,0.52958786,Fibroblast,S,
cell_3891575,0.43393868,-0.65741473,0.6160382,Fibroblast,G2M,
cell_3891852,0.5791970999999999,-0.62542635,0.52285045,Fibroblast,G2M,
cell_3895236,0.68647224,0.025321806000000002,-0.72671497,Fibroblast,S,
cell_3895582,-0.5873764,-0.72695535,-0.3557032,Fibroblast,G0,
cell_3896157,-0.6507438,0.48458326,-0.584561,Fibroblast,G0,
cell_3896389,0.77370495,-0.6334042,0.013410746000000001,Fibroblast,G2M,
cell_3899051,0.49604952,-0.7121227,0.4968061,Fibroblast,G2M,
cell_3901132,-0.7742379,-0.6291728,-0.06853678,Fibroblast,G0,
cell_3903426,0.028009132000000003,0.38743320000000003,-0.9214722,Fibroblast,G1-G0 transition,
cell_3904442,-0.66385686,0.6373612,-0.39123482,Fibroblast,G0,
cell_3904582,-0.96022004,-0.17637536,-0.21649297,Fibroblast,G0,
cell_3905139,-0.5459675,-0.35136715,-0.7605658000000001,Fibroblast,G0,
cell_3906163,0.11819372,-0.5676926,0.81471187,Fibroblast,G2M,
cell_3906196,-0.8848549000000001,-0.45228450000000003,-0.11167141,Fibroblast,G0,
cell_3906938,0.47258675,-0.80772924,0.35247025,Fibroblast,G2M,
cell_3908581,0.678488,-0.6452276,0.35119167,Fibroblast,G2M,
cell_3909153,-0.30532005,-0.8114069,-0.49839586,Fibroblast,G0,
cell_3909761,-0.640463,-0.63762957,-0.42806032,Fibroblast,G0,
cell_3911474,-0.7170107,-0.34280577,-0.606943,Fibroblast,G0,
cell_3911802,0.5984151,0.025039751000000002,-0.80079484,Fibroblast,S,
cell_3914532,-0.22915003,0.9041435,-0.3605758,Fibroblast,G1-G0 transition,
cell_3922211,-0.99376243,0.11019247,0.01714258,Fibroblast,G0,
cell_3923653,-0.4643175,-0.6098564999999999,-0.64224935,Fibroblast,G0,
cell_3924524,-0.7624721999999999,-0.54941565,-0.34172870000000005,Fibroblast,G0,
cell_3927770,0.8542046999999998,-0.4822632000000001,-0.19431011,Fibroblast,S,
cell_3928329,0.87299466,0.39830738,-0.28148073,Fibroblast,S,
cell_3931038,0.29936168,0.8650084000000001,0.40266988,Fibroblast,G1,
cell_3931629,-0.8791459999999999,0.34752154,-0.32608455,Fibroblast,G0,
cell_3932990,0.9387325999999999,-0.2898673,0.18643448,Fibroblast,S,
cell_3934268,-0.83781266,-0.45928183,-0.29517806,Fibroblast,G0,
cell_3936320,0.6761180999999999,-0.48386827,0.5556401,Fibroblast,G2M,
cell_3940105,-0.9982431,0.049095045999999996,-0.03317253,Fibroblast,G0,
cell_3940773,0.5696446,0.59710115,-0.564779,Fibroblast,S,
cell_3945035,-0.45099872,-0.8259576,-0.33822173,Fibroblast,G0,
cell_3945193,0.011693015,-0.049888145,0.99868643,Fibroblast,G1,
cell_3945646,-0.7211258,0.6513224,0.2361288,Fibroblast,G0,
cell_3946797,0.7946181999999999,-0.59950966,-0.095761076,Fibroblast,S,
cell_3947401,-0.89514655,-0.27681047,-0.34941188,Fibroblast,G0,
cell_3947495,-0.9188459999999999,0.24719936,0.30759463,Fibroblast,G0,
cell_3950652,0.32158864,0.77107096,0.549573,Fibroblast,G1,
cell_3955966,-0.41607732,0.10918436,0.90275043,Fibroblast,G1,
cell_3956013,0.9792038000000001,-0.20107044,-0.027027167,Fibroblast,S,
cell_3956299,0.88479733,-0.41000974,-0.22141737,Fibroblast,S,
cell_3956438,-0.7542376000000001,-0.16905892,0.63446414,Fibroblast,G0,
cell_3959546,0.9480306999999999,-0.29674524,-0.11480351,Fibroblast,S,
cell_3962881,0.35566345,0.42312616,0.8333473,Fibroblast,G1,
cell_3963201,-0.5695511999999999,0.6085765000000001,0.5524906999999999,Fibroblast,G0,
cell_3966391,0.70432967,0.12212751,-0.6992887,Fibroblast,S,
cell_3968516,0.122495525,0.27695987,0.95304143,Fibroblast,G1,
cell_3968777,0.38563883,-0.054488800000000004,0.9210395,Fibroblast,G1,
cell_3969610,-0.5550263000000001,-0.49629894,-0.66755766,Fibroblast,G0,
cell_3970323,-0.4525754,-0.48598132,-0.7476614,Fibroblast,G0,
cell_3970333,0.06196168,-0.091237955,0.9938995999999999,Fibroblast,G1,
cell_3971175,-0.3709477000000001,0.4086805,0.8338931999999999,Fibroblast,G1-G0 transition,
cell_3973776,0.41927236,0.75201756,0.5086062,Fibroblast,S,
cell_3978381,-0.5951602,0.66427296,0.45224527,Fibroblast,G1-G0 transition,
cell_3978702,0.43626034,0.89547044,-0.08837178,Fibroblast,S,
cell_3979719,-0.5061692,0.3887929,0.7698265000000001,Fibroblast,G1-G0 transition,
cell_3980349,0.36863422,0.75510436,0.5421494000000001,Fibroblast,G1,
cell_3980541,0.58830935,-0.76308215,0.2675778,Fibroblast,G2M,
cell_3981685,-0.9001127,-0.39032304,0.19350715,Fibroblast,G0,
cell_3981916,0.5895369,0.7812760999999999,-0.20507081,Fibroblast,G1,
cell_3982480,-0.04863555,0.9919749,0.11670752599999999,Fibroblast,G1,
cell_3984929,0.98724985,0.05742232,-0.14845967,Fibroblast,S,
cell_3990381,-0.7356703,-0.6078544,-0.29883495,Fibroblast,G0,
cell_3991605,0.85766673,-0.39762509999999995,-0.32603990000000005,Fibroblast,S,
cell_3993268,0.88863945,0.27308285,-0.3684366,Fibroblast,S,
cell_3993981,-0.4341273,-0.72411233,-0.53590554,Fibroblast,G0,
cell_3994440,-0.62139183,0.78332686,-0.01646549,Fibroblast,G0,
cell_3995301,0.16283815,0.17859967,0.9703535,Fibroblast,G1,
cell_3996559,0.81216425,-0.57395,-0.10474069400000001,Fibroblast,S,
cell_3997542,-0.7085536,0.6681775,-0.22691517,Fibroblast,G0,
cell_4001293,-0.10826362,0.8074158,-0.5799644,Fibroblast,G1-G0 transition,
cell_4004021,-0.8713912,-0.22814855,-0.43431047,Fibroblast,G0,
cell_4007221,-0.52859944,-0.46242609999999995,-0.7118601,Fibroblast,G0,
cell_4007821,-0.89306736,-0.44367915,0.074697725,Fibroblast,G0,
cell_4009677,0.99960214,-0.020907784,-0.018930504,Fibroblast,S,
cell_4009934,-0.36731118,0.8024908000000001,-0.47020322,Fibroblast,G0,
cell_4010109,-0.44728583,-0.7730832,-0.44975284,Fibroblast,G0,
cell_4010155,0.90011954,0.41484872,-0.13298646,Fibroblast,S,
cell_4015149,0.52391005,-0.8293556999999999,0.19413221,Fibroblast,G2M,
cell_4017365,0.71634436,0.6721864000000001,-0.18712601,Fibroblast,G1,
cell_4018963,-0.622598,-0.7682975000000001,-0.14862975,Fibroblast,G0,
cell_4018984,-0.9425389999999999,-0.32543874,0.07556381,Fibroblast,G0,
cell_4021180,-0.13639145,0.53041214,-0.8366960999999999,Fibroblast,G1-G0 transition,
cell_4024701,-0.40670753,-0.5554574000000001,-0.7252972,Fibroblast,G0,
cell_4024903,0.3206448,-0.78903264,0.5240366,Fibroblast,G2M,
cell_4025247,0.6048011999999999,0.44075736,-0.6632861999999999,Fibroblast,G1,
cell_4025868,-0.7662509,0.2540139,-0.59020025,Fibroblast,G0,
cell_4026113,-0.7857344,-0.5012575,-0.3624393,Fibroblast,G0,
cell_4027195,0.3554869,0.80728483,0.47108394,Fibroblast,G1,
cell_4028456,0.71411747,-0.43697929999999996,-0.5468868,Fibroblast,S,
cell_4031670,0.67377645,-0.02516627,-0.73850644,Fibroblast,S,
cell_4032249,0.45472038,0.8067233,0.37739497,Fibroblast,G1,
cell_4032673,0.73365504,-0.07185812,-0.675712,Fibroblast,S,
cell_4032820,-0.0143973855,0.051357973,0.9985765999999999,Fibroblast,G1,
cell_4033482,0.7552587,-0.44005603,-0.48573154,Fibroblast,S,
cell_4035009,-0.8078125,0.58435994,0.07721637,Fibroblast,G1-G0 transition,
cell_4035492,0.17706597,0.098817155,0.97922564,Fibroblast,G1,
cell_4036004,0.41624859999999997,0.9087868,-0.029045977,Fibroblast,G1,
cell_4037603,0.81001514,-0.58342725,-0.05905927,Fibroblast,G2M,
cell_4038384,-0.02036589,0.7894934,-0.61342114,Fibroblast,G1-G0 transition,
cell_4038710,0.7724991999999999,0.55954725,-0.30025297,Fibroblast,S,
cell_4042229,0.47600386,0.56589234,-0.67319125,Fibroblast,G1,
cell_4044861,-0.7706629,0.02951646,-0.63655895,Fibroblast,G0,
cell_4045966,-0.9702214,-0.021453321,-0.24126752,Fibroblast,G0,
cell_4050303,0.253713,0.6172245,0.74475735,Fibroblast,G1,
cell_4051596,-0.8199349,0.33999464,-0.46055457,Fibroblast,G0,
cell_4051971,-0.6912963000000001,0.26991153,-0.67026657,Fibroblast,G0,
cell_4053078,0.7889986,-0.24555752,-0.5631898,Fibroblast,S,
cell_4053891,-0.07714102,0.5827324,-0.8089946,Fibroblast,G1-G0 transition,
cell_4054080,0.41080344,0.5019977,0.76107734,Fibroblast,S,
cell_4056002,-0.7874359999999999,0.6163029000000001,0.010738391000000002,Fibroblast,G0,
cell_4056752,0.3335489,-0.7505645000000001,0.5704366999999999,Fibroblast,G2M,
cell_4065535,-0.2551215,-0.9557711,-0.14633770000000001,Fibroblast,G0,
cell_4065579,0.22554868,0.28177455,0.9325935,Fibroblast,G1,
cell_4067394,-0.75854284,0.43350574,0.48650327,Fibroblast,G1-G0 transition,
cell_4069337,0.14051306,0.7288029,0.670151,Fibroblast,G1,
cell_4070917,0.57817936,0.45992312,-0.6739283,Fibroblast,G1,
cell_4072345,-0.9550909,-0.29232737,-0.048437797000000005,Fibroblast,G0,
cell_4074756,0.012808753999999999,-0.62680763,-0.77906865,Fibroblast,G0,
cell_4075158,0.8392714,-0.48622698,-0.24332426,Fibroblast,S,
cell_4075552,0.5863354000000001,0.771085,-0.24827115,Fibroblast,S,
cell_4075641,-0.5610476,-0.5925613000000001,-0.5780109,Fibroblast,G0,
cell_4079125,-0.3617164000000001,-0.40257529999999997,-0.84088904,Fibroblast,G0,
cell_4083762,-0.9964821,-0.019083016,0.08160593,Fibroblast,G0,
cell_4084669,-0.49063087,-0.40218088,-0.7730019,Fibroblast,G0,
cell_4084765,-0.14308113,0.8588596,0.49182108,Fibroblast,G1,
cell_4085201,-0.7876692,0.59194845,-0.17080419,Fibroblast,G0,
cell_4087467,-0.69527304,0.0074032843,-0.71870774,Fibroblast,G0,
cell_4087720,0.15713285,0.9835940999999999,-0.08861033,Fibroblast,G1,
cell_4094386,0.8133218000000001,-0.46535233,-0.34922022,Fibroblast,S,
cell_4095122,-0.7388538,-0.4299954000000001,-0.51884395,Fibroblast,G0,
cell_4095324,0.7347971,-0.6532116,0.18272316,Fibroblast,G2M,
cell_4095843,0.9591209,-0.05745736,0.2771022,Fibroblast,G2M,
cell_4099919,-0.081781566,0.6712281,-0.7367256,Fibroblast,G1,
cell_4100155,-0.48178753,-0.7404473000000001,-0.46863505,Fibroblast,G0,
cell_4100265,-0.83993405,-0.5165810000000001,-0.16629703,Fibroblast,G0,
cell_4100949,-0.687711,0.6978962,-0.19998616,Fibroblast,G0,
cell_4105332,-0.9795207,-0.18452320000000003,0.08056373,Fibroblast,G0,
cell_4105504,0.39801168,-0.8729008,0.28218895,Fibroblast,G2M,
cell_4106548,-0.33225173,-0.9304654,-0.15441148,Fibroblast,G0,
cell_4109880,-0.988226,-0.034905054,0.14896576,Fibroblast,G0,
cell_4113036,-0.7245891,0.48983377,-0.48480257,Fibroblast,G0,
cell_4115503,0.5045734000000001,-0.15404303,-0.8495153,Fibroblast,S,
cell_4119343,0.16803128,0.78528506,-0.5958967,Fibroblast,G1,
cell_4122578,-0.5573779000000001,0.10214331,-0.8239519000000001,Fibroblast,G0,
cell_4122621,-0.5393243000000001,-0.79033947,-0.2906765,Fibroblast,G0,
cell_4125173,-0.9085475000000001,-0.40882787,0.086028874,Fibroblast,G0,
cell_4129483,0.15761894,-0.18481325,0.9700517,Fibroblast,G1,
cell_4130434,-0.82551897,0.24041905,-0.51060474,Fibroblast,G0,
cell_4131897,-0.48902056,0.77498126,-0.4003285,Fibroblast,G0,
cell_4132611,0.7930056,-0.36171833,-0.4902059,Fibroblast,S,
cell_4133633,-0.71234655,-0.31055403,-0.6293793000000001,Fibroblast,G0,
cell_4134779,-0.8604248999999999,0.36808709999999994,-0.35239282,Fibroblast,G0,
cell_4135042,-0.38201305,-0.2042806,-0.90129644,Fibroblast,G0,
cell_4135580,-0.020982703,-0.0025463411999999998,0.9997765,Fibroblast,G1,
cell_4137348,0.9672636,-0.12339344599999999,-0.22175466,Fibroblast,G2M,
cell_4137449,0.7106536999999999,-0.5165193,-0.477681,Fibroblast,S,
cell_4138701,-0.57583874,-0.42099613,-0.7008366,Fibroblast,G0,
cell_4140767,-0.69554436,-0.012513149,-0.71837425,Fibroblast,G0,
cell_4141537,-0.22662997,-0.7331013000000001,-0.6412498000000001,Fibroblast,G0,
cell_4142350,0.85427976,-0.34454417,0.38922423,Fibroblast,S,
cell_4142886,0.25894183,-0.43584785,0.8619662,Fibroblast,G2M,
cell_4146587,0.4262682,0.62484664,0.6541117,Fibroblast,S,
cell_4151288,0.65303063,-0.75028104,0.10309906,Fibroblast,G2M,
cell_4151648,0.17363268,0.39617762,-0.9016069,Fibroblast,S,
cell_4153319,-0.6639411999999999,-0.71676314,-0.2131491,Fibroblast,G0,
cell_4153610,-0.340146,0.9103535,0.23570572,Fibroblast,G1,
cell_4155336,0.4225632,-0.7286648,0.5389693,Fibroblast,G2M,
cell_4155619,-0.8012989,-0.58503586,0.12511194,Fibroblast,G0,
cell_4155687,0.65174323,-0.7386164000000001,-0.17226863,Fibroblast,S,
cell_4155948,0.6258642,-0.7739498,-0.096414044,Fibroblast,S,
cell_4157374,0.75291103,-0.5364575,-0.38123270000000004,Fibroblast,S,
cell_4157673,-0.5941847,-0.55017436,-0.5867306,Fibroblast,G0,
cell_4159794,0.8260663,-0.54804826,0.13136804,Fibroblast,G2M,
cell_4161463,0.6423989,-0.7661274,-0.01929914,Fibroblast,G2M,
cell_4163594,0.7862888000000001,0.53143126,-0.31516767,Fibroblast,S,
cell_4163716,0.390048,0.6485715,-0.65361893,Fibroblast,G1,
cell_4164372,0.017754514,0.89028305,0.45506138,Fibroblast,G1-G0 transition,
cell_4166440,-0.00830047,0.10256006599999999,0.9946921999999999,Fibroblast,G1,
cell_4166970,-0.75443417,-0.016653165,-0.65616447,Fibroblast,G0,
cell_4166987,0.538563,0.3453381,0.7685645999999999,Fibroblast,S,
cell_4167287,-0.8058135000000001,-0.40350816,-0.43341172,Fibroblast,G0,
cell_4170319,0.6374709,-0.45164406,0.62421834,Fibroblast,G2M,
cell_4171190,0.09841370599999999,-0.12291806,-0.9875251,Fibroblast,G0,
cell_4174524,0.36996890000000004,0.54703784,0.7509146,Fibroblast,G1,
cell_4175179,-0.9787866,-0.18657662,-0.08465225,Fibroblast,G0,
cell_4175707,-0.7427471999999999,0.3907622,-0.54372007,Fibroblast,G0,
cell_4177034,-0.5906958000000001,0.80654633,0.023694193,Fibroblast,G0,
cell_4177103,0.24117188,0.07920909,0.9672445,Fibroblast,G1,
cell_4179486,0.8919338,0.42980298,-0.14044026,Fibroblast,S,
cell_4179609,-0.7858930000000001,-0.49527209999999994,-0.37024018,Fibroblast,G0,
cell_4180329,0.7245710999999999,-0.4852777,0.48938978,Fibroblast,G2M,
cell_4180829,-0.9535450000000001,0.12105728,-0.27585685,Fibroblast,G1-G0 transition,
cell_4181954,-0.6278931,-0.67654926,-0.38474834,Fibroblast,G0,
cell_4182201,-0.8553241,0.47273484,-0.21199623,Fibroblast,G0,
cell_4182381,-0.7920106,-0.43759447,-0.42571154,Fibroblast,G0,
cell_4184012,0.47447544,-0.7126210999999999,0.51676315,Fibroblast,G2M,
cell_4184436,0.78823394,-0.5417805,0.2918237,Fibroblast,G2M,
cell_4186133,0.08742779,0.09698021,0.9914389000000001,Fibroblast,G1,
cell_4186377,-0.20269208,0.9553676999999999,-0.21491536,Fibroblast,G1-G0 transition,
cell_4186670,-0.9095025,0.18329778,-0.37310466,Fibroblast,G0,
cell_4189475,0.9354747999999999,0.2727699,-0.22468527,Fibroblast,S,
cell_4189749,0.3201364,-0.6483428000000001,0.69077075,Fibroblast,G2M,
cell_4190708,-0.5511744000000001,0.8343777,0.0045543103,Fibroblast,G0,
cell_4191927,-0.3467496,0.15579583,0.92492837,Fibroblast,G1,
cell_4192851,0.9095886000000001,-0.32434240000000003,0.25971246,Fibroblast,S,
cell_4194359,-0.9198082000000001,-0.39174378,0.022125778999999998,Fibroblast,G0,
cell_4194870,0.08434402,-0.06124833,0.99455255,Fibroblast,G1,
cell_4195179,-0.78485394,0.51254153,-0.34828952,Fibroblast,G0,
cell_4196184,-0.29042265,-0.8479877,-0.44336382,Fibroblast,G0,
cell_4196278,-0.9268194,-0.33289298,-0.17374752,Fibroblast,G0,
cell_4198343,0.8115768,-0.5070968,-0.29016554,Fibroblast,S,
cell_4198555,-0.7660547,0.6424552,0.020290565,Fibroblast,G0,
cell_4199122,-0.92540216,0.15005247,0.34801587,Fibroblast,G0,
cell_4201204,-0.03795511,0.8515668,0.5228704000000001,Fibroblast,G1,
cell_4202399,-0.9239341999999999,0.12763855,-0.36062998,Fibroblast,G0,
cell_4202450,-0.8943338,-0.39215025,-0.21537256,Fibroblast,G0,
cell_4202559,-0.567134,0.80943257,-0.1522429,Fibroblast,G1-G0 transition,
cell_4202872,0.64816266,-0.7556734,0.094037056,Fibroblast,G2M,
cell_4203138,-0.77757007,0.57613486,0.25189945,Fibroblast,G0,
cell_4206712,-0.6083246,0.049713444,-0.79212993,Fibroblast,G0,
cell_4207055,0.031872116,0.99667746,-0.074954845,Fibroblast,G1,
cell_4207311,0.3407365,-0.035220657,-0.9394986999999999,Fibroblast,G1,
cell_4208132,-0.9718206,0.18295732,-0.14863126,Fibroblast,G0,
cell_4218380,-0.15989362,0.7920748000000001,-0.5891109,Fibroblast,G1-G0 transition,
cell_4220659,0.6850185000000001,-0.089040756,-0.7230639,Fibroblast,S,
cell_4220711,0.18499662,0.6288389,0.7552072,Fibroblast,G1,
cell_4221067,-0.21692508,0.3529578,0.9101453000000002,Fibroblast,G1,
cell_4221185,-0.8624271000000001,-0.02210033,-0.50569856,Fibroblast,G0,
cell_4221512,-0.46180558,0.8290963,-0.3151744,Fibroblast,G1-G0 transition,
cell_4221913,0.24596351,0.94735926,-0.20496942,Fibroblast,G1,
cell_4222459,0.85733384,0.513768,0.03195526,Fibroblast,S,
cell_4224084,0.9828299,0.18164806,-0.032394003,Fibroblast,S,
cell_4225848,-0.9027245,0.32160917,0.28575525,Fibroblast,G0,
cell_4231303,0.40385225,0.9147933000000001,-0.007501109000000001,Fibroblast,G1,
cell_4235529,0.7614525,-0.64601123,-0.053474497,Fibroblast,G2M,
cell_4236396,-0.33628220000000003,-0.6180821999999999,-0.7105551,Fibroblast,G0,
cell_4237715,0.31934774,-0.75181913,0.576875,Fibroblast,G2M,
cell_4238238,0.82506734,-0.33917204,0.45191386,Fibroblast,G2M,
cell_4238581,-0.27681264,-0.050403967,-0.9596011000000001,Fibroblast,G1-G0 transition,
cell_4239498,0.0352309,0.25477406,0.9663586,Fibroblast,G1,
cell_4242467,0.1834634,0.9320969000000001,0.3123083,Fibroblast,G1,
cell_4242836,0.43738285,0.8795006,0.18754953,Fibroblast,S,
cell_4243405,0.05669934,0.081280455,0.9950771999999999,Fibroblast,G1,
cell_4250589,0.33573022,0.80702966,0.48578608,Fibroblast,S,
cell_4250944,-0.6322239000000001,-0.7737970999999999,0.03912689,Fibroblast,G0,
cell_4258618,-0.9875098,-0.10082932,0.12106979,Fibroblast,G0,
cell_4259283,0.8565415000000001,-0.47805315,0.1944269,Fibroblast,G2M,
cell_4260482,-0.5570803000000001,0.37684336,-0.74003416,Fibroblast,G1-G0 transition,
cell_4261373,0.13225158,0.9858229,-0.10326112,Fibroblast,G1,
cell_4262050,-0.7880206999999999,0.39020282,-0.47619855,Fibroblast,G0,
cell_4262661,-0.850405,-0.31732574,-0.41966149999999997,Fibroblast,G0,
cell_4263426,0.2643891,0.14675295,0.9531851,Fibroblast,G1,
cell_4264042,0.4549354000000001,-0.850246,0.264793,Fibroblast,G2M,
cell_4264840,0.12293875,0.20266688,0.9714999,Fibroblast,G1,
cell_4268935,0.19781142,0.3110232,-0.9295886999999999,Fibroblast,G1,
cell_4269101,0.955414,0.1431762999999999,-0.25823396,Fibroblast,S,
cell_4269226,-0.8086814999999999,-0.5841135000000001,-0.06961091,Fibroblast,G0,
cell_4270387,-0.5018125,0.28511846,-0.8166344,Fibroblast,G0,
cell_4270871,-0.8451071,-0.5073505,0.16849160000000002,Fibroblast,G0,
cell_4271524,0.7876677,0.5738289000000001,-0.22427684,Fibroblast,S,
cell_4272950,-0.82365817,-0.39822778,-0.4037349,Fibroblast,G0,
cell_4273092,0.9718269,-0.1790008,-0.15333374,Fibroblast,S,
cell_4274112,0.21440005,0.28805876,0.9333031999999999,Fibroblast,G1,
cell_4275880,-0.5740628000000001,-0.61736006,-0.53788334,Fibroblast,G0,
cell_4278081,-0.38679564,-0.50555265,-0.77123636,Fibroblast,G0,
cell_4279058,0.038712878,0.9940893,-0.10142783,Fibroblast,G1,
cell_4279702,-0.0506991859999999,0.66695225,0.74337363,Fibroblast,G1,
cell_4280587,-0.62804025,-0.612526,-0.47997624,Fibroblast,G0,
cell_4281125,-0.37082824,-0.4704879,-0.80070436,Fibroblast,G0,
cell_4282012,0.4554138,0.55089974,0.6993623999999999,Fibroblast,S,
cell_4284490,-0.19714786,0.94923043,0.24514131,Fibroblast,G1-G0 transition,
cell_4285893,-0.7582616999999999,0.63662773,0.14051464,Fibroblast,G0,
cell_4286329,-0.16538587,-0.31204793,0.9355604999999999,Fibroblast,G1,
cell_4287100,-0.6482484000000001,-0.7564565,0.086876094,Fibroblast,G0,
cell_4287206,0.3803937,0.48202538,0.789273,Fibroblast,G1,
cell_4287444,-0.5291934,-0.39372352,-0.7516223000000001,Fibroblast,G0,
cell_4288757,0.47355196,-0.8730322,0.11646182,Fibroblast,G2M,
cell_4294346,-0.81501913,0.5794338000000001,0.00054495607,Fibroblast,G0,
cell_4297836,-0.82053065,-0.40459126,-0.40377638,Fibroblast,G0,
cell_4300628,-0.81130594,0.53919643,-0.22594246,Fibroblast,G0,
cell_4301168,-0.5279303000000001,-0.67452693,-0.51604545,Fibroblast,G0,
cell_4303390,0.31061998,-0.6974825,0.6457811999999999,Fibroblast,G2M,
cell_4305188,0.6230875,0.7173016,-0.3118338,Fibroblast,S,
cell_4305664,-0.72311485,-0.60167056,-0.33926004,Fibroblast,G0,
cell_4306818,0.4083761,0.67089313,0.6189760999999999,Fibroblast,S,
cell_4307642,-0.75279033,0.41464978,-0.51124585,Fibroblast,G0,
cell_4307985,0.73325914,-0.38414553,-0.56103736,Fibroblast,S,
cell_4310306,-0.21005125,-0.8492885,-0.48434228,Fibroblast,G0,
cell_4311331,-0.87242573,0.4466917,0.19834265,Fibroblast,G0,
cell_4312670,0.9167434999999999,-0.058598767999999996,-0.3951551,Fibroblast,S,
cell_4316549,0.9873458,0.11646805,-0.107626215,Fibroblast,S,
cell_4320017,-0.038514514,0.7294255000000001,0.68297523,Fibroblast,G1,
cell_4322190,-0.60216856,0.115380645,-0.7899875,Fibroblast,G0,
cell_4325767,-0.86884266,-0.14159898,-0.47440717,Fibroblast,G0,
cell_4325975,0.0013975082,-0.36442199999999997,0.93123287,Fibroblast,G1,
cell_4327432,-0.8798761,0.17095168,-0.44338894,Fibroblast,G0,
cell_4327514,-0.9608846999999999,-0.18305838,-0.20782296,Fibroblast,G0,
cell_4328393,-0.23988092,-0.78754425,-0.56765413,Fibroblast,G0,
cell_4331010,-0.84668374,0.008785672,-0.5320241,Fibroblast,G0,
cell_4333754,-0.84174573,-0.13278955,-0.5232888,Fibroblast,G0,
cell_4334310,0.988859,0.106635176,-0.10385989999999999,Fibroblast,S,
cell_4335016,-0.7013028,0.56880224,-0.4296956,Fibroblast,G0,
cell_4335254,-0.50802153,-0.31837663,-0.8003439999999999,Fibroblast,G0,
cell_4338944,-0.78556204,-0.46663895,-0.40637463,Fibroblast,G0,
cell_4340099,0.9911554,-0.03044409,-0.12916663,Fibroblast,S,
cell_4340305,-0.2512365,0.9629789000000001,-0.097733654,Fibroblast,G1-G0 transition,
cell_4341931,0.9257127,-0.008019561,-0.3781425,Fibroblast,S,
cell_4342226,0.51323193,0.6014282,-0.61227214,Fibroblast,G1,
cell_4344369,0.22262576,-0.78451234,0.57877296,Fibroblast,G2M,
cell_4344861,-0.39817008,-0.71436244,-0.57545364,Fibroblast,G0,
cell_4348948,-0.24298012,0.96704656,-0.07603754,Fibroblast,G1-G0 transition,
cell_4349816,-0.6117875,0.03371605,-0.7903031999999999,Fibroblast,G0,
cell_4350057,-0.010485951,0.99928224,0.036400817,Fibroblast,G1-G0 transition,
cell_4350389,-0.86812264,0.03323856,-0.4952356,Fibroblast,G0,
cell_4350467,-0.6086359,-0.44000173,-0.6602733000000001,Fibroblast,G0,
cell_4350496,0.64043117,-0.59373367,0.4871635,Fibroblast,G2M,
cell_4351522,-0.44290006,-0.6624643,-0.6041361,Fibroblast,G0,
cell_4356349,-0.9137963,-0.40357992,-0.045819804000000006,Fibroblast,G0,
cell_4361104,0.9573647,-0.2744609000000001,-0.09013367,Fibroblast,S,
cell_4363907,0.14567272,0.8243406999999999,0.54703,Fibroblast,G0,
cell_4364473,-0.37560746,0.8175979999999999,0.4364085999999999,Fibroblast,G1-G0 transition,
cell_4365793,0.21998635,0.95570934,0.19551374,Fibroblast,G1,
cell_4367358,0.4730974,0.7172622,0.51157975,Fibroblast,S,
cell_4369278,0.6387022,0.081079334,-0.7651704,Fibroblast,G1,
cell_4369524,-0.8840444,0.047969997,-0.46493477,Fibroblast,G0,
cell_4371091,0.3540663,0.84594554,-0.39876458,Fibroblast,G1,
cell_4373756,0.46070617,0.7774234999999999,-0.42820832,Fibroblast,S,
cell_4374560,-0.96515304,0.15155172,-0.21333492,Fibroblast,G0,
cell_4375246,-0.62039286,0.7672838000000001,-0.16244505,Fibroblast,G0,
cell_4375351,0.9632384,0.13560213,-0.23191327,Fibroblast,S,
cell_4375534,-0.6830874,0.72530633,0.085570544,Fibroblast,G1-G0 transition,
cell_4375837,-0.8561687,-0.5023457,0.12092938,Fibroblast,G0,
cell_4376298,-0.41190583,0.9056605,0.100561075,Fibroblast,G1-G0 transition,
cell_4378601,-0.5525069,-0.7505350000000001,-0.3625373,Fibroblast,G0,
cell_4381790,-0.95724654,0.16665445,0.23644310000000002,Fibroblast,G0,
cell_4387928,0.6562210999999999,0.70769155,-0.26181420000000005,Fibroblast,S,
cell_4388346,0.85427654,-0.45465857,-0.25198615,Fibroblast,S,
cell_4392526,-0.9894664000000001,0.014676659,-0.14401689,Fibroblast,G0,
cell_4393896,0.24860567,0.9093945,0.33346188,Fibroblast,G1,
cell_4404515,-0.36083952,-0.74317527,-0.5634584,Fibroblast,G0,
cell_4405299,-0.34881163,-0.395924,-0.8494555,Fibroblast,G0,
cell_4407245,0.86225307,-0.4866799,0.14022265,Fibroblast,G2M,
cell_4407408,-0.8448100000000001,0.28983018,-0.44977167,Fibroblast,G0,
cell_4407895,-0.8804421,0.3549427,-0.3143842,Fibroblast,G0,
cell_4410584,-0.72274584,0.6332926999999999,0.2767284,Fibroblast,G1-G0 transition,
cell_4413706,0.18210478,0.063978635,0.9811955,Fibroblast,G1,
cell_4420431,-0.3258611,0.9092473,0.25900578,Fibroblast,G1-G0 transition,
cell_4422060,-0.98926055,-0.040371243,-0.14047679999999999,Fibroblast,G0,
cell_4422166,-0.25485656,-0.7827390999999999,-0.5677741999999999,Fibroblast,G0,
cell_4422794,-0.08394492,-0.8972517,-0.43346578,Fibroblast,G0,
cell_4424731,0.14631088,0.17661548,-0.97334474,Fibroblast,G1,
cell_4425713,-0.023201467000000003,0.9945620999999999,0.10152852,Fibroblast,G1-G0 transition,
cell_4425932,0.33414987,-0.8564715,0.39344686,Fibroblast,G2M,
cell_4426506,-0.1387349,0.9544878000000001,-0.26401833,Fibroblast,G1-G0 transition,
cell_4427575,0.9301345999999999,-0.037655156,-0.36528313,Fibroblast,S,
cell_4430569,0.92031384,0.28491536,-0.26804063,Fibroblast,S,
cell_4431610,0.86727107,0.4976643,-0.013083197,Fibroblast,S,
cell_4431685,-0.68025774,-0.42617014,-0.59634584,Fibroblast,G0,
cell_4432381,-0.7987757,-0.5923334,-0.10534963,Fibroblast,G0,
cell_4434844,0.15189178,0.14244322,0.9780790000000001,Fibroblast,G1,
cell_4435707,-0.3467515999999999,-0.5304934,-0.7735245,Fibroblast,G0,
cell_4436905,0.09839722,0.9945341000000001,0.034927502,Fibroblast,G1,
cell_4439625,0.38646725,0.8080621,0.44461069999999997,Fibroblast,G1,
cell_4442176,0.68176675,0.6097473000000001,-0.4042305,Fibroblast,S,
cell_4444963,-0.3917724,0.88796854,-0.24088649999999998,Fibroblast,G0,
cell_4450342,-0.52185196,-0.7428176,-0.41939533,Fibroblast,G0,
cell_4451383,-0.6327517,0.30928522,-0.709907,Fibroblast,G1-G0 transition,
cell_4452612,0.99978286,0.020353189,-0.0044475504999999995,Fibroblast,S,
cell_4453382,0.13184872,0.06229954,0.9893101999999999,Fibroblast,G1,
cell_4456781,0.6899601,-0.1285291999999999,-0.71234494,Fibroblast,S,
cell_4456964,0.4415292,0.73998165,0.507424,Fibroblast,S,
cell_4457418,0.70704174,-0.07301465,-0.70339227,Fibroblast,S,
cell_4458290,-0.6633187,0.6677499,0.33781418,Fibroblast,G1-G0 transition,
cell_4459808,0.3929950999999999,0.22439195,0.89174163,Fibroblast,G1,
cell_4463090,-0.8728745000000001,-0.28737244,-0.39434369999999996,Fibroblast,G0,
cell_4463431,0.26347482,-0.74244213,0.6159226999999999,Fibroblast,G2M,
cell_4465970,-0.8758705,-0.08974375,-0.47412747,Fibroblast,G0,
cell_4466356,-0.63585204,0.6015404999999999,0.48357114,Fibroblast,G1-G0 transition,
cell_4469119,-0.08163761,0.81364334,0.57560384,Fibroblast,G1-G0 transition,
cell_4469638,-0.39719135,0.9176390999999999,-0.01332343,Fibroblast,G1-G0 transition,
cell_4472130,0.6804811,-0.54380316,0.49114525,Fibroblast,G2M,
cell_4474003,0.89088684,0.0030469028000000005,-0.45421496,Fibroblast,S,
cell_4474864,0.10431957,-0.118851885,0.98741657,Fibroblast,G1,
cell_4475492,-0.07349211,0.809167,0.5829645,Fibroblast,G1-G0 transition,
cell_4475959,-0.058458496,0.2952841,-0.95361936,Fibroblast,G1,
cell_4476951,0.41218626,0.89440465,0.173617,Fibroblast,S,
cell_4477058,0.06830069400000001,0.8761003,-0.47726637,Fibroblast,G0,
cell_4477737,0.60647357,0.058537398,-0.7929459,Fibroblast,G1,
cell_4478067,-0.21778451,0.82297635,0.52467114,Fibroblast,G1-G0 transition,
cell_4479132,0.979526,0.20125155,-0.005162314,Fibroblast,S,
cell_4482385,-0.44851628,-0.8525485999999999,0.2683167,Fibroblast,G0,
cell_4482480,-0.54471487,0.72184825,-0.4268732,Fibroblast,G0,
cell_4482890,-0.5726002,-0.5235545,-0.63088804,Fibroblast,G0,
cell_4483553,0.6969605,-0.16083466,-0.6988406999999999,Fibroblast,S,
cell_4483888,0.9826319,0.18528257,0.010236453000000001,Fibroblast,S,
cell_4484269,-0.8588271000000001,0.05546853,-0.5092536,Fibroblast,G0,
cell_4484785,0.88206947,0.3915204,-0.26204047,Fibroblast,S,
cell_4485313,-0.9458369000000001,0.28744122,-0.15089749,Fibroblast,G0,
cell_4487331,0.6678968000000001,-0.11406186,-0.73546165,Fibroblast,S,
cell_4487914,-0.30712268,-0.8015745,-0.5129854,Fibroblast,G0,
cell_4488271,0.7184343000000001,-0.6557965,0.23191184,Fibroblast,G2M,
cell_4488380,-0.49333042,0.7129314999999999,-0.49835113,Fibroblast,G0,
cell_4490601,-0.35473198,0.5726872,-0.7390496999999999,Fibroblast,G0,
cell_4491820,0.38449058,0.80928135,-0.44410652,Fibroblast,S,
cell_4492573,-0.61326146,-0.70979065,-0.34656546,Fibroblast,G0,
cell_4493357,-0.12527052,0.37564793,0.9182568999999999,Fibroblast,G1,
cell_4495416,-0.31481746,0.34153520000000004,0.8855753000000001,Fibroblast,G1-G0 transition,
cell_4496052,-0.47492552,0.8341700999999999,-0.28036758,Fibroblast,G0,
cell_4496603,-0.2092031,-0.0027464259999999997,0.9778684000000001,Fibroblast,G1,
cell_4498073,0.65182924,-0.40672040000000004,-0.64007586,Fibroblast,G1,
cell_4498586,-0.90147644,-0.033785548,-0.43150753,Fibroblast,G0,
cell_4499357,-0.71822196,-0.20261467,-0.6656609,Fibroblast,G0,
cell_4501204,-0.3996909,-0.55000955,-0.7333053,Fibroblast,G0,
cell_4502121,0.51832485,0.5526919,0.6525880000000001,Fibroblast,S,
cell_4502211,0.44225410000000004,0.6854571999999999,0.57841134,Fibroblast,S,
cell_4502511,0.24525674,-0.19710365,0.9492096999999999,Fibroblast,G1,
cell_4503757,-0.71240693,-0.5988439,-0.36587206,Fibroblast,G0,
cell_4503961,0.02099655,0.44434625,-0.895609,Fibroblast,G1,
cell_4504552,0.31131592,-0.12028005,0.9426638,Fibroblast,G2M,
cell_4505911,0.94767666,0.2790855,-0.15498479,Fibroblast,S,
cell_4506467,-0.6362241999999999,-0.6197710999999999,-0.45945868,Fibroblast,G0,
cell_4507523,0.0420453,0.3738284,0.9265443000000001,Fibroblast,G1,
cell_4512364,0.45332626,0.30170384,0.83873117,Fibroblast,G1,
cell_4514304,0.9016259,-0.2844913,-0.32578442,Fibroblast,S,
cell_4515185,0.9786966,-0.060609393,-0.1961621,Fibroblast,S,
cell_4515219,-0.8452745,-0.5343321999999999,-1.1464877e-05,Fibroblast,G0,
cell_4518421,0.9472276,-0.31666782,0.049813904000000006,Fibroblast,S,
cell_4519144,-0.19743915,-0.8045856,-0.5600533000000001,Fibroblast,G0,
cell_4521886,-0.82208204,-0.5063392,0.26038742,Fibroblast,G0,
cell_4523138,-0.8370638000000001,0.061507117,-0.5436368,Fibroblast,G0,
cell_4525033,0.6155522,0.5808125,-0.5326839,Fibroblast,G1,
cell_4527276,0.7783366999999999,-0.6217676999999999,-0.08715965,Fibroblast,G2M,
cell_4528789,-0.38283387,-0.77377224,-0.5046927999999999,Fibroblast,G0,
cell_4531220,0.0074308790000000005,0.5325348000000001,0.84637547,Fibroblast,G1,
cell_4532293,-0.71464074,0.5576893,0.4222218,Fibroblast,G1-G0 transition,
cell_4533492,-0.7127668,0.67310774,0.19720395,Fibroblast,G0,
cell_4533519,-0.17068397,0.65642416,0.7348294,Fibroblast,G1-G0 transition,
cell_4535599,-0.49442434,-0.7078485,-0.5044751000000001,Fibroblast,G0,
cell_4538887,0.41476607,-0.8453744000000001,0.33661693,Fibroblast,G2M,
cell_4539455,-0.72391784,-0.61140656,-0.3195702,Fibroblast,G0,
cell_4540254,-0.38801512,0.86131805,-0.32798716,Fibroblast,G1-G0 transition,
cell_4544434,-0.7844436,0.11628962,-0.6092001,Fibroblast,G0,
cell_4546781,0.9002822,0.24325792,-0.3609953,Fibroblast,S,
cell_4548100,0.3189051,0.79678977,0.51324993,Fibroblast,G1,
cell_4549027,-0.66202646,0.74004185,0.11857046,Fibroblast,G0,
cell_4552745,-0.29832232,-0.739062,-0.6039793999999999,Fibroblast,G0,
cell_4553016,-0.6376461999999999,-0.60461754,-0.47733113,Fibroblast,G0,
cell_4553486,-0.15997334,-0.7202531,-0.6750141,Fibroblast,G0,
cell_4556299,0.18467578,0.8150645000000001,0.54914933,Fibroblast,G1,
cell_4558553,-0.5516562,-0.09274506,-0.8288991,Fibroblast,G0,
cell_4558567,0.46683043,0.44236982,0.76575345,Fibroblast,G1,
cell_4561484,0.59231424,0.7933815,0.14039059,Fibroblast,S,
cell_4562626,0.29725206,0.80026793,0.52078056,Fibroblast,S,
cell_4563047,0.16657753,0.72448665,0.668858,Fibroblast,G1,
cell_4564871,-0.7529132,-0.6295151,-0.19191788,Fibroblast,G0,
cell_4565428,0.7788664000000001,0.16622785,-0.60476065,Fibroblast,S,
cell_4567100,0.19195178,0.52957225,0.8262613000000001,Fibroblast,G1,
cell_4568690,0.53353006,-0.6533972,0.53704536,Fibroblast,G2M,
cell_4571053,-0.8555888,-0.09936239599999999,-0.50803035,Fibroblast,G0,
cell_4571057,-0.8140831000000001,0.37059715,0.4471314,Fibroblast,G1-G0 transition,
cell_4571807,0.7686765,0.18942189,-0.6109465000000001,Fibroblast,S,
cell_4573089,-0.24799572,0.64578384,0.72212285,Fibroblast,G1-G0 transition,
cell_4573892,0.96190757,-0.18492223,-0.20133978,Fibroblast,S,
cell_4573920,0.48618278,0.65682906,-0.5763695,Fibroblast,G1,
cell_4574835,0.9364978,-0.33633435,0.09925239999999999,Fibroblast,S,
cell_4577163,0.33961883,-0.7224376,0.60228145,Fibroblast,G2M,
cell_4578861,0.9863646,0.16402242,0.013473357,Fibroblast,S,
cell_4580208,0.45727187,-0.11499447,-0.8818609000000001,Fibroblast,S,
cell_4585834,-0.70380586,-0.64019096,-0.3079171,Fibroblast,G0,
cell_4586855,0.8147618000000001,-0.5729485,-0.08884346,Fibroblast,S,
cell_4588957,-0.56784403,0.47041252,-0.675474,Fibroblast,G0,
cell_4589458,-0.39333388,0.29061684,0.87225586,Fibroblast,G1-G0 transition,
cell_4590090,0.7095397,0.5713433000000001,-0.41245636,Fibroblast,G1,
cell_4590112,0.21270100000000003,0.88203776,-0.42043722,Fibroblast,G1,
cell_4591622,0.7242614,-0.63750625,0.26273759999999996,Fibroblast,G2M,
cell_4595243,-0.8388277,0.19557337,-0.508054,Fibroblast,G0,
cell_4595293,0.8145416,0.57928395,0.030854802999999997,Fibroblast,S,
cell_4596823,-0.51517063,-0.56311446,-0.64614344,Fibroblast,G0,
cell_4599093,-0.5795728,0.52033603,0.6271729,Fibroblast,G1-G0 transition,
cell_4599886,-0.5026583,-0.6635753000000001,-0.55407786,Fibroblast,G0,
cell_4600943,0.35836267,-0.70928216,0.60703784,Fibroblast,G2M,
cell_4601651,-0.8841139000000001,-0.44961926,-0.12722042,Fibroblast,G0,
cell_4603137,-0.94521433,-0.21890427,0.24217929,Fibroblast,G0,
cell_4604236,0.8456023000000001,-0.49190977,0.20731993,Fibroblast,G2M,
cell_4605890,0.48326445,0.7428858,-0.46322364,Fibroblast,S,
cell_4606824,0.44675258,0.66172594,-0.6021054,Fibroblast,S,
cell_4609702,-0.5836526,0.5852633,0.56286454,Fibroblast,G1-G0 transition,
cell_4610192,0.02614762,-0.48981047,0.87143683,Fibroblast,G1,
cell_4610567,0.7618593000000001,0.4729706,-0.44257107,Fibroblast,S,
cell_4612422,-0.9860605,0.16278645,-0.034427024,Fibroblast,G0,
cell_4613288,0.40780854,0.90861714,-0.09004021400000001,Fibroblast,S,
cell_4613289,0.9351295000000001,-0.33088142,-0.12668946,Fibroblast,S,
cell_4615313,0.98767066,0.1457447,-0.057140272,Fibroblast,S,
cell_4616487,-0.96275973,0.08018104,-0.25819504,Fibroblast,G0,
cell_4619725,-0.54416347,-0.2076241,-0.8128827,Fibroblast,G0,
cell_4619774,0.4617782,0.8206125,-0.33668402,Fibroblast,S,
cell_4620576,0.24934229,0.42712063,-0.86913544,Fibroblast,S,
cell_4621392,0.10814998,0.9642046999999999,0.24210061,Fibroblast,G1-G0 transition,
cell_4622043,-0.5239676,0.48852682,0.69771016,Fibroblast,G1-G0 transition,
cell_4622527,-0.35172006,-0.7138428000000001,-0.6055754,Fibroblast,G0,
cell_4622625,0.9896138000000001,-0.12784597,-0.06572542,Fibroblast,S,
cell_4622980,0.3775415,0.8928209999999999,0.24562767,Fibroblast,G1,
cell_4623046,-0.38999188,-0.55422425,-0.7353515,Fibroblast,G0,
cell_4623444,-0.76423204,-0.59624624,-0.24584536,Fibroblast,G0,
cell_4623538,0.43390927,0.7617838,-0.48104924,Fibroblast,G1,
cell_4623836,0.20494878,0.6199685,0.75738704,Fibroblast,G1,
cell_4623874,-0.3435371,-0.7603357,-0.5512459,Fibroblast,G0,
cell_4625248,0.52812207,-0.81169486,0.24947660000000002,Fibroblast,G2M,
cell_4625440,0.89324427,-0.39870578,-0.20772205,Fibroblast,S,
cell_4626448,0.30139664,0.7360971,-0.6060703000000001,Fibroblast,G1,
cell_4626808,0.42651698,-0.12323579999999999,-0.8960448000000001,Fibroblast,S,
cell_4627723,0.353111,0.349869,0.8677005999999999,Fibroblast,G1,
cell_4627956,0.81526804,0.08867191,-0.57225454,Fibroblast,S,
cell_4630247,0.90689695,-0.251899,0.3377643,Fibroblast,G2M,
cell_4630556,0.30082113,0.8455509,-0.44107854,Fibroblast,G1,
cell_4637470,-0.39919190000000004,0.34507895,-0.84945065,Fibroblast,G0,
cell_4638053,0.55725044,0.6726614000000001,-0.48682493,Fibroblast,G1,
cell_4638065,-0.75472933,-0.6528635,-0.06444118,Fibroblast,G0,
cell_4639179,-0.10621046,0.99327207,-0.046152636,Fibroblast,G0,
cell_4640566,0.85609823,-0.49430296,0.15086554,Fibroblast,S,
cell_4641404,-0.63158834,0.088442676,-0.77024287,Fibroblast,G0,
cell_4641538,0.42375886,-0.7690857,0.47847205,Fibroblast,G2M,
cell_4642353,-0.41159835,-0.8833675,-0.22416190000000003,Fibroblast,G0,
cell_4643061,-0.9326645,-0.3453389,-0.10429756,Fibroblast,G0,
cell_4643130,-0.63598454,0.2592951,-0.7268355,Fibroblast,G0,
cell_4643482,0.7231338,0.65394074,-0.22234859,Fibroblast,S,
cell_4648573,-0.31191465,0.19352941,0.9301912,Fibroblast,G1,
cell_4651691,-0.28898764,-0.7635353,-0.57749456,Fibroblast,G0,
cell_4652546,-0.5127292,-0.6135825,-0.6005208000000001,Fibroblast,G0,
cell_4657449,0.9878561,0.15008348,-0.040189642000000005,Fibroblast,S,
cell_4658577,0.29158965,0.42696795,-0.85596365,Fibroblast,G1,
cell_4658898,-0.12967536,0.9635052,-0.23418334,Fibroblast,G1-G0 transition,
cell_4659283,-0.8130878,-0.33165658,-0.47842667,Fibroblast,G0,
cell_4660485,-0.669081,-0.6844729,-0.28952968,Fibroblast,G0,
cell_4666880,0.46800292,0.7673992,0.43826002,Fibroblast,S,
cell_4669865,0.11274564,-0.24827070000000004,0.96210706,Fibroblast,G1,
cell_4671645,0.18927248,0.9787431000000001,0.0789808999999999,Fibroblast,G1,
cell_4671935,0.5871185999999999,-0.7255488,0.35898548,Fibroblast,G2M,
cell_4672008,-0.89042014,-0.3178397999999999,-0.32577598,Fibroblast,G0,
cell_4673317,-0.25235492,0.88521916,0.39077368,Fibroblast,G1-G0 transition,
cell_4675662,-0.54130656,-0.50848997,-0.6696455,Fibroblast,G0,
cell_4676494,0.28382295,-0.6892018,0.66666734,Fibroblast,G2M,
cell_4676842,0.568477,0.25385427,-0.7825546999999999,Fibroblast,G1,
cell_4688016,-0.6846814999999999,-0.66118866,-0.3066607,Fibroblast,G0,
cell_4690447,-0.16720378,0.9320309999999999,-0.32149836,Fibroblast,G0,
cell_4690593,0.53037935,0.025945246,-0.84736323,Fibroblast,G1,
cell_4690662,0.042753767000000005,0.9551430000000001,0.2930427,Fibroblast,G1,
cell_4691330,0.7503717,-0.48916546,0.44458926,Fibroblast,G2M,
cell_4695645,0.65052277,0.69762737,-0.3002267,Fibroblast,S,
cell_4698620,0.45262703,0.3268547,-0.8296353000000001,Fibroblast,G1,
cell_4699716,-0.29554698,0.90073174,-0.3183304,Fibroblast,G1-G0 transition,
cell_4702032,0.7559286999999999,-0.6158818,0.22194918,Fibroblast,G2M,
cell_4702196,-0.14922075,0.98143667,-0.12047884,Fibroblast,G1,
cell_4702530,0.6982322,-0.47701165,-0.5337898,Fibroblast,S,
cell_4702886,0.6460604,0.0077946964,-0.7632465,Fibroblast,G1,
cell_4704810,-0.9052393,-0.20724757,-0.37093145,Fibroblast,G0,
cell_4705334,-0.86950994,0.03782523,-0.49246478,Fibroblast,G0,
cell_4707192,0.40178442,0.79830956,-0.44863248,Fibroblast,G1,
cell_4708451,0.24707521,-0.8520873,0.46141198,Fibroblast,G2M,
cell_4709985,0.7277393,-0.6120151999999999,-0.3095691,Fibroblast,S,
cell_4710962,-0.5999631,0.7481810999999999,0.28331834,Fibroblast,G0,
cell_4711438,-0.35638866,-0.8739732,-0.33039054,Fibroblast,G0,
cell_4713702,0.11178955,-0.17624806,0.97797734,Fibroblast,G1,
cell_4714244,-0.9052502,0.0169701669999999,-0.42453966,Fibroblast,G0,
cell_4715603,0.9747401,-0.22124247,-0.030554658,Fibroblast,S,
cell_4716007,0.69317,-0.70923626,0.12844947,Fibroblast,G2M,
cell_4716067,0.28362826,0.32712454,0.90141255,Fibroblast,G1,
cell_4717466,-0.018824695,0.31530964,0.9488021999999999,Fibroblast,G1,
cell_4717696,-0.14310895,0.1416199,0.97952205,Fibroblast,G1,
cell_4720263,0.34285137,0.6076286,0.716408,Fibroblast,G1,
cell_4720304,-0.76590437,-0.6364976999999999,-0.090891846,Fibroblast,G0,
cell_4722719,-0.8581296999999999,-0.013830697,-0.51324666,Fibroblast,G0,
cell_4723920,-0.667139,-0.5008254,-0.55145216,Fibroblast,G0,
cell_4724104,0.97612536,-0.19659765,0.09235133,Fibroblast,S,
cell_4726114,-0.6213776999999999,0.7454506,0.24123219,Fibroblast,G1-G0 transition,
cell_4731367,-0.9027306,-0.17570478,-0.39268994,Fibroblast,G0,
cell_4732864,0.22689568,0.8424459000000001,0.488675,Fibroblast,G1,
cell_4733064,-0.98339623,0.02217674,-0.18011078,Fibroblast,G0,
cell_4735018,-0.23587224,-0.8085425,-0.5390949,Fibroblast,G0,
cell_4737145,-0.8834075000000001,0.14032112,-0.44710296,Fibroblast,G0,
cell_4738230,-0.9028482,0.37478828,-0.21070999,Fibroblast,G1-G0 transition,
cell_4739029,-0.2818239,0.7537729999999999,0.5936343000000001,Fibroblast,G1-G0 transition,
cell_4739525,0.8664149,-0.49638408,0.054109707,Fibroblast,S,
cell_4741280,-0.5251595,-0.5624838000000001,-0.6386074,Fibroblast,G0,
cell_4744191,-0.49780509999999994,-0.5211719,-0.6932316,Fibroblast,G0,
cell_4745654,0.43882954,-0.1090192,0.89193237,Fibroblast,G1,
cell_4747616,-0.09459984,0.69314504,0.7145634,Fibroblast,G1,
cell_4749589,0.37393758,0.8886511,-0.2654616,Fibroblast,S,
cell_4749782,-0.2833832000000001,0.8093064,0.51450664,Fibroblast,G1-G0 transition,
cell_4749850,0.58456457,0.31165195,-0.7491043000000001,Fibroblast,G1,
cell_4752064,0.43732740000000003,0.40755832,-0.8016488,Fibroblast,G1,
cell_4752381,0.49380577,0.8340586,0.24597181,Fibroblast,S,
cell_4754294,0.26505807,-0.80754846,0.5268868,Fibroblast,G2M,
cell_4754568,-0.71494424,-0.45050856,-0.53469324,Fibroblast,G0,
cell_4756966,-0.053939975999999994,0.19593889,0.97913146,Fibroblast,G1,
cell_4759167,0.6206935,0.7698873,0.14836794,Fibroblast,S,
cell_4763223,0.64812595,-0.67920077,0.34441116,Fibroblast,G2M,
cell_4765803,0.9439902,0.10371992,-0.31324813,Fibroblast,S,
cell_4767776,-0.6098275,-0.47970232,-0.63086927,Fibroblast,G0,
cell_4770560,-0.8421544,-0.53171587,0.08974497,Fibroblast,G0,
cell_4773159,-0.98975337,0.055082183,0.13173604,Fibroblast,G0,
cell_4773308,-0.9239026,0.34168923,-0.17219913,Fibroblast,G0,
cell_4780246,-0.56291497,-0.5698565999999999,-0.5986569,Fibroblast,G0,
cell_4781401,-0.72540206,0.68766904,-0.030053204,Fibroblast,G0,
cell_4782218,-0.36222267,-0.34007522,-0.86783844,Fibroblast,G0,
cell_4782288,0.3795038,-0.88891274,0.25653663,Fibroblast,G2M,
cell_4783374,0.43661705,0.78880495,0.43261114,Fibroblast,S,
cell_4784198,-0.4573657999999999,0.63672996,0.620799,Fibroblast,G1-G0 transition,
cell_4786105,-0.49566045,-0.6160081000000001,-0.6122536,Fibroblast,G0,
cell_4787389,-0.14652010000000001,0.37309852,-0.91614926,Fibroblast,G0,
cell_4788798,-0.6892348,-0.4206504,-0.58992255,Fibroblast,G0,
cell_4790923,0.37610894,-0.22441757,0.8989876,Fibroblast,G1,
cell_4792694,-0.74804944,-0.6625678,-0.037760972999999996,Fibroblast,G0,
cell_4793800,-0.76797813,0.42845008,0.47606727,Fibroblast,G0,
cell_4796051,0.9633258,-0.20304321,0.17543313,Fibroblast,S,
cell_4797582,0.21173720000000004,-0.42060453,0.88219005,Fibroblast,G1,
cell_4799079,0.9885103000000001,-0.1510793,0.0047292006,Fibroblast,S,
cell_4800918,-0.62371856,0.5723505999999999,-0.5323438,Fibroblast,G0,
cell_4801702,0.9657082,-0.25531057,0.04716219,Fibroblast,S,
cell_4802003,0.74417984,0.5690314000000001,-0.34985682,Fibroblast,S,
cell_4803174,-0.443092,0.8750733,-0.19472095,Fibroblast,G1-G0 transition,
cell_4804232,-0.76083136,0.6031637,0.23943494,Fibroblast,G0,
cell_4807135,-0.61936206,-0.3721509,-0.691299,Fibroblast,G0,
cell_4807176,0.8680732,0.33673882,-0.36476803,Fibroblast,S,
cell_4807389,0.051263842999999996,0.72015,0.69192207,Fibroblast,G1-G0 transition,
cell_4807635,-0.8189841999999999,0.0162582969999999,-0.5735857,Fibroblast,G0,
cell_4808685,-0.08532144,0.046911467000000005,0.9952485000000001,Fibroblast,G1,
cell_4808833,-0.36808437,-0.22431195,-0.9023291999999999,Fibroblast,G0,
cell_4810957,-0.56845236,-0.7179671999999999,-0.40172747,Fibroblast,G0,
cell_4818319,0.15209115,-0.49463016,0.8556923000000001,Fibroblast,G2M,
cell_4818701,0.22544029999999998,0.30853087,-0.9241133,Fibroblast,S,
cell_4822788,0.99622744,-0.052261036,0.06927888,Fibroblast,S,
cell_4823543,-0.7882212,-0.4290174,-0.44119325,Fibroblast,G0,
cell_4823594,-0.32461923,-0.6611511,-0.6763886,Fibroblast,G0,
cell_4825180,-0.86229783,0.30534896,0.40398574,Fibroblast,G0,
cell_4825868,-0.2765692,0.9500117,0.14487016,Fibroblast,G1-G0 transition,
cell_4827550,-0.97325736,0.015685234,-0.22918084,Fibroblast,G0,
cell_4829072,-0.81150854,-0.27215883,-0.5170912999999999,Fibroblast,G0,
cell_4829337,0.74275714,0.38211396,-0.54981893,Fibroblast,S,
cell_4829514,-0.95585334,-0.044092405999999994,-0.2905171,Fibroblast,G0,
cell_4832835,0.20857689,0.88291126,-0.4206701,Fibroblast,G1,
cell_4835905,-0.51387286,0.8577975,0.010868066000000001,Fibroblast,G0,
cell_4838432,0.47678912,-0.67924905,0.5579363,Fibroblast,G2M,
cell_4842660,-0.6539560000000001,-0.26675835,-0.70794165,Fibroblast,G0,
cell_4843799,-0.2806491,-0.71506315,-0.6402505000000001,Fibroblast,G0,
cell_4844533,-0.4752839,-0.5109667,-0.7162527,Fibroblast,G0,
cell_4846914,-0.82613796,-0.23645106,-0.51145566,Fibroblast,G0,
cell_4847271,0.9903945,0.051089875,-0.12848610000000002,Fibroblast,S,
cell_4847313,0.13246505,-0.3925705,0.91013265,Fibroblast,G2M,
cell_4851139,-0.72454536,0.6776346999999999,0.12587748,Fibroblast,G1-G0 transition,
cell_4851278,0.9566091999999998,-0.084788844,0.27876449999999997,Fibroblast,S,
cell_4851368,-0.45395455,-0.7649729000000001,-0.45688249999999997,Fibroblast,G0,
cell_4851639,-0.25974473,-0.7938986,-0.5497797,Fibroblast,G0,
cell_4852255,0.7352763000000001,0.21690442,-0.64212257,Fibroblast,S,
cell_4852943,0.94739145,0.26770133,-0.175458,Fibroblast,S,
cell_4852953,-0.22632635,-0.50216794,-0.83462787,Fibroblast,G0,
cell_4855137,-0.9324171999999998,-0.35625795,-0.060651034000000006,Fibroblast,G0,
cell_4856069,-0.9731363000000001,0.050424304,-0.22464013,Fibroblast,G0,
cell_4856756,0.8566176999999999,0.49370512,-0.14987147,Fibroblast,S,
cell_4859958,-0.92664456,0.32903185,-0.1818457,Fibroblast,G0,
cell_4860498,-0.009666334,-0.28247663,0.95922554,Fibroblast,G1,
cell_4862947,-0.03392323,0.1915315,0.98090005,Fibroblast,G1,
cell_4866856,0.75335366,-0.63278365,-0.17900556,Fibroblast,S,
cell_4867911,0.16732524,0.88745314,0.42945236,Fibroblast,S,
cell_4868914,0.042616546,0.9967686,-0.0680906,Fibroblast,G1,
cell_4871822,-0.4727762,-0.5307955,-0.70337665,Fibroblast,G0,
cell_4871853,-0.5260854,-0.5577669,-0.64197356,Fibroblast,G0,
cell_4872653,0.22338308,0.41352153,0.8826664000000001,Fibroblast,G1,
cell_4873117,0.773982,0.21395782,-0.59596455,Fibroblast,S,
cell_4873680,-0.86367345,-0.18471292,-0.46898735,Fibroblast,G0,
cell_4876021,-0.762959,0.35323972,-0.5414012,Fibroblast,G0,
cell_4877944,0.45254603,0.81725293,0.35679096,Fibroblast,S,
cell_4879258,0.99236137,-0.0829111999999999,0.09134867,Fibroblast,S,
cell_4879297,0.00965392,-0.09250837599999999,0.99566513,Fibroblast,G1,
cell_4879311,0.46007425,-0.58375555,0.6690001,Fibroblast,G2M,
cell_4879925,-0.76172364,0.26979437,-0.5890569,Fibroblast,G0,
cell_4880319,0.56399745,0.81908244,-0.10493212,Fibroblast,G1,
cell_4881109,0.49343893,-0.5144792,0.7013053000000001,Fibroblast,G2M,
cell_4881777,-0.8599589,0.22280233,-0.45916185,Fibroblast,G1-G0 transition,
cell_4885234,0.99200046,0.043672502,-0.11843867599999999,Fibroblast,S,
cell_4887186,0.9089010000000001,0.36588612,-0.20006575,Fibroblast,S,
cell_4888579,-0.09525408,-0.14253637,0.9851953999999999,Fibroblast,G1,
cell_4891131,-0.5568001,0.8303472,0.022295502999999998,Fibroblast,G0,
cell_4891515,0.41419864,-0.11167282,-0.90330976,Fibroblast,S,
cell_4891545,-0.24499245,-0.8194806999999998,-0.51810235,Fibroblast,G0,
cell_4891571,0.78410274,0.54816794,0.2910237,Fibroblast,S,
cell_4894187,-0.57210994,0.5749988,-0.58486456,Fibroblast,G0,
cell_4894429,0.20191018,0.16571163,0.9652833000000001,Fibroblast,G1,
cell_4894802,0.5436721999999999,-0.6941901,0.47172093,Fibroblast,G2M,
cell_4896696,0.21545823,0.9760681,-0.02947405,Fibroblast,G1,
cell_4897147,-0.6445589,-0.08625252,-0.7596738000000001,Fibroblast,G0,
cell_4897213,0.99011,-0.10925412,-0.088009045,Fibroblast,S,
cell_4901396,-0.9855669,-0.14174086,-0.092560135,Fibroblast,G0,
cell_4901926,0.25706625,0.13694902,0.95664096,Fibroblast,G1,
cell_4902741,0.9268661,-0.3262603,-0.18566968,Fibroblast,S,
cell_4902790,-0.81168216,0.42222413,-0.40360713,Fibroblast,G0,
cell_4905706,0.8738101999999999,0.39614192,-0.28200588,Fibroblast,S,
cell_4906923,-0.7452368,-0.21465610000000002,-0.631304,Fibroblast,G0,
cell_4908565,-0.9773277,-0.21104464,-0.017051373,Fibroblast,G0,
cell_4909157,-0.5771934,0.7598377,-0.29915607,Fibroblast,G0,
cell_4909993,-0.7078868,0.6720545,0.21734524,Fibroblast,G0,
cell_4911499,0.3792433,-0.76642704,0.5184247999999999,Fibroblast,G2M,
cell_4912605,0.47051325,0.24066287,-0.8489396999999999,Fibroblast,G1,
cell_4913097,0.77186626,0.3043494,-0.55820596,Fibroblast,G1,
cell_4913582,-0.9163616,-0.0065318486,-0.4002982,Fibroblast,G0,
cell_4914796,-0.6902772,0.6727833000000001,0.26623285,Fibroblast,G1-G0 transition,
cell_4915647,-0.67321754,-0.63237935,-0.383242,Fibroblast,G0,
cell_4917410,-0.9178493000000001,0.39689824,-0.004946833,Fibroblast,G0,
cell_4919806,-0.64021206,0.7669979,0.04292586,Fibroblast,G0,
cell_4921194,0.3188291,-0.9005098,0.29568595,Fibroblast,G2M,
cell_4922047,0.3869178,0.5024312,-0.77321255,Fibroblast,G1,
cell_4922912,0.7961529,0.24557136,-0.5530236,Fibroblast,S,
cell_4923219,0.85097176,-0.5173380999999999,0.09059986,Fibroblast,G2M,
cell_4924234,0.78824216,-0.33638355,-0.51528686,Fibroblast,S,
cell_4928608,0.3881719,0.12510772,-0.9130556999999999,Fibroblast,G1,
cell_4931626,0.8901553,-0.3737879000000001,-0.2605881,Fibroblast,S,
cell_4932607,-0.6613460999999999,0.62216926,-0.41895908,Fibroblast,G0,
cell_4933245,-0.7896652,0.20330715,-0.5788738,Fibroblast,G1-G0 transition,
cell_4933611,-0.693203,0.720152,0.029165043999999998,Fibroblast,G0,
cell_4933954,-0.50553864,-0.5043135,-0.70007044,Fibroblast,G0,
cell_4936814,0.47934565,0.5686751,-0.6684581999999999,Fibroblast,G1,
cell_4937651,-0.12865186,0.8879963,0.44148758,Fibroblast,G1-G0 transition,
cell_4937996,-0.6612084,-0.32351032,-0.6768637,Fibroblast,G0,
cell_4943655,-0.35212790000000005,0.23302428,-0.90647966,Fibroblast,G0,
cell_4946732,-0.4999869000000001,0.0669578,-0.86344063,Fibroblast,G0,
cell_4947801,0.16335876,0.8014528000000001,-0.5753148,Fibroblast,G1,
cell_4950430,0.40793654,0.75524837,-0.51301825,Fibroblast,S,
cell_4950751,0.5511703,0.1388067,-0.82276607,Fibroblast,S,
cell_4951857,-0.0035592671,0.711793,0.7023801,Fibroblast,G1,
cell_4951980,0.90458673,0.30473614,0.29809207,Fibroblast,S,
cell_4952223,0.78671396,-0.58201146,-0.20577651,Fibroblast,S,
cell_4956836,0.8868628000000001,0.27051565,-0.37456048,Fibroblast,S,
cell_4957275,-0.85292673,0.39563933,-0.34056628,Fibroblast,G0,
cell_4959194,0.7823420999999999,0.13099578,-0.60891783,Fibroblast,S,
cell_4961430,-0.11510921,0.39360827,0.912043,Fibroblast,G1-G0 transition,
cell_4961752,-0.88934404,-0.12126488,-0.4408649000000001,Fibroblast,G0,
cell_4964645,0.22383592,0.28993398,-0.93050295,Fibroblast,G1,
cell_4965615,-0.37826896,-0.38422090000000003,-0.8421917,Fibroblast,G0,
cell_4966518,0.7929919,-0.51461405,-0.32609287,Fibroblast,S,
cell_4966721,0.18407069,0.52450544,-0.8312712999999999,Fibroblast,G1,
cell_4969233,-0.89737177,0.013708281999999999,-0.44106233,Fibroblast,G0,
cell_4970516,-0.57525456,0.8177278,0.020089898000000002,Fibroblast,G0,
cell_4971166,-0.24234334,-0.5524574999999999,-0.79753387,Fibroblast,G0,
cell_4971346,0.9625216999999999,0.26530185,-0.05627508,Fibroblast,S,
cell_4971545,-0.49661455,0.8670068999999999,0.040902395,Fibroblast,G1-G0 transition,
cell_4972428,-0.18342495,0.9188298,0.34943813,Fibroblast,G1-G0 transition,
cell_4975024,-0.22834305,0.94834346,0.2202366,Fibroblast,G1-G0 transition,
cell_4975784,0.9129165000000001,0.2394831,-0.33050168,Fibroblast,S,
cell_4976016,0.031199373,-0.13397704,0.99049324,Fibroblast,G1,
cell_4977151,0.018686248,0.47879222,0.87772936,Fibroblast,G1,
cell_4978768,0.36780503,0.7039297,0.6076204000000001,Fibroblast,S,
cell_4980946,-0.40334916,-0.8053038,-0.43450567,Fibroblast,G0,
cell_4981481,-0.7978151,-0.22449653,-0.5595465999999999,Fibroblast,G0,
cell_4981590,0.17414045,-0.33927196,0.92442936,Fibroblast,G1,
cell_4982932,-0.55693305,0.62197536,0.5504291,Fibroblast,G1-G0 transition,
cell_4983289,0.8213174000000001,-0.31105262,-0.47820908,Fibroblast,S,
cell_4983810,-0.15451294,-0.088819295,0.9839902,Fibroblast,G1,
cell_4983814,-0.92510694,-0.1903463,-0.32855029999999996,Fibroblast,G0,
cell_4984114,-0.7730303000000001,0.6303149,-0.07160494,Fibroblast,G0,
cell_4985156,0.9390858,-0.045151286,-0.3407042,Fibroblast,S,
cell_4985680,-0.9349763000000001,0.32685667,-0.13778278,Fibroblast,G0,
cell_4987661,-0.14596447,-0.37753975,0.9144167999999999,Fibroblast,G1,
cell_4991124,0.5632919,-0.8155456999999999,0.1326172999999999,Fibroblast,G2M,
cell_4992142,0.96589166,0.050956565999999995,-0.25388315,Fibroblast,S,
cell_4992527,0.7533736,0.3614288,-0.5493609,Fibroblast,S,
cell_4994029,0.379996,-0.75001705,0.54136634,Fibroblast,G2M,
cell_4994204,-0.7280386,0.1658021,0.66518384,Fibroblast,G0,
cell_4994426,-0.69705844,-0.67686075,-0.23657759,Fibroblast,G0,
cell_4994498,-0.4039589000000001,-0.51256996,-0.75768673,Fibroblast,G0,
cell_4995201,0.83843267,-0.49978644,0.21735735,Fibroblast,G2M,
cell_4995455,-0.23323047,-0.8001507,-0.5525962,Fibroblast,G0,
cell_4998435,-0.5212002,-0.56406623,-0.6404526,Fibroblast,G0,
cell_5001693,-0.44195983,-0.363688,-0.8200014999999999,Fibroblast,G0,
cell_5001813,-0.6938831,-0.7187403,0.04402883,Fibroblast,G0,
cell_5005414,0.17303784,-0.24045621,0.9551119,Fibroblast,G1,
cell_5006364,-0.21997385,-0.8414679,-0.49350095,Fibroblast,G0,
cell_5006813,0.64490116,0.6098925999999999,-0.46057950000000003,Fibroblast,S,
cell_5008328,-0.10005683,0.10882893,0.98901206,Fibroblast,G1,
cell_5010799,-0.16370556,0.95858943,0.23303808,Fibroblast,G1-G0 transition,
cell_5011457,-0.8474914000000001,0.093726434,-0.52246886,Fibroblast,G0,
cell_5011672,-0.33140647,0.85865915,-0.39099127,Fibroblast,G1-G0 transition,
cell_5014331,0.9984725,-0.054846297999999995,0.0066643027,Fibroblast,S,
cell_5014619,0.9520181000000001,-0.29673702,-0.07489051,Fibroblast,S,
cell_5016961,0.43284598,0.3444603,0.8330614,Fibroblast,G1,
cell_5021079,-0.7864234999999999,0.0041958066,-0.6176734,Fibroblast,G0,
cell_5022191,0.29621184,0.42468673,0.85551137,Fibroblast,G1,
cell_5023515,0.38030082,0.79505587,0.47250107,Fibroblast,S,
cell_5023606,0.98889387,-0.1464365,0.02540172,Fibroblast,S,
cell_5026670,0.88776726,-0.39840424,-0.23052856,Fibroblast,S,
cell_5026698,0.21674873,0.27059647,0.9379751000000001,Fibroblast,G1,
cell_5026933,-0.9706224,-0.17822722,-0.16163932,Fibroblast,G0,
cell_5027032,0.82257766,-0.37698257,-0.42573467,Fibroblast,S,
cell_5028955,0.16444883,0.67077106,0.7232031999999999,Fibroblast,G1,
cell_5030064,-0.08805469,-0.035039388,0.99549925,Fibroblast,G1,
cell_5035739,-0.7427345000000001,0.65726036,0.1278839,Fibroblast,G0,
cell_5036534,0.90950215,-0.31410086,-0.27229843,Fibroblast,S,
cell_5037654,0.9426843,-0.3068759,-0.13104795,Fibroblast,S,
cell_5041626,0.8148820999999999,0.5787269,0.03228014,Fibroblast,S,
cell_5041901,-0.8804596,0.26667294,-0.39201593,Fibroblast,G0,
cell_5042386,0.9641688,-0.20837976,-0.16418402,Fibroblast,S,
cell_5044192,-0.8912398000000001,-0.42140764,-0.16765155,Fibroblast,G0,
cell_5045641,0.8986883,-0.43759036,0.029561222,Fibroblast,G2M,
cell_5046423,-0.90464634,0.27102324,-0.32887873,Fibroblast,G0,
cell_5046859,-0.5638036999999999,0.8192363000000001,0.10477234,Fibroblast,G0,
cell_5048334,-0.94658434,-0.23129585,-0.22467800000000002,Fibroblast,G0,
cell_5049088,0.8189185,0.5661794,-0.09387969,Fibroblast,S,
cell_5049598,-0.66117924,0.73016256,0.17235050000000002,Fibroblast,G0,
cell_5051321,-0.57626265,-0.6424205,-0.50519043,Fibroblast,G0,
cell_5052520,0.9624219999999999,0.117755815,-0.24469851,Fibroblast,S,
cell_5052738,-0.60311985,0.7657392,-0.2233607,Fibroblast,G0,
cell_5054333,-0.8282103000000001,-0.17213337,-0.5333268,Fibroblast,G0,
cell_5054854,-0.8477683000000001,-0.16687521,0.50342983,Fibroblast,G0,
cell_5056096,-0.49395084,-0.37588525,-0.78404266,Fibroblast,G0,
cell_5056721,-0.18368210000000001,-0.004634184,0.98297477,Fibroblast,G1,
cell_5058155,0.41246903,-0.58622056,0.6972909,Fibroblast,G2M,
cell_5062463,0.9492959999999999,-0.0748681,0.30533874,Fibroblast,S,
cell_5062814,0.37971622,0.78581864,0.48816445,Fibroblast,S,
cell_5062852,0.27404156,0.8825818999999999,0.38203445,Fibroblast,S,
cell_5063233,-0.083782464,0.023676597,0.9962027,Fibroblast,G1,
cell_5063299,-0.15788329,0.8213304,0.5481691,Fibroblast,G1-G0 transition,
cell_5063837,0.5499775,0.54115427,-0.6361422,Fibroblast,G1,
cell_5065247,0.9477386999999999,-0.096324526,-0.30415937,Fibroblast,S,
cell_5066006,0.46401042,0.30597490000000005,-0.8313084000000001,Fibroblast,G1,
cell_5068123,-0.08641707,-0.045659427,0.9952122,Fibroblast,G1,
cell_5068630,0.39326809999999995,-0.7280833999999999,0.5614578,Fibroblast,G2M,
cell_5069964,0.10557380000000001,0.9544362,-0.27911612,Fibroblast,G1,
cell_5073417,-0.52355427,-0.3773391,-0.7638756999999999,Fibroblast,G0,
cell_5075293,-0.46601602,0.37835409999999997,0.79979825,Fibroblast,G1-G0 transition,
cell_5075563,0.69001704,0.4475258,-0.56885594,Fibroblast,S,
cell_5076743,-0.8212676999999999,-0.5071358,-0.2614048,Fibroblast,G0,
cell_5077056,0.2835375,0.8691652,0.40516454,Fibroblast,S,
cell_5078467,-0.5999475999999999,0.51154035,0.61513376,Fibroblast,G1-G0 transition,
cell_5079602,-0.44750379999999995,-0.7908158000000001,-0.41755329999999996,Fibroblast,G0,
cell_5080288,0.8672926999999999,0.4766678,-0.14349617,Fibroblast,S,
cell_5082830,-0.92805344,-0.19006189999999998,-0.32030183,Fibroblast,G0,
cell_5086123,0.24072295,0.33322835,-0.9115982,Fibroblast,G1,
cell_5089874,-0.89677155,-0.38375163,-0.22030763,Fibroblast,G0,
cell_5091333,-0.5835735,0.7488313,0.3141558,Fibroblast,G1-G0 transition,
cell_5093016,-0.904294,0.33006040000000003,-0.27076259999999996,Fibroblast,G0,
cell_5095938,0.64588404,0.43242124,-0.62916255,Fibroblast,S,
cell_5096079,-0.9111394,0.028080237999999997,-0.41114038,Fibroblast,G0,
cell_5097117,-0.71476746,-0.696583,0.062287565,Fibroblast,G0,
cell_5097222,-0.97327095,0.22219342,0.058085125,Fibroblast,G0,
cell_5097461,0.14960194,0.32672715,0.93320334,Fibroblast,G1,
cell_5098177,-0.33491495,0.52135986,0.78486663,Fibroblast,G1-G0 transition,
cell_5099083,-0.84270793,-0.49984115,-0.20000574,Fibroblast,G0,
cell_5099422,0.4661535,0.6663229,-0.58199203,Fibroblast,S,
cell_5101195,-0.7928598000000001,0.6074524,-0.04873379,Fibroblast,G0,
cell_5101609,-0.08127029,0.56821984,-0.81885374,Fibroblast,G1-G0 transition,
cell_5101660,-0.5166549,-0.64605683,-0.5618526,Fibroblast,G0,
cell_5103849,-0.58738166,-0.16908418,-0.7914501,Fibroblast,G0,
cell_5108245,0.49492365,0.55820704,0.66592455,Fibroblast,S,
cell_5108529,-0.7773019,0.3057638,-0.54982746,Fibroblast,G0,
cell_5109268,-0.90441793,-0.26896122,-0.33119193,Fibroblast,G0,
cell_5109967,-0.8105623000000001,0.5585661,-0.17604719,Fibroblast,G0,
cell_5110657,-0.929723,0.26495185,0.25576493,Fibroblast,G0,
cell_5111149,0.7915882,-0.5054055000000001,-0.34344357,Fibroblast,S,
cell_5111738,-0.80257547,0.24046662,-0.5459381,Fibroblast,G0,
cell_5113466,-0.8457665999999999,0.38072914,-0.373797,Fibroblast,G0,
cell_5114391,-0.7526090999999999,0.621653,0.2170877,Fibroblast,G0,
cell_5117075,-0.23015703,0.8733999,0.42918536,Fibroblast,G1-G0 transition,
cell_5118095,0.78960663,0.5128037999999999,-0.3369773,Fibroblast,S,
cell_5119617,-0.12132097,-0.2995467,0.9463367,Fibroblast,G1,
cell_5119795,-0.37648875,-0.62724924,-0.68177307,Fibroblast,G0,
cell_5122246,0.23235324,0.58219963,0.7791376,Fibroblast,G1,
cell_5122274,0.26951364,0.69459635,0.66700697,Fibroblast,S,
cell_5122458,-0.8403356,-0.40671256,-0.35835856,Fibroblast,G0,
cell_5125498,0.33337757,0.6872316999999999,0.6454239,Fibroblast,S,
cell_5125740,0.6409823,0.10890026,-0.75979114,Fibroblast,G1,
cell_5128379,-0.23959675,0.8351065999999999,-0.49516684,Fibroblast,G1-G0 transition,
cell_5129145,0.91305417,-0.38661876,0.12983839,Fibroblast,S,
cell_5130368,0.094963185,0.9217693000000001,0.3759302,Fibroblast,G1,
cell_5131227,0.77385354,0.5434334,-0.32531634,Fibroblast,S,
cell_5134435,-0.9330021999999999,0.10501923,-0.34420609999999996,Fibroblast,G0,
cell_5136957,-0.6789459,-0.31499553,-0.6631819,Fibroblast,G0,
cell_5137436,-0.93798184,0.30107275,-0.17188731,Fibroblast,G0,
cell_5142537,0.80158156,-0.51861936,-0.2974910999999999,Fibroblast,S,
cell_5143505,-0.80412614,0.5551204000000001,-0.21265559,Fibroblast,G0,
cell_5144330,0.24720296,0.80336744,0.5417485,Fibroblast,S,
cell_5144508,-0.3517508,0.8287519,-0.43524903,Fibroblast,G1-G0 transition,
cell_5145412,0.31845337,0.7383575,-0.5944877,Fibroblast,G1,
cell_5145540,0.9629515,0.005419464000000001,-0.2696205,Fibroblast,S,
cell_5146362,0.6536194000000001,0.6713505999999999,-0.3493854,Fibroblast,S,
cell_5147615,-0.83596885,0.48940638,0.24826889,Fibroblast,G0,
cell_5147771,-0.13712816,0.7735677,-0.61869925,Fibroblast,G1,
cell_5157406,-0.5200562,-0.8437959,-0.13247642,Fibroblast,G0,
cell_5159149,0.34480265,-0.84578073,0.4071438,Fibroblast,G2M,
cell_5160969,-0.95856994,0.252092,0.13263875,Fibroblast,G0,
cell_5161232,0.73083216,0.09600184,-0.6757721999999999,Fibroblast,S,
cell_5162951,0.9527563,-0.20336658,-0.22560447,Fibroblast,S,
cell_5163599,-0.6850068,-0.6495014,-0.3300207000000001,Fibroblast,G0,
cell_5163900,-0.82891846,0.5509494,-0.09669046,Fibroblast,G0,
cell_5164633,-0.38795757,-0.512584,-0.76599383,Fibroblast,G0,
cell_5166760,-0.84028006,0.5406131,-0.040828172,Fibroblast,G0,
cell_5166832,0.9721549,-0.13821472,0.18923914,Fibroblast,S,
cell_5166987,-0.06347296,0.81086326,0.5817833,Fibroblast,G1-G0 transition,
cell_5167291,0.37157199999999996,0.9058103999999999,0.20357262,Fibroblast,G1,
cell_5168277,-0.5318014,-0.8423984,-0.08690243,Fibroblast,G0,
cell_5168587,-0.94967675,-0.037959687,-0.3109229,Fibroblast,G0,
cell_5168957,-0.59121245,-0.36327854,-0.720067,Fibroblast,G0,
cell_5171465,0.057487834,-0.42115113,0.9051667,Fibroblast,G2M,
cell_5182561,-0.9145261999999998,-0.37267622,-0.15733488,Fibroblast,G0,
cell_5182746,0.8356196,-0.5477052,0.041936956000000004,Fibroblast,G2M,
cell_5183025,0.96925205,-0.049616784000000004,0.24101587,Fibroblast,S,
cell_5183319,-0.25224389999999997,0.86110574,0.441441,Fibroblast,G1,
cell_5184145,0.9102573,-0.30683663,-0.27799818,Fibroblast,S,
cell_5187907,0.9248238000000001,0.17415734,-0.33818665,Fibroblast,S,
cell_5190513,0.39572316,-0.66126627,0.63728344,Fibroblast,G2M,
cell_5191388,-0.23796627,-0.5132899999999999,-0.82456374,Fibroblast,G0,
cell_5191472,0.3153577,-0.18729815,0.9303058000000001,Fibroblast,G1,
cell_5192145,-0.93805456,-0.3228537,0.12577409,Fibroblast,G0,
cell_5192303,0.84443456,0.37958065,-0.37795344,Fibroblast,S,
cell_5193131,-0.2941687,0.56673187,0.7695972,Fibroblast,G1-G0 transition,
cell_5193302,0.8557955,-0.48102948,0.1903276,Fibroblast,G2M,
cell_5194465,0.49118993,-0.84811926,0.19856009,Fibroblast,G2M,
cell_5194991,-0.723645,0.61567277,-0.3119053,Fibroblast,G0,
cell_5195521,-0.8789011999999998,0.3751264,-0.29464033,Fibroblast,G0,
cell_5195700,0.986735,0.12554593,-0.10291885,Fibroblast,S,
cell_5195727,-0.61932456,-0.46142718,-0.63523376,Fibroblast,G0,
cell_5197435,-0.80182797,-0.24014018,-0.54717875,Fibroblast,G0,
cell_5203565,-0.79005545,0.072314546,-0.60875523,Fibroblast,G0,
cell_5204254,0.23117678,0.21435049,0.94900537,Fibroblast,G1,
cell_5204622,-0.87484133,0.4017797,-0.27060235,Fibroblast,G0,
cell_5206589,0.040920317000000005,0.32745009999999997,0.9439818999999999,Fibroblast,G1,
cell_5207378,0.45220150000000003,0.33156586,-0.82799625,Fibroblast,G1,
cell_5208608,-0.9022045,0.24594462,-0.35431385,Fibroblast,G0,
cell_5209343,-0.8878686,0.122668944,-0.44344300000000003,Fibroblast,G0,
cell_5211285,-0.8351013,-0.27812818,-0.47460556,Fibroblast,G0,
cell_5211640,0.47347748,0.81417626,-0.3360597,Fibroblast,G1,
cell_5213461,-0.9974356,-0.06910901,-0.018604113000000002,Fibroblast,G0,
cell_5213743,-0.36808813,-0.84740406,-0.3826454,Fibroblast,G0,
cell_5215069,0.17079495,0.5925254,0.7872373,Fibroblast,G1,
cell_5215288,0.4956388,-0.74613214,0.44455472,Fibroblast,G2M,
cell_5217587,-0.59828746,0.5861043,0.54638255,Fibroblast,G1-G0 transition,
cell_5220136,0.29726815,0.016327174,0.95465446,Fibroblast,G1,
cell_5223487,0.31224418,0.13151738,0.94085425,Fibroblast,G1,
cell_5225527,0.012693388,-0.12047073,0.99263567,Fibroblast,G1,
cell_5231035,0.4826004,0.8599976999999999,-0.1658339999999999,Fibroblast,G1,
cell_5232111,0.57607895,0.26079842,-0.7746724,Fibroblast,S,
cell_5232370,-0.4735970000000001,0.5898102,0.654087,Fibroblast,G1-G0 transition,
cell_5234077,-0.57468826,0.62587005,0.52727604,Fibroblast,G1-G0 transition,
cell_5238141,-0.5251441,-0.56621116,-0.63531774,Fibroblast,G0,
cell_5240642,-0.91207755,0.39375946,0.11431488,Fibroblast,G0,
cell_5242615,-0.99531025,0.013572812,-0.09577644,Fibroblast,G0,
cell_5242796,0.6514008000000001,-0.6872186,-0.32157084,Fibroblast,S,
cell_5244937,0.43567404,-0.72620356,0.53180474,Fibroblast,G2M,
cell_5247657,0.92537385,0.29788023,-0.23441531,Fibroblast,S,
cell_5248788,-0.06192719,-0.25477943,0.9650141999999999,Fibroblast,G1,
cell_5249615,-0.1532135,-0.015587229,0.98807013,Fibroblast,G1,
cell_5252087,0.99593097,-0.07083117,-0.055717357,Fibroblast,S,
cell_5253952,-0.88796973,0.28522983,0.36076823,Fibroblast,G0,
cell_5254747,-0.84182906,0.05129361,-0.5373014,Fibroblast,G0,
cell_5257387,-0.47886235,0.66066194,0.57811457,Fibroblast,G1-G0 transition,
cell_5259617,-0.734887,-0.045537133,-0.67665905,Fibroblast,G0,
cell_5261044,0.21829876,-0.17792907,0.9595243,Fibroblast,G1,
cell_5262001,-0.6181762,-0.13611427,-0.77416474,Fibroblast,G0,
cell_5264855,0.87968475,-0.36792475,-0.30130753,Fibroblast,S,
cell_5265841,0.39148715,-0.8408587,0.37375736,Fibroblast,G2M,
cell_5267966,-0.5695336,0.77024865,-0.28696412,Fibroblast,G0,
cell_5268510,0.67088944,0.37856162,-0.63765067,Fibroblast,S,
cell_5271108,-0.5668849,-0.6888901999999999,-0.45174316,Fibroblast,G0,
cell_5283799,-0.63667434,-0.08786194,-0.766111,Fibroblast,G0,
cell_5284820,0.9738158000000001,-0.20867634,-0.09020519,Fibroblast,S,
cell_5286574,0.89049745,-0.36964476,0.26528668,Fibroblast,G2M,
cell_5287507,-0.7427187,-0.5004579,-0.44487170000000004,Fibroblast,G0,
cell_5288967,-0.96670043,0.02562042,-0.25462508,Fibroblast,G0,
cell_5290342,0.39664605,-0.61343676,0.6829109,Fibroblast,G2M,
cell_5290963,0.6143524,-0.6833108,0.39453462,Fibroblast,G2M,
cell_5292583,0.50817347,0.06926909,-0.85846466,Fibroblast,G1,
cell_5294883,-0.3932375,0.38462728,0.8351203000000001,Fibroblast,G1-G0 transition,
cell_5295443,0.20655164,-0.38977924,0.89744556,Fibroblast,G1,
cell_5297007,0.95049626,-0.29068235,0.10982139,Fibroblast,S,
cell_5297052,0.43333596,0.41073963,0.8021925,Fibroblast,S,
cell_5297223,-0.39445555,0.07545031,-0.9158122999999999,Fibroblast,G0,
cell_5298650,0.9979242,-0.031237649,0.056317236,Fibroblast,S,
cell_5298817,-0.34686488,-0.67996144,-0.6460163000000001,Fibroblast,G0,
cell_5298893,0.87019104,-0.30205032,-0.38927249999999997,Fibroblast,S,
cell_5299379,-0.89325285,-0.16576977,-0.41787526,Fibroblast,G0,
cell_5301579,0.23138760000000003,0.6618864999999999,0.7129979999999999,Fibroblast,G1,
cell_5303043,0.79859644,-0.6017993,-0.009014803,Fibroblast,G2M,
cell_5303078,-0.7802545999999999,0.049594603,-0.6234928000000001,Fibroblast,G0,
cell_5303652,-0.17645317,0.56041527,0.80919653,Fibroblast,G1,
cell_5304621,-0.6098848000000001,-0.5569314999999999,-0.56379765,Fibroblast,G0,
cell_5305008,-0.91359395,0.2767251,-0.29794148,Fibroblast,G0,
cell_5306593,-0.84206235,-0.48565513,0.23467022,Fibroblast,G0,
cell_5308040,-0.98016196,-0.19104423,-0.05276958,Fibroblast,G0,
cell_5310811,-0.8758334000000001,-0.35301176,-0.3290875,Fibroblast,G0,
cell_5311011,-0.59993017,0.7750644,0.19839065,Fibroblast,G0,
cell_5314581,-0.9660945,0.25673157,-0.027391067,Fibroblast,G0,
cell_5317188,-0.047764315999999994,0.9983818999999999,0.030855356,Fibroblast,G1-G0 transition,
cell_5319019,0.19351247,-0.16600543,0.9669515,Fibroblast,G1,
cell_5322974,0.8336870000000001,-0.43723008,-0.3373366,Fibroblast,S,
cell_5323322,-0.8220325999999999,0.54399866,-0.16830896,Fibroblast,G0,
cell_5323431,-0.5905959,-0.7318026,-0.34009048,Fibroblast,G0,
cell_5326078,-0.6858603,-0.22918993,-0.6907009,Fibroblast,G0,
cell_5330817,0.9030415,-0.42894828,-0.02279104,Fibroblast,S,
cell_5331285,0.22055402,-0.15919441,0.9622957000000001,Fibroblast,G1,
cell_5333510,0.41146930000000004,-0.7534049,0.51290745,Fibroblast,G2M,
cell_5336727,-0.7055815,0.06401688,-0.7057312,Fibroblast,G0,
cell_5337952,-0.6383554,-0.1345530999999999,-0.7578904000000001,Fibroblast,G0,
cell_5338657,0.80783004,-0.5873109000000001,0.04976472,Fibroblast,G2M,
cell_5339813,-0.33134845,-0.7881085,-0.51874197,Fibroblast,G0,
cell_5340487,0.46850299999999995,-0.63982993,0.6091982,Fibroblast,G2M,
cell_5340975,0.3578578,0.38315540000000003,0.8515455,Fibroblast,G1,
cell_5341310,0.43407476,-0.6990173000000001,0.5682904999999999,Fibroblast,G2M,
cell_5346718,0.8076194,0.4053111,-0.42833838,Fibroblast,S,
cell_5346945,0.1374753,0.8925460999999999,0.42949018,Fibroblast,G1,
cell_5348700,0.021863244,-0.12475713,0.9919464,Fibroblast,G1,
cell_5349705,-0.5465401999999999,-0.59508127,-0.5892132,Fibroblast,G0,
cell_5350204,-0.9757418999999999,-0.11670465,-0.18522343,Fibroblast,G0,
cell_5353385,-0.43752399999999997,-0.5795975999999999,-0.68748784,Fibroblast,G0,
cell_5354404,0.9316496,-0.29797947,-0.20793526,Fibroblast,S,
cell_5357134,-0.23109423,-0.8294743,-0.5084957999999999,Fibroblast,G0,
cell_5361767,-0.5992075,-0.70229524,-0.38435897,Fibroblast,G0,
cell_5364878,0.42215820000000004,0.7975893000000001,-0.43085249999999997,Fibroblast,G1,
cell_5366081,0.88018847,-0.40540487,0.24681020000000004,Fibroblast,G2M,
cell_5368605,-0.77622974,0.60004014,0.1934405,Fibroblast,G0,
cell_5373101,0.6511691999999999,-0.69782555,-0.29835907,Fibroblast,S,
cell_5374163,-0.18100776,0.92668223,0.329388,Fibroblast,G1-G0 transition,
cell_5375718,0.29796696,0.5089419,-0.8075852,Fibroblast,G1,
cell_5376156,-0.21688558,-0.7250925,-0.6536065999999999,Fibroblast,G0,
cell_5382861,-0.16258755,0.17082101,0.9717949,Fibroblast,G1-G0 transition,
cell_5383868,-0.5217366,-0.637655,-0.5667335,Fibroblast,G0,
cell_5383993,-0.94325525,-0.3240017,0.07274966,Fibroblast,G0,
cell_5384387,-0.6149061,-0.41150615,-0.67272073,Fibroblast,G0,
cell_5385868,-0.34264708,-0.546413,-0.7642158,Fibroblast,G0,
cell_5386415,-0.45293844,-0.3816437,-0.8057262,Fibroblast,G0,
cell_5388914,-0.6028803,-0.70941037,-0.36506456,Fibroblast,G0,
cell_5389689,0.34065345,-0.62736505,0.70026296,Fibroblast,G2M,
cell_5390031,-0.8377162,0.28902116,-0.46335545,Fibroblast,G0,
cell_5391787,-0.8037165,-0.5704548,0.16917807,Fibroblast,G0,
cell_5394555,-0.6411623000000001,-0.45420304,-0.61855507,Fibroblast,G0,
cell_5395220,0.65852493,0.18566994,-0.72929525,Fibroblast,S,
cell_5395642,-0.7055682,0.6980075,0.12230695,Fibroblast,G0,
cell_5396597,0.25125447,0.16517977,0.95372266,Fibroblast,G1,
cell_5400093,-0.12364166,0.8174955,0.5625066,Fibroblast,G1-G0 transition,
cell_5400103,-0.061640423,0.64942306,0.757925,Fibroblast,G1,
cell_5405167,0.08450479,0.16019863,-0.9834609000000001,Fibroblast,S,
cell_5410385,-0.5431275999999999,-0.6846803000000001,-0.48603013,Fibroblast,G0,
cell_5410510,-0.49652028,-0.33588767,-0.80040437,Fibroblast,G0,
cell_5416993,-0.8572008,-0.21256688,-0.46906528,Fibroblast,G0,
cell_5418213,0.6520848000000001,-0.64950365,0.39106295,Fibroblast,G2M,
cell_5418359,0.9798394,-0.037607264,0.19621547,Fibroblast,S,
cell_5421843,-0.85722303,-0.3844978,-0.34253472,Fibroblast,G0,
cell_5422849,0.8242976000000001,-0.4510866,-0.3421321,Fibroblast,S,
cell_5423604,0.03286338,0.9151611999999999,-0.40174615,Fibroblast,G1-G0 transition,
cell_5423958,-0.10673654,-0.18220901,0.9774493000000001,Fibroblast,G1,
cell_5424213,0.08982496,-0.01259955,0.99587786,Fibroblast,G1,
cell_5427196,-0.85205215,-0.26376674,-0.45214415,Fibroblast,G0,
cell_5427342,-0.38534176,-0.7784045,-0.49557874,Fibroblast,G0,
cell_5428708,-0.8370293,-0.5206861,-0.1681306,Fibroblast,G0,
cell_5430068,-0.0029931072999999997,0.4864310000000001,0.8737138000000001,Fibroblast,G1-G0 transition,
cell_5430279,-0.6475108,-0.59304243,-0.47857120000000003,Fibroblast,G0,
cell_5433762,-0.8641403,-0.43166152,-0.2587083,Fibroblast,G0,
cell_5433890,-0.55642515,-0.5390043000000001,-0.6323489999999999,Fibroblast,G0,
cell_5434984,-0.10512059,-0.37150809999999995,0.9224595,Fibroblast,G1,
cell_5436787,0.42606738,-0.8822401,0.20029749,Fibroblast,G2M,
cell_5437849,0.6260491,-0.77498084,0.08641268,Fibroblast,G2M,
cell_5437875,-0.7874272,-0.31802455,-0.5280329,Fibroblast,G0,
cell_5438321,-0.60457814,-0.19106975,-0.7732901,Fibroblast,G0,
cell_5440682,0.4648109,0.712069,-0.5262210999999999,Fibroblast,S,
cell_5443005,0.09561069,-0.18847944,0.9774119000000001,Fibroblast,G1,
cell_5443375,0.6050916000000001,-0.53462183,0.58995223,Fibroblast,G2M,
cell_5443527,0.5675794,-0.62743276,0.53308713,Fibroblast,G2M,
cell_5445193,0.98277396,-0.09420344,-0.15900001,Fibroblast,S,
cell_5445735,-0.75514716,-0.49930978,-0.42478523,Fibroblast,G0,
cell_5445855,-0.849875,-0.43487117,-0.29765636,Fibroblast,G0,
cell_5445912,0.9123071,-0.31110165,0.26629257,Fibroblast,G2M,
cell_5446050,-0.7247823,-0.3233997,-0.6083611999999999,Fibroblast,G0,
cell_5447227,-0.7634531,-0.5112372000000001,-0.39468455,Fibroblast,G0,
cell_5448395,0.8998972,0.21323241,-0.3804167,Fibroblast,S,
cell_5451457,0.29458213,0.9459023000000001,0.13597855,Fibroblast,G1,
cell_5451547,-0.8219475,-0.5695628,0.0005089815,Fibroblast,G0,
cell_5452843,-0.9297009,0.36580609999999997,-0.04291913,Fibroblast,G0,
cell_5454069,-0.2847382,-0.72500604,-0.6271285,Fibroblast,G0,
cell_5454252,0.13500033,0.98456764,0.11136185400000001,Fibroblast,G1,
cell_5456825,-0.48770854,0.8188613,-0.30266574,Fibroblast,G0,
cell_5457732,-0.44618452,-0.3359552,-0.8294898,Fibroblast,G0,
cell_5460246,0.19081335,-0.33563253,0.9224646000000001,Fibroblast,G1,
cell_5462518,0.81732476,0.093302675,-0.5685726999999999,Fibroblast,S,
cell_5464579,-0.8958690999999999,0.31067532,-0.31764653,Fibroblast,G0,
cell_5465488,0.30918145,0.15812516,0.93776506,Fibroblast,G1,
cell_5467963,0.26091805,-0.16168812,0.9517241,Fibroblast,G1,
cell_5471292,-0.9025388000000001,-0.025618086,-0.42984593,Fibroblast,G0,
cell_5472395,0.069884844,0.44120347,0.8946818000000001,Fibroblast,G1,
cell_5472539,-0.99330777,0.06626455,-0.09459709,Fibroblast,G0,
cell_5472956,0.9938474,0.06861144,-0.08694650000000001,Fibroblast,S,
cell_5473062,-0.15798664,0.47974703,0.8630661000000001,Fibroblast,G1,
cell_5474310,0.9654834000000001,0.18737091,-0.180925,Fibroblast,S,
cell_5474666,0.7982825,-0.5331018,-0.2802631,Fibroblast,S,
cell_5479599,-0.5694071999999999,0.7203076,-0.39614683,Fibroblast,G0,
cell_5479842,-0.31794474,-0.6896093000000001,-0.6506538000000001,Fibroblast,G0,
cell_5480651,-0.40812942,-0.74050975,-0.53392476,Fibroblast,G0,
cell_5481362,0.95628494,-0.29136494,0.02501324,Fibroblast,S,
cell_5483107,-0.32490104,0.91755056,-0.22921677,Fibroblast,G0,
cell_5484486,-0.32829878,-0.88160235,-0.33911237,Fibroblast,G0,
cell_5485345,0.14662366,0.3740549,0.91574246,Fibroblast,G1,
cell_5486377,-0.5072932,0.8476889999999999,0.15516807,Fibroblast,G0,
cell_5489618,-0.15389968,0.63502884,-0.7570026999999999,Fibroblast,G1-G0 transition,
cell_5492945,-0.77983433,-0.5016723,0.37441057,Fibroblast,G0,
cell_5493139,-0.7994210999999999,0.60008556,-0.028694602000000003,Fibroblast,G0,
cell_5497909,0.112365335,0.08163786,0.9903076,Fibroblast,G1,
cell_5501998,-0.8608100000000001,0.16459575,-0.48157486,Fibroblast,G0,
cell_5502547,-0.8772928,-0.38958082,0.28032896,Fibroblast,G0,
cell_5506998,-0.7442840000000001,0.6658147,0.052268546,Fibroblast,G0,
cell_5507298,0.43232584,0.78573114,0.4424037,Fibroblast,S,
cell_5508201,0.9410115,0.28624132,-0.18045285,Fibroblast,S,
cell_5508553,0.043273177,0.99741715,0.05732626,Fibroblast,G1,
cell_5508784,0.532812,0.21094316,-0.8195208,Fibroblast,G1,
cell_5508923,0.52579844,0.8290685999999999,0.19021358,Fibroblast,S,
cell_5513580,-0.6757962,-0.56946623,-0.46798256,Fibroblast,G0,
cell_5514993,-0.26095203,-0.95593524,-0.13450606,Fibroblast,G0,
cell_5517733,0.76330197,0.53902185,-0.35612586,Fibroblast,S,
cell_5517796,-0.8246537,-0.12984014,-0.55053425,Fibroblast,G0,
cell_5518453,0.92742276,0.3332352,-0.16982727,Fibroblast,S,
cell_5523419,0.7951819999999999,-0.52290523,0.30701098,Fibroblast,G2M,
cell_5525263,0.15578885,0.8900292,0.42845997,Fibroblast,G1,
cell_5526288,0.18449967,0.6222308000000001,0.7607816,Fibroblast,G1,
cell_5532875,0.9831645,-0.10651183,-0.14846794,Fibroblast,S,
cell_5533020,-0.42422137,-0.52402633,-0.73853403,Fibroblast,G0,
cell_5534903,0.6312418000000001,0.61989015,0.4661222,Fibroblast,S,
cell_5535527,0.016207144,0.6735806,0.73893595,Fibroblast,G1-G0 transition,
cell_5535992,0.9685145000000001,-0.08209722,0.23503092,Fibroblast,S,
cell_5536631,-0.7310448,-0.12919031,-0.66998744,Fibroblast,G0,
cell_5539053,0.9897439,-0.030602586,0.13953727,Fibroblast,S,
cell_5546882,-0.2231731,0.8348464,-0.50321496,Fibroblast,G1-G0 transition,
cell_5547170,0.3822276,0.8692379000000001,0.31357235,Fibroblast,S,
cell_5547196,-0.82518095,0.55282694,-0.11601196,Fibroblast,G0,
cell_5547440,0.6916361999999999,0.5987908000000001,-0.40384254,Fibroblast,S,
cell_5547655,-0.6095210999999999,-0.12428128,-0.78296757,Fibroblast,G0,
cell_5547713,-0.8899896,0.2892093,-0.3525284,Fibroblast,G0,
cell_5548953,-0.33899176,-0.6447658000000001,-0.6850997,Fibroblast,G0,
cell_5549028,0.70419455,0.6191076,-0.34758553,Fibroblast,S,
cell_5549622,0.95526797,-0.19264482,-0.22439077,Fibroblast,S,
cell_5550294,0.704249,-0.6689775,-0.2377026,Fibroblast,S,
cell_5551283,0.55134636,-0.70349723,0.44845167,Fibroblast,G2M,
cell_5551664,0.35761067,-0.5813944000000001,0.7308180000000001,Fibroblast,G2M,
cell_5552761,-0.010053051,-0.098829776,0.9950536,Fibroblast,G1,
cell_5553214,-0.8454335,-0.16729982,-0.50720125,Fibroblast,G0,
cell_5554000,0.46827003,-0.75749063,0.45489650000000004,Fibroblast,G2M,
cell_5554326,0.930467,0.17518881,-0.32177642,Fibroblast,S,
cell_5556802,-0.9678360999999999,0.1483816,-0.20316510000000002,Fibroblast,G0,
cell_5557414,0.18504943,-0.20545360000000001,0.96101266,Fibroblast,G1,
cell_5558704,-0.65203583,-0.7196024999999999,-0.23879164,Fibroblast,G0,
cell_5559555,0.16104813,0.69185954,-0.70384204,Fibroblast,G1,
cell_5564322,0.631209,0.77526695,-0.023157565,Fibroblast,S,
cell_5564908,0.8620104999999999,0.40227374,0.30840507,Fibroblast,S,
cell_5565991,0.5690935,-0.59833395,0.5640291999999999,Fibroblast,G2M,
cell_5566062,-0.22289404,0.8102789,-0.5420022,Fibroblast,G1-G0 transition,
cell_5566237,0.7622069,-0.09233092,-0.6407148,Fibroblast,G1,
cell_5566522,-0.8939226999999998,0.15865265,-0.41920343,Fibroblast,G1-G0 transition,
cell_5567303,-0.39438632,0.29142737,0.8715099000000001,Fibroblast,G1-G0 transition,
cell_5567693,-0.77677137,0.62350076,-0.08873102,Fibroblast,G0,
cell_5568473,-0.18225625,0.66024184,0.7286038,Fibroblast,G1-G0 transition,
cell_5569459,0.4616714,0.17663287,0.8692873999999999,Fibroblast,G1,
cell_5570484,0.98368317,0.03351168,-0.17676061,Fibroblast,S,
cell_5571731,-0.21912849999999998,0.33225685,0.91738105,Fibroblast,G1-G0 transition,
cell_5572261,-0.67739815,-0.48519585,-0.5529166,Fibroblast,G0,
cell_5572580,0.042901075999999996,0.11049259,0.9929505,Fibroblast,G1,
cell_5572633,-0.88938314,-0.15251242,-0.43097275,Fibroblast,G0,
cell_5573811,-0.97674406,-0.053989794,-0.2074999,Fibroblast,G0,
cell_5575387,-0.46271917,-0.57396495,-0.67561454,Fibroblast,G0,
cell_5576260,-0.84243697,-0.08601966,-0.53188413,Fibroblast,G0,
cell_5576885,-0.616905,0.19524622,-0.76243496,Fibroblast,G0,
cell_5580641,0.10771544,0.9309878,0.34879652,Fibroblast,G1,
cell_5584532,-0.79885,0.585272,-0.13890818,Fibroblast,G0,
cell_5585937,0.50344485,-0.81986725,0.27269214,Fibroblast,G2M,
cell_5593678,-0.7363122,0.48836717,0.46833923,Fibroblast,G0,
cell_5594493,-0.2520971,0.90958065,0.3303180999999999,Fibroblast,G1-G0 transition,
cell_5596539,-0.28883055,0.121579915,-0.9496290000000001,Fibroblast,G0,
cell_5596634,-0.8015691999999999,-0.58642626,-0.11658049,Fibroblast,G0,
cell_5598294,0.4415378,0.70514774,0.5548071,Fibroblast,S,
cell_5601164,-0.7669892,-0.49792784,-0.40471643,Fibroblast,G0,
cell_5602498,0.7300996999999999,-0.10172428,-0.6757267,Fibroblast,S,
cell_5603884,0.2012411,-0.17823745,0.9631892,Fibroblast,G1,
cell_5605464,0.89889663,-0.14596514,-0.413133,Fibroblast,S,
cell_5607987,-0.7093048000000001,0.6532654999999999,0.2648220999999999,Fibroblast,G0,
cell_5609211,-0.39368909999999996,0.7605149,0.51635826,Fibroblast,G1-G0 transition,
cell_5611982,-0.99783677,0.024466043,-0.061017174,Fibroblast,G0,
cell_5615012,0.9547019,0.023124457999999997,-0.2966641,Fibroblast,S,
cell_5619034,0.48410243,-0.6847437,0.54476684,Fibroblast,G2M,
cell_5622086,0.20729044,-0.08022454400000001,0.9749844999999999,Fibroblast,G1,
cell_5622836,0.32362068,-0.5830755999999999,0.7451795,Fibroblast,G2M,
cell_5624334,-0.54873955,-0.055150744,0.83417207,Fibroblast,G0,
cell_5624459,-0.21733399,-0.7850256,-0.5800869000000001,Fibroblast,G0,
cell_5625194,-0.86977375,-0.4595335,-0.17978448,Fibroblast,G0,
cell_5627587,-0.9546021,-0.07040081,0.28944525,Fibroblast,G0,
cell_5628121,-0.14561729,-0.012077823,-0.9892673000000001,Fibroblast,G0,
cell_5628552,0.83217263,-0.30170990000000003,-0.46525228,Fibroblast,S,
cell_5630736,0.705782,0.57304776,-0.41651896,Fibroblast,S,
cell_5631557,0.23225486,0.50668156,0.8302599,Fibroblast,G1,
cell_5632722,0.21551412,0.9082453000000001,0.35866988,Fibroblast,S,
cell_5639340,0.87715614,0.33598578,-0.34308982,Fibroblast,S,
cell_5640139,0.48599488,-0.6708484,0.56015295,Fibroblast,G2M,
cell_5641653,-0.11595204,0.4644603,0.8779701999999999,Fibroblast,G1,
cell_5641717,-0.47277322,-0.51928055,-0.7119223000000001,Fibroblast,G0,
cell_5641963,-0.46073636,-0.80233127,-0.37945586,Fibroblast,G0,
cell_5642056,-0.47080815,-0.42712626,-0.7719475,Fibroblast,G0,
cell_5642723,0.29931438,-0.6362605,0.7110439000000001,Fibroblast,G2M,
cell_5644583,0.96416163,0.19558499999999998,-0.17927334,Fibroblast,S,
cell_5644960,0.90073043,-0.20737131,-0.381683,Fibroblast,S,
cell_5645412,0.22500813,0.6193875,-0.7521505999999999,Fibroblast,G1,
cell_5645792,0.61102283,0.55247885,-0.56693745,Fibroblast,G0,
cell_5647114,-0.66473866,-0.58943725,-0.45900562,Fibroblast,G0,
cell_5652419,-0.7040599,0.70992506,0.01749324,Fibroblast,G0,
cell_5653092,-0.27739894,0.9435180000000001,0.1811728,Fibroblast,G1-G0 transition,
cell_5657178,0.19637783,-0.45855966,0.8666943000000001,Fibroblast,G2M,
cell_5657282,0.9762523999999999,0.14141315,-0.16411425,Fibroblast,S,
cell_5659121,-0.9584885000000001,-0.28395805,-0.025837552000000003,Fibroblast,G0,
cell_5659373,-0.7829558000000001,0.39188114,-0.48312473,Fibroblast,G0,
cell_5660259,-0.017841205,0.91334283,0.40680029999999995,Fibroblast,G1-G0 transition,
cell_5665441,-0.9068335,0.29815474,-0.29792053,Fibroblast,G0,
cell_5667863,-0.46677616,0.38883445,0.79430956,Fibroblast,G1-G0 transition,
cell_5670468,0.4434804,0.8466383,-0.2941579,Fibroblast,S,
cell_5671669,0.89875305,0.13018963,-0.41868073,Fibroblast,S,
cell_5673640,-0.5406594,-0.6129918000000001,-0.57613224,Fibroblast,G0,
cell_5675115,-0.12398607,0.19645262,0.9726427,Fibroblast,G1,
cell_5680915,-0.19214353,-0.7763534000000001,-0.60029674,Fibroblast,G0,
cell_5684297,0.14534277,0.827441,-0.5424177,Fibroblast,G1,
cell_5685758,-0.15135618,0.9875535,0.042770877,Fibroblast,G1,
cell_5687384,0.8638096,-0.38877532,-0.3204475,Fibroblast,S,
cell_5688230,-0.9819213,-0.14051205,0.12683398,Fibroblast,G0,
cell_5690285,0.7003634,-0.71056473,0.06774128,Fibroblast,G2M,
cell_5692124,-0.5657557,-0.7992623999999999,-0.20273185,Fibroblast,G0,
cell_5693387,0.7631958000000001,-0.407939,-0.5011165,Fibroblast,S,
cell_5695494,0.0010409128999999,0.09732537,0.995252,Fibroblast,G1,
cell_5696036,0.94468045,0.3278237,0.010507356,Fibroblast,S,
cell_5696901,0.639754,-0.7656651,0.06687087,Fibroblast,G2M,
cell_5697426,-0.12289178,-0.5007682999999999,0.8568131,Fibroblast,G1,
cell_5699623,0.12312906,0.84668684,-0.5176491,Fibroblast,G1,
cell_5701305,-0.33414283,0.91292244,0.23435296,Fibroblast,G1-G0 transition,
cell_5702747,0.20256883,0.8517688,-0.48317268,Fibroblast,G1-G0 transition,
cell_5703027,0.9906121999999999,0.08988683,0.10299407,Fibroblast,S,
cell_5704333,-0.25183737,-0.7477901,-0.6143191,Fibroblast,G0,
cell_5707059,0.7451456999999999,-0.47052124,0.47261792,Fibroblast,G2M,
cell_5707464,-0.39899743,-0.83833736,-0.37147197,Fibroblast,G0,
cell_5707717,-0.8830428,-0.31022313,-0.35213187,Fibroblast,G0,
cell_5709130,0.12343937,-0.18339962,0.9752576,Fibroblast,G1,
cell_5709863,-0.82219315,0.43093383,-0.37187958,Fibroblast,G0,
cell_5710198,-0.38298264,0.6003433000000001,0.7020770000000001,Fibroblast,G1-G0 transition,
cell_5710472,0.8324870999999999,0.53604347,-0.14008057,Fibroblast,S,
cell_5710627,-0.9070816999999999,0.41557056,-0.06710965,Fibroblast,G0,
cell_5713104,-0.6458549,-0.28701109999999996,-0.70745736,Fibroblast,G0,
cell_5713108,0.5716521999999999,0.7477508,-0.33776113,Fibroblast,S,
cell_5721087,-0.41340712,-0.6032174,-0.68207294,Fibroblast,G0,
cell_5721613,-0.5116904,-0.5279984000000001,-0.6777835999999999,Fibroblast,G0,
cell_5722473,0.7381342,-0.6336729999999999,0.23155198,Fibroblast,G2M,
cell_5722842,0.87148327,-0.08406471,-0.48316666,Fibroblast,S,
cell_5723982,0.8212325999999999,-0.528602,0.21484149,Fibroblast,G2M,
cell_5724038,-0.42911553,-0.24224098,-0.87016046,Fibroblast,G0,
cell_5724363,-0.59553343,-0.77456987,-0.21302867,Fibroblast,G0,
cell_5729219,-0.5780860999999999,0.6330279999999999,-0.514871,Fibroblast,G0,
cell_5730014,-0.6118319999999999,0.43777063,0.6588008000000001,Fibroblast,G1-G0 transition,
cell_5731191,-0.6069427,-0.42395273,-0.6722236,Fibroblast,G0,
cell_5732097,-0.64571214,0.7040529000000001,0.29557663,Fibroblast,G0,
cell_5733164,0.86310285,-0.39239478,0.31793064,Fibroblast,G2M,
cell_5733482,-0.7563283000000001,0.6507685999999999,-0.06684157,Fibroblast,G0,
cell_5738918,0.5680562,0.76741487,-0.29729897,Fibroblast,S,
cell_5739325,-0.7279334,-0.64856094,0.22244442,Fibroblast,G0,
cell_5739731,-0.5616472,-0.45159897,-0.693261,Fibroblast,G0,
cell_5739852,-0.15956932,0.9863864999999999,-0.039741057999999996,Fibroblast,G1-G0 transition,
cell_5742572,-0.31560373,-0.5337274999999999,-0.78455657,Fibroblast,G0,
cell_5742850,-0.62437016,-0.2807284,-0.72893995,Fibroblast,G0,
cell_5743168,-0.24833427,-0.44009218,-0.8629305,Fibroblast,G0,
cell_5743309,0.25078297,0.9333273999999999,0.25692022,Fibroblast,S,
cell_5743652,-0.7360465,0.61184895,-0.28961414,Fibroblast,G0,
cell_5743693,-0.513149,0.5794394,0.6331886999999999,Fibroblast,G1-G0 transition,
cell_5743740,-0.8357148000000001,0.48872550000000003,0.2504563,Fibroblast,G0,
cell_5744807,0.8460542,-0.35206097,-0.40030667,Fibroblast,S,
cell_5745228,-0.5786661999999999,0.04425221,-0.8143630999999999,Fibroblast,G0,
cell_5745296,0.8451671000000001,-0.4181722,-0.33290344,Fibroblast,S,
cell_5750433,-0.9803421,-0.18952161,-0.05486996,Fibroblast,G0,
cell_5751159,0.8208264999999999,0.41145962,-0.39616278,Fibroblast,S,
cell_5752481,0.68290615,0.06780881,-0.7273522,Fibroblast,S,
cell_5753038,-0.6657907,-0.37594279999999997,-0.6445074000000001,Fibroblast,G0,
cell_5753263,0.89235497,0.35419473,-0.27972952,Fibroblast,S,
cell_5755664,-0.9163388000000001,0.24013023,-0.3204071,Fibroblast,G0,
cell_5755751,0.18608926,0.2839448,0.9406094000000002,Fibroblast,G1,
cell_5756768,-0.036379725,0.38493708,0.9222254000000001,Fibroblast,G1,
cell_5757540,-0.45483252,-0.7059498000000001,-0.54292005,Fibroblast,G0,
cell_5758441,-0.381575,0.40170878,0.8324845,Fibroblast,G1-G0 transition,
cell_5758761,-0.3512554,0.93160945,-0.093399525,Fibroblast,G1-G0 transition,
cell_5760046,0.43179768,0.31727657,-0.84432596,Fibroblast,S,
cell_5760670,-0.58379793,-0.49799849999999996,-0.6412313000000001,Fibroblast,G0,
cell_5762835,0.6348001999999999,0.42412174,-0.64587116,Fibroblast,G1,
cell_5765261,0.5384339,-0.63906926,0.5492534,Fibroblast,G2M,
cell_5765312,0.9648078000000001,-0.15890166,0.20951405,Fibroblast,S,
cell_5767372,-0.76081944,0.5025265999999999,-0.41063464,Fibroblast,G0,
cell_5770060,0.96893716,0.12838957,-0.21136914,Fibroblast,S,
cell_5772094,-0.8282448,0.24503948,-0.50395054,Fibroblast,G0,
cell_5772450,0.6293653,0.656451,-0.4158982,Fibroblast,S,
cell_5773687,0.56682783,0.71958816,-0.40112215,Fibroblast,G1,
cell_5775373,-0.67816836,-0.67950815,-0.27992195,Fibroblast,G0,
cell_5777465,0.10422205,0.4155430000000001,0.9035827,Fibroblast,G1,
cell_5777830,-0.3451723,-0.88613373,-0.30922994,Fibroblast,G0,
cell_5778378,-0.03319895,0.6972654,0.71604395,Fibroblast,G1,
cell_5779362,-0.8457071,-0.43460998,0.30966672,Fibroblast,G0,
cell_5779387,-0.07384486,-0.4976573,-0.8642245999999999,Fibroblast,G0,
cell_5779597,0.30742782,0.5423714,0.7818704000000001,Fibroblast,G1,
cell_5779766,-0.9192454,0.3252281,-0.22184324,Fibroblast,G0,
cell_5781231,-0.5515868,0.4338026,0.71243757,Fibroblast,G1-G0 transition,
cell_5781593,-0.608783,-0.7721089,0.18229379999999998,Fibroblast,G0,
cell_5781686,0.12671107,-0.15491161,0.97976875,Fibroblast,G1,
cell_5786970,-0.78914094,0.19424297,-0.58268887,Fibroblast,G0,
cell_5787651,-0.8790030999999999,-0.40707365,-0.24828355,Fibroblast,G0,
cell_5787740,-0.64759594,-0.344235,-0.6797953,Fibroblast,G0,
cell_5789164,0.036940217000000004,0.497463,0.8666984000000001,Fibroblast,G1,
cell_5789705,-0.047614094,0.26794022,0.9622583,Fibroblast,G1,
cell_5790912,0.04439016,0.19628264,0.979542,Fibroblast,G1,
cell_5793057,-0.98514694,-0.13712725,-0.10335243,Fibroblast,G0,
cell_5794907,-0.87892455,-0.07911544,-0.47035348,Fibroblast,G0,
cell_5795436,0.82359344,0.56586605,-0.03859103,Fibroblast,S,
cell_5795516,-0.37112337,0.12812279,0.91970223,Fibroblast,G1,
cell_5797747,0.69385254,-0.6518728,0.30599084,Fibroblast,G2M,
cell_5798817,-0.8536939,0.0066927564,-0.52073205,Fibroblast,G0,
cell_5801759,0.57732004,0.081942305,-0.8123958,Fibroblast,S,
cell_5802437,0.91316867,0.05355809,-0.40404767,Fibroblast,S,
cell_5803049,0.94039315,-0.3159518,0.12583782,Fibroblast,S,
cell_5803523,-0.5845931,-0.60035807,-0.5457298,Fibroblast,G0,
cell_5803526,0.16484225,0.09759647,-0.9814795000000001,Fibroblast,G1,
cell_5804435,-0.015212306,0.7792517,-0.6265265,Fibroblast,G0,
cell_5804557,-0.46593282,-0.7867712,-0.4048426,Fibroblast,G0,
cell_5805351,-0.9255555,0.119678885,-0.35919902,Fibroblast,G0,
cell_5806297,0.19702119,-0.28067097,0.9393649,Fibroblast,G1,
cell_5806808,-0.60878515,-0.7887715000000001,-0.08497093,Fibroblast,G0,
cell_5807026,-0.54377127,-0.42088345,-0.72606474,Fibroblast,G0,
cell_5807347,0.38435474,0.7464979,0.54315037,Fibroblast,S,
cell_5808726,0.39946172,0.6299665,-0.6660121999999999,Fibroblast,G1,
cell_5811203,-0.99122167,0.13198607,0.007696058,Fibroblast,G0,
cell_5811283,-0.294652,-0.78936595,-0.5385920999999999,Fibroblast,G0,
cell_5815044,0.9911315999999999,-0.009396711,-0.13255174,Fibroblast,S,
cell_5815511,-0.52175343,0.5412604,-0.65940166,Fibroblast,G0,
cell_5815667,-0.16534981,-0.8498898000000001,-0.5003465,Fibroblast,G0,
cell_5818118,-0.9680569,0.1588322999999999,-0.19400531,Fibroblast,G0,
cell_5828818,-0.86509204,0.49572029999999995,-0.07666272,Fibroblast,G0,
cell_5829499,0.9794169,0.100745045,-0.17490804,Fibroblast,S,
cell_5830186,-0.6610377,-0.11577004,-0.74136806,Fibroblast,G0,
cell_5831679,0.017971748,0.99849135,-0.051884454,Fibroblast,G1-G0 transition,
cell_5836144,-0.85223913,0.019875723999999997,-0.52277464,Fibroblast,G0,
cell_5836584,-0.6909036999999999,-0.7084943,-0.14383234,Fibroblast,G0,
cell_5837437,0.074760735,0.663406,0.7445154,Fibroblast,G1,
cell_5837827,0.69750744,-0.707599,0.11307978,Fibroblast,G2M,
cell_5841218,0.9581832,-0.28576517,0.014941880500000001,Fibroblast,G2M,
cell_5845224,0.48168597,0.23954467,-0.8429690999999999,Fibroblast,G1,
cell_5845433,0.871174,0.020677637,-0.4905389,Fibroblast,S,
cell_5846859,-0.74801797,-0.26192164,-0.60980815,Fibroblast,G0,
cell_5847623,-0.7788008000000001,-0.47527537,-0.40936852,Fibroblast,G0,
cell_5848916,-0.66468143,-0.6831666999999999,-0.30245975,Fibroblast,G0,
cell_5848942,-0.110015936,-0.09491423,0.9893876,Fibroblast,G1,
cell_5851084,-0.7954216,-0.51795167,0.31469092,Fibroblast,G0,
cell_5854834,0.3403158,0.6488793,-0.68054444,Fibroblast,G1,
cell_5855413,-0.12176528,-0.1604509,0.9795043999999999,Fibroblast,G1,
cell_5856547,-0.97602826,-0.21753749,0.00680784,Fibroblast,G0,
cell_5857194,0.87258726,-0.09445286,-0.47923887,Fibroblast,S,
cell_5857490,-0.24000253,0.53700584,0.80871725,Fibroblast,G1-G0 transition,
cell_5857740,0.7176722,0.6046889,-0.34539545,Fibroblast,S,
cell_5861092,-0.2784518,-0.7544986,-0.59430325,Fibroblast,G0,
cell_5861988,0.5528116999999999,0.47477007,-0.68483037,Fibroblast,G1,
cell_5862515,0.61855686,0.7823911,0.07246795,Fibroblast,S,
cell_5863497,0.05937963,0.93858427,-0.33990246,Fibroblast,G1,
cell_5864745,-0.594481,0.66882604,0.44639018,Fibroblast,G1-G0 transition,
cell_5864841,-0.69153535,0.6895458999999999,0.21518609,Fibroblast,G1-G0 transition,
cell_5864876,-0.10320738,-0.9821129000000001,-0.15748844,Fibroblast,G0,
cell_5866357,-0.7836049,0.5283291999999999,-0.32685068,Fibroblast,G0,
cell_5866552,0.99804354,-0.0509994,0.036167994,Fibroblast,S,
cell_5866808,0.9114322,0.40352255,-0.08037978,Fibroblast,S,
cell_5868835,-0.87005025,-0.33656108,-0.36019322,Fibroblast,G0,
cell_5870218,-0.76193756,0.12670048,-0.63513625,Fibroblast,G0,
cell_5871585,-0.9934808,-0.11087446,-0.026509547999999997,Fibroblast,G0,
cell_5871806,-0.022904756000000002,0.06844418,0.9973920000000001,Fibroblast,G1,
cell_5872200,-0.9431728000000001,0.046707418,-0.32900363,Fibroblast,G0,
cell_5872527,-0.6154573,-0.52269286,-0.58991903,Fibroblast,G0,
cell_5876080,-0.48178205,-0.57526356,-0.661028,Fibroblast,G0,
cell_5876690,-0.5747549,-0.60873336,-0.5469008000000001,Fibroblast,G0,
cell_5876852,0.05495559,-0.38436702,0.92154324,Fibroblast,G1,
cell_5877812,0.3823069000000001,-0.07568239,0.92093086,Fibroblast,G1,
cell_5878644,0.700224,-0.55085033,-0.45414785,Fibroblast,S,
cell_5884610,-0.55168545,0.6428246999999999,0.5314317,Fibroblast,G1-G0 transition,
cell_5886558,-0.34902075,0.88510656,-0.30784863,Fibroblast,G1-G0 transition,
cell_5886896,-0.9563513000000001,0.23977955,-0.16702689,Fibroblast,G1-G0 transition,
cell_5887391,-0.4810445,0.32720903,0.81334513,Fibroblast,G1,
cell_5889214,-0.9366728999999999,0.34745708,-0.04378756,Fibroblast,G0,
cell_5890734,-0.8604516999999999,-0.23472746,-0.4522454000000001,Fibroblast,G0,
cell_5891461,-0.6656764000000001,-0.578849,-0.47096556,Fibroblast,G0,
cell_5894557,-0.11497968,0.23509327,-0.96514803,Fibroblast,G0,
cell_5895114,-0.90803754,-0.093241036,-0.4083795,Fibroblast,G0,
cell_5897057,0.45537388,-0.6729282,0.58292556,Fibroblast,G2M,
cell_5898197,-0.49970126,0.8208565999999999,0.27657402,Fibroblast,G0,
cell_5898899,0.9814536,-0.19065787,-0.01996078,Fibroblast,S,
cell_5902948,0.39036659999999995,0.35220087,0.8506283000000001,Fibroblast,G1,
cell_5903324,0.9225698,-0.35431492,0.15272821,Fibroblast,G2M,
cell_5905648,0.022619212000000003,-0.26795712,0.9631652,Fibroblast,G1,
cell_5911439,-0.96464765,0.25978979999999996,0.044315662,Fibroblast,G0,
cell_5913148,-0.85894066,0.07375185,-0.5067362,Fibroblast,G0,
cell_5913611,0.8422374,-0.5390948,-0.0035945075,Fibroblast,G2M,
cell_5916740,-0.37238187,-0.92787975,-0.01925279,Fibroblast,G0,
cell_5918269,0.97332704,-0.21824062,-0.07074902,Fibroblast,S,
cell_5919378,0.2954726,0.953312,-0.06238872,Fibroblast,G1,
cell_5922945,-0.6855003000000001,0.27620977,0.67364484,Fibroblast,G1-G0 transition,
cell_5922986,0.95271355,-0.12742051,-0.27586377,Fibroblast,S,
cell_5923369,0.39107102,0.8810583000000001,0.26608214,Fibroblast,G1,
cell_5924713,-0.44710025,0.58696985,0.6749576,Fibroblast,G1-G0 transition,
cell_5925870,-0.10171799999999999,-0.86442876,-0.49235797,Fibroblast,G0,
cell_5929693,-0.021419546,-0.43499535,0.9001779000000001,Fibroblast,G1,
cell_5930228,0.67060405,0.67154795,-0.31514058,Fibroblast,S,
cell_5931191,-0.95624393,-0.00915341,-0.29242748,Fibroblast,G0,
cell_5932838,-0.5158651,-0.36859825,-0.7733166,Fibroblast,G0,
cell_5933293,-0.06381032,0.9978043,-0.017742008,Fibroblast,G1-G0 transition,
cell_5933535,0.7808741,0.43819004,-0.4452249,Fibroblast,S,
cell_5935064,0.97620416,-0.12854381,-0.17464797,Fibroblast,S,
cell_5935706,-0.52580225,-0.6917604,-0.49497414,Fibroblast,G0,
cell_5936895,-0.1899776,0.10658609,0.9759855,Fibroblast,G1,
cell_5937164,-0.80971956,0.014124939,-0.586647,Fibroblast,G0,
cell_5938401,0.28804412,-0.5686446,0.77050245,Fibroblast,G2M,
cell_5939515,-0.7649423000000001,0.3056382,0.56696427,Fibroblast,G1-G0 transition,
cell_5940531,0.95387024,-0.042133905,-0.29724765,Fibroblast,S,
cell_5940638,-0.8307767,-0.026855168999999998,-0.5559576999999999,Fibroblast,G0,
cell_5942016,0.31957853,-0.2628399,0.91037613,Fibroblast,G1,
cell_5942876,-0.81504714,0.5439927,-0.19942428,Fibroblast,G0,
cell_5944653,0.7012512,-0.60620564,-0.375182,Fibroblast,S,
cell_5944978,-0.6803544,0.7249466999999999,-0.1075643,Fibroblast,G1-G0 transition,
cell_5945078,0.9213334000000001,-0.11484522,-0.37142333,Fibroblast,S,
cell_5945804,-0.86221135,-0.24447949,-0.44364554,Fibroblast,G0,
cell_5946917,-0.27425432,-0.80921483,-0.51957285,Fibroblast,G0,
cell_5948099,0.021278895,-0.47136113,0.8816834000000001,Fibroblast,G2M,
cell_5948587,-0.600011,-0.29191247,-0.7448313,Fibroblast,G0,
cell_5948915,0.5010185,-0.8054073,0.31670117,Fibroblast,G2M,
cell_5949322,-0.4955044,0.40911508,-0.7662246,Fibroblast,G0,
cell_5951754,-0.37079337,-0.8593597,-0.35215494,Fibroblast,G0,
cell_5951782,0.3571712,0.8223879999999999,0.44283932,Fibroblast,S,
cell_5952145,0.8280963,-0.35791963,-0.43145105,Fibroblast,S,
cell_5954889,0.042325523,0.5051299,0.86200494,Fibroblast,G1,
cell_5955841,0.29026067,-0.67244035,0.6808616999999999,Fibroblast,G2M,
cell_5956430,0.20465216,0.94906473,-0.2395692,Fibroblast,G1-G0 transition,
cell_5956576,-0.39955774,0.22075382,0.8897311,Fibroblast,G1,
cell_5962911,-0.8938016,0.26988834,-0.35816026,Fibroblast,G0,
cell_5962913,0.18423222,-0.44509570000000004,0.87632656,Fibroblast,G1,
cell_5963257,-0.7513344,-0.5158717,-0.41154948,Fibroblast,G0,
cell_5963556,0.359083,0.115352996,-0.92614955,Fibroblast,G1,
cell_5964491,-0.69913405,-0.6896269,-0.18874915,Fibroblast,G0,
cell_5971049,-0.56682366,0.5462089,0.6167387,Fibroblast,G1-G0 transition,
cell_5974047,0.64995176,0.726122,-0.22429805,Fibroblast,S,
cell_5975005,-0.72705734,0.62747574,-0.27867863,Fibroblast,G0,
cell_5977778,-0.15044391,0.9455331,-0.28867579,Fibroblast,G1,
cell_5978432,-0.084462374,-0.40177655,0.91183424,Fibroblast,G1,
cell_5979394,-0.7548151,-0.40337652,-0.5172441,Fibroblast,G0,
cell_5979751,0.052168895,0.6534300000000001,0.75518715,Fibroblast,G1,
cell_5984172,0.87593764,0.2811558,-0.39202636,Fibroblast,S,
cell_5984264,-0.5284546999999999,-0.5915358000000001,-0.60895073,Fibroblast,G0,
cell_5984986,-0.61940235,-0.11427165,-0.7767128000000001,Fibroblast,G0,
cell_5987960,-0.8896673,0.4541550999999999,-0.0472777,Fibroblast,G0,
cell_5988814,0.058377262,0.8883360999999999,-0.45546812,Fibroblast,G1-G0 transition,
cell_5989052,0.9703549000000001,-0.23522216,-0.05551367,Fibroblast,S,
cell_5990571,0.6623963,0.6083188,-0.43724042,Fibroblast,S,
cell_5992954,-0.5398974,-0.7315901,-0.41627717,Fibroblast,G0,
cell_5994604,-0.6219992,-0.6704614000000001,-0.40447307,Fibroblast,G0,
cell_5998354,-0.8724679,-0.46234605,0.15822814,Fibroblast,G0,
cell_5998952,-0.8043359999999999,0.5251802,0.2779014,Fibroblast,G1-G0 transition,
cell_5999191,-0.29267612,-0.8689142,-0.39916024,Fibroblast,G0,
cell_6000340,0.18507172,0.52452683,0.83103555,Fibroblast,G1,
cell_6003524,-0.058722354000000004,0.70968735,-0.7020651,Fibroblast,G1,
cell_6004010,-0.8117376000000001,-0.42042914,-0.40536577,Fibroblast,G0,
cell_6004775,-0.4230102,-0.8095298000000001,-0.40709192,Fibroblast,G0,
cell_6005213,0.23544,-0.8629321,0.44711977,Fibroblast,G2M,
cell_6005620,0.6823627,-0.5455937,0.48652732,Fibroblast,G2M,
cell_6005705,0.52599066,-0.792309,0.30916035,Fibroblast,G2M,
cell_6006605,0.75860953,0.36505377,-0.5396732,Fibroblast,S,
cell_6010331,0.24917443,0.96800333,-0.029690402999999997,Fibroblast,G1,
cell_6011796,0.80980974,0.4966063,-0.31239474,Fibroblast,S,
cell_6013916,0.12833263,0.9755173,-0.17859660000000002,Fibroblast,G1-G0 transition,
cell_6016721,0.28018275,0.7312996,0.62185097,Fibroblast,G1,
cell_6018617,0.9295581,-0.33278614,0.15866658,Fibroblast,S,
cell_6019562,0.39363584,-0.080123246,0.91576797,Fibroblast,G1,
cell_6021206,0.6081904,0.5428349,-0.5791672,Fibroblast,G1,
cell_6021287,-0.8754610999999999,0.041489,-0.4815045,Fibroblast,G0,
cell_6023104,-0.39814126,0.7759196999999999,0.4893182,Fibroblast,G1-G0 transition,
cell_6025955,-0.6026916,-0.61740935,-0.5055377999999999,Fibroblast,G0,
cell_6026973,-0.8209108,-0.43067834,-0.37499535,Fibroblast,G0,
cell_6028901,0.77204156,-0.6308114,-0.07764523,Fibroblast,G2M,
cell_6030846,0.90620124,0.42083833,0.041164894,Fibroblast,S,
cell_6031039,-0.87736535,-0.32686734,-0.35126588,Fibroblast,G0,
cell_6031601,0.48060974,-0.8328180000000001,0.27464244,Fibroblast,G2M,
cell_6032467,-0.8199685,-0.2119212,-0.5317338,Fibroblast,G0,
cell_6033008,0.79198056,-0.11130167,-0.6003156,Fibroblast,S,
cell_6033370,0.8708322000000001,-0.26016453,-0.41709214,Fibroblast,S,
cell_6033821,-0.09481525,-0.30644190000000004,0.9471554,Fibroblast,G1,
cell_6034483,0.41442412,-0.77898926,0.4705617,Fibroblast,G2M,
cell_6034942,-0.8571648000000001,-0.46602443,-0.21929383,Fibroblast,G0,
cell_6035540,-0.9003989,-0.43130198,-0.057099618,Fibroblast,G0,
cell_6036767,-0.6970495,-0.21414195,-0.6842989,Fibroblast,G0,
cell_6038170,0.5082199000000001,0.31214312,-0.8026701999999999,Fibroblast,S,
cell_6038298,0.54889715,-0.6123036999999999,0.56903106,Fibroblast,G2M,
cell_6040630,-0.8460030000000001,0.31117886,-0.4329512,Fibroblast,G0,
cell_6041015,-0.90413654,0.16330335,-0.39480248,Fibroblast,G0,
cell_6041791,-0.66472065,-0.5252515,-0.53127885,Fibroblast,G0,
cell_6048469,0.37542048,0.77067274,-0.514901,Fibroblast,G1,
cell_6055324,0.40201056,0.590004,0.700202,Fibroblast,S,
cell_6055740,0.115231045,0.5995849,0.7919721,Fibroblast,G1,
cell_6056300,0.48313573,-0.7189919,0.49963036,Fibroblast,G2M,
cell_6056637,-0.35375193,-0.85506094,-0.37911758,Fibroblast,G0,
cell_6057556,0.5507239,0.56327134,-0.6159777,Fibroblast,G1,
cell_6058485,-0.6931441999999999,-0.41126009999999996,-0.59195966,Fibroblast,G0,
cell_6058542,-0.74895483,-0.20123829,-0.6313239,Fibroblast,G0,
cell_6058618,0.10611338,-0.01693017,0.9942099,Fibroblast,G1,
cell_6060590,0.13544922,0.43499017,0.8901893,Fibroblast,G1,
cell_6061164,-0.12169183,-0.14270334,0.98225594,Fibroblast,G1,
cell_6062474,0.72019565,-0.6925725,-0.040763717000000005,Fibroblast,G2M,
cell_6063556,0.49207386,0.8594198000000001,-0.13878344,Fibroblast,S,
cell_6064530,0.020444173,-0.3045412,0.9522796999999998,Fibroblast,G1,
cell_6065985,-0.833181,0.51812893,-0.19326629999999997,Fibroblast,G0,
cell_6066423,-0.8579219000000001,-0.08612292,-0.5065105999999999,Fibroblast,G0,
cell_6066728,0.6894733000000001,0.7242951,-0.0048226747,Fibroblast,S,
cell_6069208,0.28937152,0.5388916,0.7911130000000001,Fibroblast,G1,
cell_6070265,0.8768368000000001,-0.19558977,-0.43920612,Fibroblast,S,
cell_6073654,-0.8149430000000001,-0.30121416,-0.49511418,Fibroblast,G0,
cell_6073777,-0.67019004,-0.00904989,-0.74213445,Fibroblast,G0,
cell_6081113,0.90654355,-0.42142618,-0.024054062,Fibroblast,G2M,
cell_6083179,-0.9523768,0.2747183,-0.13231906,Fibroblast,G0,
cell_6084490,0.2767075,0.35483196,0.8930438,Fibroblast,G1,
cell_6086197,-0.9176639999999999,-0.17756051,-0.35547870000000004,Fibroblast,G0,
cell_6086985,-0.090433,0.8388120000000001,-0.53685784,Fibroblast,G1-G0 transition,
cell_6088445,-0.7531413,-0.3695246,-0.54426986,Fibroblast,G0,
cell_6097215,0.33696929999999997,0.45455706,0.8245178,Fibroblast,G1,
cell_6097458,0.8397505,-0.43883795,-0.31974998,Fibroblast,S,
cell_6101428,-0.09710869999999999,0.9233867,-0.37138507,Fibroblast,G1-G0 transition,
cell_6102152,-0.5785425999999999,-0.48690439999999996,-0.6543796,Fibroblast,G0,
cell_6102270,0.805783,-0.5922086999999999,-0.0015983470000000002,Fibroblast,G2M,
cell_6103867,0.94243693,-0.3241146,0.08223304,Fibroblast,S,
cell_6104197,-0.47113472,0.8772612,-0.09189568,Fibroblast,G1-G0 transition,
cell_6105154,-0.98966235,0.03979843,0.13778397,Fibroblast,G0,
cell_6105481,-0.60570884,0.68471575,0.40531585,Fibroblast,G0,
cell_6106196,-0.7534541,-0.31009334,-0.5797836999999999,Fibroblast,G0,
cell_6106221,-0.7378291,0.2523767,-0.6260306,Fibroblast,G0,
cell_6106407,-0.6345052,-0.7688205,-0.079486355,Fibroblast,G0,
cell_6106541,-0.88137525,-0.43262768,0.1897652,Fibroblast,G0,
cell_6107330,-0.52019113,-0.40123487,-0.75393087,Fibroblast,G0,
cell_6107681,-0.40422812,-0.7090681999999999,-0.57777333,Fibroblast,G0,
cell_6110123,0.91790867,-0.029573765,-0.39568794,Fibroblast,S,
cell_6111077,-0.9615398000000001,0.27203295,0.037936963,Fibroblast,G0,
cell_6113526,0.57077926,-0.04086883,-0.8200858,Fibroblast,S,
cell_6113997,0.51888937,-0.7771296999999999,0.35612259999999996,Fibroblast,G2M,
cell_6115089,-0.99913365,-0.022230807999999998,-0.035181955,Fibroblast,G0,
cell_6115325,-0.7311907,-0.38528687,-0.5629513,Fibroblast,G0,
cell_6118575,-0.88426316,0.40775209999999995,-0.22763342,Fibroblast,G0,
cell_6118834,-0.5549126,-0.3586127,-0.7506457,Fibroblast,G0,
cell_6121605,0.18468827,-0.86647415,0.46380258,Fibroblast,G2M,
cell_6124843,-0.82956624,-0.2097458,-0.51751953,Fibroblast,G0,
cell_6126025,0.81533563,0.18989271,-0.546963,Fibroblast,S,
cell_6128048,-0.7064258000000001,-0.22097552,-0.67240787,Fibroblast,G0,
cell_6131417,-0.47959405,-0.19230519,-0.856159,Fibroblast,G0,
cell_6131984,0.17117494,-0.20394348,0.9639015,Fibroblast,G1,
cell_6132202,0.21033667,-0.13077855,0.9688421999999999,Fibroblast,G1,
cell_6135985,0.96750915,-0.22246842,-0.12014095,Fibroblast,S,
cell_6138951,-0.81659436,-0.43804586,-0.37588504,Fibroblast,G0,
cell_6139675,-0.86937803,0.12720695,-0.47749376,Fibroblast,G0,
cell_6140356,-0.95914656,0.14717655,-0.24161306,Fibroblast,G0,
cell_6141782,-0.6487411999999999,-0.41841865,-0.6356576999999999,Fibroblast,G0,
cell_6142429,0.07920896,0.9813634,-0.17507614,Fibroblast,G1,
cell_6143195,-0.07531192,0.5606846,0.8245975,Fibroblast,G1,
cell_6144550,0.3723072,0.7683673000000001,0.5205757000000001,Fibroblast,G1,
cell_6147645,-0.77277684,0.4358039000000001,-0.46140096,Fibroblast,G0,
cell_6153464,-0.1661487,0.6631575,0.7298059,Fibroblast,G1-G0 transition,
cell_6154853,0.5664147,0.14967643,-0.81041425,Fibroblast,G1,
cell_6156723,-0.104025505,-0.76418567,-0.63655245,Fibroblast,G0,
cell_6158592,0.30081853,-0.6671418,0.681491,Fibroblast,G2M,
cell_6159986,-0.32500485,-0.85028595,-0.4139872000000001,Fibroblast,G0,
cell_6162346,0.34385318,0.6725180000000001,0.6553505000000001,Fibroblast,G1,
cell_6164183,0.85997117,0.14737768,-0.4885994000000001,Fibroblast,S,
cell_6165521,0.91649514,-0.39472547,0.06502691,Fibroblast,G2M,
cell_6166425,-0.8511958000000001,-0.38339972,-0.35842758,Fibroblast,G0,
cell_6166878,-0.4591058,-0.8772216999999999,-0.14037059,Fibroblast,G0,
cell_6167671,0.19222042,-0.07094831,0.9787838,Fibroblast,G1,
cell_6168772,-0.5087124,0.1598543999999999,-0.8459658000000001,Fibroblast,G0,
cell_6169521,-0.24221420000000002,-0.76909184,-0.5914644,Fibroblast,G0,
cell_6169873,-0.22385061,0.7727771,0.59389096,Fibroblast,G1-G0 transition,
cell_6171302,0.03861512,0.08382894,0.9957316999999999,Fibroblast,G1,
cell_6171574,0.9980266,0.06074992,-0.015887635,Fibroblast,S,
cell_6173426,0.063515924,-0.31195235,0.9479723,Fibroblast,G1,
cell_6173510,-0.50029004,0.64791405,0.57438415,Fibroblast,G1-G0 transition,
cell_6174819,-0.5457545,-0.59496033,-0.5900628000000001,Fibroblast,G0,
cell_6176238,0.05882416,0.96081734,-0.2708684,Fibroblast,G1,
cell_6177578,-0.042873494000000005,-0.38018763,0.9239152,Fibroblast,G1,
cell_6177704,-0.7718904999999999,-0.6292175999999999,-0.090940155,Fibroblast,G0,
cell_6177885,0.91030735,-0.21927093,-0.35108520000000004,Fibroblast,S,
cell_6178096,0.80040926,0.48336402,-0.35454783,Fibroblast,S,
cell_6179750,-0.9985915000000001,0.05294571,0.0034272156,Fibroblast,G0,
cell_6180456,-0.7882363,-0.60194933,-0.12782998,Fibroblast,G0,
cell_6182016,0.6879656999999999,0.4932087000000001,-0.53239864,Fibroblast,G1,
cell_6182074,0.64570695,-0.6277729999999999,0.43469954,Fibroblast,G2M,
cell_6182347,0.39283067,-0.6562953,0.6441741999999999,Fibroblast,G2M,
cell_6186623,0.91534543,-0.25274986,-0.3134652,Fibroblast,S,
cell_6188193,-0.8706683000000001,-0.48971662,-0.045981854,Fibroblast,G0,
cell_6189953,-0.50707984,-0.7990609000000001,-0.32306630000000003,Fibroblast,G0,
cell_6191262,0.04957825,0.237675,-0.9700787000000001,Fibroblast,G1,
cell_6193000,0.22146799999999997,0.8801926999999999,-0.4197769,Fibroblast,G1,
cell_6193449,-0.8792537,-0.04348537,-0.47436494,Fibroblast,G0,
cell_6195106,0.062049225,0.9204263,-0.38596028,Fibroblast,G1,
cell_6195459,-0.21371317,-0.8324556999999999,-0.5112183,Fibroblast,G0,
cell_6199050,-0.769872,-0.6250760999999999,-0.12875153,Fibroblast,G0,
cell_6200252,-0.8351349,0.49280313,0.24432497,Fibroblast,G0,
cell_6200901,0.059681807,0.95774364,0.28136298,Fibroblast,G1,
cell_6201060,-0.40739483,0.88448924,-0.2273947,Fibroblast,G0,
cell_6201149,-0.29220974,0.8304849,0.47424498,Fibroblast,G1,
cell_6201778,-0.3476953,0.8961610999999999,-0.2756868,Fibroblast,G0,
cell_6201906,-0.8030316999999999,-0.07420471,-0.5912984,Fibroblast,G0,
cell_6203106,-0.24415971,-0.8662066999999999,-0.43597248,Fibroblast,G0,
cell_6203618,-0.34424424,0.8077729,0.47853827,Fibroblast,G1-G0 transition,
cell_6203859,0.7183584,0.6934846,-0.055140622,Fibroblast,S,
cell_6208587,-0.36890206,-0.16535786,-0.9146408000000001,Fibroblast,G0,
cell_6208703,-0.9080658000000001,0.41198918,0.07537528,Fibroblast,G0,
cell_6210197,-0.50587064,-0.7930902,-0.33926803,Fibroblast,G0,
cell_6211347,0.91643995,0.13185409,-0.3778256,Fibroblast,S,
cell_6211416,-0.4797721,0.7541725,-0.4483778000000001,Fibroblast,G0,
cell_6214799,-0.36603004,0.92620575,-0.090359576,Fibroblast,G1-G0 transition,
cell_6215277,-0.9590401,-0.057427917,-0.27738807,Fibroblast,G0,
cell_6215932,0.24862081,0.783072,0.57007533,Fibroblast,G1,
cell_6216709,0.50746214,0.16984902,-0.84476835,Fibroblast,G1,
cell_6221646,0.9513395,-0.16752774,-0.25862598,Fibroblast,S,
cell_6221962,-0.7199754,-0.33255693,-0.6091316,Fibroblast,G0,
cell_6223504,-0.78132814,0.6072586999999999,0.14409454,Fibroblast,G1-G0 transition,
cell_6225278,0.24504596,0.35282373,0.9030326,Fibroblast,G1,
cell_6225807,-0.517562,-0.83478796,-0.18777256,Fibroblast,G0,
cell_6229616,0.41270217,0.7843629,-0.46308953,Fibroblast,S,
cell_6229930,0.89794534,-0.10243337599999999,-0.42802078,Fibroblast,S,
cell_6230348,-0.48267552,0.76960105,0.41801736,Fibroblast,G1-G0 transition,
cell_6232892,0.8587184000000001,0.30556726,-0.41137713,Fibroblast,S,
cell_6233829,-0.5095350000000001,-0.3396298,-0.79058564,Fibroblast,G0,
cell_6234694,-0.2592241,0.9059186,-0.33483455,Fibroblast,G1-G0 transition,
cell_6235611,-0.7223655999999999,-0.39854437,-0.5651108,Fibroblast,G0,
cell_6235883,0.018456237,0.99747235,0.06861617,Fibroblast,G1,
cell_6238685,-0.61862534,0.7743395000000001,-0.13304567,Fibroblast,G0,
cell_6239957,-0.33472067,0.91795605,0.21288204,Fibroblast,G1-G0 transition,
cell_6240961,0.021069989,0.60800344,-0.7936548000000001,Fibroblast,S,
cell_6241240,-0.68471134,0.39638355,0.61159664,Fibroblast,G1-G0 transition,
cell_6243634,0.94718766,-0.31581825,-0.05562729,Fibroblast,S,
cell_6243921,0.75717866,0.47590953,-0.44742662,Fibroblast,S,
cell_6244699,-0.28550443,0.57444435,0.76713824,Fibroblast,G1-G0 transition,
cell_6245830,-0.7562939000000001,0.0030790146000000003,-0.65422475,Fibroblast,G0,
cell_6246463,-0.18684536,-0.471991,0.8615761000000001,Fibroblast,G2M,
cell_6247364,-0.017786045,-0.8005394,-0.5990163000000001,Fibroblast,G0,
cell_6247567,-0.57786286,0.47014254,0.6671135,Fibroblast,G1-G0 transition,
cell_6251541,-0.71068543,0.7034746999999999,0.007042495500000001,Fibroblast,G0,
cell_6251959,0.40164897,0.8927784,-0.20402154,Fibroblast,S,
cell_6254456,-0.9503911,0.21327075,0.22643387,Fibroblast,G0,
cell_6256275,0.8625719000000001,0.3960438,-0.31483190000000005,Fibroblast,S,
cell_6256357,-0.41673699999999997,-0.72479284,-0.54863966,Fibroblast,G0,
cell_6259087,-0.52417415,-0.50758904,-0.68380904,Fibroblast,G0,
cell_6259508,0.032239933,0.22753784,-0.9732353000000001,Fibroblast,G1,
cell_6260261,0.4133331,0.7867745,-0.45841205,Fibroblast,G1,
cell_6260304,0.8757961,0.39790085,-0.2732327,Fibroblast,S,
cell_6261032,0.9672535,-0.0679967,-0.24453421,Fibroblast,S,
cell_6264760,0.84208804,-0.5288049,-0.10608019999999999,Fibroblast,S,
cell_6265507,0.6356710999999999,-0.0649452059999999,-0.7692232,Fibroblast,G1,
cell_6265840,-0.30205820000000005,-0.6583222,-0.6894728,Fibroblast,G0,
cell_6267213,-0.8905865,-0.44941938,0.06984161,Fibroblast,G0,
cell_6267812,0.2644453,0.55448484,-0.7890597,Fibroblast,G1,
cell_6268927,0.99164706,0.023932983999999997,-0.12674096,Fibroblast,S,
cell_6272090,-0.49582088,0.84995097,0.17817135,Fibroblast,G1-G0 transition,
cell_6273212,-0.40886474,-0.7547602,-0.5129977,Fibroblast,G0,
cell_6273722,0.89820313,0.18026371,-0.4009192,Fibroblast,S,
cell_6275158,-0.8158675999999999,-0.42553312,-0.39151186,Fibroblast,G0,
cell_6276224,-0.64940536,0.7304932,-0.21131112,Fibroblast,G0,
cell_6279867,-0.6849630999999999,-0.6402679,-0.34768155,Fibroblast,G0,
cell_6280775,-0.04721919,0.9618315999999999,-0.26953673,Fibroblast,G1-G0 transition,
cell_6286224,0.8743893,0.20046255,-0.44188002,Fibroblast,S,
cell_6286390,0.7121795999999999,-0.6756032,-0.19068383,Fibroblast,S,
cell_6286615,0.14777753,0.90070885,-0.40851623,Fibroblast,S,
cell_6287239,-0.71047485,-0.12942609,-0.6917184000000001,Fibroblast,G0,
cell_6287285,-0.6864477,0.7223285,-0.08385085,Fibroblast,G0,
cell_6287330,0.1929719,0.8208867,-0.53750056,Fibroblast,G1,
cell_6288629,0.3377317,0.7235291,-0.60203236,Fibroblast,G1,
cell_6289531,-0.7612356,-0.54705954,-0.34820434,Fibroblast,G0,
cell_6289758,-0.013921013999999999,0.89219654,-0.45143262,Fibroblast,G1,
cell_6291469,-0.07721087,0.41372564,-0.90712154,Fibroblast,G1,
cell_6295118,-0.41152322,0.86325854,-0.29228956,Fibroblast,G0,
cell_6295374,0.42595395,-0.84942704,0.31150743,Fibroblast,G2M,
cell_6295624,-0.48314077,0.80286354,0.34926364,Fibroblast,G1-G0 transition,
cell_6296030,0.9085354999999999,-0.2405871,-0.3415862,Fibroblast,S,
cell_6297795,-0.27153584,0.055333815999999994,0.96083635,Fibroblast,G1,
cell_6298773,-0.23121859,-0.6822809,-0.6935639,Fibroblast,G0,
cell_6299334,0.9605504,-0.25716776,0.105866276,Fibroblast,S,
cell_6301380,0.8756341999999999,-0.36334544,-0.31818998,Fibroblast,S,
cell_6305326,-0.0672836,0.81997806,0.5684266,Fibroblast,G1-G0 transition,
cell_6306817,0.8764216999999999,-0.37765104,-0.2987720999999999,Fibroblast,S,
cell_6308264,0.55486983,0.8177300000000001,-0.1530911,Fibroblast,S,
cell_6309964,0.45093536,-0.55045575,0.70260626,Fibroblast,G2M,
cell_6310697,-0.367201,-0.023092266,-0.92985487,Fibroblast,G0,
cell_6313145,-0.83470327,-0.31276557,-0.45326388,Fibroblast,G0,
cell_6316847,-0.96460617,-0.036882136,-0.26110279999999997,Fibroblast,G0,
cell_6318186,0.38617894,0.6286028,0.67507356,Fibroblast,G1,
cell_6318793,-0.009847493,0.55228347,0.8335983,Fibroblast,G1,
cell_6320470,0.07122853400000001,-0.49651843,0.86509883,Fibroblast,G1,
cell_6320503,0.48923552,0.6741835,-0.55328584,Fibroblast,G1,
cell_6321008,-0.51454794,0.7933323,0.325368,Fibroblast,G1-G0 transition,
cell_6321619,-0.81378514,0.55157614,-0.18307779999999998,Fibroblast,G0,
cell_6323286,0.9203471,0.0035537125,-0.3910866,Fibroblast,S,
cell_6324115,0.13168965,0.21474689,0.96775085,Fibroblast,G1,
cell_6324187,-0.9836540000000001,-0.1800565,-0.0020724258,Fibroblast,G0,
cell_6324877,-0.711991,-0.58864313,-0.38284206,Fibroblast,G0,
cell_6325784,-0.939106,-0.24825065,-0.23759545,Fibroblast,G0,
cell_6326533,0.46721694,0.36530290000000004,0.8051473000000001,Fibroblast,G1,
cell_6326768,-0.8644917999999999,-0.14396325,-0.48158938,Fibroblast,G1-G0 transition,
cell_6328159,-0.73955286,-0.40173697,-0.54006386,Fibroblast,G0,
cell_6330269,-0.86754626,-0.36370042,-0.33924264,Fibroblast,G0,
cell_6334344,-0.9862951999999999,-0.08967185,-0.13849472,Fibroblast,G0,
cell_6334852,-0.7007644000000001,0.07902188,-0.7090026999999999,Fibroblast,G0,
cell_6335144,0.9053485000000001,0.35679224,-0.23031178,Fibroblast,S,
cell_6336150,-0.64399755,-0.75524694,0.12193922,Fibroblast,G0,
cell_6336809,-0.35834977,-0.763101,-0.5378308,Fibroblast,G0,
cell_6338270,-0.35238034,0.45211178,-0.8194040000000001,Fibroblast,G0,
cell_6338925,0.60253245,-0.69629395,0.39003775,Fibroblast,G2M,
cell_6344235,-0.9361626000000001,-0.34306198,-0.076864295,Fibroblast,G0,
cell_6345056,0.27453940000000004,0.919955,0.27984040000000004,Fibroblast,G1,
cell_6346173,-0.743013,-0.6425301,-0.1873144,Fibroblast,G0,
cell_6346524,-0.55363077,-0.72063,-0.4173552,Fibroblast,G0,
cell_6346679,0.7634926,-0.6444247,-0.042379155999999994,Fibroblast,S,
cell_6346768,-0.8266747,0.046979122000000005,-0.5607154999999999,Fibroblast,G0,
cell_6347665,-0.9929513000000001,0.01260507,0.117850915,Fibroblast,G0,
cell_6350730,-0.31827283,0.37555477,-0.8704371999999999,Fibroblast,G1-G0 transition,
cell_6353566,-0.7776196999999999,0.580758,-0.24088924,Fibroblast,G0,
cell_6353622,-0.694106,0.25069883,0.67480874,Fibroblast,G1-G0 transition,
cell_6354314,0.34277776,-0.8317351000000001,0.4367152,Fibroblast,G2M,
cell_6356898,-0.01606805,-0.549099,0.83560276,Fibroblast,G2M,
cell_6359100,0.88217056,-0.33914235,-0.32673764,Fibroblast,S,
cell_6360049,-0.48427534,-0.07998334,-0.87125194,Fibroblast,G0,
cell_6360239,0.9311155999999999,-0.055416793,-0.36048964,Fibroblast,S,
cell_6363252,-0.5049701,-0.6023659,-0.6181913,Fibroblast,G0,
cell_6367134,0.58580154,-0.7108273,0.3893084000000001,Fibroblast,G2M,
cell_6368560,0.27190897,0.72759193,-0.62982166,Fibroblast,G1,
cell_6368764,-0.20995641,0.19062674,0.9589472,Fibroblast,G1,
cell_6371109,0.20885901,-0.09492507,0.9733278000000001,Fibroblast,G1,
cell_6371264,-0.93756884,-0.26721692,-0.2226203,Fibroblast,G0,
cell_6372788,0.41746232,0.5720722,-0.706016,Fibroblast,G1,
cell_6374203,0.8100025,0.46808365,-0.35326165,Fibroblast,S,
cell_6374478,-0.69445145,0.4494352,0.5619122,Fibroblast,G0,
cell_6376103,-0.5638089,0.20316252,-0.80052763,Fibroblast,G0,
cell_6378744,0.50127506,-0.8435121999999999,0.19290012,Fibroblast,G2M,
cell_6381629,-0.5179691,-0.18110089,-0.8360085999999999,Fibroblast,G0,
cell_6382015,0.91707677,0.36435822,-0.16190520000000003,Fibroblast,S,
cell_6382809,-0.9959761,0.013269748999999999,0.08863052,Fibroblast,G0,
cell_6382932,-0.95996094,-0.22593437,0.16561572,Fibroblast,G0,
cell_6385076,0.8238254,-0.2638065,-0.50171494,Fibroblast,S,
cell_6386757,-0.94113064,-0.29428607,-0.16633894,Fibroblast,G0,
cell_6386874,0.16016112,-0.6784272,0.71699727,Fibroblast,G2M,
cell_6387482,0.4609197,-0.7383134,0.49238837,Fibroblast,G2M,
cell_6390010,-0.9044514000000001,-0.4252277,-0.03390043,Fibroblast,G0,
cell_6392325,0.7701859999999999,-0.41668302,-0.48289624,Fibroblast,S,
cell_6398620,-0.89357585,0.023018768,-0.4483215999999999,Fibroblast,G0,
cell_6399241,-0.90131927,-0.017178651,-0.4328145000000001,Fibroblast,G0,
cell_6400397,-0.33821896,0.26548740000000004,0.9028424,Fibroblast,G1,
cell_6400913,0.87565815,-0.44518635,-0.18716806,Fibroblast,S,
cell_6401230,-0.8817499,-0.33398718,-0.33312088,Fibroblast,G0,
cell_6403850,-0.93245614,-0.23629116,-0.27329838,Fibroblast,G0,
cell_6405394,0.72879124,0.65679336,-0.19361216,Fibroblast,S,
cell_6407580,0.37367705,-0.6855915,0.6247636999999999,Fibroblast,G2M,
cell_6407872,0.8520306000000001,0.4055324,-0.33103976,Fibroblast,S,
cell_6408732,0.7347278,0.5354565,-0.41648707,Fibroblast,S,
cell_6410468,0.6451912,-0.47456583,0.59876186,Fibroblast,G2M,
cell_6413494,-0.577916,-0.8155131,-0.030846175,Fibroblast,G0,
cell_6415299,0.13917194,-0.10617471,0.9845599,Fibroblast,G1,
cell_6415821,0.81371766,-0.518918,-0.26189244,Fibroblast,S,
cell_6416589,-0.075000964,0.18919104,0.9790716999999999,Fibroblast,G1,
cell_6416599,-0.5468218,0.6419866,0.53743756,Fibroblast,G1-G0 transition,
cell_6418569,0.30587107,-0.40935442,0.8595765999999999,Fibroblast,G2M,
cell_6418977,-0.7206961,-0.6889006,-0.07754452,Fibroblast,G0,
cell_6420076,-0.5668549,0.81326777,0.13141984,Fibroblast,G1-G0 transition,
cell_6421627,-0.87685424,-0.2229239,-0.42594787,Fibroblast,G0,
cell_6422128,0.8962978000000001,-0.3723509,-0.24084267,Fibroblast,S,
cell_6424591,-0.6755109,-0.7126026999999999,-0.18942657,Fibroblast,G0,
cell_6425197,-0.74297196,0.47725356,-0.4692777,Fibroblast,G0,
cell_6425470,0.21252427,0.54317546,-0.81227696,Fibroblast,G1,
cell_6427069,0.59728104,0.070879996,-0.79889375,Fibroblast,S,
cell_6429537,-0.7454689,-0.0022444355,-0.6665366,Fibroblast,G0,
cell_6432719,0.86049235,-0.3752153,-0.3446249,Fibroblast,S,
cell_6435608,-0.5627204,-0.14665008,-0.81353515,Fibroblast,G0,
cell_6436481,0.9153087999999999,-0.0005104113,-0.4027524,Fibroblast,S,
cell_6438266,0.7048358,-0.67838997,-0.20734896,Fibroblast,S,
cell_6440319,0.8102248000000001,-0.5337495,0.24217188,Fibroblast,G2M,
cell_6442899,0.33840182,0.26720306,0.9022676,Fibroblast,G1,
cell_6445017,-0.031008791,-0.006600916,0.9994974,Fibroblast,G1,
cell_6445659,0.35641682,-0.53679067,0.764737,Fibroblast,G2M,
cell_6445874,0.86867106,0.33746037,-0.36267206,Fibroblast,S,
cell_6446818,0.35743025,0.8778315000000001,-0.31883459999999997,Fibroblast,S,
cell_6446997,0.26934388,-0.6721957,0.6896425,Fibroblast,G2M,
cell_6452021,-0.5525203000000001,0.7623708,0.33691546,Fibroblast,G0,
cell_6453009,0.9118334000000001,-0.40659225,-0.056943905,Fibroblast,S,
cell_6456515,-0.44965243,-0.5843325,-0.67555016,Fibroblast,G0,
cell_6457277,-0.6537286,-0.275726,-0.70470864,Fibroblast,G0,
cell_6457580,-0.26300904,0.78876376,-0.5555879,Fibroblast,G1-G0 transition,
cell_6457811,-0.9038905,-0.2874255,-0.31680974,Fibroblast,G0,
cell_6458030,0.99599147,-0.00838509,0.08905294,Fibroblast,S,
cell_6458571,0.531709,-0.7638132,0.36588930000000003,Fibroblast,G2M,
cell_6458942,-0.880342,0.46452063,-0.09601308,Fibroblast,G0,
cell_6459065,-0.48139793,-0.77324843,-0.41272616,Fibroblast,G0,
cell_6460352,-0.6584303,0.5793010999999999,-0.48049936,Fibroblast,G0,
cell_6461782,-0.85755235,0.5128277,0.040147036000000004,Fibroblast,G0,
cell_6463291,0.9423225000000001,-0.30895495,-0.12874408,Fibroblast,S,
cell_6463348,-0.8535144,-0.3771206,-0.35957372,Fibroblast,G0,
cell_6467299,0.92837316,-0.13803901,-0.34506312,Fibroblast,S,
cell_6469809,0.33373687,-0.72334224,0.6044795999999999,Fibroblast,G2M,
cell_6473372,-0.4485698,-0.68239224,-0.5771708000000001,Fibroblast,G0,
cell_6473651,-0.6005541,-0.30992034,-0.73707795,Fibroblast,G0,
cell_6473898,-0.67828554,-0.48364142,-0.5531904000000001,Fibroblast,G0,
cell_6473993,0.6770586999999999,-0.72431827,0.1302103,Fibroblast,G2M,
cell_6475570,0.12812598,0.13430354,-0.9826220999999999,Fibroblast,G1,
cell_6481661,-0.7581184,0.63893646,0.13044766,Fibroblast,G0,
cell_6483917,0.8433181999999999,0.21902247,-0.49075799999999997,Fibroblast,S,
cell_6485513,-0.9535764000000001,-0.13168125,-0.27083609,Fibroblast,G0,
cell_6485781,0.84515303,-0.39700556,0.3579148,Fibroblast,G2M,
cell_6486805,0.25238037,0.46299767,0.849669,Fibroblast,G1,
cell_6487047,-0.109138496,-0.73010635,-0.6745616,Fibroblast,G0,
cell_6487932,0.8133539000000001,-0.5791574,-0.055061948,Fibroblast,S,
cell_6487969,-0.9329487,0.09220175,-0.34800234,Fibroblast,G0,
cell_6488405,0.53360045,0.12220896,-0.8368604,Fibroblast,S,
cell_6489044,-0.7390874,-0.59623414,-0.31345609999999996,Fibroblast,G0,
cell_6490240,0.30714366,0.91128504,0.27426738,Fibroblast,G1,
cell_6491825,-0.07130539,-0.2527522,-0.96489996,Fibroblast,G0,
cell_6492907,-0.43716925,-0.81554013,-0.37917978,Fibroblast,G0,
cell_6496037,0.982768,0.13108629,-0.13032062,Fibroblast,S,
cell_6496309,-0.40616336,0.020853272,-0.9135624,Fibroblast,G0,
cell_6496789,0.88756067,0.41323465,-0.2036499,Fibroblast,S,
cell_6500472,-0.576847,-0.08988959,-0.81189126,Fibroblast,G0,
cell_6505844,0.26865727,-0.20766796,0.94058347,Fibroblast,G1,
cell_6505882,0.767483,0.64093506,-0.013113932,Fibroblast,S,
cell_6511933,-0.5261687,0.64202094,0.5576339,Fibroblast,G1-G0 transition,
cell_6518142,0.40051788,0.7290653,0.55502176,Fibroblast,S,
cell_6518577,-0.41814336,-0.8982145,-0.13552445,Fibroblast,G0,
cell_6522349,-0.7359858,-0.5638969,-0.37462646,Fibroblast,G0,
cell_6525299,0.09940244,0.17034347,-0.9803582000000001,Fibroblast,G1,
cell_6525636,-0.055278413,0.7599853,-0.64758515,Fibroblast,G1-G0 transition,
cell_6527962,0.77408326,-0.42606059999999996,0.46826005,Fibroblast,G2M,
cell_6528135,-0.85430604,0.5023446,0.13345832,Fibroblast,G1-G0 transition,
cell_6528526,-0.61045426,0.597801,0.5195956,Fibroblast,G1-G0 transition,
cell_6530115,0.81683236,-0.5197096999999999,-0.25037295,Fibroblast,G2M,
cell_6530617,-0.87861323,-0.08334167,-0.4702050999999999,Fibroblast,G0,
cell_6535242,-0.4304869000000001,0.6772823,-0.5966319999999999,Fibroblast,G0,
cell_6535568,0.36855024,0.5142325,-0.7744259,Fibroblast,G1,
cell_6536026,-0.77460647,0.390968,-0.49712065,Fibroblast,G0,
cell_6536143,-0.60115385,-0.79877687,0.023863073,Fibroblast,G0,
cell_6539620,-0.36183366,-0.6437689,-0.6742685,Fibroblast,G0,
cell_6540383,-0.9048448,-0.13460489,-0.40390235,Fibroblast,G0,
cell_6541369,0.37713759999999996,-0.86041486,0.34271473,Fibroblast,G2M,
cell_6543861,0.15344001,-0.046444572999999996,0.98706585,Fibroblast,G1,
cell_6545194,-0.8844753000000001,0.33127670000000004,-0.32857117,Fibroblast,G0,
cell_6545676,-0.22115378,-0.6498265000000001,-0.72719777,Fibroblast,G0,
cell_6545721,-0.830673,-0.20031285,-0.5194777,Fibroblast,G0,
cell_6547389,-0.05834034,0.8880766999999999,0.45597813,Fibroblast,G1-G0 transition,
cell_6547663,0.7007685,-0.7104762,0.06439600000000001,Fibroblast,G2M,
cell_6547909,-0.77610844,-0.5259329,-0.34792270000000003,Fibroblast,G0,
cell_6548085,0.9956921999999999,-0.04910412,0.07864955,Fibroblast,S,
cell_6550658,-0.89205563,0.11525181,-0.43698245,Fibroblast,G0,
cell_6551154,0.99547976,-0.06306334,-0.07101418,Fibroblast,S,
cell_6556475,0.87219965,-0.14536029,-0.46705276,Fibroblast,S,
cell_6558347,-0.2992200999999999,-0.74815667,-0.5922236999999999,Fibroblast,G0,
cell_6559096,-0.8178171999999999,-0.29495087,-0.4941447,Fibroblast,G0,
cell_6564017,-0.31923708,0.41386715,0.85252655,Fibroblast,G1-G0 transition,
cell_6566713,-0.84506416,-0.3035245,-0.44015828,Fibroblast,G0,
cell_6568705,-0.22470714,-0.44379333,0.8674987,Fibroblast,G1,
cell_6570765,0.92559934,-0.36710444,-0.09219680000000001,Fibroblast,S,
cell_6571473,0.27211609999999997,0.4677655,0.8409211999999999,Fibroblast,G1,
cell_6575626,0.9268254000000001,-0.29657993,-0.23029296,Fibroblast,S,
cell_6575996,0.41912332,0.3550482,-0.8356294,Fibroblast,G1,
cell_6576001,-0.80968785,-0.5570871000000001,0.18455267,Fibroblast,G0,
cell_6577708,-0.43871814,-0.807806,-0.39366972,Fibroblast,G0,
cell_6579898,-0.31895587,-0.8164154,-0.48138663,Fibroblast,G0,
cell_6580077,-0.79864854,0.06537477,0.59823626,Fibroblast,G1-G0 transition,
cell_6580478,0.48513213,-0.8481259,0.212907,Fibroblast,G2M,
cell_6584247,0.6986451,-0.6827399000000001,-0.21391916,Fibroblast,S,
cell_6585604,0.95702827,0.16633558,-0.23754855,Fibroblast,S,
cell_6585730,-0.79760784,-0.59872603,0.07313507,Fibroblast,G0,
cell_6585951,-0.7463318,-0.46324417,-0.4779056,Fibroblast,G0,
cell_6588426,0.2097841,-0.5169359,0.8299205,Fibroblast,G1,
cell_6589277,0.87161696,-0.18518229,-0.45386294,Fibroblast,S,
cell_6589651,-0.8975643,-0.16655847,-0.4082114,Fibroblast,G0,
cell_6592480,0.6087118,-0.5750114000000001,0.5466551,Fibroblast,G2M,
cell_6592843,0.25565827,0.321218,0.9118430000000001,Fibroblast,G1,
cell_6595867,-0.7860035,0.13296919,-0.6037531,Fibroblast,G0,
cell_6596828,-0.9874909,-0.15741825,-0.008990464,Fibroblast,G0,
cell_6598528,0.4156472,0.35137394,-0.83891225,Fibroblast,G1,
cell_6598613,0.43460882,0.16126715,-0.88606334,Fibroblast,S,
cell_6600841,0.9307663,-0.14665617,-0.33491218,Fibroblast,S,
cell_6603113,-0.9427837,-0.15799668,-0.29359117,Fibroblast,G0,
cell_6603419,-0.5233308,-0.7451333,-0.41340205,Fibroblast,G0,
cell_6604050,0.37461317,0.70318955,-0.60430914,Fibroblast,G1-G0 transition,
cell_6606033,-0.048993815,0.7251856,0.6868083,Fibroblast,G1,
cell_6606285,0.38234904,-0.8066531,0.4506883,Fibroblast,G2M,
cell_6606455,-0.70797604,-0.53539276,-0.46056986,Fibroblast,G0,
cell_6607012,0.9158283000000002,-0.38046592,0.12846893,Fibroblast,G2M,
cell_6615797,0.27639684,0.47098708,0.8377207,Fibroblast,G1,
cell_6617924,0.96699804,-0.16896902,0.19069353,Fibroblast,S,
cell_6619472,0.044080522000000004,0.65867835,-0.75113237,Fibroblast,G1,
cell_6619896,-0.42601976,-0.8474083,-0.31686953,Fibroblast,G0,
cell_6620852,-0.9924248999999999,0.03994517,0.11617701,Fibroblast,G0,
cell_6622778,0.778151,0.62311405,-0.0788031999999999,Fibroblast,S,
cell_6624347,0.11088362,-0.30505973,0.94585586,Fibroblast,G1,
cell_6627263,0.7433294,-0.59240615,-0.31067073,Fibroblast,S,
cell_6627604,-0.7259505,0.66344124,-0.1812224,Fibroblast,G0,
cell_6628429,0.7958445,0.4385481,-0.417501,Fibroblast,S,
cell_6631295,0.67743564,0.72054,0.14799727,Fibroblast,S,
cell_6631309,-0.7335727,0.59761953,-0.32360756,Fibroblast,G0,
cell_6634345,-0.43825603,-0.5980898,-0.67098445,Fibroblast,G0,
cell_6636313,-0.6513411,-0.6561371,-0.38110217,Fibroblast,G0,
cell_6639391,-0.37480363,-0.24671912,-0.8936732,Fibroblast,G0,
cell_6639553,0.19763961,-0.030149357,0.97981095,Fibroblast,G1,
cell_6640492,-0.067376025,-0.055705238,0.99617136,Fibroblast,G1,
cell_6641112,-0.3466085,-0.7283389,-0.5910880000000001,Fibroblast,G0,
cell_6641222,0.9876719999999999,-0.14847788,0.049582627000000004,Fibroblast,S,
cell_6641761,0.48100242,0.8728174999999999,-0.08262244,Fibroblast,S,
cell_6644829,-0.20897914,-0.7362304000000001,-0.6436556,Fibroblast,G0,
cell_6646187,-0.58806235,-0.40680087,-0.69906783,Fibroblast,G0,
cell_6647374,-0.8125389000000001,0.09925816,-0.57439375,Fibroblast,G0,
cell_6648617,0.41500193,-0.7326259,0.5394744,Fibroblast,G2M,
cell_6653667,-0.43301824,-0.88650775,-0.16309275,Fibroblast,G0,
cell_6653737,0.45604387,-0.86987716,0.18798344,Fibroblast,G2M,
cell_6655560,-0.71385354,0.0012314747,-0.70029396,Fibroblast,G0,
cell_6655608,0.7992195,-0.48702997,-0.35220727,Fibroblast,S,
cell_6658371,-0.8051208000000001,0.41388002,-0.42483377,Fibroblast,G0,
cell_6660005,-0.5172102,-0.77543634,-0.36220425,Fibroblast,G0,
cell_6663213,0.8546971999999999,-0.26161125,-0.44838846,Fibroblast,S,
cell_6663439,-0.6383552,0.40823138,-0.65257186,Fibroblast,G0,
cell_6663682,-0.84162366,0.53712225,0.056296654,Fibroblast,G0,
cell_6664676,-0.35609484,-0.63765264,-0.68307805,Fibroblast,G0,
cell_6669227,0.93632793,-0.016840108,-0.35072273,Fibroblast,S,
cell_6671710,0.27390626,0.6274814999999999,-0.7288637,Fibroblast,G1,
cell_6672324,0.7418081999999999,0.40917528,-0.5313156,Fibroblast,S,
cell_6673186,0.7090956,-0.43425417,-0.55552393,Fibroblast,S,
cell_6674158,-0.58856153,-0.02264647,-0.8081351,Fibroblast,G0,
cell_6674862,-0.61348695,-0.34309325,-0.711281,Fibroblast,G0,
cell_6676698,0.93624544,0.26046103,-0.2358058,Fibroblast,S,
cell_6677940,0.6719654,0.50754195,-0.53931767,Fibroblast,G1,
cell_6680296,0.43886667,0.025331752000000003,0.8981950999999999,Fibroblast,G1,
cell_6680331,-0.5891751999999999,-0.8058979000000001,-0.0583197,Fibroblast,G0,
cell_6680660,-0.63355756,-0.53432196,-0.5595576999999999,Fibroblast,G0,
cell_6681724,0.95084167,-0.25225952,0.17962602,Fibroblast,G2M,
cell_6682464,-0.46715325,-0.7786871,-0.41882458,Fibroblast,G0,
cell_6683422,0.85941315,0.33747432,-0.38408324,Fibroblast,S,
cell_6685688,-0.5405174,0.6613303,-0.52008003,Fibroblast,G0,
cell_6685840,0.11719485,0.7890955,0.60298735,Fibroblast,G1,
cell_6688296,-0.95530844,0.2851265,-0.07802981,Fibroblast,G1-G0 transition,
cell_6690436,0.9669562,-0.15447937,-0.2028099,Fibroblast,S,
cell_6690691,0.8947325,0.4392108,0.08091813,Fibroblast,S,
cell_6690720,-0.9030417,-0.0028230988,-0.4295434,Fibroblast,G0,
cell_6691546,-0.95558023,0.29395938,-0.02131641,Fibroblast,G0,
cell_6695006,-0.6168824,0.0174153339999999,-0.7868626999999999,Fibroblast,G0,
cell_6695485,0.33476487,-0.55957776,0.7581591,Fibroblast,G2M,
cell_6697819,0.94169015,-0.33627456,-0.011786537,Fibroblast,S,
cell_6700744,0.45952132,-0.6799324000000001,0.5714298000000001,Fibroblast,G2M,
cell_6701154,-0.3176853,0.27811942,0.9064908000000002,Fibroblast,G1-G0 transition,
cell_6703475,0.545183,-0.6698535,0.50405514,Fibroblast,G2M,
cell_6705207,0.5207619000000001,0.31780642,-0.7923420999999999,Fibroblast,G1,
cell_6706311,-0.0078092123999999,0.4375116,0.8991789000000001,Fibroblast,G1,
cell_6709103,-0.054745074000000005,0.85539055,-0.5150826000000001,Fibroblast,G1-G0 transition,
cell_6710242,0.01601839,0.96607476,-0.25776526,Fibroblast,G1,
cell_6710360,0.05028713,0.986513,0.15576725,Fibroblast,G1,
cell_6714739,-0.8761450000000001,0.04746422,-0.47970542,Fibroblast,G0,
cell_6717061,0.8543752,-0.41141626,-0.31745840000000003,Fibroblast,S,
cell_6718394,-0.22901103,-0.35833725,-0.9050681999999999,Fibroblast,G0,
cell_6719458,-0.64941365,0.5688064,0.50469905,Fibroblast,G1-G0 transition,
cell_6721313,0.21335990000000002,0.9549393,0.20632176,Fibroblast,G1,
cell_6721662,-0.28610736,-0.3094604,-0.9068499,Fibroblast,G1-G0 transition,
cell_6725853,0.8042636,-0.44393948,-0.395067,Fibroblast,S,
cell_6725861,0.52587587,0.8073775,-0.2675743,Fibroblast,S,
cell_6726075,0.9587300999999999,0.21681227,-0.18392658,Fibroblast,S,
cell_6726351,-0.7290348000000001,-0.42714515,-0.5348413000000001,Fibroblast,G0,
cell_6726948,-0.9156105999999999,0.24571710000000002,-0.31824583,Fibroblast,G0,
cell_6728140,-0.91693544,0.16832015,-0.36179748,Fibroblast,G0,
cell_6728409,0.46847445,0.8138979000000001,-0.34365952,Fibroblast,S,
cell_6732087,-0.9335209999999999,0.3393625,0.115635276,Fibroblast,G0,
cell_6733192,0.582789,0.49873543,-0.6415761999999999,Fibroblast,G1,
cell_6734168,-0.11944713,0.79073155,0.6003966,Fibroblast,G1-G0 transition,
cell_6736877,0.41958886,0.7328009,-0.5356753000000001,Fibroblast,S,
cell_6738209,-0.51813364,-0.64687383,-0.5595460999999999,Fibroblast,G0,
cell_6739364,0.43890813,-0.7638095,0.47323838,Fibroblast,G2M,
cell_6742838,0.43859306,0.40505996,-0.8022236,Fibroblast,G1,
cell_6743226,-0.24910660000000004,-0.6255893,-0.7393132,Fibroblast,G0,
cell_6744263,0.4265637,0.7163729,-0.5521351999999999,Fibroblast,G1,
cell_6744584,0.014308297,-0.33475974,0.94219476,Fibroblast,G1,
cell_6744872,-0.7965859000000001,0.60393155,-0.026788678,Fibroblast,G0,
cell_6744933,0.58764464,0.51191604,-0.6265904999999999,Fibroblast,G1,
cell_6748548,0.88588846,0.04262922,-0.46193552,Fibroblast,S,
cell_6749101,-0.8848568000000001,-0.45018256,0.11984886,Fibroblast,G0,
cell_6752294,-0.93516284,-0.341991,-0.09226428,Fibroblast,G0,
cell_6752826,-0.029113677999999997,0.76154816,0.6474541,Fibroblast,G1,
cell_6752985,-0.38132498,-0.7462754,-0.54558617,Fibroblast,G0,
cell_6753982,0.32891515,0.5495501,-0.76799047,Fibroblast,G1,
cell_6755001,-0.9723902,0.041528605,-0.22963631,Fibroblast,G0,
cell_6760946,-0.87432736,-0.46480268,-0.13967814,Fibroblast,G0,
cell_6762956,-0.99906164,-0.04160077,-0.01205165,Fibroblast,G0,
cell_6768327,0.3716602000000001,-0.75287277,0.5431863,Fibroblast,G2M,
cell_6769233,0.12007054,-0.2610021,0.9578416999999999,Fibroblast,G1,
cell_6769811,0.18504243,-0.32345247,0.9279752,Fibroblast,G1,
cell_6770313,-0.959153,-0.28114697,-0.031335667000000005,Fibroblast,G0,
cell_6771360,-0.9057075000000001,0.40168276,-0.13544333,Fibroblast,G0,
cell_6772664,0.13462105,0.62892634,0.76572114,Fibroblast,G1,
cell_6774692,-0.7769268,-0.62654656,0.061837687999999995,Fibroblast,G0,
cell_6775966,0.81217724,-0.1669823,-0.5590035,Fibroblast,S,
cell_6777580,-0.77907187,-0.5907901999999999,-0.20979520000000002,Fibroblast,G0,
cell_6781181,0.7293576,-0.6714503,0.13111767,Fibroblast,G2M,
cell_6787570,-0.2413087,-0.77034485,-0.5902023000000001,Fibroblast,G0,
cell_6788202,-0.8654423000000001,-0.50070083,-0.017561687,Fibroblast,G0,
cell_6789106,-0.5887008,-0.7091212,-0.38804429999999995,Fibroblast,G0,
cell_6789509,-0.657075,-0.48381359999999995,-0.5780803000000001,Fibroblast,G0,
cell_6789519,0.24392557,-0.81211674,0.5300629,Fibroblast,G2M,
cell_6789658,-0.9980353000000001,-0.061326485,-0.012820281999999999,Fibroblast,G0,
cell_6789722,0.4265832000000001,-0.7248121,0.54099375,Fibroblast,G2M,
cell_6790510,-0.6366588000000001,-0.30803356,-0.70695186,Fibroblast,G0,
cell_6790593,0.008193852,0.9925450000000001,-0.12160292,Fibroblast,G1-G0 transition,
cell_6792757,-0.78092736,0.28907496,-0.553704,Fibroblast,G0,
cell_6794226,-0.03037549,0.77473134,0.6315605,Fibroblast,G1,
cell_6794481,-0.61563754,-0.39869782,-0.67972827,Fibroblast,G0,
cell_6794514,-0.7621022,0.444709,-0.47056785,Fibroblast,G0,
