cell_id,dim1,dim2,dim3,library,phase,fucci_time_hrs
SRR11286370,0.53098555768749,-0.7894498794960356,0.3079335082544411,U2OS,G2M,20.346400000000006
SRR11286371,0.48164851605441344,-0.7106397695682131,0.5128408096070708,U2OS,G2M,25.204103
SRR11286372,0.36232144704166913,-0.15383954450344323,0.9192695399058589,U2OS,G2M,22.762535
SRR11286374,-0.8534680442332643,-0.24924734861803294,0.457676764423191,U2OS,G1,1.093619
SRR11286375,0.6725777014458699,-0.3741424604327674,0.638479811768922,U2OS,S,14.75114
SRR11286377,0.502396280872068,-0.4450165555703217,0.7413217813614861,U2OS,G2M,22.253875
SRR11286378,0.20016617461239078,0.9750817585636266,-0.09564978247787555,U2OS,G1,4.0947130000000005
SRR11286379,0.44040154361105677,-0.7757726319587542,0.45191058861219624,U2OS,G2M,21.36372
SRR11286380,-0.6419775133686603,-0.6289423498339151,0.4385162253443234,U2OS,G1,0.152598
SRR11286381,0.6442869928072584,-0.4979357654585423,0.5804775371463301,U2OS,G2M,24.034185
SRR11286383,0.6689023933278263,0.11200656316681991,0.7348633461422964,U2OS,S,12.284139
SRR11286384,0.24603782319637016,0.7563191807560008,0.6061736869054438,U2OS,G1,5.315497
SRR11286385,0.6820179400161815,0.21312955324711375,0.699590834549789,U2OS,S,11.622881
SRR11286386,-0.2286077775882458,-0.8567090887038099,0.4623721374230592,U2OS,G2M,16.709481
SRR11286387,0.455352202817845,-0.27399715343653186,0.8471008539321654,U2OS,S,15.285232999999998
SRR11286388,0.07533376847489925,-0.9385066064723566,0.3369422117598432,U2OS,S,15.76846
SRR11286389,-0.28544352898602876,-0.8457449608771849,0.4508186879284434,U2OS,G2M,19.83774
SRR11286390,-0.25552175972113944,0.5108067321937626,-0.820844217647272,U2OS,G1-G0 transition,3.713218
SRR11286391,0.2881949819682833,0.5144959971195174,0.8076122665355461,U2OS,S,9.893437
SRR11286392,-0.10382401089297555,-0.8357426966340429,0.5392167127053311,U2OS,G2M,21.007658
SRR11286393,-0.27163186077629564,-0.7661651381328058,0.5824149030807774,U2OS,G2M,16.887512
SRR11286394,0.39899456658158994,0.32094559151599067,0.858951219426239,U2OS,S,12.258706
SRR11286396,0.8366632582724514,0.36592193711352927,0.4075480686388269,U2OS,S,9.054148
SRR11286397,0.5302274916203539,-0.5960540470312676,0.6029744897159595,U2OS,G2M,24.746309
SRR11286398,0.539118463425552,0.37326002927554597,0.7550020917860476,U2OS,S,10.529262
SRR11286399,-0.14240123814689476,-0.9301714668207732,0.3383830591703757,U2OS,G2M,18.794987
SRR11286401,0.7151243140365426,0.6438989514597622,0.272013577913064,U2OS,S,8.621787000000001
SRR11286402,0.7748585007718265,-0.3073031381480704,0.5524120926108225,U2OS,S,15.208934
SRR11286403,-0.6785715982228913,-0.3494977516966855,0.6460586096168874,U2OS,G1,1.322516
SRR11286404,-0.2757051228109285,-0.694034812798683,0.665058105024246,U2OS,G2M,25.305835
SRR11286405,0.15776284280494177,-0.9289557473745162,0.33489106031130755,U2OS,G2M,22.457339
SRR11286406,-0.4341087472167782,0.22103053429646688,0.8733241468036996,U2OS,G1,6.8160440000000015
SRR11286407,0.6927755550014731,-0.5968034572202486,0.40483037044402576,U2OS,S,13.886418
SRR11286408,-0.18400698943786425,-0.9001175737253718,0.3948792267379946,U2OS,G2M,18.947585
SRR11286411,0.6407126780410506,0.2174390729126832,0.7363473449600778,U2OS,S,10.605561
SRR11286412,0.7131006187560875,-0.20292564933288398,0.6710504155811666,U2OS,G2M,23.14403
SRR11286413,0.7355624906598173,0.24639154570847982,0.6310616772243003,U2OS,S,10.910757
SRR11286414,-0.13148192030478983,-0.8078914285335622,0.5744770129160526,U2OS,G2M,20.651596
SRR11286416,-0.2237398607538792,-0.9412312019807083,0.2530299950710133,U2OS,G2M,21.261988
SRR11286417,0.03567836387151779,-0.14789617086110857,-0.9883590834261656,U2OS,G1-G0 transition,2.212671
SRR11286419,-0.6792045750673136,-0.4515328506384192,0.5786185498484104,U2OS,G1,0.152598
SRR11286420,-0.07553363883302827,-0.9160844186415393,0.39380693204846173,U2OS,G2M,18.286327
SRR11286422,0.8752137917425908,-0.10080674488783503,0.47311619324728627,U2OS,S,12.360438
SRR11286423,-0.2664218462260469,0.865791094133153,0.42358624760881397,U2OS,G1,7.1466730000000025
SRR11286424,0.4415879730731363,0.8780418059220858,0.18450707882822356,U2OS,G1,7.273838
SRR11286425,-0.7344514951995413,-0.06933678636965288,0.6751099459468637,U2OS,G1,1.424248
SRR11286426,0.4544917101449198,0.46687996423199585,0.7585910497504886,U2OS,S,11.546582
SRR11286427,-0.5752501147922687,-0.6539498885647462,0.4913623603074403,U2OS,G1,1.7294440000000002
SRR11286428,-0.14825003046805288,0.5024402310462768,0.8518073628163786,U2OS,G1,5.213765
SRR11286429,0.739955798351652,0.43947856067657015,0.5092386695962511,U2OS,S,10.554695
SRR11286430,0.500610522756696,-0.494758092913713,0.7103543711569403,U2OS,G2M,22.431906
SRR11286431,0.6437148026261583,-0.4971861031383292,0.5817535522103892,U2OS,S,11.826345
SRR11286432,-0.19079882268584836,-0.956247978816637,0.22177812334723088,U2OS,G2M,21.236555
SRR11286433,-0.7788092208881804,-0.42689499646378404,0.45958320239372624,U2OS,G1,1.7548770000000002
SRR11286434,0.4707023268520795,-0.2892400393380358,0.8335343935680434,U2OS,G2M,22.63537
SRR11286435,-0.380683289426032,-0.8166383238262042,0.4337995188396817,U2OS,S,15.743027
SRR11286436,-0.029351330416519716,-0.9647243304306924,0.26162074121692,U2OS,G2M,22.533638
SRR11286437,0.4023606502279105,-0.498141673885367,0.7680889852193948,U2OS,G2M,23.271195
SRR11286438,-0.2348277914049385,-0.9624159284582285,0.13642341831499044,U2OS,G2M,23.016865
SRR11286441,0.08711767352354548,0.7405419628126285,0.6663393422225852,U2OS,S,9.486509
SRR11286442,0.0852112012882259,-0.9373889746575976,0.3376995688340541,U2OS,G2M,20.727895
SRR11286443,0.7658951025643691,0.28387609323871743,0.5769047045313396,U2OS,S,11.165087
SRR11286444,0.2310028609123505,0.3682104206678264,0.9005880674794038,U2OS,S,10.402097
SRR11286445,0.5725609915555848,-0.7095817529724654,0.41069165920673073,U2OS,G2M,18.515224
SRR11286446,-0.320479828755184,0.7054958109264746,0.6321141087493054,U2OS,G1,5.747858
SRR11286447,0.36636282019399263,-0.8489263804292289,0.38092297455076746,U2OS,G2M,24.008752
SRR11286449,0.7560268933911929,-0.3487844024449636,0.5538705714133603,U2OS,G2M,18.260894
SRR11286450,0.8884050332004055,0.06091313711058541,0.45500113008129833,U2OS,S,9.562808
SRR11286451,0.8458816920217025,-0.013598425975285836,0.5331970459919463,U2OS,S,13.47949
SRR11286452,-0.28961618371279096,0.4420304235402355,-0.8489591111344822,U2OS,G1-G0 transition,3.204558
SRR11286453,0.3716481985826732,-0.7039752025313423,0.6052244207997789,U2OS,G2M,20.804194
SRR11286454,-0.18470356506961885,0.5335848889688439,0.8253313515782251,U2OS,G1,4.603373
SRR11286456,-0.8793321267845531,0.3298827969710343,0.3434420679746156,U2OS,G1,3.611486
SRR11286457,0.7759352904364951,0.4357698531983067,-0.4561020483963035,U2OS,G1-G0 transition,5.696992
SRR11286459,-0.3669799087358173,0.4085569364445537,-0.8357074595069683,U2OS,G1-G0 transition,1.475114
SRR11286460,-0.16650140026564136,-0.1280011964653055,-0.9776977352772004,U2OS,G1-G0 transition,4.679672
SRR11286461,0.6745099418429421,-0.2435506763764363,0.6969357341684813,U2OS,S,12.20784
SRR11286462,-0.2072435348498225,-0.9289087480182532,0.30688567108961345,U2OS,G2M,18.973018
SRR11286463,-0.566456668376632,0.4122566834668677,0.7135623003679834,U2OS,G1,5.747858
SRR11286464,0.37412085591806665,0.32288415618113786,-0.8693556950066011,U2OS,G1-G0 transition,7.629899999999999
SRR11286465,-0.1509193983559337,-0.8835031620634336,0.44344735053963114,U2OS,G2M,19.176482
SRR11286466,0.5444589041930671,-0.47815240107206874,0.6891550017962128,U2OS,G2M,17.014677000000002
SRR11286467,-0.855615128188803,0.2529070005474825,-0.45162040813742743,U2OS,G1-G0 transition,0.813856
SRR11286468,0.4246541985315846,-0.4538369421769539,0.7833905839490276,U2OS,G2M,23.525525
SRR11286469,0.04627669456267561,0.6193707079803018,0.7837335952290018,U2OS,S,9.15588
SRR11286470,-0.033096727715501484,-0.9584710464766762,0.2832628074203079,U2OS,G2M,20.549864000000003
SRR11286471,0.7463709861682711,-0.5656321804725148,0.3507003243299708,U2OS,S,15.056335999999998
SRR11286472,0.5199329314067431,0.4304030802845026,0.737850334166001,U2OS,S,10.961623
SRR11286475,-0.09753055394293075,-0.9443505724101074,0.31414910463049794,U2OS,G2M,22.279308
SRR11286476,-0.9449405901790104,0.2087564853612598,0.2520081019917926,U2OS,G1,3.916682
SRR11286477,0.4670983930879593,-0.11648628263144546,0.8764987472572772,U2OS,S,14.623974999999998
SRR11286478,-0.652005194792632,0.49326284272137677,-0.5758307514982981,U2OS,G1-G0 transition,2.848496
SRR11286479,0.6903915809287557,0.6811845870296799,0.24361268275636727,U2OS,S,8.570921
SRR11286480,0.3210470605947925,-0.3746257416874107,0.8698185555135067,U2OS,G2M,23.65269
SRR11286482,-0.7983094004029576,0.48517168175650904,-0.3568058784462945,U2OS,G1-G0 transition,2.4924340000000003
SRR11286483,0.049867361392409826,0.2181892440525937,-0.9746315700557251,U2OS,G1-G0 transition,2.467001
SRR11286484,0.020056501461845233,-0.9567832035198025,0.29010979656316427,U2OS,G2M,24.898907
SRR11286485,-0.899676234155797,0.3823147574190471,0.21075652505878684,U2OS,G1,3.4588880000000004
SRR11286486,0.38796914896687457,-0.01777073515977495,0.9215009135080077,U2OS,G2M,22.406473
SRR11286487,-0.16614300442577923,0.704442948828552,0.690041136399524,U2OS,G1,3.331723
SRR11286489,-0.8796748387515606,0.4727781002339953,0.05150859048747558,U2OS,G1,3.05196
SRR11286490,0.8867009454498274,-0.007982476981468478,0.46227441852163564,U2OS,S,10.300365
SRR11286491,0.27938676406729596,-0.7404054416623609,0.6113449982954138,U2OS,G2M,18.794987
SRR11286492,-0.2827426170093088,0.41341453110086257,-0.8655316781742445,U2OS,G1-G0 transition,4.959435
SRR11286493,0.11952957070658626,-0.7801893604174834,0.6140172045883201,U2OS,G2M,24.822608
SRR11286494,-0.06771129778968879,0.8888946348785233,0.45307987777283776,U2OS,G1,8.011395
SRR11286495,-0.6858758734307138,-0.14337884378664914,0.7134540823388629,U2OS,G1,1.042753
SRR11286496,-0.12292302030610341,-0.9421263525126067,0.3119100518267194,U2OS,G2M,20.168369
SRR11286497,0.7125400901787011,-0.36999695239409713,0.5961450341134256,U2OS,S,15.437831
SRR11286498,0.7520406349818256,0.34378336847598023,0.5623593488372877,U2OS,S,11.037922
SRR11286499,0.5990056835438146,0.04663573104671156,0.7993854492866821,U2OS,G2M,24.186783
SRR11286500,0.5656181974290431,-0.5039222066349923,0.6527928004094177,U2OS,G2M,24.898907
SRR11286502,0.36677427069110313,-0.5183519497857777,0.7725205062252667,U2OS,G2M,22.279308
SRR11286504,0.45935646656862783,0.5224917560293318,0.7183271204467281,U2OS,S,9.791705
SRR11286505,0.9153281137184619,0.051343940969067595,0.3994223259521736,U2OS,S,11.139654
SRR11286506,-0.7204097986625952,-0.3551671646226617,0.5957063478925382,U2OS,G1,1.805743
SRR11286507,-0.9974365611524766,0.06948496198446494,0.017092838143686617,U2OS,G1,1.373382
SRR11286508,0.8004214844528518,0.37948910141046277,0.46401873441232555,U2OS,S,9.715406
SRR11286509,0.5056542635684794,-0.2720823992504491,0.8187093749724863,U2OS,G2M,22.075844
SRR11286510,0.649339468126648,-0.20492806698113936,0.7323680037990294,U2OS,S,13.962717
SRR11286511,-0.2139478152137893,0.6055736264478659,0.7664899214533956,U2OS,G1,5.900456
SRR11286512,-0.21134604695686462,-0.9755622358369024,-0.060093145661737846,U2OS,S,16.226254
SRR11286513,0.43470276320786055,-0.6930012094443231,0.5751372866596678,U2OS,G2M,25.127804
SRR11286514,-0.5976661092556116,-0.7305653706390756,0.3302567419597323,U2OS,S,16.353419
SRR11286515,-0.20588480576113388,-0.8590909124571771,0.46858751075591476,U2OS,G2M,18.464358
SRR11286516,-0.9648846365772532,0.11785209036394173,-0.23475189859202822,U2OS,G1,2.416135
SRR11286517,-0.9011404765118786,-0.1291966273765492,0.4138284827702202,U2OS,G1,2.594166
SRR11286518,0.1490273356785521,-0.8507992997674199,0.5039159868895509,U2OS,G2M,16.836646000000002
SRR11286519,-0.11219912869333781,-0.9729246377242154,0.20206232289654197,U2OS,G2M,23.39836
SRR11286520,-0.6936168824677194,-0.48436136655158557,0.5331881975089239,U2OS,G1,0.534093
SRR11286521,0.1511344012370887,-0.4422018308684209,0.8840903658035464,U2OS,G2M,19.125616
SRR11286522,0.7240385702685824,-0.2319948874748981,0.6495740882454516,U2OS,S,14.191614
SRR11286523,-0.7113207975790865,-0.03620994241676215,0.7019340551912956,U2OS,G1,2.5687330000000004
SRR11286524,0.2874733527625617,-0.8694347684882162,0.4017988840021944,U2OS,G2M,20.905926
SRR11286525,0.49097171698002473,-0.35599517811321074,0.7951188964541107,U2OS,S,13.784686
SRR11286526,0.5567411419317896,0.06370671769957771,0.8282394381387987,U2OS,S,10.1732
SRR11286527,0.35560729613101605,-0.7958953153154839,0.4899938725305307,U2OS,G2M,17.243574000000002
SRR11286528,-0.18608127788812473,0.541770755211743,-0.8196695054307482,U2OS,G1-G0 transition,2.085506
SRR11286529,0.1446207198228126,0.6109138491461432,0.7783759172337921,U2OS,G1,6.61258
SRR11286530,-0.20352930256588492,0.9197395777848474,0.3356410347656581,U2OS,G1,6.383683
SRR11286531,0.7781307607947803,-0.20508286788692265,0.5936780356296822,U2OS,S,12.335005
SRR11286532,-0.5032098441657994,0.45919898152503746,0.7320629470312648,U2OS,G1,7.477302000000001
SRR11286533,-0.14945363096491154,-0.9396433002338027,0.3077891247267135,U2OS,G2M,20.270101
SRR11286534,-0.13226136956145879,-0.954296282587475,0.2680029320155929,U2OS,G2M,17.574202999999994
SRR11286535,0.42509235982480464,0.21021833114406882,0.8804002746621007,U2OS,S,14.089882
SRR11286536,-0.05776317730707954,0.9444521143733455,0.32353315386157344,U2OS,G1,7.502734999999999
SRR11286537,0.04566222131422537,-0.8637701500912247,0.5018129071268906,U2OS,G2M,21.567184
SRR11286538,0.46820245786711934,-0.47182752972422554,0.7471047106709405,U2OS,G2M,22.559071
SRR11286539,0.16433897498451944,-0.8789222243403498,0.44775924553908397,U2OS,G2M,19.939472
SRR11286540,0.03881864077783115,-0.707445746383511,0.7057008167175367,U2OS,G2M,21.338287
SRR11286541,-0.2463882318012732,0.842407018950587,-0.4792111112449593,U2OS,G1-G0 transition,7.6553330000000015
SRR11286542,-0.260592126468333,0.20532600096196812,-0.94336248886176,U2OS,G1-G0 transition,3.3571560000000003
SRR11286543,0.6816594362972423,-0.10183389059412452,0.7245484133813738,U2OS,S,11.088788
SRR11286544,0.03958123094368837,-0.9409183204735664,0.33631222527616056,U2OS,G2M,18.235461
SRR11286545,-0.7411784189230877,-0.5838852717110022,0.3312590748037167,U2OS,G1,0.406928
SRR11286546,0.5492739114374816,0.139035001032962,0.8239947999676053,U2OS,S,12.411304
SRR11286547,-0.7023351712550328,-0.3688275599350752,0.608844486098213,U2OS,G1,1.398815
SRR11286549,0.4137513010883328,0.30972720849333013,0.8560834020751218,U2OS,S,9.232179
SRR11286550,-0.9586155530581889,-0.1306626558900909,0.2529493050721904,U2OS,G1,1.602279
SRR11286551,-0.404228200095107,-0.8392458786932278,0.3636836164289647,U2OS,G2M,17.065542999999998
SRR11286552,0.0848738353793844,-0.9903228890410458,0.10980404590708057,U2OS,G2M,20.753328
SRR11286553,0.28247768607725654,0.29431661022326,-0.9130082671847497,U2OS,G1-G0 transition,5.84959
SRR11286554,-0.16628955313478389,0.2596522257799365,-0.9512772937592275,U2OS,G1-G0 transition,7.222971999999999
SRR11286555,-0.014929194449749272,-0.9400125996365216,0.3408127799153481,U2OS,G2M,23.322061
SRR11286556,-0.06681276574768202,-0.9616236850547436,0.26611235210658424,U2OS,G2M,19.710575
SRR11286558,0.7381265693241662,0.42707543185878544,0.5222791547441298,U2OS,S,10.42753
SRR11286559,0.5628488782569536,-0.18896278542476463,0.8046702551106933,U2OS,S,14.878305
SRR11286560,0.5451579379243027,0.22703459141148036,0.8070055855928115,U2OS,S,9.740839
SRR11286561,-0.7828985950410334,0.1642434547058161,0.6000783180317708,U2OS,G1,2.187238
SRR11286562,0.052221005075355764,-0.9271460727048065,0.37104323139454587,U2OS,G2M,21.974112
SRR11286563,0.4945936070094806,0.09661254325524475,0.8637378577604354,U2OS,S,12.640201
SRR11286564,0.9043878856939384,0.23659652421138494,0.3551122043235582,U2OS,S,10.046035
SRR11286565,-0.9184707264004703,0.027741180304601293,0.39451472822623834,U2OS,G1,4.247311
SRR11286566,0.547221732414097,0.8320677969703476,-0.09061788817861371,U2OS,G1,7.1212399999999985
SRR11286568,-0.32465931588693836,0.9432230857520588,0.07018855073815652,U2OS,G1,5.417229
SRR11286569,0.30567368921735166,-0.8285885746685788,0.46904635906380504,U2OS,G2M,23.423793
SRR11286570,0.8805117694098369,0.4676291819540203,0.07760188281162061,U2OS,G1,6.8669100000000025
SRR11286571,-0.34395786023819663,-0.8867746693368938,0.30874535199001035,U2OS,G2M,20.626163
SRR11286572,0.7687885289555586,-0.27241611799554377,0.5785789995174729,U2OS,G2M,19.049317
SRR11286573,-0.8368268173953808,0.5055831964473112,-0.21001525810658972,U2OS,G1,7.426436
SRR11286574,0.5383296040835973,-0.6082667992456288,0.5832773864071175,U2OS,G2M,23.042298
SRR11286575,-0.5816954279169669,-0.21864262831474826,0.7834704316159204,U2OS,G1,3.026527
SRR11286576,0.6548150338305987,-0.5121313681434069,0.5558225718872262,U2OS,G2M,23.856154
SRR11286577,-0.2862699286911741,-0.8323416916249935,0.474612327276662,U2OS,G2M,20.829627
SRR11286578,0.3343781911939758,-0.907671758167892,0.2536202967034088,U2OS,G2M,20.931359
SRR11286579,-0.167723901134137,0.28344772126930046,-0.944206522322318,U2OS,G1-G0 transition,4.7051050000000005
SRR11286580,-0.66152933195202,-0.25441115053732477,0.7054458539487724,U2OS,G1,0.8392890000000001
SRR11286581,-0.5377183866941342,-0.688497803212459,0.486651322883883,U2OS,G1,0.661258
SRR11286582,0.619405748802664,-0.5740453793549627,0.5355451716113226,U2OS,S,16.149955
SRR11286583,0.768414837476083,-0.6170468142554506,0.16968149765839138,U2OS,G2M,22.38104
SRR11286584,-0.09384873374713742,0.7767093809228337,-0.62282833950757,U2OS,G1-G0 transition,7.579034
SRR11286585,0.6894036409811278,-0.30000805150399446,0.6593313659044633,U2OS,G2M,25.17867
SRR11286586,-0.29575275404731466,-0.8897579720233761,0.34765062884539244,U2OS,G2M,18.108296
SRR11286587,0.8286052862402321,-0.2966396959631118,0.47478243797365727,U2OS,G2M,19.303647
SRR11286590,-0.928036730235641,-0.10616475208312684,0.3570391389470932,U2OS,G1,1.856609
SRR11286593,0.20517343903368362,-0.862170005185415,0.4632135198386993,U2OS,G2M,23.372927
SRR11286594,0.05793273857427397,0.42050515889140083,0.9054387223118491,U2OS,S,8.926983
SRR11286595,0.6474143914856003,0.05322726375385657,0.7602772059384194,U2OS,S,15.00547
SRR11286596,0.3825370878227971,0.6028863276683994,0.7001381174852612,U2OS,S,10.452963
SRR11286597,0.542871250253521,-0.19454044131696513,0.816972950898999,U2OS,G2M,22.660803
SRR11286599,-0.8383704327177408,0.48150945402184536,0.2555060808029058,U2OS,G1,5.0357340000000015
SRR11286600,0.5687220032717852,-0.8089014838822681,0.14910959638882923,U2OS,G2M,24.771742
SRR11286601,-0.6125895199991418,0.07225299910696933,0.7870918148727851,U2OS,G1,2.721331
SRR11286602,0.7115801277074958,0.23486434504536152,0.6621876012805872,U2OS,S,10.783592
SRR11286603,0.7526394844485038,-0.42569601210798597,0.5023111191126193,U2OS,S,15.081769
SRR11286604,-0.7936228704589867,-0.2605296052738225,0.5498064894942175,U2OS,G1,2.03464
SRR11286605,0.5555606227674074,0.03199803684785768,0.830860248353215,U2OS,S,14.039016000000002
SRR11286606,0.7421492396858163,-0.13561322426121442,0.6563715048103775,U2OS,S,13.072562
SRR11286607,-0.7956772625637282,-0.3340452343896764,0.5052836354868623,U2OS,G1,1.195351
SRR11286608,0.6222105802896797,-0.5848700886975896,0.5203660729133402,U2OS,S,13.148860999999998
SRR11286609,-0.8684240725071368,0.0779773390819348,0.48965217254664345,U2OS,G1,3.662352
SRR11286610,0.06295855007701001,-0.9940324392289612,0.08908284724474039,U2OS,G2M,22.355607
SRR11286611,0.49840127443919846,0.2630006287616026,0.8260912357533938,U2OS,S,12.869098
SRR11286613,0.14507632628901784,-0.956277895734062,0.2539399107484861,U2OS,G2M,23.169463
SRR11286614,0.24495753994653321,-0.05014767760681527,0.9682360103281777,U2OS,G2M,19.761441
SRR11286615,-0.20443529621128534,-0.9450223346461997,0.2552233798651779,U2OS,G2M,22.8897
SRR11286616,0.12835753010293388,-0.7937590161255053,0.5945341730635114,U2OS,G2M,24.263082
SRR11286617,-0.7664938044982768,-0.11590105444453297,0.6317073807996311,U2OS,G1,1.068186
SRR11286618,0.506980049508128,0.0950091953435388,0.8567056025353509,U2OS,S,10.732726
SRR11286619,0.7680035751024521,-0.5981683575006476,0.22883417101414658,U2OS,G2M,16.938378
SRR11286620,0.8837254997846755,0.045307161041948846,0.4658074399521237,U2OS,S,9.740839
SRR11286621,-0.9592752999678423,-0.12337964398777874,0.2541026483929481,U2OS,G1,2.924795
SRR11286622,0.8066131343518901,0.4212742923465156,0.4146122308064941,U2OS,S,9.359344
SRR11286623,-0.42138993759517523,0.45056012187238426,0.7870362531847988,U2OS,G1,3.81495
SRR11286624,-0.1912037069771354,-0.9618959058167498,0.19544221311247217,U2OS,G2M,19.07475
SRR11286625,0.27056204783874305,-0.5475463528323251,0.7918264264911419,U2OS,G2M,18.362626
SRR11286626,0.19336638410361712,-0.9811200103278263,0.0035769295503664048,U2OS,G2M,21.389153
SRR11286628,-0.8437009848047521,0.32948186179102434,-0.4238047513061954,U2OS,G1-G0 transition,4.120146
SRR11286629,-0.5562933784627568,0.8276854557012414,0.07399049049291143,U2OS,G1,7.172105999999999
SRR11286630,-0.5212817230350617,-0.6650763569809048,0.5347323985695511,U2OS,G2M,16.760347
SRR11286631,0.14364612650427755,0.8742823424217179,0.46367666294690313,U2OS,G1,5.8241570000000005
SRR11286633,0.5756508476661314,0.3883001569092958,0.7196175072728704,U2OS,S,12.131541
SRR11286634,-0.5527815246392958,-0.31020222429075023,0.7734386350390179,U2OS,G1,0.457794
SRR11286635,0.6719555392147647,-0.49253982323497275,0.5530644557692964,U2OS,G2M,16.912945
SRR11286636,0.6434703630455778,0.12553252025645706,0.7551075434104445,U2OS,S,11.69918
SRR11286638,0.7018737829239621,-0.5310988143980653,0.4746654060883947,U2OS,G2M,21.770648
SRR11286639,-0.3403187929195383,-0.5766634611237231,0.7427263124643451,U2OS,G2M,18.006563999999994
SRR11286640,0.030670769524113378,-0.9872700596119053,0.15606754330917755,U2OS,G2M,18.922152
SRR11286641,-0.09074051062696131,0.7795068355805939,-0.6197865825650155,U2OS,G1-G0 transition,9.130447
SRR11286642,0.48174520529096176,0.4635233197974774,0.7436852417762764,U2OS,S,9.868004
SRR11286643,-0.3370996764767594,-0.9028913398862306,0.2667415121144001,U2OS,G2M,17.040110000000002
SRR11286644,-0.43952176937188936,-0.8924340400387173,0.10189189367785573,U2OS,G2M,17.904832
SRR11286645,0.6136409768527764,-0.5249641282221742,0.5897944237938405,U2OS,G2M,21.948679
SRR11286647,0.05011936131340808,0.5781423890006465,0.814395099115033,U2OS,S,11.470283
SRR11286649,0.6288154635950624,0.22165032059072365,0.7452935214391703,U2OS,S,12.97083
SRR11286650,-0.5368233771723722,0.5372313568587964,0.6505405403626614,U2OS,G1,4.527074
SRR11286651,-0.6184254351680634,0.4985745545073643,0.6074317104628628,U2OS,G1,3.865816
SRR11286652,-0.18167790465538808,-0.8748542521816433,0.4490247864407505,U2OS,G2M,21.083957
SRR11286653,-0.8953441672968951,-0.05422049201481541,0.442062043667981,U2OS,G1,3.3825890000000003
SRR11286654,0.5560087436048806,0.5539247806936589,0.619694789282065,U2OS,S,10.478396
SRR11286656,0.3259431698578643,0.1643174483952385,0.9309998942898056,U2OS,S,13.047129
SRR11286657,-0.04970134703738166,-0.9511198243169731,0.30479671928398555,U2OS,G2M,22.203009
SRR11286658,-0.5438339912089369,0.05785803511536802,0.8371960303487768,U2OS,G1,3.636919
SRR11286659,0.4851238563457136,0.29494085016280086,0.8232038468330999,U2OS,S,10.68186
SRR11286661,-0.011791919024912112,-0.8731134381945376,0.487374378510117,U2OS,G2M,17.599636
SRR11286662,-0.21363053316710628,-0.9459598573763106,0.2439714801227642,U2OS,G2M,18.693255
SRR11286663,0.26298931794640856,-0.5860272327911983,0.7664259888491218,U2OS,G2M,20.473565
SRR11286664,-0.025841974219034947,0.39862288768699067,-0.916750824083391,U2OS,G1-G0 transition,5.518961
SRR11286665,-0.7595203605578558,0.4476846500779921,0.47191866902304447,U2OS,G1,3.942115
SRR11286666,-0.030708341592758537,-0.8636011304897898,0.5032395490820227,U2OS,G2M,19.379946
SRR11286667,-0.38637902372796273,0.9091955407542532,0.1551600601381396,U2OS,G1,4.476208
SRR11286668,0.6026601234192701,-0.2028717476795024,0.7717796469711545,U2OS,S,12.945397
SRR11286669,-0.22477196273480532,0.43689677888593326,0.8709756966869453,U2OS,G1,6.129353
SRR11286670,0.6883074448731523,-0.2979474280873809,0.6614077122778711,U2OS,S,13.276026000000002
SRR11286671,-0.13645148806662274,0.6845830163995728,0.7160496993845049,U2OS,G1,5.290064
SRR11286672,-0.6370472225222331,0.5364794721871587,0.5534985353190899,U2OS,G1,3.992981
SRR11286673,0.012711279485025373,-0.9260929588915449,0.37708140431959625,U2OS,G2M,19.023884
SRR11286674,-0.7332154309700931,-0.2616690661511139,0.6276341890591859,U2OS,G1,1.983774
SRR11286675,-0.09149755450193114,-0.9638491095895094,0.25024568815066195,U2OS,G2M,18.616956
SRR11286676,-0.2358920607959774,-0.9666129674841293,-0.10007084396956603,U2OS,G2M,17.853966
SRR11286677,0.6569772226217582,0.0709201287939389,0.7505672781270472,U2OS,S,14.293346
SRR11286678,-0.9477829336136954,-0.2675109204582712,0.17362403010930905,U2OS,G1,3.280857
SRR11286679,-0.3012538812989851,-0.9152308260054451,0.2675793765669653,U2OS,G2M,16.862079
SRR11286680,0.8300476148770706,0.3331139648588837,0.4472763393004196,U2OS,S,9.232179
SRR11286681,0.734698858469458,-0.23158730059995575,0.6376400643823009,U2OS,S,14.903738
SRR11286683,0.675272507615835,-0.16578221029615986,0.7186954296176257,U2OS,S,15.488697
SRR11286684,0.5696305969727138,-0.026345509024668017,0.8214785767717215,U2OS,S,13.657521
SRR11286685,0.829317790405349,-0.38548358461480003,0.40451748807882704,U2OS,S,13.047129
SRR11286686,0.6900420410385677,-0.3951868996606448,0.6063573700810287,U2OS,S,14.802006
SRR11286687,0.4806464565551802,-0.33024933718220023,0.8123510734747023,U2OS,S,14.725706999999998
SRR11286688,-0.17841247755021467,0.9839516389180104,-0.0028300354718088783,U2OS,G1,3.102826
SRR11286689,0.4824513993200211,-0.6614581171755748,0.5742070411187687,U2OS,G2M,22.686236
SRR11286690,-0.12513921385451443,-0.9606703024946569,0.24789651545127223,U2OS,G2M,19.812307
SRR11286691,0.17388663848077512,0.2986801407059894,-0.9383782264109842,U2OS,G1-G0 transition,5.086600000000002
SRR11286693,0.5493220834818173,-0.535459871979807,0.6415043988092556,U2OS,G2M,24.568278
SRR11286694,0.7796418334402301,0.2895801179400041,0.5552495110469243,U2OS,S,9.766272
SRR11286695,-0.4455706240018543,0.5217491628952107,0.7274921597113383,U2OS,G1,5.6715589999999985
SRR11286696,-0.7985134526277473,-0.2377889321181284,0.553021419656135,U2OS,G1,0.8647220000000001
SRR11286697,-0.9481043024123383,-0.06677369376500972,0.3108689341028622,U2OS,G1,3.4843210000000004
SRR11286698,0.07893742089579897,0.8604329397664836,-0.5034123749070502,U2OS,G1-G0 transition,5.8750230000000006
SRR11286699,0.6396090085423904,0.04472583410460151,0.7673981167799844,U2OS,S,13.555789
SRR11286700,-0.4812315376800185,0.30291724770679895,0.8225918252376152,U2OS,G1,3.81495
SRR11286702,0.8950276225303688,0.06919281083754861,0.44061084556859137,U2OS,S,11.648314
SRR11286703,-0.7877324610459536,0.365952812223172,0.4955363065441074,U2OS,G1,3.535187
SRR11286704,-0.6500853205071937,-0.012897735906579832,0.7597517245290879,U2OS,G1,2.441568
SRR11286705,0.3566526072417503,0.6693715419768391,0.6517212715294222,U2OS,S,9.944303
SRR11286706,0.7423269082097387,-0.03395616206985094,0.6691770108214696,U2OS,S,14.089882
SRR11286707,0.604953601645268,0.161358766379948,0.7797401183810145,U2OS,S,14.802006
SRR11286708,-0.31947231926243125,0.1620955719933214,-0.933628628851204,U2OS,G1-G0 transition,3.128259
SRR11286709,0.64010450701692,0.635074406046333,0.4323732396618106,U2OS,S,9.842571
SRR11286711,0.6855653192219637,-0.44863014849763183,0.573350765297034,U2OS,S,14.24248
SRR11286712,-0.15576721805442512,-0.8562283157050575,0.4925539617214628,U2OS,G2M,24.441113
SRR11286713,-0.6693670804120538,-0.11952391429415285,0.7332541926431713,U2OS,G1,2.238104
SRR11286714,0.5559727942065198,0.5284246334756879,0.6416086956700431,U2OS,S,10.630994
SRR11286715,-0.8167236120088158,-0.4982281583202106,0.2910863538773269,U2OS,G1,1.169918
SRR11286716,0.7314891789602993,-0.602945286157466,0.3184031751456211,U2OS,G2M,22.024978
SRR11286717,-0.4523810306117329,-0.8512655668630658,0.26589174510644903,U2OS,G2M,22.991432
SRR11286718,-0.45901454903063127,0.38430096530041447,0.801010906143836,U2OS,G1,1.678578
SRR11286719,0.5221922154106986,-0.7562369448074826,0.39423487227427145,U2OS,G2M,19.507111
SRR11286722,-0.4175126154278579,0.7697012459074203,0.4829527404412899,U2OS,G1,4.57794
SRR11286723,-0.057663092854959075,-0.9218318700357137,0.38327671105456446,U2OS,G2M,19.456245000000006
SRR11286724,0.7633467439973045,0.3774579806852568,0.5242395690186639,U2OS,S,10.656427
SRR11286725,0.7241097658194394,-0.020352989594490556,0.6893844211847694,U2OS,S,12.919964
SRR11286726,0.27782227019539074,-0.7306379006700954,0.6236850261194418,U2OS,G2M,23.194896
SRR11286727,-0.16807971959137996,-0.9743727877997314,0.14948832470626794,U2OS,G2M,18.05743
SRR11286728,-0.9224378954123795,-0.30380789190996355,0.23834662933793457,U2OS,G1,0.559526
SRR11286729,-0.7910905409742868,-0.3190210356465039,0.5219207738011697,U2OS,G1,0.8901549999999999
SRR11286730,-0.10242260380230483,-0.9081865222607173,0.4058410265120814,U2OS,G2M,19.634276
SRR11286731,0.22633614634396892,-0.0957346092558723,-0.96933322564671,U2OS,G1-G0 transition,6.078487
SRR11286732,-0.821911093743017,0.37354759387957204,-0.4300282781896164,U2OS,G1-G0 transition,3.128259
SRR11286733,0.781114741764348,0.24900848276799192,0.5725859280624408,U2OS,S,11.19052
SRR11286734,0.7391637250405481,-0.22307308899015474,0.6355120741945903,U2OS,S,15.666728
SRR11286735,0.15010348431359244,-0.9214881413833014,0.35822999006545986,U2OS,S,15.463264
SRR11286737,-0.9307877008515787,0.34117876689900417,0.13126805818090623,U2OS,G1,1.653145
SRR11286738,0.5868436272268922,-0.44678546488987053,0.6752757425370902,U2OS,S,14.267913000000002
SRR11286739,0.638120633273095,-0.4033611948016447,0.6558216129280817,U2OS,S,11.648314
SRR11286740,0.5342290949234304,-0.0634004744951567,0.84295883776632,U2OS,S,12.691067
SRR11286741,0.08349516080469105,-0.9157139192910055,0.39306017602608595,U2OS,G2M,23.550958
SRR11286742,-0.7925926905201687,-0.3636463951761122,0.4894465025594984,U2OS,G1,2.619599
SRR11286743,-0.16023625893284038,0.817989504854936,0.5524649571209677,U2OS,G1,7.324704
SRR11286744,0.08687192508306063,0.16031468869755747,-0.9832356395219511,U2OS,G1-G0 transition,4.349043
SRR11286745,0.640149185154233,-0.6840367319683812,0.34971781492578385,U2OS,G2M,25.051505
SRR11286746,-0.18093993088921043,0.7019555335160939,0.6888535386263883,U2OS,G1,5.5443940000000005
SRR11286747,0.6150992581729335,0.7848407032979511,0.07535194054885103,U2OS,G1,6.409116
SRR11286748,-0.6581658767235887,-0.050989869822320816,0.7511442566152917,U2OS,G1,2.5178670000000003
SRR11286749,-0.6357931630687406,-0.242359214165295,0.732822685747103,U2OS,G1,2.009207
SRR11286750,-0.503606091095006,0.23478644230126294,0.8314181207661457,U2OS,G1,1.551413
SRR11286751,-0.9443097370145999,-0.2968538577099875,0.14197444045304386,U2OS,G1,3.255424
SRR11286753,0.0865487440775069,0.8488965933747998,0.5214247673930571,U2OS,G1,3.992981
SRR11286754,-0.7199624415677769,0.5268161727097875,0.45179518692192766,U2OS,G1,3.636919
SRR11286755,-0.6268262340575723,0.031940768425416294,0.7785041658635252,U2OS,G1,4.857703
SRR11286756,-0.7769452036198847,0.510691494644942,0.36817179636471253,U2OS,G1,1.500547
SRR11286757,-0.6837208836941663,0.5178082649741151,0.5141986974061549,U2OS,G1,2.060073
SRR11286758,-0.8483999527387516,0.2606744716333854,-0.4607235408571637,U2OS,G1-G0 transition,3.30629
SRR11286759,-0.0319766777766784,0.7051640056675385,0.7083227502135897,U2OS,G1,4.298177
SRR11286760,0.31079103167859023,0.8588469922966944,-0.40717405886898445,U2OS,G1-G0 transition,6.332817
SRR11286761,-0.1315083743599533,0.9349552322165282,0.32949111710121054,U2OS,G1,5.722425
SRR11286763,-0.7865616219152963,0.5500943447653455,0.28056525621309597,U2OS,G1,2.975661
SRR11286764,0.2000749768811012,0.963216243891025,0.1794004506698981,U2OS,G1,6.688878999999999
SRR11286765,0.46734223589774515,0.7786384372403928,0.4187044698819079,U2OS,G1,6.663446
SRR11286766,-0.7674586369371277,-0.04573400767876604,0.6394651099815839,U2OS,G1,4.857703
SRR11286767,0.7345648509086471,0.5938785029112983,-0.32821138796284977,U2OS,G1-G0 transition,5.366363
SRR11286768,-0.6794998841480895,-0.3127390712024736,0.6636821698151141,U2OS,G1,0.50866
SRR11286769,-0.8201336642294793,-0.4837164556003718,0.30561278907592015,U2OS,G1,0.305196
SRR11286770,-0.6966069906951212,-0.5369585668865462,0.4758300039220766,U2OS,G1,2.28897
SRR11286771,-0.6952457409094376,0.15874820934039893,0.7010222898669777,U2OS,G1,2.594166
SRR11286772,-0.5572732863152556,0.36338253247726326,0.7465920318613173,U2OS,G1,2.161805
SRR11286773,-0.6311390072354974,0.5672963243586413,-0.5289975860913413,U2OS,G1-G0 transition,3.153692
SRR11286774,0.08869575238150806,0.302924158126456,-0.9488782374504816,U2OS,G1-G0 transition,6.434549
SRR11286775,-0.8096234577374186,0.5864170524078338,-0.02499653669095389,U2OS,G1,5.112033
SRR11286776,-0.7168614477064765,0.697204407179822,0.003958574857218677,U2OS,G1,6.027621
SRR11286777,-0.697994536909787,-0.4252791048079907,0.5761435108564853,U2OS,G1,0.4832269999999999
SRR11286778,-0.4641707897839744,0.7126078455901231,0.5260565332688866,U2OS,G1,5.6461260000000015
SRR11286779,-0.9315762732178504,-0.0883966533084084,0.35263545797623,U2OS,G1,1.7040110000000002
SRR11286780,-0.38932619226694193,0.8252388380262066,0.4091525738010847,U2OS,G1,3.687785
SRR11286781,0.12420907471094461,0.9209938249793098,-0.3692455933993142,U2OS,G1-G0 transition,7.706199000000002
SRR11286782,-0.9202037926060787,0.38589555828685507,0.06564706257282704,U2OS,G1,5.239198
SRR11286783,-0.6842499313255043,-0.7288678519338802,0.023530252326402823,U2OS,G1,0.076299
SRR11286784,-0.1106270235217034,0.8877362366236982,-0.44686244796399516,U2OS,G1-G0 transition,6.536281
SRR11286785,-0.31769700211038826,-0.17905704265427105,-0.9311322008251832,U2OS,G1-G0 transition,7.4010029999999976
SRR11286786,-0.6647649150361288,-0.24804827739881938,0.7046698467205554,U2OS,G1,0.203464
SRR11286787,0.1760092456790541,0.835200243528825,0.5210196045256359,U2OS,G1,5.59526
SRR11286788,-0.27170208467950757,0.906157517170982,-0.3241243247519169,U2OS,G1-G0 transition,7.833363999999999
SRR11286789,-0.6672773467532539,0.29616772184408147,0.6833927757507486,U2OS,G1,6.841477
SRR11286790,-0.9166098454883654,-0.29165186870828075,0.2734326028394469,U2OS,G1,1.958341
SRR11286791,-0.6984470110368719,0.4001929759630637,0.5933105287161313,U2OS,G1,1.7294440000000002
SRR11286792,-0.778629526556687,-0.045021027884323966,0.6258666989170353,U2OS,G1,1.246217
SRR11286793,-0.07023893641730045,-0.05824138068401359,-0.9958284381999578,U2OS,G1-G0 transition,6.943209
SRR11286794,0.405723166900496,0.8588791662730741,-0.31259469095364445,U2OS,G1,6.61258
SRR11286795,0.46290470150918334,0.8515195888126695,-0.24623870443569662,U2OS,G1-G0 transition,6.7651780000000015
SRR11286796,-0.037377664525758136,0.9777463842057703,-0.20643346104517626,U2OS,G1-G0 transition,7.604467
SRR11286797,0.7893015727875022,0.5995346413266069,-0.13251911526142723,U2OS,G1,6.231085
SRR11286798,-0.6156595271143426,0.28560431111786433,0.7344340226718316,U2OS,G1,2.950228
SRR11286799,-0.9164486463152206,-0.3979994711941186,0.041451167211214945,U2OS,G1,0.610392
SRR11286800,0.4691732584889286,0.7978464956605062,-0.37857303749383203,U2OS,G1-G0 transition,6.434549
SRR11286801,-0.7810434995234803,-0.41595486762250605,0.46578182803770385,U2OS,G1,1.144485
SRR11286804,-0.5090760887193508,0.289439218481312,-0.810596363133866,U2OS,G1-G0 transition,6.078487
SRR11286805,0.24546623300683773,0.42073858088805727,-0.8733415901252336,U2OS,G1-G0 transition,7.019508000000001
SRR11286806,-0.9469266120626141,0.316381348447769,-0.05685751402703487,U2OS,G1,2.899362
SRR11286807,-0.3150633163779737,0.21856338732474934,-0.9235611175961054,U2OS,G1-G0 transition,3.56062
SRR11286808,-0.38678148467829476,0.27666414804599426,0.8796915004726394,U2OS,G1,2.772197
SRR11286809,-0.834770824569573,0.3347224051399804,0.43717112784491396,U2OS,G1,6.459982
SRR11286810,-0.7297598398818403,-0.39181142438706146,0.5602984427180546,U2OS,G1,0.381495
SRR11286811,-0.5664082462640642,0.4030453447686253,0.7188435906156196,U2OS,G1,4.32361
SRR11286812,0.7233756937721673,0.4760484537701831,-0.5001051696118516,U2OS,G1-G0 transition,7.37557
SRR11286813,-0.4106021106240061,0.3606581828158081,0.8374553260467293,U2OS,G1,4.145579
SRR11286815,-0.40558185635732596,0.34064476717717174,-0.8482126450397486,U2OS,G1-G0 transition,3.789517
SRR11286816,-0.19361952026467952,0.4660929698110788,0.8632895290102577,U2OS,G1,4.272744
SRR11286817,-0.09798749076693097,0.8026599852707813,0.5883325978413116,U2OS,G1,6.281951
SRR11286818,0.4162563768791081,-0.10381057348134856,0.9033016646033314,U2OS,S,14.547676
SRR11286819,0.8911288090267566,-0.21451134594769558,0.3998428638591408,U2OS,S,13.632088
SRR11286820,0.6851900208078705,-0.23324399926444322,0.690008598632604,U2OS,S,12.7165
SRR11286821,0.6310934823972025,0.4370748971903725,0.6408482212296173,U2OS,S,10.834458
SRR11286822,0.10879247856400254,-0.931002228806091,0.3484234062736512,U2OS,S,15.793893
SRR11286823,0.8063152823983339,0.18834892478663648,0.5606962936673257,U2OS,S,9.817138
SRR11286824,0.7405962216262617,0.0009395896505173112,0.6719496682980668,U2OS,S,10.809025
SRR11286825,0.5781138943916705,-0.3585727267370366,0.7329459502731009,U2OS,S,15.336099
SRR11286826,0.7251814721046554,0.1697685835552924,0.6673009401154271,U2OS,S,13.759253
SRR11286827,0.11363323091242908,0.47966610052768405,0.8700619902957567,U2OS,S,9.562808
SRR11286828,0.4301740197747542,0.3991508675376339,0.8097092083826436,U2OS,S,9.206746
SRR11286829,0.8496618061235706,0.010138183898730807,0.5272304512846099,U2OS,S,12.614768
SRR11286830,0.7476796113186395,0.4029628376782072,0.5278220969249552,U2OS,S,8.876116999999997
SRR11286831,0.34997287828856477,0.39630321901551796,0.848800776096197,U2OS,S,10.249499
SRR11286832,0.6749955204956624,-0.15540466503881933,0.721269994866771,U2OS,S,14.115315
SRR11286833,0.6781435784764707,-0.6261890161980993,0.3847188810250311,U2OS,S,15.310666
SRR11286834,0.20951662450427685,0.6828679800912462,0.6998528824038164,U2OS,S,8.748952000000001
SRR11286835,0.502865245471834,0.3880175921761426,0.772378730129109,U2OS,S,9.257612
SRR11286836,0.37258345474029525,0.6282963581045933,0.6829531947067579,U2OS,S,10.351231
SRR11286837,0.7321080818783932,-0.17219206478421167,0.6590657471415712,U2OS,S,12.360438
SRR11286838,0.42305633918018437,0.26525466750593285,0.8664081943983033,U2OS,S,11.851778
SRR11286839,0.7381612122019177,0.06912151026967575,0.6710740209719764,U2OS,S,11.826345
SRR11286840,0.6203180151676164,-0.03192137212097382,0.7837005616360251,U2OS,S,12.233273
SRR11286841,0.578331779120828,-0.19260945948475292,0.792738324684306,U2OS,S,13.759253
SRR11286842,0.7314649440803127,0.32324796229544767,0.6003913820529828,U2OS,S,11.902644
SRR11286843,0.7253182332406947,0.1789691089229754,0.6647431464780729,U2OS,S,10.274932000000002
SRR11286844,0.695822866658832,-0.3675379165815125,0.6170465276888131,U2OS,S,15.692161
SRR11286845,0.11129427689779176,0.5546228644910596,0.8246253938479557,U2OS,S,9.613674
SRR11286846,0.7372215497245401,-0.5904740097084459,0.3283973498029851,U2OS,S,14.980037
SRR11286847,0.7115016640074898,0.1570440454253285,0.6849106304024201,U2OS,S,10.020602
SRR11286848,0.7081375808775957,-0.3399428889930396,0.6188538997190278,U2OS,S,14.598541999999998
SRR11286851,0.5360942207947124,0.004979909258955813,0.844143469359845,U2OS,S,12.538469
SRR11286852,0.590629179255891,-0.6337140994665706,0.49956335043834543,U2OS,G2M,25.076938
SRR11286854,0.6890447775724126,-0.5914957104899283,0.41874822455295313,U2OS,G2M,21.643483
SRR11286855,-0.08088824888700336,-0.9384150625957175,0.33590833823386124,U2OS,G2M,21.058524
SRR11286856,-0.6909545238890084,-0.48914604612353213,0.5322763108579847,U2OS,G1,0.228897
SRR11286857,-0.14898077955999728,-0.9496506551893718,0.27562330062441787,U2OS,G2M,18.56609
SRR11286858,-0.5385903145852567,-0.652394282701465,0.5331999252285144,U2OS,G1,0.178031
SRR11286859,-0.002595058198454625,-0.8568204889692711,0.5156083010831896,U2OS,G2M,18.616956
SRR11286861,-0.10718306756475446,-0.9936510551690174,0.03419542496362889,U2OS,S,15.183501
SRR11286862,-0.6377581174609762,0.7633115771341284,0.10305369491834068,U2OS,G1,4.5016409999999984
SRR11286864,-0.7744253970693964,0.6218543111308098,-0.1164583539567352,U2OS,G1,6.10392
SRR11286865,0.4570669563088434,0.23995725363989356,0.856452110030371,U2OS,S,11.572015
SRR11286867,0.47752244994532556,0.5515284470925227,0.6839506675230981,U2OS,S,9.689973
SRR11286868,0.9178473146542212,-0.2404038000806129,0.3158518169572444,U2OS,S,12.436737
SRR11286869,0.16455110707271486,-0.04548077801534384,-0.9853194166675063,U2OS,G1-G0 transition,4.654239
SRR11286870,-0.7472299828614604,-0.3252676244984826,0.5795241501688013,U2OS,G1,1.449681
SRR11286871,0.34819694488394154,-0.816786891909364,0.4600196368376805,U2OS,G2M,24.720876
SRR11286876,0.593828881357878,-0.253079281122853,0.7637527198096914,U2OS,S,11.928077
SRR11286877,0.7162288471304177,-0.6278264953899385,0.3047131552256385,U2OS,G2M,23.093164
SRR11286878,-0.5742721807198214,0.12323060714075565,0.8093365115438389,U2OS,G1,2.314403
SRR11286879,-0.5308829552819276,-0.7474843852361869,0.39928726893376953,U2OS,G1,0.25433
SRR11286880,-0.7873674249816424,0.0864045519457102,0.6103989050632147,U2OS,G1,3.255424
SRR11286881,0.7999282968958898,0.13342009099190347,0.5850760133167714,U2OS,S,12.182407
SRR11286882,0.4770772968007946,-0.33217256573794496,0.813669865145946,U2OS,G2M,16.556883
SRR11286883,0.8128552350786893,-0.5067851195844358,0.2871152651290792,U2OS,S,13.682954
SRR11286884,-0.8571902536544989,-0.30014365967264306,0.4184956663665471,U2OS,G1,0.966454
SRR11286885,0.5303739452393859,0.6549363097741555,0.5382954183299968,U2OS,G1,7.4518689999999985
SRR11286886,0.34007941922678325,-0.8359863344503968,0.4306654864548099,U2OS,G2M,23.881587
SRR11286888,0.5898840751411897,-0.3777708657637483,0.7136706123477816,U2OS,G2M,22.050411
SRR11286889,0.3798342929815092,-0.6804523710098818,0.626665974899589,U2OS,S,14.445944
SRR11286890,0.6303380339137614,-0.6680477574999555,0.39545696716920015,U2OS,G2M,18.973018
SRR11286891,0.7193499199836361,0.14628856543807445,0.6790694995471693,U2OS,S,13.22516
SRR11286892,0.3014679809778577,0.7230069730192102,-0.6215930037420863,U2OS,G1-G0 transition,6.587147
SRR11286893,0.661195805968111,-0.5909641757026911,0.4621486471216708,U2OS,G2M,21.846947
SRR11286894,-0.7052548760378157,0.05280233410715143,0.7069845524569611,U2OS,G1,3.179125
SRR11286895,-0.9073261012785169,-0.07865031561507951,0.41300555957909924,U2OS,G1,4.196445
SRR11286896,-0.07135354072803418,-0.9388486801930519,0.3368557270050991,U2OS,G2M,22.991432
SRR11286897,0.7469588086770443,-0.2874278413282204,0.5995312519079726,U2OS,S,13.199727
SRR11286899,0.6782099841004717,-0.3024709667278317,0.6697333618224846,U2OS,S,16.073656
SRR11286900,-0.2353644174613891,-0.02284091064476619,-0.9716388316127046,U2OS,G1-G0 transition,2.416135
SRR11286901,-0.9944758945221462,-0.06768612821992864,0.08022685080816083,U2OS,G1,4.018414
SRR11286902,-0.41799641638622514,0.2760248994979204,0.8654994222732342,U2OS,G1,5.493528
SRR11286903,-0.9523869250392236,0.2954566153084964,0.07526285275813344,U2OS,G1,3.840383
SRR11286904,0.7849089266648719,-0.42948549600632685,0.4466096425761386,U2OS,S,15.310666
SRR11286905,0.621560770109882,-0.656429264747925,0.4275077777660873,U2OS,G2M,24.644577
SRR11286907,0.41944273249907277,-0.6383272313710004,0.6454502609721516,U2OS,G2M,22.915133
SRR11286910,-0.1478095534379094,-0.912243237272526,0.38205286160262997,U2OS,G2M,25.153237
SRR11286911,0.23647396648498392,-0.9469150495249087,0.21778870987216836,U2OS,G2M,23.805288
SRR11286912,0.9197372881402723,0.020621698536605615,0.39199230396980167,U2OS,S,10.122334
SRR11286913,0.5429906488648076,0.5392778692109378,0.6436929398785656,U2OS,S,8.698086
SRR11286914,0.6812294899835498,-0.14282847814057892,0.7180016444045478,U2OS,S,12.182407
SRR11286915,0.15692544499914796,-0.8878557269813178,0.4325351462229924,U2OS,G2M,18.184595
SRR11286916,0.12037217814279749,0.7902252541867072,-0.6008780496286852,U2OS,G1-G0 transition,7.807931
SRR11286917,-0.02656625440888316,-0.8182233160568128,0.5742864615744757,U2OS,G2M,21.745215
SRR11286919,0.3820821856441234,-0.118077906632522,0.9165537696765168,U2OS,S,15.844759
SRR11286921,0.34133232714784056,-0.8244909831177418,0.45133896887243563,U2OS,S,15.158068
SRR11286922,0.18256016782267606,0.854729626692179,0.48591032338734835,U2OS,G1,6.307384
SRR11286923,-0.7965929562925949,-0.335077646368403,0.503152659060052,U2OS,G1,3.5097540000000005
SRR11286925,0.4803179048659571,0.6192892594132371,0.6211081302469359,U2OS,S,9.079581
SRR11286926,0.02843692937635489,-0.9110950947845817,0.41121395214197526,U2OS,G2M,20.193802
SRR11286928,0.5736190981765231,-0.6687911358462705,0.4729477685455149,U2OS,G2M,24.542845
SRR11286929,-0.622812617116446,0.3238951575587368,0.71217724852751,U2OS,G1,4.527074
SRR11286930,-0.27526426116350927,-0.8183191957670803,0.5045623547542323,U2OS,G2M,17.574202999999994
SRR11286932,0.08619554849916516,-0.8950716094619573,0.4375124115986104,U2OS,G2M,21.541751
SRR11286934,-0.11550613436119017,-0.9259714787275023,0.35949282774904234,U2OS,G2M,20.677029
SRR11286935,-0.6771159174557031,0.5061611757087339,0.5341488626323254,U2OS,G1,7.197538999999999
SRR11286936,0.15124081658892485,-0.9527214103508271,0.2635298728553346,U2OS,G2M,19.685142000000006
SRR11286937,0.9116736527546134,-0.11553232038600308,0.3943392521268083,U2OS,S,12.156974
SRR11286938,-0.805134769006878,-0.02821207023124006,0.5924205270662968,U2OS,G1,2.136372
SRR11286939,0.4409378807474951,-0.606670515593543,0.6614565143966328,U2OS,G2M,18.159162
SRR11286940,-0.040709734116844476,-0.9176513105097118,0.3952956199912504,U2OS,G2M,20.066637
SRR11286941,0.8580665507574134,-0.2236011065214006,0.4623032660138184,U2OS,S,13.403191
SRR11286942,-0.6946284919062349,0.3176485580349492,0.6454382858334573,U2OS,G1,4.043847
SRR11286943,0.7195409570286826,-0.4063310385493088,0.5631659787288806,U2OS,G2M,22.508205
SRR11286944,0.24432122846651583,-0.9132328954033316,0.32605651564778226,U2OS,G2M,20.448132
SRR11286945,-0.9618607924518245,0.18251645696207838,0.20374395928900946,U2OS,G1,4.883136
SRR11286946,-0.17125139255404775,-0.9134166239776883,0.36924640874030956,U2OS,G2M,17.828533
SRR11286947,0.45902639238891463,-0.5274082125502764,0.7149372932209141,U2OS,S,15.386965
SRR11286948,0.21194370160891096,0.9769675730543961,0.024787516096509588,U2OS,G1,5.569827
SRR11286949,-0.37101724110182077,0.7488940609696564,0.5490936875370934,U2OS,G1,5.773291
SRR11286952,0.7664763324128807,-0.10141398592152129,0.634215462534102,U2OS,S,14.674841
SRR11286953,-0.5622183807242207,-0.4985112472242531,0.6598462313244424,U2OS,G2M,16.811213000000002
SRR11286954,-0.9391769030984544,-0.1990905965128303,0.2798387984349867,U2OS,G1,2.772197
SRR11286955,0.6525790614434184,-0.03072790408938393,0.7570973824108903,U2OS,S,14.776573
SRR11286956,0.5776666929351963,0.8074709436013473,-0.11954906215439115,U2OS,S,9.588241
SRR11286957,0.2556195887815953,-0.8587610189395276,0.44405854897663255,U2OS,G2M,18.286327
SRR11286958,0.7756298044540398,0.033309766858758125,0.6303085628982568,U2OS,S,10.325798
SRR11286960,0.35484443188546216,-0.7240962359675519,0.5914136808674386,U2OS,G2M,21.668916
SRR11286961,0.2254201217222164,-0.7864070948021431,0.5751084118127243,U2OS,G2M,22.965999
SRR11286962,0.657373723018729,-0.3956832446274953,0.6413225219675165,U2OS,G2M,21.440019
SRR11286963,0.004330760633966646,-0.8435708967958616,0.5370003220531964,U2OS,G2M,23.576391
SRR11286964,0.6641449655739041,-0.5136085636498289,0.5432472463832692,U2OS,G2M,22.330174
SRR11286965,-0.5164716963561227,-0.8186179501221521,0.2512399683095103,U2OS,G2M,17.167275
SRR11286966,0.763857290080989,0.1168466958737122,0.634719644700109,U2OS,S,9.384777
SRR11286969,0.07794735797722963,-0.9093051894376631,0.4087644113008864,U2OS,G2M,24.873474
SRR11286970,0.23220320972264524,-0.5624688381782728,0.793543034623559,U2OS,G2M,22.711669
SRR11286971,-0.32473831994974756,0.41883260392315225,0.8480119130034774,U2OS,G1,2.8230630000000003
SRR11286972,-0.8445754425386554,-0.2188263312620857,0.48867900645004086,U2OS,G1,3.30629
SRR11286973,0.8422379176565085,0.2822256029905371,0.4593302185397985,U2OS,S,11.393984
SRR11286974,0.07460451073904889,-0.6112060152793963,0.7879476093288271,U2OS,G2M,22.177576
SRR11286975,-0.5486854284162443,0.36347444806521456,0.7528814650384151,U2OS,G1,3.764084
SRR11286977,0.6301025221121253,0.5859410529266604,0.509552452889932,U2OS,S,10.274932000000002
SRR11286978,-0.10426464777031086,-0.9128519898752454,0.39475313846924287,U2OS,G2M,25.229536
SRR11286979,0.30796410408432395,-0.7311775184081857,0.6087180428493638,U2OS,G2M,24.517412
SRR11286980,-0.31024254527403144,0.560096174358332,-0.7681418079123606,U2OS,G1-G0 transition,7.528167999999999
SRR11286981,-0.1652731288679718,0.038263428556000456,-0.985505307888653,U2OS,G1-G0 transition,2.263537
SRR11286982,0.6540621391003236,0.7319226063680874,0.19102887187698797,U2OS,G1,5.468095
SRR11286983,-0.36065031905611356,-0.9261268051877218,0.11054656286323594,U2OS,S,14.496809999999998
SRR11286984,0.20656840457967696,0.41136356807176777,0.8877552837905354,U2OS,S,8.698086
SRR11286985,-0.30752427356031575,0.6434321128248687,0.7010161721863779,U2OS,G1,7.6553330000000015
SRR11286986,-0.3031481709594674,-0.9240545063176311,0.23286129826190596,U2OS,G2M,16.607749000000002
SRR11286987,0.15691579841005104,0.4559181028214283,-0.8760799258473564,U2OS,G1-G0 transition,7.070374
SRR11286988,-0.982539023377997,-0.17775265269196064,-0.05496474152291264,U2OS,G1,0.356062
SRR11286990,0.5933073059585494,-0.6203846306197014,0.5129418497886963,U2OS,G2M,16.734914
SRR11286991,-0.09768916944112177,0.017586579691214924,-0.9950615414706723,U2OS,G1-G0 transition,4.425342
SRR11286992,0.8624303932985631,0.2593894843749652,0.434661907499037,U2OS,S,9.91887
SRR11286993,0.7347588421814228,-0.4152881448593474,0.5363443141538198,U2OS,S,11.95351
SRR11286994,0.5075162741372077,-0.6070691115626425,0.6114689680548385,U2OS,G2M,22.101277
SRR11286995,-0.4658596620797016,0.5175576344184809,0.7177108841954343,U2OS,G1,3.967548
SRR11286996,0.1626980768050577,0.6191368616136504,-0.768244090748172,U2OS,G1-G0 transition,5.976755000000002
SRR11286997,-0.30059714667714793,0.7978000935411026,0.5226436192472041,U2OS,G1,4.679672
SRR11286998,0.4485029701453147,0.3318658913003448,0.8298856520267592,U2OS,S,11.114221
SRR11286999,-0.6931750881305193,-0.7039790405000468,0.15466689836675213,U2OS,G1,0.101732
SRR11287000,-0.9285813246218018,0.30362413065729044,0.2134221970726885,U2OS,G1,3.4080220000000003
SRR11287001,-0.4006902954822641,0.52422993597343,0.7514188481569242,U2OS,G1,5.569827
SRR11287002,-0.18977775470943964,-0.8288954929925696,0.5262288712851131,U2OS,S,16.175388
SRR11287003,0.940869346853046,0.20505969657457157,0.26965804756548295,U2OS,S,12.894531
SRR11287004,-0.2135651620195622,-0.9703508711361735,0.11317775939419498,U2OS,G2M,17.319873
SRR11287005,-0.132795308579383,0.9390770225617651,0.31701644611125646,U2OS,G1,0.8647220000000001
SRR11287006,0.5272854227015972,-0.4782580117223306,0.7023100688767341,U2OS,G2M,25.102371
SRR11287007,0.41614023365003316,0.8462341306715043,-0.3327388390888055,U2OS,G1-G0 transition,5.798724
SRR11287008,0.4895804252678869,-0.550652615015471,0.6760863482480511,U2OS,S,13.98815
SRR11287009,-0.47856079088457604,0.14722675438963254,0.8656234044797508,U2OS,G1,5.137466000000001
SRR11287010,-0.027811359795080037,-0.8724810111386536,0.48785601514500254,U2OS,G2M,19.990338
SRR11287011,0.36820468824063557,-0.7796498046391201,0.506528865049904,U2OS,G2M,21.134823
SRR11287012,-0.5122510120598697,0.33988320708639524,0.7887193727398716,U2OS,G1,5.391796
SRR11287013,-0.18252024581013732,-0.9347577092863235,0.30481822352904614,U2OS,G2M,17.192708
SRR11287014,0.3755294627738625,0.9156810098335829,0.1431988975104931,U2OS,G1,6.790611
SRR11287015,0.48961722712986216,-0.37267765103390454,0.7882806094475626,U2OS,G2M,18.540657
SRR11287018,0.10468818563722848,-0.9759740219157614,0.1910893819826662,U2OS,G2M,20.193802
SRR11287019,0.08408056631193611,0.5022109381283801,0.8606478965013646,U2OS,S,8.825251
SRR11287020,0.5005002183323203,-0.4356725175425636,0.7481236285011883,U2OS,S,12.767366
SRR11287021,-0.25633867731068305,-0.954357697017866,0.1532703179569838,U2OS,G2M,18.744121
SRR11287022,0.1225980474543582,-0.819673337619759,0.5595580564605193,U2OS,G2M,19.863173
SRR11287023,-0.37614670259904154,-0.6636241519881672,0.6466194084293051,U2OS,G2M,16.78578
SRR11287024,0.3015053894287577,0.6747411936378626,0.6736607947453385,U2OS,S,9.639107
SRR11287025,-0.6362922071224864,-0.5315439180926138,0.5591004470109245,U2OS,G1,3.077393
SRR11287026,-0.23572298038268194,0.8572059099650396,-0.4578567539010659,U2OS,G1-G0 transition,7.757064999999999
SRR11287027,0.7231293493407163,-0.16733522809378532,0.6701363601304581,U2OS,G2M,17.294439999999998
SRR11287028,-0.21431576465050176,-0.9538988920087628,0.2101085574690033,U2OS,G2M,17.701368
SRR11287029,0.7193419274551573,0.2993634377348217,0.6268402506554591,U2OS,S,9.91887
SRR11287030,0.5879330077057937,-0.595593235663821,0.5473605011138789,U2OS,G2M,23.601824
SRR11287031,0.5715364184048641,-0.6750870991730601,0.46647978687027664,U2OS,G2M,23.449226
SRR11287032,-0.723533800511992,-0.24708911913597928,0.6445509288101734,U2OS,G1,0.330629
SRR11287033,0.16001509286095983,0.6819408894473044,-0.7136889188427575,U2OS,G1-G0 transition,5.391796
SRR11287034,0.3188891030369085,-0.8446575803287243,0.42995727249588345,U2OS,G2M,22.609937
SRR11287036,-0.6889622896361146,-0.6190642555249487,0.37694915871764767,U2OS,G1,1.2716500000000002
SRR11287037,-0.8837830259063701,0.08355214003453384,0.46037653223175906,U2OS,G1,3.4588880000000004
SRR11287038,0.3282839550717634,-0.9051838355775321,0.26994772044595616,U2OS,S,14.929170999999998
SRR11287039,0.6283176064426992,-0.42036339008854634,0.6546079437096377,U2OS,S,14.420511
SRR11287040,0.6440565304376292,0.0857450157992637,0.7601571305606794,U2OS,G2M,17.141842
SRR11287041,0.3780076837350455,-0.3209315448582425,0.8683968663657585,U2OS,G2M,19.481678
SRR11287043,0.5009880492546963,0.18740794367136046,0.8449196760305042,U2OS,S,13.326892
SRR11287044,-0.4161278657940863,0.18429486266440742,0.8904342418257851,U2OS,G1,1.576846
SRR11287045,0.6312703880751912,-0.2156064263108415,0.7449909825086553,U2OS,G2M,23.067731
SRR11287046,0.5989647100004711,-0.2421967164953239,0.7632705721604464,U2OS,S,13.835552000000002
SRR11287049,0.8551509672226623,0.1470577046778476,0.497082360808781,U2OS,S,8.876116999999997
SRR11287051,0.8004887681127707,-0.19328289826859157,0.5673265074824807,U2OS,S,14.827438999999998
SRR11287052,-0.2266191478272344,-0.9038762311189626,0.36283828855584005,U2OS,G2M,19.405379
SRR11287053,0.6682136501787742,-0.3529930451714114,0.6548941487158134,U2OS,G2M,17.218141000000006
SRR11287054,0.751946168587939,0.4687173418738802,0.46355254714235283,U2OS,S,9.435643
SRR11287055,-0.5431305928206901,0.8183378269919822,0.18796859578020347,U2OS,G1,5.34093
SRR11287056,-0.2767860938674701,-0.9395207586437886,0.2017174489807571,U2OS,G2M,18.210028
SRR11287057,-0.959715592663255,0.2778801122561443,0.041575667023725005,U2OS,G1,4.755971
SRR11287058,0.057674903264114064,-0.9909953689767428,0.12083735607697962,U2OS,G2M,19.786874
SRR11287060,-0.6535173274924916,-0.47236367684127023,0.5914284562154146,U2OS,G1,0.737557
SRR11287061,-0.6326619506194652,-0.19601248195233123,0.7492115082951449,U2OS,G1,2.263537
SRR11287062,0.36995545792961615,-0.3550872783019832,0.8585139252949534,U2OS,G2M,18.998451
SRR11287063,-0.18067645083724998,0.4961113689216137,-0.8492522962866865,U2OS,G1-G0 transition,6.917776000000001
SRR11287064,0.7128500026528501,-0.4696364234427673,0.5208516625767837,U2OS,S,14.980037
SRR11287065,0.6073921407757976,0.20121261582591765,0.7684974242039295,U2OS,S,13.174294
SRR11287066,0.797104554049463,-0.14895422785688917,0.5851811856541217,U2OS,S,13.581222
SRR11287067,0.3052133506244038,-0.7703904921799432,0.5597706384269371,U2OS,G2M,17.345306
SRR11287068,-0.01403144470736789,-0.9542735423822665,0.2986052466339593,U2OS,G2M,19.608843
SRR11287070,-0.27515787523200275,0.5163046293262015,0.8109977827340396,U2OS,G1,6.485415
SRR11287072,0.6976797887658965,-0.5177096468218636,0.4951964768684147,U2OS,S,13.454057
SRR11287073,-0.008622835238710491,0.6609382937100466,-0.7503907280676624,U2OS,G1-G0 transition,4.628806
SRR11287074,0.40694896518850054,0.5820093834505345,0.7040295797011545,U2OS,S,9.66454
SRR11287075,0.5172420799796696,-0.25074183977469056,0.818284224039493,U2OS,G2M,24.135917000000006
SRR11287076,-0.054395579645313885,0.48461177895593655,-0.8730362850889868,U2OS,G1-G0 transition,6.9940750000000005
SRR11287077,0.46497676461349413,-0.4687360220624427,0.7510546841701278,U2OS,G2M,24.16135
SRR11287078,0.6428959204159919,-0.060990761132882605,0.7635215451232787,U2OS,S,14.140748
SRR11287079,0.7220139142121467,0.3531895717449158,0.5949395021241368,U2OS,S,11.317685
SRR11287080,0.8454091274050661,-0.4215005813990961,-0.32805584193708026,U2OS,G1-G0 transition,4.450774999999998
SRR11287081,-0.0019834413634733927,-0.8418130112815628,0.5397656178053797,U2OS,G2M,20.60073
SRR11287082,0.7910119467334447,-0.4020239373698351,0.4611690369790533,U2OS,S,14.064449000000002
SRR11287083,0.8081137515345718,0.09511928324720899,0.5812955040359165,U2OS,S,10.783592
SRR11287085,0.25711763678588273,-0.8865511419237612,0.384600669464439,U2OS,G2M,21.61805
SRR11287087,-0.5989405109602999,0.050780139040545125,0.7991817552042912,U2OS,G1,3.001094
SRR11287088,0.21676533255278668,0.3191673342828191,0.9225752425314525,U2OS,S,15.514129999999998
SRR11287089,0.40927291790544973,-0.06205148097945355,0.9102995172206371,U2OS,S,15.361532
SRR11287092,0.5294548442473148,0.08161213360314476,0.8444033944689957,U2OS,S,13.73382
SRR11287093,0.2406989739704134,0.039377662854935366,-0.9698006048013577,U2OS,G1-G0 transition,6.205652
SRR11287094,0.74268339826255,-0.018796064078115196,0.6693790314937234,U2OS,S,11.317685
SRR11287095,0.3820390861953181,-0.913163157883362,0.14205331205400834,U2OS,S,14.395077999999998
SRR11287096,-0.022475539004153555,0.5620570773238036,-0.8267930336700425,U2OS,G1-G0 transition,7.909663
SRR11287097,-0.6308002232202494,-0.10947870931668602,0.7681832947393781,U2OS,G1,1.195351
SRR11287098,0.5871942508561796,0.03933215548238003,0.8084898604148425,U2OS,S,10.987056
SRR11287099,0.44963257577882143,-0.6461484997729285,0.6167029352234926,U2OS,G2M,21.312854
SRR11287100,0.5277296048926592,0.3964099156983294,0.7512392471026492,U2OS,S,9.995169
SRR11287101,-0.36255739662619746,-0.8404594830692564,0.4027157729407243,U2OS,G2M,17.955697999999995
SRR11287102,0.5706877423983869,-0.0790238336461737,0.8173558510721456,U2OS,S,12.589335
SRR11287103,-0.7186735222701247,0.1202276289476491,0.6848749281475004,U2OS,G1,2.899362
SRR11287104,-0.32413065889919856,-0.8534779322699344,0.40806215685899117,U2OS,S,15.234367
SRR11287105,-0.7282884550842019,-0.5997054706099476,0.33158581984136054,U2OS,G1,1.907475
SRR11287106,0.5364698698206566,0.005304465792106913,0.8439027644864087,U2OS,S,11.521149
SRR11287107,-0.14329769666305142,-0.9537143006425849,0.26437637596683605,U2OS,G2M,20.778761
SRR11287108,0.3325232896316158,0.5661660289345776,0.7542441556175868,U2OS,S,9.461076
SRR11287109,0.539924472155178,-0.47256965202440704,0.6965338486320146,U2OS,G2M,24.619144
SRR11287110,0.6355348699922123,-0.012857028855391112,0.771965029766659,U2OS,S,12.7165
SRR11287112,0.6096198759250433,-0.45682041082737157,0.6478260996479323,U2OS,G2M,24.085051
SRR11287113,0.17848456421347858,-0.7953186215374083,0.579319945705395,U2OS,G2M,22.63537
SRR11287114,0.013164789033008217,-0.953548749756128,0.30095087204095083,U2OS,G2M,24.110484
SRR11287115,0.28972518381486234,-0.7481350018600372,0.5969533067134827,U2OS,G2M,19.100183
SRR11287116,-0.1182666069132603,-0.9347228769600178,0.33512081340238675,U2OS,G2M,23.957886
SRR11287117,0.6079511284096772,-0.40784986468732837,0.6812150067618521,U2OS,S,15.641295
SRR11287118,0.8246252405087202,-0.301434792457313,0.4786755624205473,U2OS,S,12.792799
SRR11287119,-0.24815666362758584,0.5348376870572484,-0.8076923407361868,U2OS,G1-G0 transition,6.256518
SRR11287120,0.7470512924826588,-0.40923622767959467,0.5238703410321773,U2OS,S,15.997357
SRR11287121,-0.6013961022060806,-0.48419161864887666,0.6355164162769278,U2OS,G1,1.042753
SRR11287122,0.4046298204164732,-0.8488177937824631,0.3402691720563183,U2OS,G2M,23.779855
SRR11287123,-0.6964528055911721,-0.38142259345742585,0.6078406098076792,U2OS,G1,0.330629
SRR11287124,0.7100625386187922,-0.4714581666738782,0.5230089450005138,U2OS,S,14.369644999999998
SRR11287125,0.2125961109602185,-0.8907731650079764,0.40165414076950995,U2OS,G2M,22.940566
SRR11287126,0.9132957303423597,0.19603394900844087,0.35701764798635593,U2OS,S,9.41021
SRR11287127,0.5980206545627081,-0.49794791520156273,0.6280280420868827,U2OS,G2M,20.371833
SRR11287129,0.5099882045011059,-0.18415686133300688,-0.840237030545896,U2OS,G1-G0 transition,6.968642000000001
SRR11287130,-0.6988317254888247,-0.1964568446580065,0.6877781464299824,U2OS,G1,1.01732
SRR11287131,-0.997354344563457,0.06443396302042911,0.03365547205030012,U2OS,G1,2.390702
SRR11287132,0.3398483109530041,0.04886436810046059,0.9392099575548495,U2OS,S,11.012489
SRR11287133,0.7158083780155976,0.12548500951427055,0.6869292832628506,U2OS,S,13.301459
SRR11287134,-0.9346606343392682,-0.008623765039786319,0.3554367878611123,U2OS,G1,0.915588
SRR11287135,0.6385304048231792,0.04336151382120486,0.7683740453835801,U2OS,S,15.132635
SRR11287136,-0.02583017228504747,-0.97839507842637,0.20512383360623535,U2OS,G2M,21.414586
SRR11287137,-0.14567934364609586,0.7818877083230968,0.6061593128587844,U2OS,G1,2.5433000000000003
SRR11287138,0.23752681380910792,-0.608138429594003,0.7574619791927465,U2OS,G2M,22.737102
SRR11287139,0.4614890807906493,0.3841035740255307,0.7996825878214033,U2OS,S,11.419417
SRR11287140,-0.836425561245566,-0.14649337194139428,0.5281398884558464,U2OS,G1,0.6358250000000001
SRR11287141,0.6177645778115499,-0.5679041854152054,0.5439224288512319,U2OS,G2M,19.557977
SRR11287142,0.9266802282815945,-0.043119416617668854,0.3733687659434103,U2OS,S,10.605561
SRR11287143,0.19913519215591458,-0.0852315048983146,-0.9762586065519112,U2OS,G1-G0 transition,5.9258890000000015
SRR11287144,0.3395190370613446,0.6967328834500356,0.6318940705642744,U2OS,S,9.511942
SRR11287145,0.5687756164186899,-0.6387867500030366,0.5181174987454867,U2OS,G2M,17.930265
SRR11287147,-0.7034427355979926,-0.32726171648385527,0.6309263100976402,U2OS,G1,1.373382
SRR11287148,0.1410930460267673,-0.8823138035150738,0.4490155571071742,U2OS,G2M,24.364814000000006
SRR11287149,0.6787403228872193,-0.07307653917590634,0.7307334811396409,U2OS,G2M,25.280402
SRR11287150,-0.4657230065651889,0.4555090272819184,0.7586921170744851,U2OS,G1,3.738651
SRR11287151,-0.05481213265012863,-0.9282579875469366,0.3678759379775976,U2OS,G2M,19.659709
SRR11287153,0.949478186386264,-0.31168815235205716,0.036631952958115555,U2OS,S,11.139654
SRR11287154,-0.2177291329872481,0.9106138147538779,-0.35124954651854223,U2OS,G1-G0 transition,6.053054
SRR11287156,0.494013986066225,-0.508352308941688,0.7053567341381026,U2OS,G2M,24.491979
SRR11287157,0.505227949575409,-0.6829499850054864,0.5275642573494664,U2OS,G2M,21.236555
SRR11287158,0.41076878353546875,-0.48112581120298037,0.7744591359025729,U2OS,G2M,18.133729
SRR11287159,0.6978790411634974,-0.02277682628096668,0.7158533774679456,U2OS,S,14.700274
SRR11287160,-0.8633047867615372,0.36301087811567817,-0.3506109741727944,U2OS,G1,7.1212399999999985
SRR11287161,0.6087909753062404,-0.4274453180683026,0.6683292470132574,U2OS,G2M,16.963811
SRR11287162,0.12919083591310973,-0.9696892289528664,0.2073944666582207,U2OS,G2M,24.034185
SRR11287163,-0.9438852456833579,0.32873387927319947,0.031851636727637134,U2OS,G1,7.0958070000000015
SRR11287164,0.5091655043128884,0.23066873160245505,0.8291818137915559,U2OS,S,11.775479
SRR11287165,-0.8687474284972487,0.07762852971561307,0.48913358675234414,U2OS,G1,1.297083
SRR11287166,-0.03077627830512275,-0.9830501856769216,0.18073499207870397,U2OS,G2M,17.396172
SRR11287167,0.5221841644047349,-0.5974987196938736,0.6085382712954042,U2OS,G2M,18.871286
SRR11287170,0.825396991797513,0.44221923479172476,0.3509442068790131,U2OS,S,9.054148
SRR11287171,-0.7751778664347106,-0.3663482027322625,0.5146731034011854,U2OS,G1,0.6866909999999999
SRR11287172,-0.8597035450612754,-0.2408026512883028,0.45047061253554266,U2OS,G1,4.349043
SRR11287173,0.4074475644186035,-0.5503263308549048,0.7287849710212027,U2OS,G2M,21.490885
SRR11287174,0.6613623402049873,0.3014599105817776,0.686820099090436,U2OS,S,9.333911
SRR11287175,0.5881393381959372,0.03696573908725289,0.8079143368934258,U2OS,S,10.376664
SRR11287176,-0.4084640091414879,-0.6930301426339167,0.5940257497653118,U2OS,G2M,17.497904000000002
SRR11287177,-0.3689472050647292,-0.8092793529455309,0.4571049508512104,U2OS,G2M,16.887512
SRR11287178,-0.20832971009354567,-0.9677150159904517,0.14186749631552004,U2OS,G2M,17.370739
SRR11287179,-0.7053848552633799,0.11037831341337831,0.7001776401070954,U2OS,G1,1.627712
SRR11287180,-0.6416857253064288,-0.7109883844136594,0.287636362957827,U2OS,G1,0.6866909999999999
SRR11287181,0.45987158132504724,-0.30911433179160924,0.8324459997927808,U2OS,G2M,24.339381
SRR11287182,0.004489427137792185,0.9998876081113272,0.014308351093867314,U2OS,G1,2.365269
SRR11287183,-0.5742641874133461,-0.6627884873451688,0.48055380192305325,U2OS,G1,0.584959
SRR11287184,0.6892482116599563,-0.41714507123581485,0.5923908015781914,U2OS,G2M,23.678123
SRR11287186,0.741636707759091,-0.07053507464716526,0.6670828728056633,U2OS,S,13.377757999999998
SRR11287187,0.6368101059487786,0.38544245175107084,0.6677625959352814,U2OS,S,12.004376
SRR11287188,0.8267659559788683,-0.06132038040313481,0.5591940638888222,U2OS,S,13.097995
SRR11287189,-0.6809534926139447,-0.49436630941767223,0.5402818737854154,U2OS,G1,1.220784
SRR11287190,-0.13943328600671084,-0.8655558923932575,0.48101072815833584,U2OS,G2M,18.082863
SRR11287191,0.3855519251452407,0.12935991009592687,0.9135730353255436,U2OS,S,14.318779
SRR11287192,0.6560233627070897,-0.6674903926671403,0.35226384488937124,U2OS,G2M,21.211122
SRR11287193,-0.9054881638191588,0.39183955353329625,0.1629507466480369,U2OS,G1,1.907475
SRR11287194,0.6778017696338804,-0.49985686138973634,0.5391918000013176,U2OS,G2M,23.830721
SRR11287195,0.5499826676371015,-0.45102101099313513,0.7029218411130059,U2OS,S,14.445944
SRR11287196,-0.7587340574473899,-0.5921665720641437,0.27140631317738634,U2OS,G1,0.279763
SRR11287197,-0.22920795245438938,0.7988731483058856,0.5561162332530752,U2OS,G1,5.442662
SRR11287198,0.6994510438745121,-0.30682465570066075,0.645466418932188,U2OS,G2M,21.465452
SRR11287199,-0.40184470227692026,-0.7725051979497247,0.49168732368810986,U2OS,S,15.666728
SRR11287200,-0.29897781591608596,-0.681922710778878,0.6675280096330716,U2OS,G2M,18.769554
SRR11287202,0.6630308622068067,-0.5839254228929476,0.46842390785857646,U2OS,G2M,23.856154
SRR11287203,0.6411917395241444,-0.7639142187085477,0.07285731734687886,U2OS,G2M,24.237649
SRR11287204,-0.569784402691196,0.4586564198799637,-0.6818943446745496,U2OS,G1-G0 transition,7.248404999999999
SRR11287205,0.689167521478682,0.41032770249498196,0.5972262447081497,U2OS,S,10.147767
SRR11287206,0.02293300280178101,-0.9293870813805435,0.36839336329600714,U2OS,G2M,18.82042
SRR11287207,0.8289365560732231,0.09138478501881771,0.5518269612248483,U2OS,S,10.961623
SRR11287208,0.8239018750289688,-0.0759773779046643,0.5616166679537864,U2OS,S,12.487603
SRR11287209,0.6153690663685367,-0.360139595195063,0.7011564461658399,U2OS,G2M,23.500092
SRR11287210,0.26590170632459414,-0.8424678508975247,0.4685554292435464,U2OS,G2M,21.287421
SRR11287211,-0.4060479331835246,-0.7242925184702519,0.5572481316609909,U2OS,G2M,17.472471000000002
SRR11287212,0.46883229946571536,-0.4089551180358421,0.7829125812835871,U2OS,G2M,22.813401
SRR11287213,0.65207870625654,-0.41179079069532476,0.636570244017797,U2OS,G2M,17.650502
SRR11287214,0.3109479653037792,-0.17444854731416495,0.9342799894258996,U2OS,S,14.954604000000002
SRR11287215,0.4272612642744648,0.899382249611925,-0.09251651283409612,U2OS,G1,7.299270999999999
SRR11287216,0.18083419099129047,-0.8815073217868031,0.436169446016676,U2OS,G2M,22.838834
SRR11287217,0.6414418017098268,-0.008013247068496869,0.7671297696905006,U2OS,S,12.818232
SRR11287218,0.7717873516510467,0.033522343865360876,0.6349965127785386,U2OS,S,14.471377
SRR11287219,0.5713644984975037,-0.017574567481526544,0.8205082489537516,U2OS,S,15.564996
SRR11287220,0.07374576161708779,-0.9302711792905576,0.35938425551448,U2OS,S,15.870192
SRR11287222,0.5762397110543763,-0.5205636931857899,0.6300486585228002,U2OS,S,16.02279
SRR11287223,-0.30455196928006933,-0.8831301347603036,0.3568323016448765,U2OS,G2M,19.278214
SRR11287224,-0.5676003965020685,0.20187719491131834,0.7981700688510105,U2OS,G1,4.06928
SRR11287225,0.8266643401852911,-0.0746330113830493,0.5577238134035424,U2OS,S,12.843665
SRR11287227,0.16352254345110512,-0.6589900883747735,0.7341609612960063,U2OS,G2M,25.000639000000003
SRR11287228,0.32329098208521373,0.47766747187506187,-0.8168944972876067,U2OS,G1-G0 transition,6.002187999999999
SRR11287229,-0.24935669303782887,0.31424697162852,-0.916007700209897,U2OS,G1-G0 transition,4.908569
SRR11287230,0.4842408471243201,-0.3565745985632158,0.7989774577849081,U2OS,G2M,20.015771
SRR11287231,-0.8892320491666064,-0.0017402800685099584,0.4574529520195207,U2OS,G1,2.645032
SRR11287232,0.44767849076282096,-0.761582847354394,0.46858887813300193,U2OS,G2M,21.897813
SRR11287233,-0.5107719040548865,0.24327079883294964,-0.8245795296522767,U2OS,G1-G0 transition,5.264631
SRR11287234,0.2406868547078061,-0.9377535878031741,0.25037606273518254,U2OS,G2M,20.219235
SRR11287236,0.6537852300474779,-0.03162873824758312,0.7560188829325726,U2OS,S,13.428624
SRR11287237,-0.2419051216688358,-0.9551969343811174,0.17053052552217612,U2OS,G2M,19.964905
SRR11287238,-0.33603166050174116,-0.8540428198708516,0.3971066402502772,U2OS,G2M,20.041204
SRR11287239,0.276313414055329,0.29705851159028723,0.91400604645656,U2OS,S,11.266819
SRR11287240,0.6068155521318885,-0.6972612359708664,0.3815778889791193,U2OS,G2M,23.932453
SRR11287241,-0.5086155999202915,0.6826138554208906,-0.5247366499698471,U2OS,G1-G0 transition,4.3744760000000005
SRR11287242,-0.5518823050553051,0.4539875759875829,0.6995149921000279,U2OS,G1,4.806837000000002
SRR11287243,0.425826809839314,0.24883490394455743,-0.8699153906799613,U2OS,G1-G0 transition,7.858797
SRR11287245,0.9628472499945531,0.0740861641210713,0.2596853263032186,U2OS,S,10.758159
SRR11287246,0.5349830561889604,-0.5713919895829226,0.6223377928376677,U2OS,G2M,22.864267
SRR11287247,0.37739285366572667,-0.8901226839615477,0.25545301590182556,U2OS,S,14.522243
SRR11287248,0.6715150689675706,-0.6691252213056622,0.3183375450556103,U2OS,G2M,20.956792
SRR11287249,0.5207821805129111,0.04233041916502826,0.8526394132844833,U2OS,S,13.860985
SRR11287250,0.3725377355254816,0.48693863963682815,0.7900041115460072,U2OS,S,12.538469
SRR11287252,0.49635136106520367,0.7768389133715677,-0.38750020631893856,U2OS,G1-G0 transition,6.739745
SRR11287254,-0.5549836816577344,-0.503267585559668,0.6623555698835946,U2OS,G1,0.991887
SRR11287255,-0.6011119325954308,-0.723513403227146,0.3394005415783681,U2OS,S,16.02279
SRR11287256,-0.9698057566334897,-0.1219787244205792,0.21118228058537122,U2OS,G1,1.52598
SRR11287257,0.4915496752527676,-0.08182022325245325,0.8669970775835703,U2OS,G2M,24.542845
SRR11287258,0.4175278906337192,-0.7624090172009838,0.4943714406110476,U2OS,G2M,18.337193
SRR11287259,0.7582149867332036,-0.2311129135332286,0.6096695773336727,U2OS,S,14.267913000000002
SRR11287260,0.9287661808249091,-0.11547696989478917,0.35221938566880334,U2OS,S,11.241386
SRR11287261,0.05305633259026371,-0.9096614260121614,0.41194805546267765,U2OS,G2M,20.880493
SRR11287262,0.5816299337696771,-0.4198174343445273,0.6967494256185472,U2OS,S,11.877211
SRR11287263,0.5240146308939984,0.25644382449174474,0.8121854777179205,U2OS,S,12.080675
SRR11287265,0.22957702007981165,-0.6794664097106786,0.6968642799348461,U2OS,G2M,18.718688
SRR11287266,0.7474193297182168,0.1216711178115603,0.6531158112296997,U2OS,S,12.563902
SRR11287267,-0.4448038453764311,0.5378248719723072,-0.7161660345755062,U2OS,G1-G0 transition,8.13856
SRR11287270,0.6384644009426432,-0.40417575094861874,0.6549850359613296,U2OS,S,16.175388
SRR11287271,-0.6837312169694038,-0.2960534994540028,0.6669812492288297,U2OS,G1,1.551413
SRR11287272,0.06278270824857135,0.9489112884834182,0.3092340454333727,U2OS,G1,5.0357340000000015
SRR11287273,0.07395972419793811,-0.9102854282683,0.40732112364498907,U2OS,G2M,21.948679
SRR11287274,-0.27144947736089187,-0.8076210108748326,0.5235107342272577,U2OS,G2M,17.548769999999998
SRR11287275,0.7404527716676887,-0.1567360325650342,0.6535776005895872,U2OS,S,16.048223
SRR11287276,-0.053642064975302384,-0.914468175691469,0.40108664937545885,U2OS,G2M,17.523336999999998
SRR11287277,-0.21479824121159397,-0.7490852677654716,0.626683993640254,U2OS,G2M,17.447038000000006
SRR11287278,0.07776624803402027,-0.9000252783636882,0.42884360590365844,U2OS,G2M,21.592617
SRR11287279,-0.8690107798403666,0.1917037112284462,0.4561466543642343,U2OS,G1,2.695898
SRR11287280,0.8720434369251548,0.099778085985905,0.47914983851870185,U2OS,S,11.343118
SRR11287281,-0.34895705718813036,-0.8407686136753327,0.4139287440679431,U2OS,G2M,18.489791
SRR11287282,0.6110746095441639,0.5843912150284899,0.5339240305034865,U2OS,S,10.503829
SRR11287283,0.7663513387939913,-0.5216043465020311,0.37501268730435666,U2OS,S,13.937284000000002
SRR11287284,0.2514805641735518,-0.8724099160735534,0.4191164942362509,U2OS,G2M,23.627257
SRR11287285,0.5856406839504008,0.0633770854528346,0.8080892234653434,U2OS,S,15.717594
SRR11287286,0.3627440761994022,0.25773283618569864,0.8955391517055841,U2OS,S,13.021696
SRR11287287,-0.45158609928739313,0.3551432842993546,0.8185006520396807,U2OS,G1,4.221878
SRR11287288,0.0807736465983897,-0.6744908431116071,0.7338512639158205,U2OS,G2M,24.288515
SRR11287290,0.11056656743157223,-0.7802022565390483,0.6156781962034515,U2OS,G2M,20.549864000000003
SRR11287291,0.6712406163295663,-0.2522851736768369,0.6969850900423367,U2OS,G2M,20.117503
SRR11287292,-0.13346570999963236,-0.9502117366975179,0.2815748093598189,U2OS,G2M,23.500092
SRR11287293,-0.30054606908850573,-0.9455251085158123,0.12511742986977184,U2OS,G2M,19.83774
SRR11287294,0.4735419082259922,-0.6981211961748284,0.5370148453708704,U2OS,S,15.132635
SRR11287295,-0.09779871554779651,0.7261200919363751,0.6805768484309808,U2OS,G1,5.162899
SRR11287296,0.6742324208131801,-0.29962357338602313,0.6750084394081807,U2OS,S,14.623974999999998
SRR11287297,0.5725184567989466,-0.6146313958804877,0.5426333282420603,U2OS,G2M,21.10939
SRR11287298,-0.38438586025171384,-0.9099670698136303,0.1555871343751049,U2OS,G2M,20.422699
SRR11287301,0.6652657667261962,0.05250787877555323,0.7447580659661649,U2OS,S,11.800912
SRR11287302,0.4323407429410909,-0.5507966426878402,0.7139360119837694,U2OS,G2M,21.592617
SRR11287303,0.8108391415561835,-0.3486802854676503,0.4700658442766794,U2OS,S,15.107202
SRR11287305,0.7721049122863821,-0.02528946753473238,0.6349917418337166,U2OS,S,13.708387
SRR11287306,0.7446525723425624,-0.05064443358986913,0.6655280026899209,U2OS,S,11.750046
SRR11287307,0.6900714427785778,-0.489634320701948,0.5329721942004807,U2OS,S,13.123428
SRR11287308,-0.32384870344045913,0.7810110226022858,0.5339883997896916,U2OS,G1,4.934002
SRR11287309,-0.7012960105090524,-0.5959356604561258,0.3912091860814575,U2OS,G1,0.712124
SRR11287310,0.7204037369207341,0.5202478868500053,0.4586507303074161,U2OS,S,9.028715
SRR11287311,-0.6831990799830097,-0.42004972928057405,0.5973249852283211,U2OS,G1,4.171012
SRR11287312,-0.643170742910129,-0.13354008066529494,0.7539882614094966,U2OS,G1,2.110939
SRR11287313,0.3837125412297899,-0.6887440072233509,0.6151393303233198,U2OS,G2M,25.076938
SRR11287314,0.741369044281452,0.6074432232975135,0.2852798867594306,U2OS,S,9.384777
SRR11287315,0.3641174432420487,-0.773702104026698,0.5184627570142181,U2OS,G2M,23.347494
SRR11287317,-0.17012514758844105,-0.9739207051317864,0.15011944923358592,U2OS,G2M,19.58341
SRR11287318,-0.8307769922485155,0.4749834625151411,0.29017261113739345,U2OS,G1,3.891249
SRR11287319,0.135540740044207,-0.9259245734530783,0.35255149610609565,U2OS,G2M,17.752233999999994
SRR11287320,0.2743780178378529,0.24784565782924112,-0.9291335725627621,U2OS,G1-G0 transition,8.163993
SRR11287322,0.6332824133433776,-0.18133840373970944,0.7523760023236786,U2OS,G2M,20.498998
SRR11287323,-0.4281342487355138,0.6092007039391798,0.6675144573975422,U2OS,G1,5.213765
SRR11287324,0.4053252133126722,-0.7565872987167666,0.5131151190120913,U2OS,G2M,22.787968
SRR11287325,-0.3372516762379908,-0.8552851573318379,0.39338084598821255,U2OS,G2M,22.584504000000006
SRR11287326,-0.7894699143670694,-0.3899993142146465,0.4739596947986648,U2OS,G1,0.50866
SRR11287327,0.28107714726362637,0.5026229320349445,0.8175365019997191,U2OS,S,9.181313
SRR11287328,0.5905963863330566,-0.5643739685857048,0.5767824777632897,U2OS,G2M,21.999545
SRR11287329,-0.3855922313002789,-0.8648488921153167,0.32148890827622933,U2OS,G2M,19.32908
SRR11287330,-0.04475476555688723,0.7280098465230543,-0.6841041104028205,U2OS,G1-G0 transition,6.256518
SRR11287331,-0.4237278264145825,0.33226449603722796,0.8426477230645815,U2OS,G1,5.061167
SRR11287332,0.2382215710341071,0.07085803133352114,0.968622458982484,U2OS,S,11.215953
SRR11287333,-0.5618071762864612,0.5379729726262694,0.6284562974169958,U2OS,G1,5.900456
SRR11287334,0.7887039833381191,-0.3407300559731296,0.5117117398260612,U2OS,S,13.810119
SRR11287335,-0.28058721082539306,-0.9220882859915542,0.2665035548160378,U2OS,G2M,17.752233999999994
SRR11287336,0.6717119575198057,-0.7005899014084349,0.2407838602735171,U2OS,G2M,22.457339
SRR11287339,0.47236228682399023,-0.5398463858739292,0.6967350464850028,U2OS,S,14.344212
SRR11287340,0.5771785669366568,-0.516577040003041,0.6324659621678942,U2OS,S,15.030903
SRR11287341,-0.9418096070760963,-0.018403754220582297,0.3356427176960729,U2OS,G1,1.882042
SRR11287342,-0.9369231590154251,-0.12564636194229767,0.3261716833369415,U2OS,G1,2.79763
SRR11287343,-0.4896914274765871,0.09364905046207223,0.8668518944597149,U2OS,G1,2.339836
SRR11287344,0.1855964257313841,0.6101211590793716,0.7702635093714914,U2OS,S,10.071468
SRR11287345,-0.27146848563704307,-0.8598533474037748,0.4323853623529943,U2OS,G2M,18.388059
SRR11287346,0.6297819158927993,-0.6077815126305579,0.4837109250126367,U2OS,G2M,24.695443
SRR11287348,-0.8952194995314763,0.44561657427894313,0.0028184553931652756,U2OS,G1,4.552506999999999
SRR11287349,-0.9266454776787267,-0.16550919613498002,0.3375423561645754,U2OS,G1,3.4334550000000004
SRR11287350,0.5328467014109118,0.11698215023701956,0.8380869176047798,U2OS,S,11.673747
SRR11287351,0.27374980410327787,-0.8238435589105924,0.4963292393916752,U2OS,G2M,21.821514
SRR11287352,-0.6302011806909754,-0.5629394483249479,0.5347388301523469,U2OS,G1,0.76299
SRR11287353,-0.966639029400701,0.16815654166870922,0.19321593391853017,U2OS,G1,1.932908
SRR11287354,-0.9551404293710855,0.03851429827522068,0.29363782962524204,U2OS,G1,3.586053
SRR11287355,-0.2888350411961571,-0.8968136280671779,0.3351111881830865,U2OS,S,15.921058
SRR11287356,0.6878183624745816,-0.1920953323941728,0.7000037711191717,U2OS,S,14.573109
SRR11287358,-0.9574522906273419,0.2535934340311309,-0.13775140816351122,U2OS,G1,1.831176
SRR11287359,0.6818751805859482,-0.628350120884252,0.3744628296462873,U2OS,G2M,24.975206
SRR11287360,-0.20341411843864038,-0.9428176112751876,0.26404078974044565,U2OS,G2M,20.295534
SRR11287361,-0.038864697815221394,-0.9047685114944546,0.42412652822396446,U2OS,G2M,25.026072
SRR11287362,0.050591992435771865,-0.9954050661710907,0.08129521537048132,U2OS,G2M,21.516318
SRR11287363,0.19095770278004615,-0.8810150346518419,0.432836582491616,U2OS,G2M,20.982225
SRR11287364,0.8719484739342965,0.46396597480138896,0.15633728363464233,U2OS,G1,7.3501369999999975
SRR11287365,0.11870085622542592,0.8501709706517823,-0.5129516230685724,U2OS,G1-G0 transition,4.399909
SRR11287366,-0.06875465936316905,-0.9111947751003815,0.4061981892150951,U2OS,G2M,19.252781
SRR11287367,0.7526773432259601,-0.009492320000450527,0.6583211830255016,U2OS,G2M,25.254969
SRR11287368,0.3631727661312155,0.021381297921795113,0.9314764844706342,U2OS,S,13.911851
SRR11287369,0.6492525205485615,0.05994035889252853,0.7582073462471515,U2OS,S,12.513036
SRR11287370,0.5637665419352021,-0.5849428218110561,0.583103095397135,U2OS,G2M,17.396172
SRR11287371,0.31784327345691604,0.9374597557471349,-0.14193229978789013,U2OS,G1,4.730538
SRR11287372,0.6214323885391849,-0.23105326432407522,0.7486229317993193,U2OS,G2M,19.507111
SRR11287373,0.5545341527424318,-0.6216730927274526,0.553185737191783,U2OS,G2M,21.033091
SRR11287374,0.41043638379252106,-0.03410098106680823,0.9112512367878234,U2OS,S,14.166181000000002
SRR11287376,-0.22270947472191777,-0.9584206563068107,0.17841073203505262,U2OS,G2M,17.090976
SRR11287377,-0.19098124538245764,-0.9450655506048635,0.2652870586222844,U2OS,G2M,18.642389
SRR11287378,0.568147790254629,-0.10566037675714698,0.816115192385962,U2OS,G2M,16.658615
SRR11287379,0.699694007969819,0.6779022034552911,0.2255587070082149,U2OS,G1,6.790611
SRR11287380,0.4284771442737514,0.5646262677373406,-0.7054108967792247,U2OS,G1-G0 transition,5.951322
SRR11287381,0.5905259416619095,-0.2889636524801487,0.7535111107962117,U2OS,S,13.22516
SRR11287383,0.7294234586165655,-0.4004929331641144,0.554569010411261,U2OS,S,15.412398
SRR11287384,-0.5555775477430203,-0.6415030694620143,0.5289682743356365,U2OS,G1,0.127165
SRR11287385,0.4395290968333072,-0.7284085932319933,0.5255807421339957,U2OS,G2M,23.754422
SRR11287386,0.15668096265501258,-0.8288033398418807,0.5371557495498914,U2OS,S,16.429717999999998
SRR11287387,0.865032785293544,0.4861492923345533,0.12400431086026276,U2OS,G1,8.087694
SRR11287388,0.7305890394038725,-0.46954276902983505,0.49575111138453865,U2OS,G2M,18.896719
SRR11287389,0.6279537540535692,-0.46054792782515075,0.6273512562027647,U2OS,G2M,22.12671
SRR11287390,0.5027711460949922,0.8144982731941289,-0.28950586295410413,U2OS,G1-G0 transition,6.8923429999999986
SRR11287391,-0.25860170095845403,-0.9339484406213311,0.24670916114111532,U2OS,G2M,21.414586
SRR11287392,0.18235061364057223,-0.8321751204483625,0.5236723451152573,U2OS,G2M,19.736008
SRR11287393,0.6587989816965629,-0.5583943313204943,0.5041624657827363,U2OS,G2M,24.949773
SRR11287394,-0.772047844032284,-0.38254697554569117,0.5075429437643171,U2OS,S,11.063355
SRR11287395,0.3102590268904734,-0.9503833091185084,0.02260284377169724,U2OS,G2M,24.466546
SRR11287396,0.6891955204217748,-0.13133944138161127,0.7125725042922383,U2OS,S,12.055242
SRR11287397,0.5244138964579101,-0.5584033621076177,0.6427875659303534,U2OS,G2M,24.92434
SRR11287398,0.779902069389563,0.2996891643260747,0.5494897023517463,U2OS,S,10.224066
SRR11287400,-0.17250010642184593,-0.9420356999223907,0.28777179145672294,U2OS,G2M,18.667822
SRR11287401,-0.7489181703895288,-0.31985263866343416,0.5803582616977004,U2OS,G1,0.788423
SRR11287402,0.1870360011022028,-0.6537588652712015,0.7332235897973495,U2OS,G2M,20.702462
SRR11287403,0.6963069101729458,-0.09719495386817915,0.7111328423458307,U2OS,S,11.978943
SRR11287404,0.30145717021076046,-0.17424264000266604,0.937423680872766,U2OS,G2M,21.694349
SRR11287406,0.485001352785867,-0.16334822498032517,0.8591221703361698,U2OS,S,14.217047
SRR11287407,0.6397582282538575,-0.5311243561364645,0.5555325699327719,U2OS,G2M,23.907020000000006
SRR11287408,0.030829748677992652,0.3908240739182385,-0.9199489246628817,U2OS,G1-G0 transition,7.0449410000000015
SRR11287409,0.4001444108297658,-0.6962920952173552,0.5958705421205552,U2OS,G2M,24.41568
SRR11287410,0.6068920068904099,0.04957349059924857,0.7932367560232787,U2OS,S,13.504923000000002
SRR11287411,0.6889602449804184,0.2499341174620492,0.6803430868390898,U2OS,S,10.096901
SRR11287412,0.6638593839475607,-0.4836494090633924,0.5704152650934401,U2OS,S,15.971924
SRR11287413,0.6194176821717601,-0.2947444974024321,0.7276312796321532,U2OS,S,14.649408
SRR11287414,-0.14488492807099765,-0.9890958240293416,0.026416924515617668,U2OS,S,15.819326
SRR11287415,0.603751935517757,0.12665923107656019,0.7870456958068607,U2OS,S,15.539563
SRR11287416,0.941393007593961,-0.10036494062129614,0.32203414373735706,U2OS,S,11.368551
SRR11287417,0.41565176092868605,0.4525725249628799,0.7889306893260514,U2OS,S,10.93619
SRR11287418,0.8625335525378948,0.46249182454458215,0.20527374196239656,U2OS,S,8.952416
SRR11287419,0.6741104133522957,0.22613018356818854,0.703164484012675,U2OS,S,13.530356
SRR11287420,0.5691348836191621,-0.09106881820892877,0.8171853886648598,U2OS,S,11.597448
SRR11287421,0.1467365847082185,0.4224077291869884,0.8944495411162205,U2OS,S,9.969736
SRR11287422,0.8000094698569757,-0.02807889599360963,0.5993298589764303,U2OS,S,11.44485
SRR11287423,0.2743838343802954,-0.9221929074331188,0.2725318563561345,U2OS,S,15.259799999999998
SRR11287424,0.7157388310003692,0.1888016429725981,0.672362811038016,U2OS,S,12.106108
SRR11287425,0.7043242392711138,0.3366622781028016,0.6249687512551695,U2OS,S,13.352325
SRR11287426,0.838546052454904,0.22661722140520923,0.49546459950288474,U2OS,S,9.537375
SRR11287427,0.054972407482919206,0.35113172939333503,0.9347108640054278,U2OS,S,10.096901
SRR11287428,0.6847983355205974,0.5946703711701342,0.4212102951711266,U2OS,S,9.105014
SRR11287429,0.9261543682094505,0.17583494248143608,0.3336468164205165,U2OS,S,8.850684
SRR11287430,-0.0004209472510657841,0.6308917366402899,0.7758707015219152,U2OS,S,8.367457
SRR11287431,0.2618241711163586,0.18518771771752107,0.9471818385470687,U2OS,S,12.869098
SRR11287432,0.09291521273048717,0.44591135247307484,0.8902413396255809,U2OS,S,8.901549999999997
SRR11287433,0.5906354767849378,-0.06762204791659165,0.8041001772058048,U2OS,S,12.004376
SRR11287434,0.39278209741127335,-0.3175875959414174,0.8630528815033683,U2OS,S,15.488697
SRR11287435,0.3239787369995621,0.6654359147214263,0.6724825742124791,U2OS,S,10.42753
SRR11287436,0.8959754701465685,-0.17472212909241303,0.4082891444402664,U2OS,S,10.859891
SRR11287437,0.5204837942077273,-0.7987869359735754,0.30172182026195815,U2OS,S,15.590429
SRR11287438,0.8468245898337132,-0.20589858508402847,0.4904018080910843,U2OS,S,14.013583
SRR11287439,0.5795062606188706,0.12434530455698853,0.8054258189607932,U2OS,S,11.292252
SRR11287440,0.1778554303618342,0.10601353180457453,0.9783294152479065,U2OS,S,12.665634
SRR11287441,0.2082742002224717,-0.8471637357915656,0.48881029022017747,U2OS,S,16.099089000000006
SRR11287442,0.9759327280210119,0.006176047962125092,0.2179845165457317,U2OS,S,9.308478
SRR11287443,0.9473772890140376,0.30887453063500947,0.0840997299500556,U2OS,S,8.977848999999997
SRR11287444,0.9322775945820965,-0.08596703194926186,0.3513801304338081,U2OS,S,12.741933
SRR11287445,0.8139024217973878,-0.3833711474340714,0.436565605435133,U2OS,S,13.250593
SRR11287446,0.5785241747964657,-0.438985064709878,0.6874603895284823,U2OS,S,16.404285
SRR11287447,0.29109096332373724,-0.9530440995734697,0.08350296103287976,U2OS,S,13.581222
SRR11287448,-0.4269815135009146,-0.8770537353142973,0.2201444084783659,U2OS,S,15.615862
SRR11287449,-0.30479639284073906,-0.9176413821953491,0.2550164982137074,U2OS,S,15.895625
SRR11287450,-0.2782735219191558,-0.9296938985684623,0.2413153234564915,U2OS,G2M,19.532544
SRR11287451,0.7024502334801735,-0.5398286071198318,0.4638413533288347,U2OS,G2M,23.14403
SRR11287452,0.5976188971264619,-0.13987307958756665,0.7894853379381664,U2OS,G2M,23.47465900000001
SRR11287453,-0.123482069494252,-0.8702445021454054,0.4768927637940387,U2OS,G2M,20.320967
SRR11287454,-0.19902222925731633,-0.9701696099019043,0.1384233081907244,U2OS,G2M,19.151049
SRR11287455,0.5270137847247754,-0.6598206990488732,0.5356239587728979,U2OS,G2M,23.296628
SRR11287456,0.057440791285493176,-0.9400353453311042,0.33620541240883395,U2OS,G2M,19.659709
SRR11287457,-0.05628528126690702,-0.9402425364007874,0.3358212180785025,U2OS,G2M,17.803099999999993
SRR11287458,0.4692046343040453,-0.7903809808139035,0.3938842804843941,U2OS,G2M,21.185689
SRR11287459,0.37002374938490484,-0.7136458037169049,0.5948042018831311,U2OS,G2M,20.142936
SRR11287460,0.7572130358578759,-0.3914758315510259,0.5228528278899285,U2OS,G2M,24.848041
SRR11287461,0.1925353801986585,-0.8376487095518199,0.5111503722608386,U2OS,G2M,17.879399
SRR11287462,0.37287555516213566,-0.8591021129922352,0.3505815502965701,U2OS,G2M,21.770648
SRR11287463,-0.23792150629143902,-0.9490673737248532,0.2065543575019828,U2OS,G2M,17.930265
SRR11287464,0.012696733847261,-0.9073134186588371,0.42026309797063566,U2OS,G2M,20.727895
SRR11287465,-0.3446739696472013,-0.8594078697217655,0.37764807103175535,U2OS,G2M,18.31176
SRR11287466,0.08827223336983683,-0.9629873410170373,0.2546824977326972,U2OS,G2M,19.354513
SRR11287467,0.6212750102240467,-0.1618257610527425,0.766700629931738,U2OS,G2M,23.70355600000001
SRR11287468,-0.30691319586137694,-0.8265454048722756,0.47183359461523205,U2OS,G2M,18.438925
SRR11287469,-0.29258756273170533,-0.9354526833943385,0.19829441386635704,U2OS,G2M,24.364814000000006
SRR11287470,0.01667522226630086,-0.8368185178281102,0.5472265124852729,U2OS,G2M,20.880493
SRR11287471,-0.08696311071005525,-0.8964164517453818,0.4345975830149872,U2OS,G2M,22.228442
SRR11287472,0.08375114801852018,-0.827165445673568,0.5556825008398578,U2OS,G2M,23.983319
SRR11287473,0.06038146299500802,-0.7366304589334043,0.6735945586082456,U2OS,G2M,23.118597
SRR11287474,0.04837551955107683,-0.9710342880708104,0.23399163000610013,U2OS,G2M,20.015771
SRR11287475,0.6022416912335394,-0.47378658737307405,0.642519370216709,U2OS,G2M,23.678123
SRR11287476,0.272916420868607,-0.9385035915162199,0.2114889734685072,U2OS,G2M,24.390247
SRR11287477,0.5328273586584942,-0.337412385061911,0.7760462896966579,U2OS,G2M,20.397266
SRR11287478,0.06973768420155224,-0.9259926013534319,0.371044807919444,U2OS,G2M,20.09207
SRR11287479,0.48533690472480834,-0.655645164140011,0.5784267302841896,U2OS,G2M,20.371833
SRR11287480,0.5196669561855685,-0.49879903957045585,0.693646753338859,U2OS,G2M,17.981130999999994
SRR11287481,0.37792828782832893,-0.6864566856547535,0.6212466868349048,U2OS,G2M,20.244668
SRR11287482,0.6488092946987984,-0.4808044516434679,0.5898080829681251,U2OS,G2M,21.796081
SRR11287483,0.24848794227228754,-0.9598461048477729,0.13018878164583467,U2OS,G2M,20.85506
SRR11287484,-0.21626122007354398,-0.8665811281574052,0.4497423450111895,U2OS,G2M,17.777666999999994
SRR11287485,0.424982742778207,-0.8000400296705739,0.42346872298205773,U2OS,G2M,23.220329
SRR11287486,0.014349017985408774,-0.7980389354666958,0.6024351924770263,U2OS,G2M,19.227348000000006
SRR11287487,0.3765830454025962,-0.8900635958996498,0.2568502162844861,U2OS,G2M,23.322061
SRR11287488,0.4785309460522747,-0.745425417334654,0.4640570235675556,U2OS,G2M,24.67001
SRR11287489,0.0404758891303052,-0.8906972418454944,0.4527914622360374,U2OS,G2M,20.575297000000006
SRR11287490,-0.08492088632220035,-0.9527762763194326,0.2915576027820864,U2OS,G2M,22.101277
SRR11287491,-0.3936362396191496,-0.6897833847249129,0.6076588093775754,U2OS,G2M,16.989244
SRR11287498,0.635344264488257,-0.6005699777467894,0.48544143942089896,U2OS,G2M,24.313948
SRR11287499,0.08139438895933326,-0.8000333179846321,0.5944087093344668,U2OS,G2M,24.212216
SRR11287500,0.5754191158993821,-0.6343870367482806,0.5161837797386845,U2OS,G2M,19.888606
SRR11287501,0.7927694267994256,-0.1664113286013092,0.5863649429741637,U2OS,G2M,24.720876
SRR11287502,-0.1559756931670343,-0.9149538740570927,0.37219758733860964,U2OS,G2M,21.058524
SRR11287503,0.7647616677314348,-0.07341254970906555,0.6401173246655139,U2OS,G2M,19.151049
SRR11287504,0.5691650040439747,-0.6230730233370126,0.5364989324507399,U2OS,G2M,17.726801000000005
SRR11287505,0.3502893170346223,-0.7834935480851778,0.5132594495824349,U2OS,G2M,23.728989
SRR11287506,0.6292099841513049,-0.6210518795516681,0.4673213561234112,U2OS,G2M,22.304741
SRR11287508,0.1001916205400688,-0.8589419986918146,0.5021756979170857,U2OS,G2M,21.719782
SRR11287509,0.21815793948836035,-0.8497625449609647,0.47990691610636094,U2OS,G2M,21.160256
SRR11287511,0.3711417273681782,-0.7097567200442482,0.5987480517687747,U2OS,G2M,17.421605
SRR11287512,0.6134945837091602,-0.46704357578768985,0.6367847746000079,U2OS,G2M,21.87238
SRR11287513,0.009322723765576357,-0.9421111604841439,0.33517119367716275,U2OS,G2M,18.413492
SRR11287514,-0.2530762433130566,-0.8822292461858503,0.39701889018406344,U2OS,G2M,18.108296
SRR11287515,-0.05611040043595644,-0.9505910995269589,0.30533267571061107,U2OS,G2M,17.116409
SRR11287516,0.49132108319373935,-0.21156375326196175,0.8448931314164114,U2OS,G2M,17.243574000000002
SRR11287517,-0.19207338355242765,-0.9336221891814476,0.3024191112568394,U2OS,G2M,22.482772
SRR11287518,-0.37010647334311964,-0.8525839385941789,0.3689468203027419,U2OS,G2M,18.845853
SRR11287519,0.6579627535650949,-0.3114098063870724,0.6856446980910098,U2OS,G2M,19.201915
SRR11287520,0.06827912525818619,-0.8845213787501125,0.4614758674844578,U2OS,G2M,17.269007000000002
SRR11287521,0.019414249645710313,-0.8659233062010573,0.4997998419341745,U2OS,G2M,22.152143
cell_9387,-0.03329343346337843,0.15310211889153122,-0.9876493617183724,Fibroblast,G0,
cell_10579,-0.8355889162392881,-0.42893549138988657,0.34322795604849593,Fibroblast,G1,
cell_12914,0.7925413854206319,-0.17171027489318996,0.5851440942465482,Fibroblast,S,
cell_19210,0.7271927558297187,0.5793533317945869,0.36815811495572576,Fibroblast,G1,
cell_21047,-0.7187752370400705,0.6902043536948279,0.08354629838984856,Fibroblast,G1-G0 transition,
cell_22865,0.5565353977576046,-0.4483375777118419,0.6994724045073208,Fibroblast,S,
cell_25261,-0.2803678160034118,-0.9522886266744115,0.12058324830707573,Fibroblast,G2M,
cell_27312,-0.19420805784057893,-0.46854459605265125,-0.8618289245877032,Fibroblast,G0,
cell_27774,0.4247734028673443,0.6605288485575856,0.6190875213754534,Fibroblast,S,
cell_30718,-0.6970086893164884,0.06400061059863682,-0.7142008667666396,Fibroblast,G0,
cell_33109,-0.7061562017057821,0.598901385135186,-0.3777046011644921,Fibroblast,G0,
cell_33326,-0.045524126741862014,0.0295070550706803,-0.9985273899701117,Fibroblast,G0,
cell_34215,-0.07744828793177982,0.32067543262285836,-0.9440175369747325,Fibroblast,G0,
cell_39269,0.4277006953291401,-0.30862294475134056,0.8496022243071492,Fibroblast,G2M,
cell_42373,0.08941751358174538,0.1901951825479022,-0.9776657248257642,Fibroblast,G0,
cell_47437,-0.3195480931476209,-0.24919173450312848,-0.9142168264643952,Fibroblast,G0,
cell_49519,0.5360971275624596,-0.4481016460668479,-0.7154053332946044,Fibroblast,G0,
cell_54454,0.27555350291407105,-0.45742666438911717,-0.8454767617033427,Fibroblast,G0,
cell_59742,0.7913143795571748,-0.14111154366660736,0.5949026540240582,Fibroblast,S,
cell_59937,-0.904846605476535,-0.001685803673132813,0.42573456769950724,Fibroblast,G1,
cell_61765,0.5827923388645488,-0.26299919342888034,-0.7688852503248762,Fibroblast,G0,
cell_63049,0.33342262775779014,-0.44352136978527074,-0.8319364395497756,Fibroblast,G0,
cell_66804,-0.38063497722456285,-0.4863130066040401,-0.7865218820062199,Fibroblast,G0,
cell_69130,0.5354926922278581,-0.2620708040020158,0.8028489585598494,Fibroblast,S,
cell_72499,-0.15964082716879016,-0.31757215380932546,-0.9346991837506782,Fibroblast,G0,
cell_72989,-0.5407257087890726,0.7917284367160112,-0.2842212139391764,Fibroblast,G0,
cell_73811,0.14371243786868643,-0.5480179114589919,-0.8240284949146319,Fibroblast,G0,
cell_74371,-0.4629786905227557,0.331415395639892,-0.8220794037324058,Fibroblast,G0,
cell_74451,-0.06340367611070491,0.4711546007005887,0.8797688276057437,Fibroblast,S,
cell_74924,0.4907975523553564,-0.2011082483112822,0.8477459481707844,Fibroblast,S,
cell_76985,-0.8240773492814333,0.10392756785123189,-0.5568622746774113,Fibroblast,G0,
cell_80289,-0.7974460112210047,-0.40606271830110807,0.446310226952369,Fibroblast,G1,
cell_81536,-0.2608410720051318,-0.0005222546376167786,-0.965381628399101,Fibroblast,G0,
cell_81977,-0.009395487219518772,-0.9183852903399725,0.3955757439184696,Fibroblast,G2M,
cell_82373,0.08624278977843466,0.9835630959634486,0.1586377627786456,Fibroblast,G1-G0 transition,
cell_84043,-0.6376125429649317,-0.6665094610729951,0.3862840957013597,Fibroblast,G2M,
cell_91349,0.09329793711097632,-0.843838148066767,-0.5284246738572072,Fibroblast,G0,
cell_94138,-0.23186031967070453,-0.28417564072425733,-0.9303144574747974,Fibroblast,G0,
cell_96793,-0.19717900079716405,-0.48325924942865195,-0.8529834771233816,Fibroblast,G0,
cell_97867,0.8885253824121473,-0.1752574334805828,0.4240372359011651,Fibroblast,S,
cell_100051,-0.25403838913102816,-0.9123655427523363,0.32101960787536676,Fibroblast,G2M,
cell_101447,0.7361348032680747,0.5573497795022722,0.3840142662819357,Fibroblast,G1,
cell_102737,0.7923770636498129,-0.4946350862787226,0.35703595754016876,Fibroblast,S,
cell_102768,0.3501126178243539,-0.47962718914999813,-0.8045986336101384,Fibroblast,G0,
cell_102888,0.15715290769611437,-0.5194442036369022,-0.839929083445484,Fibroblast,G0,
cell_104930,-0.9515308374735589,0.3044853215062054,0.04333273977893681,Fibroblast,G1-G0 transition,
cell_108305,0.2664626275932249,-0.7975070999329303,0.5412763677539962,Fibroblast,G2M,
cell_116377,0.7385379081206831,-0.37504477143534226,0.5602707250953316,Fibroblast,S,
cell_116475,0.025863611818420486,-0.8444097169679967,-0.5350730022738044,Fibroblast,G0,
cell_117254,0.041269289887733096,0.08716186786207449,-0.9953389930391272,Fibroblast,G0,
cell_120169,-0.7278837594812053,-0.11577675505119261,0.6758557330577055,Fibroblast,G1,
cell_121717,0.09291082418060198,0.628825069298709,-0.7719757638031137,Fibroblast,G0,
cell_122195,0.8280274017575392,0.18558655791250145,-0.5290826021767127,Fibroblast,G0,
cell_122497,0.0784329206413184,0.9126158326595206,-0.4012241185522085,Fibroblast,G0,
cell_123206,0.9328877201842777,0.21786126370374345,-0.28680464939874417,Fibroblast,G1,
cell_123270,0.14049951417690115,-0.29863491691366867,-0.9439687947191999,Fibroblast,G0,
cell_125328,0.7045962619530588,-0.39671888625719975,0.588352085461602,Fibroblast,S,
cell_125644,-0.6047577363491163,0.27810336999504154,0.746275152201622,Fibroblast,G1,
cell_127389,0.6393805027208439,0.21612144400587296,-0.7378915725983541,Fibroblast,G0,
cell_128045,0.699658359292771,0.3245049642610182,0.6365333840534293,Fibroblast,S,
cell_130233,-0.06464876097191896,0.5124702660212337,-0.8562679756154136,Fibroblast,G0,
cell_130316,0.360481515010771,-0.18444087838632237,-0.9143493025132448,Fibroblast,G0,
cell_131889,-0.24574130879126432,-0.2693965217428589,-0.9311480917132183,Fibroblast,G0,
cell_132875,-0.4693441564608024,0.7619326868102537,-0.4462898846394181,Fibroblast,G0,
cell_135383,-0.02701784235818322,-0.8056175901444648,0.5918194525240656,Fibroblast,G2M,
cell_137128,0.4083187773959316,-0.40979177436260467,-0.8156878177845367,Fibroblast,G0,
cell_137303,0.37803434242310685,0.6473216444600144,0.6618644725008939,Fibroblast,S,
cell_138024,0.11154875829359867,-0.41111443749107096,-0.9047329260483431,Fibroblast,G0,
cell_140969,0.6496791207450087,0.7175805549952657,-0.25098849356963626,Fibroblast,G1-G0 transition,
cell_141283,0.6978857957245928,0.6225120818394142,-0.3541669291076409,Fibroblast,G1-G0 transition,
cell_142995,-0.15594564595880717,-0.8311664086982046,0.5337072825927824,Fibroblast,G2M,
cell_146636,-0.3194290779362531,-0.8123329997769555,0.4879344700046111,Fibroblast,G2M,
cell_146787,-0.10401223331113907,-0.8444221499042069,0.5254834250387255,Fibroblast,G2M,
cell_147463,-0.7237549601473923,0.6880203780929199,0.052978632447162055,Fibroblast,G1-G0 transition,
cell_147465,0.46330199004069716,0.3996948146565133,0.790945714430539,Fibroblast,S,
cell_150578,0.5947286237552247,0.1841935394728062,-0.7825411462573229,Fibroblast,G0,
cell_152161,0.8445379214114795,0.535038953329906,0.022111797421572654,Fibroblast,G1,
cell_152407,-0.6654025859814234,0.12928399435299506,0.7352041544151322,Fibroblast,G1,
cell_154206,-0.7672215311329934,0.623754527154915,0.14933664817385878,Fibroblast,G1-G0 transition,
cell_156938,-0.13034966826739436,0.7279488364972833,0.6731267156631332,Fibroblast,G1,
cell_156967,0.7522337895749195,0.08528468862256483,0.6533535714581173,Fibroblast,S,
cell_158105,0.35031130571276653,-0.32672417226066786,-0.877800266863156,Fibroblast,G0,
cell_160238,-0.4382399156156136,-0.3533662835507879,-0.8264853725998493,Fibroblast,G0,
cell_161388,0.8943680553381284,0.4473282349951775,0.0017455499064841784,Fibroblast,G1,
cell_163368,0.5639641485281424,-0.5403121337892498,0.6245056208750371,Fibroblast,G2M,
cell_165216,0.6584658552117121,0.41698417645146707,0.626535632690848,Fibroblast,S,
cell_166375,-0.3441287410549502,0.40684974905715177,-0.8461966154232655,Fibroblast,G0,
cell_166918,0.6934620551128179,0.12520932103249788,0.7095300551483353,Fibroblast,S,
cell_166933,0.08952433823177197,-0.20156828526593346,-0.9753746269641406,Fibroblast,G0,
cell_168298,0.08013888982319844,-0.0042113470567676226,-0.9967747015879193,Fibroblast,G0,
cell_175974,0.11745620477199692,-0.8359403979162818,0.5361041632717725,Fibroblast,G2M,
cell_178236,0.13422328268013517,-0.3165532796098216,-0.9390303063127927,Fibroblast,G0,
cell_178440,0.03580140036431029,-0.1931675572902602,-0.9805123503994557,Fibroblast,G0,
cell_178791,0.7284964827607343,-0.5183005063067504,0.4479479409661452,Fibroblast,S,
cell_180329,0.39839371435639626,-0.4755943472445657,0.7842783519015634,Fibroblast,G2M,
cell_180434,-0.40508156082428587,-0.24436130196394162,-0.8810201347301385,Fibroblast,G0,
cell_183614,-0.8919648039496809,-0.24933514459678136,-0.3771351978785967,Fibroblast,G0,
cell_184126,-0.9686205879192118,0.01173324025036171,0.2482669374046805,Fibroblast,G1,
cell_185270,0.5713387880043852,-0.5965486872545008,0.563650036333579,Fibroblast,S,
cell_186094,0.24245115132581874,-0.2856878254274028,-0.9271460450167021,Fibroblast,G0,
cell_186442,-0.2990376001382439,0.6573298069732321,-0.6917325724331259,Fibroblast,G0,
cell_188876,-0.28672971907133005,0.444085263560684,-0.8488665182597048,Fibroblast,G0,
cell_190208,0.348735827323444,-0.6581676080763622,-0.6672321460236053,Fibroblast,G0,
cell_192534,-0.21623373167723486,0.9129843199597708,0.3459807277455428,Fibroblast,G1,
cell_192548,-0.28923967504148335,0.940046316540322,-0.18070204030363057,Fibroblast,G1-G0 transition,
cell_193069,-0.7091844245250492,-0.2609062952333033,0.6549697274946995,Fibroblast,G1,
cell_198379,-0.9000655919503724,0.4281523110343805,-0.08104141766513379,Fibroblast,G1-G0 transition,
cell_200330,0.17899605756857295,-0.36124742368288676,-0.9151287427207458,Fibroblast,G0,
cell_200516,-0.29353439342302745,0.8598353990855495,-0.4177567975003379,Fibroblast,G0,
cell_201349,-0.9403939035713325,0.28294325913526264,0.1886854220734554,Fibroblast,G1-G0 transition,
cell_204439,-0.49408353826306556,0.6937008620274757,-0.5240805927439924,Fibroblast,G1-G0 transition,
cell_205630,0.3365228567221548,-0.3904925154404708,-0.8568943114600691,Fibroblast,G0,
cell_209407,0.04240763552674398,-0.12017562679594188,-0.9918465302192538,Fibroblast,G0,
cell_211635,0.1512852413857647,0.45494461970643957,-0.8775752357164109,Fibroblast,G0,
cell_211704,0.03871157116318594,-0.5701806516877862,-0.8206067267832864,Fibroblast,G0,
cell_211956,0.3905233504983825,-0.24056019882374136,-0.8886069011315247,Fibroblast,G0,
cell_214079,0.7156830453350485,-0.5884018477781338,0.37627256126631353,Fibroblast,S,
cell_214757,0.7180043286071912,-0.40354350827369834,0.5671177278320653,Fibroblast,S,
cell_215076,0.994887048067024,0.09415857129465474,0.03652345893763992,Fibroblast,G1,
cell_215252,-0.7156858420691115,-0.6801190150080421,0.1588456211940821,Fibroblast,G1,
cell_216979,-0.1647422027161151,0.9848367410175771,-0.0543733459687563,Fibroblast,G1-G0 transition,
cell_217551,0.6344570877980404,-0.031887681843582254,0.772300056425566,Fibroblast,S,
cell_217811,-0.4193011530580017,0.835167657070296,-0.35592360772012654,Fibroblast,G0,
cell_218535,-0.7097760392427147,-0.6047948003480971,0.36116629769045644,Fibroblast,G1,
cell_219294,-0.44784289170252306,0.2890141425033968,-0.8461131210971832,Fibroblast,G0,
cell_221321,0.6373904634591772,0.02154785209595582,0.7702395862074541,Fibroblast,S,
cell_221704,-0.2666127698599493,0.8231302692910486,-0.5013723433084515,Fibroblast,G0,
cell_225709,0.22077633237627928,0.9749043484745059,-0.028621838569805574,Fibroblast,G1,
cell_225926,-0.9114049730159698,-0.2393775786209326,0.3347229302389249,Fibroblast,G1,
cell_225954,-0.13592132947833901,-0.9089899816112823,0.3940337060048114,Fibroblast,G2M,
cell_227374,0.31528626860981024,0.4780510601155168,0.8197936877973536,Fibroblast,S,
cell_229420,0.6233249131634357,0.5061317537807848,0.5960675096866214,Fibroblast,G1,
cell_230446,-0.39315346836619036,-0.10734206512827153,-0.9131856202034218,Fibroblast,G0,
cell_230520,0.6916512136299118,-0.15298185494856753,0.7058435443254706,Fibroblast,S,
cell_233419,-0.7670159994082705,0.1659204447767068,0.6198039127780154,Fibroblast,G1,
cell_234891,-0.1920192497295165,-0.3077957388534855,-0.9318746271995049,Fibroblast,G0,
cell_236468,0.2909669370438984,-0.6642072055125685,0.6885977554634124,Fibroblast,S,
cell_238451,0.260593169575623,-0.21358830638120496,-0.9415260659979365,Fibroblast,G0,
cell_243006,0.5379082343093681,-0.5851100502513917,-0.6068780015870456,Fibroblast,G0,
cell_244818,-0.9019524534958835,0.40268480119034566,0.1559697410326798,Fibroblast,G1-G0 transition,
cell_246116,0.5758713918932954,0.6860268293852849,-0.44467872536217595,Fibroblast,G0,
cell_248247,0.5818263138666703,0.3079916249485489,0.7527411404238066,Fibroblast,S,
cell_250608,-0.39104024738565335,0.8471724773574066,0.3597027920470647,Fibroblast,G1,
cell_252870,0.12990191154327912,0.24753372972277454,-0.9601315404092368,Fibroblast,G0,
cell_255062,-0.44116256463942044,0.25915720294482986,-0.8591932380191167,Fibroblast,G0,
cell_255411,-0.6984833598456255,0.4710485288480388,0.5387336891723231,Fibroblast,G1,
cell_255794,0.29720089335347155,-0.03756389072754965,-0.9540757267197421,Fibroblast,G0,
cell_258994,-0.7904632386766987,-0.06094558283864704,0.6094696737891643,Fibroblast,G1,
cell_260192,-0.916884035220821,-0.020723115430229894,0.3986152040060252,Fibroblast,G1,
cell_260541,-0.9398479206476767,-0.2607532324648514,0.22066640602694856,Fibroblast,G1,
cell_265158,-0.8946931245904175,-0.20300070062318026,0.39788790974540894,Fibroblast,G1,
cell_267756,0.4622562033661674,-0.4522105248671175,-0.7627744576639639,Fibroblast,G0,
cell_270679,-0.7688015873220598,-0.4915872718512475,0.4090060611165696,Fibroblast,G1,
cell_270866,0.024079311390653002,0.6637802009972658,-0.7475400956758486,Fibroblast,G0,
cell_271944,0.8998281183853565,0.43261875198012584,-0.05612907358179797,Fibroblast,G1,
cell_278074,0.2178111757424559,0.027875558679346102,-0.9755928220257544,Fibroblast,G0,
cell_278880,-0.008194763111257664,-0.27295812526673824,-0.9619910336505839,Fibroblast,G0,
cell_281760,0.5523357814208176,-0.6581154454578472,0.5116729131289309,Fibroblast,S,
cell_283401,0.14632140446799785,0.9529511723889712,0.26546954053322513,Fibroblast,G1,
cell_283455,0.3105937974893668,-0.2594647541230738,0.9144449711439593,Fibroblast,S,
cell_285628,0.7915607871015597,0.14423961640310906,0.5938234199077657,Fibroblast,G0,
cell_285982,-0.06978603298264285,0.35289291232787323,-0.9330575424692467,Fibroblast,G0,
cell_287006,0.7855331962855261,-0.3256302147589329,0.526215447896398,Fibroblast,S,
cell_287372,-0.20512723786574572,-0.6209773104907675,-0.7565116604269354,Fibroblast,G0,
cell_290940,0.6716509277587001,-0.4989001343899135,0.5477076263858112,Fibroblast,S,
cell_291624,0.08190335154079836,0.06776278616164391,-0.9943338397430015,Fibroblast,G0,
cell_292301,-0.7179498876261118,-0.5830066295999149,0.38033049868082114,Fibroblast,G1,
cell_293309,-0.8730338199347718,0.4698850783365497,-0.13046028324012232,Fibroblast,G1-G0 transition,
cell_293599,0.16604985109867237,-0.282833327677536,-0.9446865667957014,Fibroblast,G0,
cell_296107,0.29206453460604037,-0.5000281852700137,-0.8152729728021715,Fibroblast,G0,
cell_297715,0.7042852858298713,-0.6355306908318751,0.31635888173200716,Fibroblast,S,
cell_298411,0.3494282892537989,0.7282732970249751,0.5895063705888922,Fibroblast,S,
cell_301451,-0.17775512905773572,-0.9293842791483451,0.32349314644310523,Fibroblast,G2M,
cell_303285,-0.10675607055100933,0.7420307007996924,-0.6618107125520993,Fibroblast,G0,
cell_304770,-0.39937757191316436,0.05034894262331821,-0.9154028582454129,Fibroblast,G0,
cell_305874,-0.450788788330796,-0.3264149713598933,-0.8308084688801676,Fibroblast,G0,
cell_306322,0.6308365163776699,-0.428264450665148,0.6470200803657394,Fibroblast,S,
cell_306790,0.463634434867172,-0.671457724939562,0.5780897835001143,Fibroblast,G2M,
cell_308272,-0.06398893049681709,-0.25114912505573095,-0.9658310922451061,Fibroblast,G0,
cell_309583,-0.3160952018013345,0.16328608273242243,-0.9345702246148543,Fibroblast,G0,
cell_310997,0.09187272774071131,0.22704675093645993,-0.9695407222436759,Fibroblast,G0,
cell_311707,0.0255711785905246,0.443412286721238,-0.8959529634358475,Fibroblast,G0,
cell_312146,0.33070194501207606,0.01764018834411729,-0.9435704729703476,Fibroblast,G0,
cell_312464,0.20795746381299815,-0.7951939501091746,0.5695791155988733,Fibroblast,G2M,
cell_313602,-0.7821740485898726,-0.5120120432503277,0.35503163364933465,Fibroblast,G1,
cell_313683,0.5960106631459448,0.20990642595972758,0.7750552001621276,Fibroblast,S,
cell_315614,-0.1282337565142637,-0.1992643361530675,-0.9715193800946311,Fibroblast,G0,
cell_315874,-0.5071421101115566,0.12508073583306228,-0.8527377878694142,Fibroblast,G0,
cell_316427,0.0970265253479568,-0.6603837434554397,-0.7446334848235272,Fibroblast,G0,
cell_316683,-0.39285345857010445,0.6218832987336632,-0.6774417572265752,Fibroblast,G1-G0 transition,
cell_317625,0.015070055939551574,0.12030853323228895,-0.9926221903395411,Fibroblast,G0,
cell_317885,-0.04952624503212699,-0.39615027760850996,-0.9168490223967342,Fibroblast,G0,
cell_318822,0.7128277773269491,0.5052748479012525,-0.48638869823607533,Fibroblast,G1-G0 transition,
cell_319645,-0.38760263171234366,0.5975404332630878,-0.7019327567498241,Fibroblast,G0,
cell_321206,0.8335943690046963,-0.40751827651380723,0.37289323190194545,Fibroblast,S,
cell_326015,-0.9160508935622658,-0.3160250567874326,0.24693871610546547,Fibroblast,G1,
cell_326864,0.6137563096308711,0.7430752646585417,0.26672522403874777,Fibroblast,G1,
cell_328211,-0.5691548906350432,0.6563836492788111,0.4952000095669944,Fibroblast,G1,
cell_329731,0.12261738639116648,-0.18014130525597577,-0.9759683000777137,Fibroblast,G0,
cell_331796,0.9253691716973858,0.3413011856897058,0.1649398334717429,Fibroblast,G1,
cell_333886,-0.7292893568464742,-0.5766533394815375,0.368249908850971,Fibroblast,G1,
cell_334293,0.8727113695045442,0.4154253123098235,-0.25650882898604194,Fibroblast,S,
cell_334836,0.08197939978174512,0.8015721561334105,-0.592251123300368,Fibroblast,G1-G0 transition,
cell_335420,0.8131140860659283,0.03971465555332877,0.5807479709536292,Fibroblast,S,
cell_335632,0.2768379504035774,-0.08388018918949652,-0.9572486587073071,Fibroblast,G0,
cell_338900,0.0748264675667612,-0.4086570932576904,-0.9096155313070439,Fibroblast,G0,
cell_339206,-0.6298931756985225,0.7764697230612194,-0.01815069446742043,Fibroblast,G1-G0 transition,
cell_339338,-0.43793487210583015,0.8107450165251617,-0.38846567954848094,Fibroblast,G0,
cell_342137,-0.462579642081859,0.5708208937914542,0.6783684681258444,Fibroblast,S,
cell_343111,0.6732116318224536,-0.16722119199902682,0.7202938174527407,Fibroblast,S,
cell_344551,-0.4968128658253753,0.8676866816092028,-0.017231473436377723,Fibroblast,G1-G0 transition,
cell_344974,0.1622663424868745,-0.9371856577291356,0.3087925996050615,Fibroblast,G2M,
cell_345190,-0.9635333065753763,0.26079534580223873,-0.05991259886656203,Fibroblast,G1-G0 transition,
cell_346746,0.31972122789266216,-0.287272021653743,-0.9029136567702434,Fibroblast,G0,
cell_350716,-0.23083272635784063,0.7030669818226052,0.6726164626499238,Fibroblast,G1,
cell_353204,0.3662433985241069,0.7283308064405344,0.5791372969274737,Fibroblast,S,
cell_358341,-0.4799543882788901,0.42887184618558905,-0.7653187142273836,Fibroblast,G0,
cell_358408,0.6131278569187191,-0.704637197067989,0.3571565152836801,Fibroblast,S,
cell_363060,-0.6882534430189566,0.2817932818528418,-0.6685055807097785,Fibroblast,G0,
cell_363855,0.3820534599233364,0.429498734587705,0.8182701014231694,Fibroblast,S,
cell_364209,0.7774184372815506,-0.10138889154517111,0.6207582296632015,Fibroblast,S,
cell_365226,0.5642558147184228,0.0029167612832977675,0.8255947779015623,Fibroblast,S,
cell_366424,-0.7601086471830837,-0.40197056011149906,0.510543230872772,Fibroblast,G1,
cell_366566,0.7270409635332445,0.2753605157909877,-0.6289580031057259,Fibroblast,G0,
cell_368916,0.6707862440339323,0.5185501466711653,0.5302370601803481,Fibroblast,S,
cell_369626,0.4132039552785967,-0.37155758187639,-0.8313888224866821,Fibroblast,G0,
cell_369863,0.4097102059814775,-0.07913287997258439,-0.9087768895514445,Fibroblast,G0,
cell_371395,0.06926718307257165,-0.6122911873314909,-0.7875921830701261,Fibroblast,G0,
cell_372668,-0.2682217006046279,0.24343809480118983,-0.9320917308463855,Fibroblast,G0,
cell_373792,-0.496303837395225,0.5839822369593765,0.6423760811569168,Fibroblast,S,
cell_376590,-0.8093134280673691,-0.2907735422796271,0.5103551599153223,Fibroblast,G1,
cell_377051,0.5967225324379356,0.7836525610070741,0.17265803938683905,Fibroblast,G1,
cell_377412,-0.01146951262167191,0.8305956410889301,0.5567578831751788,Fibroblast,S,
cell_378791,0.37931780419716704,-0.41741605333693543,-0.825761339781089,Fibroblast,G0,
cell_379162,-0.9320394809925924,0.3619619747992895,-0.016906133320126138,Fibroblast,G1-G0 transition,
cell_386238,-0.48692855336884416,0.5415694276346332,0.685275900135251,Fibroblast,G1,
cell_391537,-0.11289540956603078,-0.7759952683647177,-0.620552664118243,Fibroblast,G0,
cell_392284,-0.3286544884573545,0.079555934054276,-0.941093613236111,Fibroblast,G0,
cell_392617,-0.8702269883888636,-0.3539633166466031,0.34265865957335273,Fibroblast,G1,
cell_393517,0.40945166485621304,-0.37519096953846975,-0.8316135297236199,Fibroblast,G0,
cell_396749,0.4057927171965938,-0.42534986551311027,-0.8089558775198816,Fibroblast,G0,
cell_398082,-0.09775172269913945,-0.4115819104216597,-0.9061153211188756,Fibroblast,G0,
cell_399698,-0.7451556376574249,-0.09639280931058877,0.6598874698044818,Fibroblast,G1,
cell_403800,-0.006935203825027547,0.7707943295285553,-0.6370463644119142,Fibroblast,G0,
cell_403946,0.426919675674284,-0.4197917262996277,-0.8009460336314528,Fibroblast,G0,
cell_405123,-0.4611472010734483,-0.0577713715417126,-0.885440964700068,Fibroblast,G0,
cell_407198,0.503194518022019,-0.3042122135594293,-0.8088572431461492,Fibroblast,G0,
cell_407682,0.621564204343028,-0.17045261730064604,0.764593865620784,Fibroblast,S,
cell_408874,-0.938250623285557,0.288939937361677,0.19026120168211075,Fibroblast,G1-G0 transition,
cell_414818,0.1893079966392202,0.27090431339818716,-0.9438078876648159,Fibroblast,G0,
cell_416852,-0.7512126324775946,-0.5775612266928929,0.3195351803141251,Fibroblast,G1,
cell_417495,-0.2174234618893205,-0.2249811634434789,-0.9497949466557702,Fibroblast,G0,
cell_417972,0.7582070212536087,0.2671817418815274,0.5947571368231681,Fibroblast,S,
cell_419747,0.5205929426230296,0.48152434775677866,0.705065600805449,Fibroblast,S,
cell_420972,-0.026118234109483218,-0.9094296452184034,0.41503676856406324,Fibroblast,G2M,
cell_423188,-0.38032315091313146,0.45913281448629717,-0.8028395647937937,Fibroblast,G0,
cell_431439,0.20646335047905442,-0.6975911337709224,-0.686104342829793,Fibroblast,G0,
cell_432268,0.33748865296939157,0.8909975301585386,-0.30368552977242613,Fibroblast,G1-G0 transition,
cell_432892,-0.6107420576685008,0.3633228386095768,0.7035557542299439,Fibroblast,G1,
cell_433126,-0.551179013294477,0.8001371973273677,-0.2366056620903907,Fibroblast,G0,
cell_433981,-0.43235441974561856,0.5701501422394837,0.6985689064793742,Fibroblast,G1,
cell_434182,0.1862534802804443,-0.09005107014596378,-0.9783661188600172,Fibroblast,G0,
cell_434801,0.7953197763315668,0.5903390447968274,-0.1377180819413853,Fibroblast,G1,
cell_437841,-0.48604203885111136,0.6401671922471156,0.5949363324538377,Fibroblast,G1,
cell_438744,0.2634731385848335,0.9265794595338148,-0.26838849315556224,Fibroblast,G1-G0 transition,
cell_442618,-0.4923640359795039,0.7014677050882648,-0.5152869746156624,Fibroblast,G0,
cell_446542,0.897573751316114,0.43829147700701,0.04756000829614221,Fibroblast,G1,
cell_447269,0.8193508393658375,-0.26806741936125533,0.5067584865996447,Fibroblast,S,
cell_450391,-0.2963387253582126,0.21947859600184963,-0.9295227539722419,Fibroblast,G0,
cell_450427,0.3386589921115177,-0.634713551060268,0.6945854439262724,Fibroblast,S,
cell_455033,-0.44852124866800014,0.09820086603473316,0.8883609568824722,Fibroblast,S,
cell_455368,0.9435018510177405,0.18748281086895607,-0.27322989014920107,Fibroblast,S,
cell_455689,0.3876344739170202,0.09303326919244245,-0.9171064309446817,Fibroblast,G0,
cell_457116,-0.048209707652381195,0.07633965345898121,-0.9959156774241236,Fibroblast,G0,
cell_457496,0.09942287847170084,-0.5667918652953647,0.8178398960916513,Fibroblast,G2M,
cell_458310,-0.6600361889876523,0.694732444767612,-0.2858303533850908,Fibroblast,G0,
cell_458450,-0.7493865903335563,0.5583730198191938,0.3558640712347304,Fibroblast,G1,
cell_458888,0.204872116362376,-0.5911302019632075,0.7801233497094795,Fibroblast,G2M,
cell_459094,-0.5386321959976594,0.6590316548977255,-0.5249311579356873,Fibroblast,G0,
cell_459096,-0.41325442557776204,0.8274786285926292,0.380131432617578,Fibroblast,G1-G0 transition,
cell_462275,-0.5971587562429069,-0.21076064538323766,0.7739388924520675,Fibroblast,G1,
cell_462549,0.386683500710169,-0.41754248333258803,0.8222737112279475,Fibroblast,S,
cell_463004,0.2238341936559347,0.3593159705151576,-0.9059747598498682,Fibroblast,G0,
cell_465032,0.7972251647589645,0.1875342208235919,0.5738144010050906,Fibroblast,S,
cell_470704,-0.7789773864062899,-0.4649508207790878,0.4207311231136189,Fibroblast,G1,
cell_471382,-0.5575036039417656,0.5402702946485644,0.630315569286586,Fibroblast,S,
cell_471394,0.33784872166207547,0.7034410628849135,-0.6253229833472229,Fibroblast,G1-G0 transition,
cell_475994,0.35779452076700885,0.9054259261478915,0.2284445828230009,Fibroblast,G1,
cell_479324,0.44251375307121804,-0.8066098885452424,0.3918701782872167,Fibroblast,G2M,
cell_479498,-0.7231099204990898,0.5054501559278486,0.4707782316357493,Fibroblast,G1-G0 transition,
cell_480387,0.6140023925134762,0.5938804721175186,-0.5199107983416382,Fibroblast,G0,
cell_482294,0.43932474560217166,0.3968161814349452,0.8059345971645117,Fibroblast,S,
cell_482884,0.282536153671657,-0.008048832469492034,-0.9592228321593821,Fibroblast,G0,
cell_486264,-0.14185095050105478,0.2553819506853787,-0.9563775988039251,Fibroblast,G0,
cell_486426,0.7458776447560195,-0.003507284290891907,0.6660739056257152,Fibroblast,S,
cell_487964,-0.24663982272522492,0.10719692250957616,-0.9631602022789754,Fibroblast,G0,
cell_488795,0.5379396993480521,0.604679271646648,0.5873532703891031,Fibroblast,G0,
cell_494764,0.021975886536789613,0.25941536184770514,-0.9655157653713263,Fibroblast,G0,
cell_498856,-0.45197203660058227,-0.8172034522202958,0.35763067966273776,Fibroblast,G2M,
cell_500363,0.2882976458742702,-0.5614816787018451,-0.775643435142929,Fibroblast,G0,
cell_503481,0.8953742474431534,0.080272794719854,0.4380196073764074,Fibroblast,S,
cell_504413,-0.47053954289855826,0.6373584938724919,-0.6102185772079904,Fibroblast,G0,
cell_506473,-0.09235068840655292,0.6101765627413895,-0.7868645809951391,Fibroblast,G0,
cell_506928,0.6813119993526915,0.5618467225024196,0.46919323000979796,Fibroblast,S,
cell_507408,0.02579601645225671,-0.43097378701904315,-0.9019956142506854,Fibroblast,G0,
cell_509765,0.08781474835524167,-0.07461663886604951,-0.9933382072331264,Fibroblast,G0,
cell_510150,0.6119161420788872,-0.5949496971106416,0.521146344915023,Fibroblast,S,
cell_512486,-0.27967549174601714,0.8771733233112924,-0.39031855250063047,Fibroblast,G0,
cell_512702,-0.7186427256872665,0.2465038491303575,0.6502218738082202,Fibroblast,G1,
cell_514029,-0.34702893190166895,0.5094460010264716,-0.787423589529472,Fibroblast,G0,
cell_516901,0.48401006010075953,0.4213912069016278,0.7669184739595698,Fibroblast,S,
cell_519372,-0.6835982712192613,0.3603215942783998,0.6347139949143383,Fibroblast,G1,
cell_519419,0.2727623329745748,0.9410044280189884,0.20027818554588053,Fibroblast,G1,
cell_519534,0.4350117273670953,0.5635804295200292,-0.7022404805843859,Fibroblast,G0,
cell_520906,-0.7628287757648424,-0.17379528520153265,0.6228060858088743,Fibroblast,G1,
cell_521045,-0.9718528420801339,0.2330329918159248,-0.03460666184893568,Fibroblast,G1-G0 transition,
cell_522567,0.7999099561002705,-0.0030848370060314045,0.6001120393299091,Fibroblast,S,
cell_522762,-0.8660626171083303,0.47923180014923117,0.1423811523107248,Fibroblast,G1-G0 transition,
cell_522983,0.8795047091704201,0.43292986482729956,0.19759344208044893,Fibroblast,G1,
cell_526887,0.8718529629514471,0.48663860040585716,0.05527572971440037,Fibroblast,S,
cell_530176,0.42973140733909865,-0.6563725186357573,-0.6200855565840113,Fibroblast,G0,
cell_532059,0.7847584256152118,-0.4752250719033155,0.3978886283822266,Fibroblast,S,
cell_532818,-0.19813671182506964,-0.3261384790490669,-0.9243243512701516,Fibroblast,G0,
cell_533460,0.25715743820860193,-0.8159148345847586,0.5178349487707802,Fibroblast,G2M,
cell_533673,0.5842578665214353,-0.7113134294045157,0.3907376600905425,Fibroblast,S,
cell_534628,-0.932006480527713,0.24017092949866617,0.2714436463033184,Fibroblast,G1,
cell_535488,0.530539075938134,-0.36036168927614176,0.7672468742693278,Fibroblast,S,
cell_535996,-0.5501262141400649,0.7269444867478844,-0.41099027033304764,Fibroblast,G0,
cell_539991,-0.5340890761939031,0.6883690976510137,-0.49081240207125,Fibroblast,G0,
cell_540606,-0.2346999752031674,0.6224952464269968,-0.7466026426728469,Fibroblast,G0,
cell_541218,0.06682145131446848,0.40734447894534515,-0.9108266543375166,Fibroblast,G0,
cell_544290,-0.8119786547781267,0.5564776894908527,0.17613374357094594,Fibroblast,G1-G0 transition,
cell_545724,0.8748370587298553,0.1430524957152103,0.46281334936679996,Fibroblast,S,
cell_546283,0.014233454745040841,0.0477299442687944,-0.9987588393542686,Fibroblast,G0,
cell_546425,-0.5885488001839734,-0.41706611864216414,0.6925793100278577,Fibroblast,G1,
cell_547343,-0.6230239942313857,-0.6290866057396349,0.4648561325027177,Fibroblast,G1,
cell_547936,0.2601410601840536,0.7124743389413714,0.6516953391576005,Fibroblast,S,
cell_548788,-0.931610103477989,0.3452888546330629,0.1134822361262327,Fibroblast,G1-G0 transition,
cell_552164,0.8522604927032196,-0.1116195931644868,0.5110705658367034,Fibroblast,S,
cell_555222,-0.1571981904356175,0.13834152355413065,-0.9778294451341598,Fibroblast,G0,
cell_555606,0.03352870359056015,-0.12798419139488101,-0.9912093133185792,Fibroblast,G0,
cell_556314,0.15515657487508716,0.10568412257759012,-0.9822206049713175,Fibroblast,G0,
cell_558890,0.1874840400199019,-0.7016654173651607,-0.6873975406934334,Fibroblast,G0,
cell_562697,-0.9636958872539201,-0.2106078019065463,0.16411725494815887,Fibroblast,G1,
cell_567710,0.761585053862571,-0.40482559536897544,0.5060675620164761,Fibroblast,S,
cell_571055,0.1272875931953771,-0.3542512479150804,-0.9264468370528582,Fibroblast,G0,
cell_572193,-0.6008708907170075,-0.23381155716582114,-0.7643861480568358,Fibroblast,G0,
cell_573628,-0.1526566691686656,0.7998174403543091,0.5805064973510704,Fibroblast,G1,
cell_573674,-0.5776742557072008,0.5270442031117283,-0.623311120491459,Fibroblast,G0,
cell_574382,-0.16211021471149245,0.8546759065314102,0.493202991374444,Fibroblast,G1,
cell_577299,0.6855652046506531,-0.46558873599541795,0.5596673949547497,Fibroblast,S,
cell_578092,0.8393106847765504,-0.33791328699877654,0.4258782733571884,Fibroblast,S,
cell_580049,0.45689503838089773,0.5899225244040299,0.6657614968666576,Fibroblast,S,
cell_581528,-0.7713970592932545,-0.37891845628565535,0.5112410779579335,Fibroblast,G1,
cell_583598,0.04828241708147407,0.18933019683632135,-0.9807256574457938,Fibroblast,G0,
cell_583618,-0.7475189530764055,-0.4581161159091546,0.48098329186264677,Fibroblast,G1,
cell_585193,-0.6988165708155581,-0.3064564881393317,0.6463279288693319,Fibroblast,G1,
cell_589956,0.5288268848682856,0.6852780113487409,0.5007354958063777,Fibroblast,G1,
cell_590234,-0.7710234997380754,0.09656918181928256,0.6294419080873934,Fibroblast,G1,
cell_593956,-0.5913647466605916,-0.10018412612291853,-0.8001567000503457,Fibroblast,G0,
cell_594471,-0.016467761379695578,0.34679201861934195,-0.9377974814675512,Fibroblast,G0,
cell_596793,-0.4169839377306225,-0.25519171990422446,-0.8723540006667243,Fibroblast,G0,
cell_597030,0.7777878906584064,-0.0072228346209005645,0.6284852879956999,Fibroblast,S,
cell_597781,-0.5856537481573059,0.6005292330015688,0.5444026746687372,Fibroblast,G1,
cell_599498,0.1060886990202406,-0.5340688907198362,-0.8387583148739511,Fibroblast,G0,
cell_601827,-0.3167909817924951,0.8139596970502095,-0.48694246920068224,Fibroblast,G0,
cell_603058,-0.3137766220689996,0.6426825290102595,0.6989300820588342,Fibroblast,S,
cell_603961,0.6740274686765856,0.58565746947996,0.4502137504091105,Fibroblast,S,
cell_604716,0.0846236119662781,0.4097542361016061,-0.9082620979905021,Fibroblast,G0,
cell_605091,-0.21757423333275944,0.6735176274906051,0.7064244215256068,Fibroblast,S,
cell_608294,-0.6987087782359656,0.7125621013853976,0.06372584346321075,Fibroblast,G1-G0 transition,
cell_613213,0.008823714288154427,0.4336839182604587,-0.9010218931016699,Fibroblast,G0,
cell_613270,0.3514044008155866,-0.363154741830806,-0.8629216080287678,Fibroblast,G0,
cell_614963,-0.5525552122096773,-0.19578670822977165,-0.8101545095608084,Fibroblast,G0,
cell_615069,-0.11051166425122161,0.1661579212596857,-0.9798871594403535,Fibroblast,G0,
cell_618409,0.12004948662512727,0.5650444679824524,-0.8162798815683041,Fibroblast,G1-G0 transition,
cell_621989,-0.7895754918695582,-0.48565096525528684,0.37511822301520653,Fibroblast,G1,
cell_622162,0.002382738456815525,-0.2705879421872722,-0.9626922125898152,Fibroblast,G0,
cell_623174,0.5014589262860545,0.5620196484810464,-0.6577787205691963,Fibroblast,G0,
cell_623794,-0.0653529995421781,0.1708060412478734,-0.9831349052516661,Fibroblast,G0,
cell_624913,0.35524555310481687,-0.4537726911165837,0.8172460997497075,Fibroblast,G2M,
cell_629762,-0.27099870347148247,0.4202763311667682,0.8659834678420976,Fibroblast,S,
cell_637236,-0.8827206944364488,-0.006896836574864673,0.4698475037062768,Fibroblast,G1,
cell_638234,0.32931224076175547,-0.15459246996089968,0.9314797996962959,Fibroblast,S,
cell_638516,0.5920861098343317,-0.019996338971276117,-0.8056266630782173,Fibroblast,G0,
cell_638713,0.3578122138359049,-0.2691406406972118,-0.8941665213754628,Fibroblast,G0,
cell_639461,-0.7307239106663626,0.1175488470244552,0.6724765679948719,Fibroblast,G1,
cell_640349,0.5659999874223819,-0.4173217005259078,-0.7109757313407474,Fibroblast,G0,
cell_640966,0.5122393151398102,-0.27439186816105615,-0.8138304064804989,Fibroblast,G0,
cell_643047,0.18072570205750998,0.23206866685740804,-0.955762698717716,Fibroblast,G0,
cell_646249,-0.9473222775088899,-0.062243576362667086,0.3141752576739422,Fibroblast,G1,
cell_646602,-0.17927713878372514,0.7261453840391786,0.6637563950149302,Fibroblast,S,
cell_647350,0.24223180518249515,-0.2938247188695771,-0.9246570085848659,Fibroblast,G0,
cell_649009,0.28476996019375755,-0.27183943363261165,0.9192438600144568,Fibroblast,S,
cell_651117,-0.6312143523719719,-0.06984534073560733,0.772457184087894,Fibroblast,G1,
cell_652315,-0.5295120212934492,-0.6707988553984564,0.5192744879280315,Fibroblast,G2M,
cell_652510,-0.8137507581979619,0.15909149319275603,0.5590165617612042,Fibroblast,G1,
cell_652969,0.16418469205141045,0.7056786058823432,0.6892469135851523,Fibroblast,S,
cell_656517,0.522430106161369,0.20484299662100192,0.8277113307793678,Fibroblast,S,
cell_658364,-0.6633012027623716,-0.22385035490134708,0.7140884939061845,Fibroblast,G1,
cell_658964,-0.48363502552264825,0.4228497831319869,-0.7663518137990561,Fibroblast,G0,
cell_659326,-0.0195284286384787,-0.9301218894160834,0.3667311975875641,Fibroblast,G2M,
cell_660979,-0.5929625755219015,0.46517067175211213,0.6572759514029114,Fibroblast,G1,
cell_662188,-0.5519244223600918,-0.19792952561399235,-0.8100637153867574,Fibroblast,G0,
cell_662926,-0.6834054009379414,-0.17784066898813358,0.7080464322599151,Fibroblast,G1,
cell_663308,-0.7667110806189206,-0.5179076950739752,0.3793754630781811,Fibroblast,G1,
cell_664830,-0.0027280842180319453,-0.34894200519292246,-0.9371403494538686,Fibroblast,G0,
cell_665057,0.15075612999304672,-0.06576951376154266,-0.9863806352787462,Fibroblast,G0,
cell_665063,-0.32763343198240186,-0.37763033240987415,-0.8660551498401542,Fibroblast,G0,
cell_665175,-0.44642681077763313,0.6878288668824893,0.5723585951150901,Fibroblast,G1,
cell_665185,0.08113105351957589,-0.2880471876193098,-0.9541731935140878,Fibroblast,G0,
cell_665529,-0.12464358217425574,0.6391424493899933,0.758920752001508,Fibroblast,S,
cell_667633,0.04760666134368724,0.28683540804224206,-0.9567961961611324,Fibroblast,G0,
cell_668890,-0.5872508193403267,-0.2951048214931134,-0.7536905812525277,Fibroblast,G0,
cell_669310,-0.3180501148599374,0.5089905725875192,-0.7998578913629625,Fibroblast,G0,
cell_671270,0.1379129760536788,-0.43511978320732747,-0.8897475780314943,Fibroblast,G0,
cell_673660,-0.06554429242157755,-0.6734034825800169,0.7363637788448063,Fibroblast,G2M,
cell_674669,-0.15278864722694707,0.4704609510580172,-0.8690926829775368,Fibroblast,G0,
cell_675228,-0.4559248087143383,0.15156606526379635,-0.8770177489579438,Fibroblast,G0,
cell_675471,-0.9444177920155417,0.3273221201362492,-0.03058106934908683,Fibroblast,G0,
cell_677088,0.8714366596740744,-0.1345923317698485,0.47168092486168545,Fibroblast,S,
cell_677245,0.6761035538788073,-0.5936949940747911,0.43636028290777135,Fibroblast,S,
cell_678432,0.04268378604048351,-0.6987198043813772,0.714120814890422,Fibroblast,G2M,
cell_678542,-0.11866905156196556,0.03578648753820053,-0.9922886974187946,Fibroblast,G0,
cell_679231,0.07993410209574842,0.8641111115041868,-0.4969130394963157,Fibroblast,G0,
cell_679927,0.5299694777934904,-0.006015160515416701,-0.8479953520452826,Fibroblast,G0,
cell_680676,0.48734072968314635,-0.4873815539972748,-0.7245400686446671,Fibroblast,G0,
cell_681991,0.6272498541001214,-0.3254784176492451,0.7075459473881046,Fibroblast,S,
cell_683286,0.5031717011785264,-0.6273861791302603,0.5943103102323689,Fibroblast,G2M,
cell_683571,0.5108315993576457,-0.15826438075823254,0.8449873465351275,Fibroblast,S,
cell_684392,-0.06694283182850386,-0.9699482385075081,0.23392067435362934,Fibroblast,G2M,
cell_684892,-0.7995145278194653,-0.2928042218021862,0.524444721193126,Fibroblast,G1,
cell_685483,0.2765853897483601,-0.5324118521532799,-0.8000238664670716,Fibroblast,G0,
cell_686416,0.3544759034498349,0.7682724511659473,0.5330143280356291,Fibroblast,S,
cell_696688,0.2684786912273884,0.6014234576585826,-0.7524685585931035,Fibroblast,G1-G0 transition,
cell_697004,0.5612629006214844,0.6749020536541807,0.47905216906291104,Fibroblast,S,
cell_697670,-0.11608163477816597,-0.9085606507002482,0.40130078516378276,Fibroblast,G2M,
cell_700525,-0.8128108244297627,0.5821251982471858,0.02165620935281043,Fibroblast,G1-G0 transition,
cell_701227,0.1675246837472198,0.9690057428238654,-0.18155768508711015,Fibroblast,G1-G0 transition,
cell_706666,0.3713297550423942,0.9036981682405925,0.21317597167204158,Fibroblast,G1,
cell_709279,-0.40304757280160675,0.6670240797278922,-0.6266031469488047,Fibroblast,G0,
cell_710723,-0.9803793753350586,-0.15177471849955285,0.12577944312031353,Fibroblast,G1,
cell_712394,-0.2535865528817517,-0.35488163342602946,-0.8998627806936308,Fibroblast,G0,
cell_714094,-0.7324984801556352,8.104277280493455e-05,0.6807686749755075,Fibroblast,G1,
cell_717083,-0.5146461198915021,0.8545105339116742,-0.07036427573726503,Fibroblast,G1-G0 transition,
cell_718660,0.5607068573912405,-0.4864507916861915,0.6700549137037045,Fibroblast,S,
cell_720048,-0.3268632051231004,-0.760406403040083,0.5611976181470252,Fibroblast,G2M,
cell_721120,0.16823773141143,0.12631850212428794,-0.9776194261173482,Fibroblast,G0,
cell_722488,-0.7466131514545409,0.5812870851045377,-0.32353383276491965,Fibroblast,G0,
cell_725326,0.6497628508686888,0.017221629151400325,0.7599419260692588,Fibroblast,S,
cell_725373,0.7984284077239963,0.2932313462838946,0.5258588351073834,Fibroblast,S,
cell_731154,0.8155900521844088,0.5786064716958577,0.0052390732690423825,Fibroblast,G1,
cell_734593,0.5287164954887426,-0.35646735896368564,-0.7703180591512451,Fibroblast,G0,
cell_734834,0.1807998341188301,0.02550467907992346,-0.9831891271832309,Fibroblast,G0,
cell_735523,0.4869932650725981,0.5860386388720624,0.6476079595973846,Fibroblast,S,
cell_735703,0.645301614755293,-0.6382812766585308,0.4197411775905039,Fibroblast,S,
cell_737198,0.8093839910321965,-0.20212154199641455,0.5514021810419799,Fibroblast,S,
cell_737261,0.22850244824076643,-0.8699110510305667,0.43708290373531383,Fibroblast,G2M,
cell_737526,-0.25503855834139366,0.4689147913733753,-0.845620687453051,Fibroblast,G0,
cell_740990,0.17566880000325463,0.9724898256215615,0.15298351521839365,Fibroblast,G1,
cell_744855,-0.09579738350167599,0.9044056925238699,-0.4157802514305674,Fibroblast,G1-G0 transition,
cell_745073,-0.8054189985286455,0.3047094466957573,0.5083821232835528,Fibroblast,G1,
cell_745125,-0.13512595618586049,-0.3595553901183328,-0.9232880987894151,Fibroblast,G0,
cell_745294,0.788267937174763,0.07276259979238918,0.6110148336048875,Fibroblast,S,
cell_745373,0.6065037767263156,-0.3345397381000541,0.7212740360848722,Fibroblast,S,
cell_751522,0.09682478837312886,-0.2639595887786186,-0.9596615530387825,Fibroblast,G0,
cell_755425,0.4780059612849164,-0.26140016664613885,-0.8385583753205459,Fibroblast,G0,
cell_755630,-0.7652344565784301,0.6398838972831492,0.07046085579158515,Fibroblast,G1-G0 transition,
cell_757500,0.9091751017181621,-0.32436413381032386,0.26112928779491035,Fibroblast,S,
cell_757670,-0.6333906860573425,0.5648424153445576,-0.5289323861461507,Fibroblast,G0,
cell_761706,0.6990174289681117,0.09407643198437732,0.7088895239985602,Fibroblast,S,
cell_762939,0.3855116684075403,-0.6291572732630379,-0.6749383926443292,Fibroblast,G0,
cell_764512,0.19407920275120727,-0.5951172146014474,-0.7798518119288298,Fibroblast,G0,
cell_764865,0.1076589673090051,0.9407619753765343,0.3215218515517857,Fibroblast,G1,
cell_773141,-0.6306491479975042,-0.2511014254323161,0.7343226615568956,Fibroblast,G1,
cell_774861,0.5628482959845524,-0.377226081396282,0.735460618035431,Fibroblast,S,
cell_775518,-0.6300774286315822,0.7271460196651216,0.2725089621682871,Fibroblast,G1,
cell_777085,-0.8972742570066017,0.09218657934113647,-0.4317411434899181,Fibroblast,G1-G0 transition,
cell_779534,-0.08178816396809035,0.6224170250761024,-0.7784007838278535,Fibroblast,G0,
cell_783698,-0.4622592933620616,0.8180809586192057,-0.34214011043172016,Fibroblast,G1-G0 transition,
cell_786150,-0.3114529921427156,0.3725700599393748,0.8741787096952842,Fibroblast,S,
cell_786906,-0.6322004866612956,0.40234046887581404,0.6621515357104923,Fibroblast,G1,
cell_787883,-0.031449249700777226,0.17210669587237382,-0.9845761371981189,Fibroblast,G0,
cell_787889,-0.8827405656958238,0.4024250279763565,0.24253464782096676,Fibroblast,G1-G0 transition,
cell_789395,-0.2491616378656547,-0.8730634984910314,0.4191403203878792,Fibroblast,G2M,
cell_789397,0.7316738483890145,-0.3629982032872665,0.576962461410115,Fibroblast,S,
cell_791535,0.09482955409287092,-0.10192654626578612,-0.9902618292794068,Fibroblast,G0,
cell_791600,-0.043217300481058984,-0.3203502747784481,-0.9463128342815393,Fibroblast,G0,
cell_794574,0.5098793660403869,0.47948088128882876,0.7142277411419431,Fibroblast,S,
cell_794745,0.5057394889414047,-0.24809676884231224,0.8262417902232031,Fibroblast,S,
cell_794945,-0.8232635062318578,0.41776978697627765,0.3843247836461404,Fibroblast,G1-G0 transition,
cell_795648,-0.23649161252581774,-0.6841420572369719,-0.6899429994836622,Fibroblast,G0,
cell_796711,0.19944428335786923,0.37736944721801,-0.9043308892853222,Fibroblast,G0,
cell_799465,-0.6669291671994095,0.42902875326702417,0.6092125621642013,Fibroblast,G0,
cell_799690,0.11482833908633491,0.9535968321769032,0.27832997821174343,Fibroblast,G1,
cell_800728,0.27196769439077106,0.9416124010348768,-0.19849426136542186,Fibroblast,G1-G0 transition,
cell_802784,-0.36060211213893967,0.9325993713335377,0.014981686079661986,Fibroblast,G1-G0 transition,
cell_803467,-0.3324594348814902,0.0745940585437489,-0.9401629117048924,Fibroblast,G0,
cell_806454,0.3575440742542114,-0.6560407825109654,-0.6646598327093682,Fibroblast,G0,
cell_807605,-0.5080532528481662,-0.00487660823026753,-0.861311759895245,Fibroblast,G0,
cell_809937,0.2405461337222473,0.4393416454099356,-0.8655151089489002,Fibroblast,G0,
cell_810171,-0.409430123200371,-0.1978116094635892,-0.8906387800227591,Fibroblast,G0,
cell_810932,-0.2163677694700339,-0.9502407512289257,0.2241149511138896,Fibroblast,G2M,
cell_811109,-0.6423538468915325,0.29567292864810635,-0.7070779896249522,Fibroblast,G0,
cell_817038,-0.9581306602418613,0.28586838365273515,-0.01627198837262034,Fibroblast,G1-G0 transition,
cell_817365,-0.7296833313110801,0.06153061005490379,0.6810112170155839,Fibroblast,G1,
cell_819744,0.109227623592341,0.43733194413877463,-0.8926422716082003,Fibroblast,G0,
cell_820569,-0.05873593506186353,-0.7972620506045444,0.6007687850464258,Fibroblast,G2M,
cell_821420,-0.1261429396437173,0.04920449425863632,-0.9907910759252628,Fibroblast,G0,
cell_822791,0.5239377925453109,-0.5147763937331437,0.6785974119036418,Fibroblast,G2M,
cell_824731,-0.6252048585860581,0.7459259103644388,0.22959393351616972,Fibroblast,G1-G0 transition,
cell_826510,-0.9692003324931012,-0.24434537046476934,0.030754618595835004,Fibroblast,G1,
cell_829500,0.19181804726707674,0.16321780221307614,-0.9677632379310313,Fibroblast,G0,
cell_829506,-0.9340465780632512,0.34141173140611425,-0.1048570134466365,Fibroblast,G1-G0 transition,
cell_829813,0.5447530155359138,0.1787251621413135,-0.8193298019298507,Fibroblast,G0,
cell_830020,-0.6247426835689098,0.5597078176519148,-0.544448072167744,Fibroblast,G1-G0 transition,
cell_831392,-0.9936643638806459,0.06254451863755506,0.09337725716639489,Fibroblast,G1,
cell_837522,0.15577450970589796,-0.6640350033700616,0.7312945780988837,Fibroblast,G2M,
cell_837717,-0.8415892303232406,0.3859106110451268,0.37788951335184195,Fibroblast,G1-G0 transition,
cell_838099,0.8468580133763586,0.24056240541125562,0.4743006833059066,Fibroblast,S,
cell_838169,0.8738166918734682,-0.2701304808900997,0.4043190341991129,Fibroblast,S,
cell_839194,-0.056321590564598956,0.9588101990630371,0.2784077348167124,Fibroblast,G1-G0 transition,
cell_839800,0.6124807092683205,-0.3712963439402874,0.6978584098679854,Fibroblast,S,
cell_840685,0.47836090503250134,-0.41242525587292855,-0.7752910974281183,Fibroblast,G0,
cell_840786,0.052521384986398856,-0.1595071159563728,-0.9857986683924397,Fibroblast,G0,
cell_843028,-0.20662322303145314,0.379436508124301,-0.9018507434018954,Fibroblast,G0,
cell_844134,-0.7605909737590137,-0.11299535918228412,0.6393226385501642,Fibroblast,G1,
cell_845959,-0.18116929552553757,-0.8794835655277109,0.4400980104449862,Fibroblast,G2M,
cell_846422,-0.13962651668807907,0.47056209376798075,-0.8712495859284876,Fibroblast,G0,
cell_846812,0.4971067354299656,-0.369796083326518,0.7849430839192849,Fibroblast,S,
cell_847734,0.6846218305615241,0.7286244519267926,-0.01998102473871599,Fibroblast,G1,
cell_848039,0.41646251243417054,-0.08973256178582159,-0.9047137170021737,Fibroblast,G0,
cell_849495,0.1527763417460702,-0.5517775286720635,-0.8198785741594701,Fibroblast,G0,
cell_852203,-0.14773824215009942,0.8982292568633176,-0.41395360053517105,Fibroblast,G0,
cell_852569,-0.7714810001094016,0.2665359449579392,0.5777331270778191,Fibroblast,G1,
cell_852845,-0.165942656746363,0.24034777130785612,-0.9563973628752516,Fibroblast,G0,
cell_853225,0.8504866336407959,0.5127200743027318,0.11743185180656157,Fibroblast,G1,
cell_853858,-0.7668224409812799,-0.36471102126337707,0.528175277495186,Fibroblast,G1,
cell_854345,0.40104224723221593,-0.47424733436694755,-0.783743961531642,Fibroblast,G0,
cell_856252,0.09246209724498333,0.9469769947429817,-0.3077096443994064,Fibroblast,G0,
cell_857738,0.7365235943654793,-0.48730851291596733,0.4691092307651656,Fibroblast,S,
cell_857754,-0.6617338696620287,0.7493260323124503,-0.02487254235703612,Fibroblast,G1-G0 transition,
cell_860905,0.9790502629632193,0.1923728405223537,-0.06673235458020027,Fibroblast,G1,
cell_862304,0.42921044612279996,0.18361514477749208,-0.8843438608124949,Fibroblast,G0,
cell_864510,-0.3600937367461972,0.12091828419777431,-0.925046701734287,Fibroblast,G0,
cell_866344,0.7959246821773402,0.1393421549534348,0.5891411920653562,Fibroblast,S,
cell_866841,-0.4270878751256103,0.8314746202792134,-0.3553110628162969,Fibroblast,G1-G0 transition,
cell_868924,-0.6373189427581866,0.4978374331804967,-0.5882027228646236,Fibroblast,G1-G0 transition,
cell_872560,0.2026999713347092,-0.914605932326172,0.34986962224285395,Fibroblast,G2M,
cell_873831,0.6104704493475988,-0.35250311985043914,0.7092725007910152,Fibroblast,S,
cell_874825,0.2094497570501332,0.20012800881039905,-0.9571205296148921,Fibroblast,G0,
cell_879784,0.01042898327847061,-0.5560505730515439,-0.8310829175423109,Fibroblast,G0,
cell_880583,0.42028948177869013,-0.23122497578188214,-0.8774347257025663,Fibroblast,G0,
cell_881624,0.6311734990068326,0.3563124433438767,-0.688956847535396,Fibroblast,G0,
cell_883699,-0.9358894896167534,0.3192646664358086,0.14893261855571915,Fibroblast,G1-G0 transition,
cell_884530,0.5782812952753538,0.2036750262995061,0.79000457209894,Fibroblast,S,
cell_884602,-0.01398715857259375,-0.886975520805025,0.4616044140887073,Fibroblast,G2M,
cell_884680,-0.7650573303017658,0.32102675503801736,0.558237530526766,Fibroblast,G1,
cell_887027,-0.7463754632442361,0.609237553689794,0.26786780555416917,Fibroblast,G1-G0 transition,
cell_887245,-0.27396779428395335,0.5894064571444385,-0.7599615848972532,Fibroblast,G0,
cell_887854,-0.963140363640332,0.26813188332747295,0.021587351074043526,Fibroblast,G1-G0 transition,
cell_888452,0.652659374993292,0.7511933977635614,-0.09871427414900436,Fibroblast,G1,
cell_888479,0.11792291747606204,0.13639430114617124,-0.9836110370612025,Fibroblast,G0,
cell_891892,-0.5523036438820679,0.8073649513768579,-0.20765927163669812,Fibroblast,G0,
cell_892421,0.8599928453231962,-0.13899187847119635,0.491012693216634,Fibroblast,S,
cell_892789,-0.6570969632235846,0.23669329960456453,0.7156814044157231,Fibroblast,G1,
cell_893660,0.5000504101572347,0.8092810312406749,0.3082432953467541,Fibroblast,S,
cell_895155,0.6073165581608209,-0.32274268079367174,0.7259501682605656,Fibroblast,S,
cell_896018,0.15648619338188546,-0.8518088133102729,0.49993385711112553,Fibroblast,G2M,
cell_896464,0.2952429499816328,0.044928014093379896,0.9543652850359141,Fibroblast,S,
cell_897493,-0.8222825950464954,0.41029172626612365,0.39435016245998494,Fibroblast,G1-G0 transition,
cell_898837,-0.014913753544846031,-0.022823041535780533,-0.9996282992081418,Fibroblast,G0,
cell_899175,0.3793382871715667,-0.6839567305610936,-0.6231417897974,Fibroblast,G0,
cell_899863,0.3896703934410844,-0.4158736127644459,-0.8217092785479552,Fibroblast,G0,
cell_902185,0.6300367535577934,-0.1478154474118654,0.7623675023880747,Fibroblast,S,
cell_903254,0.44010009079260726,-0.1812800458754521,0.8794599302198667,Fibroblast,S,
cell_903683,0.5224312071877002,0.8195413982490559,0.235409308210285,Fibroblast,G1,
cell_904306,-0.11914063899180338,0.9564451459871168,-0.26649239495526605,Fibroblast,G1-G0 transition,
cell_906657,0.7112898105855353,-0.3899488674976349,0.584813399001429,Fibroblast,S,
cell_906665,0.31210463516031606,-0.08117006114139716,-0.9465738869548368,Fibroblast,G0,
cell_910034,-0.14484471519214054,-0.835596848480606,0.5299035985299442,Fibroblast,G2M,
cell_910578,0.1864501149893958,-0.021967478129051254,-0.9822188767721941,Fibroblast,G0,
cell_912415,-0.11944621737346953,0.9887850432879428,-0.08964838623082769,Fibroblast,G1-G0 transition,
cell_914202,-0.4751084717353974,0.6212666092996177,-0.6231370340278081,Fibroblast,G0,
cell_916157,-0.726610409880689,0.38907783935042517,0.5662646029493605,Fibroblast,G1,
cell_918230,-0.9641384550201688,0.09729509255454577,0.24692268528103817,Fibroblast,G1,
cell_922643,-0.15943199823096205,-0.9529916313109084,0.25765909364641293,Fibroblast,G2M,
cell_922808,0.7296872821111808,-0.23114238832763556,0.6435292059929004,Fibroblast,S,
cell_923519,0.10022640604467992,0.9873651595230819,-0.12273732223463912,Fibroblast,G1-G0 transition,
cell_942097,-0.05133483688650292,-0.8560175604454155,0.5143915032391967,Fibroblast,G2M,
cell_942751,0.12857218183436026,-0.2668130998006376,-0.9551334051844955,Fibroblast,G0,
cell_942935,0.5265400985386957,-0.13158658796298814,-0.839905085343487,Fibroblast,G0,
cell_943625,0.004332481628792628,-0.22406383830900672,-0.9745648028689998,Fibroblast,G0,
cell_944198,0.2597411466020371,-0.4932981641048135,-0.8301754860188847,Fibroblast,G0,
cell_945141,-0.969803587358955,-0.0842321431050849,0.2288797647871419,Fibroblast,G1,
cell_945665,-0.27047504872215666,0.6261921613317791,-0.7312500292670644,Fibroblast,G0,
cell_947587,0.031955639601566554,-0.29487696704322774,-0.9550007700640689,Fibroblast,G0,
cell_947620,-0.4165956831441314,0.3744397798831012,0.8283976603503939,Fibroblast,S,
cell_948196,-0.33185307990269425,-0.33247235264809644,-0.8827999030521426,Fibroblast,G0,
cell_951514,0.3509838239491147,-0.6732717679853921,0.6507806507567092,Fibroblast,G2M,
cell_954595,0.706293018020669,-0.5149760823557334,0.48574661137518993,Fibroblast,S,
cell_961461,0.22410270085990408,0.1648439449242643,-0.9605228840064648,Fibroblast,G0,
cell_962997,-0.02280698552324739,-0.5182176733326027,-0.8549446769784603,Fibroblast,G0,
cell_963717,-0.7838343996640146,-0.4058241945967801,0.4700110617914057,Fibroblast,G1,
cell_965770,0.6043987828423516,-0.19494100707296,-0.7724636638347118,Fibroblast,G0,
cell_966474,-0.3878146037266581,-0.41979109520780045,-0.8205944697470524,Fibroblast,G0,
cell_967502,-0.3926424686955875,-0.8182379884559896,0.4199027840050471,Fibroblast,G2M,
cell_967765,0.45415933218000104,-0.3443938399028531,-0.8216643291603933,Fibroblast,G0,
cell_968832,-0.6282921825462036,-0.27632849541785626,0.7272493340567276,Fibroblast,G1,
cell_969502,0.907806758952487,-0.233190559161493,0.34858152599605985,Fibroblast,S,
cell_971026,-0.2608709647031051,0.12151357978212482,-0.9576954389602015,Fibroblast,G0,
cell_973095,-0.780014206040881,-0.34611515950683663,0.5213273779746933,Fibroblast,G1,
cell_975592,0.4384443962095175,0.7084664605345727,0.5530296800341964,Fibroblast,S,
cell_978934,0.4613445905938589,0.8865222635745188,-0.035207104515711685,Fibroblast,G1,
cell_980680,0.2788091571493292,-0.7301199419821546,0.6238511235243965,Fibroblast,G2M,
cell_980939,-0.243498528397933,0.8322577893680518,-0.49805167560407054,Fibroblast,G0,
cell_985402,0.8857830785948777,-0.24692837024642375,0.3929562176408825,Fibroblast,S,
cell_986889,0.9582492319029512,0.08699129414653492,0.2723799835598527,Fibroblast,S,
cell_987195,-0.07335279173890485,0.8670531286584174,0.49278633203636824,Fibroblast,G1,
cell_988081,0.2754211471429069,-0.20245941077748572,-0.939762335324946,Fibroblast,G0,
cell_989150,0.4831914600753243,-0.24060008494550833,-0.8418061436194206,Fibroblast,G0,
cell_989438,-0.35139703413391876,-0.4185076113315458,-0.8374793114562094,Fibroblast,G0,
cell_990170,-0.2405668973897234,0.8195289362160062,-0.5200960714237425,Fibroblast,G0,
cell_992872,-0.7327605990724633,0.6287442843530999,0.2602739178724663,Fibroblast,G1-G0 transition,
cell_993197,-0.04779265581923629,0.9703794762746383,0.23681128838021293,Fibroblast,G1-G0 transition,
cell_993681,-0.11747671236158413,-0.906588237469329,0.405335623025499,Fibroblast,G2M,
cell_993952,-0.8260328362502933,0.5571762363230519,0.08499680217054434,Fibroblast,G1-G0 transition,
cell_994638,0.4021304419737385,0.5966384513065163,0.6944880039883028,Fibroblast,S,
cell_995438,0.9995676901411359,-0.027907240764260377,0.00925437376094096,Fibroblast,S,
cell_997636,-0.272912803599345,0.9615298458125394,-0.03128826332239524,Fibroblast,G1-G0 transition,
cell_998646,0.3239596172896595,0.8130658180921645,0.4837087352591448,Fibroblast,S,
cell_998932,-0.3597114195020336,0.48733596214657965,-0.7956829694628302,Fibroblast,G0,
cell_1001207,0.23373861904269588,0.028660516824887267,-0.971877012586024,Fibroblast,G0,
cell_1001544,0.5103202917636572,-0.5535272908602547,-0.658164733548598,Fibroblast,G0,
cell_1003166,0.5874327405913116,-0.42008634647200477,0.6917009298403858,Fibroblast,G2M,
cell_1003404,-0.5753857860147922,0.03279868968880728,0.8172242621055139,Fibroblast,G1,
cell_1003700,0.5336928089233425,0.7975346353952324,-0.28126605837311647,Fibroblast,G1,
cell_1004644,-0.06339326838394055,-0.2560104744269827,-0.9645931868530371,Fibroblast,G0,
cell_1006183,0.15044807740341842,-0.43313389065032826,0.8886846909072189,Fibroblast,G2M,
cell_1007082,-0.38371015135864317,0.5486308691443316,0.7428127456472647,Fibroblast,G1,
cell_1008618,-0.4523110138446006,0.7969493072993695,-0.4003581601635323,Fibroblast,G0,
cell_1009549,-0.08347792895818701,0.5480584454483199,-0.8322640356712606,Fibroblast,G0,
cell_1012443,0.24967709489086762,-0.9309930284003988,0.2662952013001619,Fibroblast,G2M,
cell_1012831,0.3080630082601556,0.19204652763212382,-0.9317807113261202,Fibroblast,G0,
cell_1013143,-0.9301750899892796,0.3462886330514251,-0.12189554650575457,Fibroblast,G1-G0 transition,
cell_1013623,-0.1443475347387502,-0.4688852905798306,-0.8713842201523238,Fibroblast,G0,
cell_1014244,0.4125918447545136,0.42428872499688775,0.8060688616808761,Fibroblast,S,
cell_1015874,0.3712749615840456,-0.2647522621111378,-0.8899781528452332,Fibroblast,G0,
cell_1018261,-0.07689390310890026,0.43710909059462977,-0.8961155076052201,Fibroblast,G0,
cell_1020882,0.5328744081671396,-0.544753471058255,-0.6475249340718778,Fibroblast,G0,
cell_1021996,0.22661222963986177,-0.5511304836660437,0.8030580283304111,Fibroblast,G2M,
cell_1023957,-0.5142192653199942,0.14168204599768594,0.8458751686609793,Fibroblast,G1,
cell_1024127,0.5200553605214251,-0.3367811751878088,-0.7849336607323267,Fibroblast,G0,
cell_1025997,-0.6896443940877138,0.6128826989553866,-0.3857011153880377,Fibroblast,G0,
cell_1027526,0.3969245850996515,-0.19330506853276752,0.8972647322587384,Fibroblast,S,
cell_1028524,0.3380787069130364,-0.399403628197735,-0.8521617282454432,Fibroblast,G0,
cell_1031903,-0.06462522386530581,-0.5598227505660807,-0.8260883125469657,Fibroblast,G0,
cell_1033284,0.5862899557605445,-0.4183069578273992,0.6937459791765815,Fibroblast,G2M,
cell_1034012,-0.6873407713499496,0.1417228885998311,0.712374183728482,Fibroblast,G1,
cell_1038846,0.9484701456570219,0.30833445877641796,-0.07303558279400196,Fibroblast,G1,
cell_1040018,0.3370119729237771,-0.5661159267846396,-0.75228697213699,Fibroblast,G0,
cell_1040320,0.998118515466284,0.021649676198100598,-0.05736520863861727,Fibroblast,G1,
cell_1045385,0.3687830622154067,-0.08794234075056617,-0.9253459742479953,Fibroblast,G0,
cell_1046951,-0.07481820148078308,0.7791708023916655,0.6223303602951255,Fibroblast,G1,
cell_1050204,-0.08333499442474879,-0.9361595635773969,0.34155609302800555,Fibroblast,G2M,
cell_1050290,-0.08795781937685276,-0.05260482216172578,-0.9947341930641623,Fibroblast,G0,
cell_1051211,0.2719448440766092,-0.30219811549818876,-0.9136314394792222,Fibroblast,G0,
cell_1053022,-0.6538032571151096,0.6891043610855021,0.3125321130675068,Fibroblast,G1-G0 transition,
cell_1053227,0.5719336115485364,-0.21585652825875273,-0.7913898771685299,Fibroblast,G0,
cell_1053711,0.680098540066553,-0.5573752300237153,0.47623404952890463,Fibroblast,S,
cell_1056845,-0.2210014013097809,-0.9003084684063266,0.3749707096518935,Fibroblast,G2M,
cell_1059276,-0.5392331574732526,0.741983973384542,-0.39835581477212084,Fibroblast,G0,
cell_1060413,0.5037756315900889,-0.11090525334866769,-0.8566854689558333,Fibroblast,G0,
cell_1061553,-0.33671021657913,0.735700662887159,0.5876824350960989,Fibroblast,G1,
cell_1064527,0.5129374822327968,-0.2529530769309888,-0.8203109391474224,Fibroblast,G0,
cell_1064924,0.6800281338244647,0.28461741415658703,0.6756882513638716,Fibroblast,S,
cell_1068977,0.2865472870249027,-0.8506141786671984,0.44084692167618544,Fibroblast,G2M,
cell_1072010,0.42122438203240054,-0.045236214070988656,-0.9058275788011089,Fibroblast,G0,
cell_1072083,0.2707935241495104,-0.6600190178874199,-0.7007466276753263,Fibroblast,G0,
cell_1072465,0.9105297646573394,-0.2135936934287039,0.3539959606160344,Fibroblast,S,
cell_1075901,0.8686298998669517,0.3009994932361666,0.3935498330038493,Fibroblast,S,
cell_1078487,0.722812011262034,0.24385049091829003,0.6465908337481576,Fibroblast,S,
cell_1079345,-0.363038972088805,0.3546332090880381,0.8616483591326604,Fibroblast,S,
cell_1082793,-0.5092648907019137,0.8392755540214536,0.1904358154509557,Fibroblast,G1-G0 transition,
cell_1083258,0.9117111019175569,0.4097327276112922,0.030031354865468485,Fibroblast,G1,
cell_1083278,-0.34337533055213665,0.9382548812815792,0.04208469616848963,Fibroblast,G1-G0 transition,
cell_1084313,-0.916884675441219,-0.051913286273319675,0.39576201780257003,Fibroblast,G1,
cell_1084869,-0.1334542482834168,-0.9039772316949231,0.40622082564358586,Fibroblast,G2M,
cell_1091087,0.136338748652064,-0.6989313141939293,-0.702073184512368,Fibroblast,G0,
cell_1092760,-0.7952086184322371,0.606326295275562,-0.0034228696952943727,Fibroblast,G1-G0 transition,
cell_1092763,-0.4174714583048352,0.2195114864049232,-0.8817779468700196,Fibroblast,G0,
cell_1094154,0.5412485739479642,0.8377799246961841,-0.07193622659360757,Fibroblast,G1-G0 transition,
cell_1099208,0.26680656549325094,0.5734063391622093,-0.7746093130201667,Fibroblast,G0,
cell_1099530,0.49636668301658216,0.34951105641211544,-0.7946460195641795,Fibroblast,G0,
cell_1100455,-0.06090287919916498,0.85550696116657,0.5141971878546712,Fibroblast,G1,
cell_1100615,0.6388974764236673,0.430738511691664,-0.6373964975670092,Fibroblast,G0,
cell_1101666,-0.9937351677933282,0.09563265295762899,0.057834513390033204,Fibroblast,G1,
cell_1102182,-0.852398178528163,0.02163630188798865,0.5224454652323841,Fibroblast,G1,
cell_1102897,0.0789449459521756,-0.36284608689879205,-0.9284991027331131,Fibroblast,G0,
cell_1104332,-0.05972106596184362,0.3610334006073106,-0.9306386417705442,Fibroblast,G0,
cell_1106401,-0.7851607112017702,-0.283670986587164,0.5505027610757285,Fibroblast,G1,
cell_1108503,-0.30106671479346936,0.9448513503041936,0.12889772387786702,Fibroblast,G1-G0 transition,
cell_1110113,0.4293548704123117,0.3263902043423927,0.8420949943195154,Fibroblast,S,
cell_1111240,-0.827482420707673,0.4503372099594175,-0.33536423323328235,Fibroblast,G0,
cell_1112860,-0.10449120432074285,0.7691951119614144,0.6304130132141141,Fibroblast,S,
cell_1113449,0.16038006412839256,0.9725208546874994,-0.16876492503043322,Fibroblast,G1-G0 transition,
cell_1113713,0.15804873952640397,-0.3031951614111633,-0.9397303681787448,Fibroblast,G0,
cell_1116123,0.6148099491841301,0.3988241728935826,0.6804028776184461,Fibroblast,S,
cell_1117291,0.773126726418562,-0.4105137567686128,0.4834806438613633,Fibroblast,S,
cell_1119893,0.16143422909605354,0.2400624457622916,-0.9572403677878047,Fibroblast,G0,
cell_1120673,-0.31372790461318656,0.8887203166698752,-0.3342917413586462,Fibroblast,G0,
cell_1122281,-0.18103316827221885,-0.34602081048553224,-0.9205957837782217,Fibroblast,G0,
cell_1123917,-0.5076003507523141,0.766947672928089,-0.3925976544975171,Fibroblast,G0,
cell_1125486,-0.09051045926373391,-0.8651332427938474,0.4933073820220818,Fibroblast,G2M,
cell_1126482,0.5361664939910061,0.17374519398707772,0.8260376563533528,Fibroblast,S,
cell_1129357,-0.36133501999948786,0.02004402480965241,-0.9322205627179169,Fibroblast,G0,
cell_1129663,0.45168178682966387,-0.7076340776846194,0.5433576985832601,Fibroblast,S,
cell_1131998,-0.5111255881344239,0.6492982506106203,-0.5631717463309102,Fibroblast,G0,
cell_1133272,-0.4478349928023163,0.8890667818722309,0.09489008859282602,Fibroblast,G1-G0 transition,
cell_1133850,0.853093437053263,0.3630081945691076,0.37477546142655604,Fibroblast,G1,
cell_1134317,0.7831528798116767,0.13531542613648068,0.6069275688415898,Fibroblast,S,
cell_1141709,0.5934923471578376,0.026283876287131414,-0.8044103493767212,Fibroblast,G0,
cell_1143468,-0.7862754356197935,-0.5843746620030451,0.20069116110352803,Fibroblast,G1,
cell_1143836,0.4245209175436619,0.7873860037414138,0.446995701096708,Fibroblast,S,
cell_1147245,0.6378850296202295,0.12144770811101532,-0.7604953709764921,Fibroblast,G0,
cell_1147271,-0.1119760986866839,0.5893051734689645,-0.8001130078859942,Fibroblast,G0,
cell_1150627,0.14339075572840138,0.3217890153139923,-0.9358903252066301,Fibroblast,G0,
cell_1151227,-0.7309184670800382,0.5843379149294432,-0.3525719676511121,Fibroblast,G0,
cell_1153187,0.3403514969699626,-0.21323252899362768,-0.9158016902903818,Fibroblast,G0,
cell_1153796,-0.32294706162985237,0.855543063443212,0.40466171836080317,Fibroblast,G1,
cell_1155063,-0.11447238452458658,-0.9248020895750381,0.36281844517917783,Fibroblast,G2M,
cell_1157549,0.666292237486076,-0.1472809237373794,0.7310013913246093,Fibroblast,S,
cell_1157781,0.7034743191342684,0.7102225540435754,-0.026605535549136916,Fibroblast,G1,
cell_1159397,-0.017869402575587834,-0.8917172144614666,0.4522402435198968,Fibroblast,G2M,
cell_1159724,-0.3159666855129599,0.9317921184523278,-0.17868555922838236,Fibroblast,G0,
cell_1160066,0.10507235961244077,0.13269022896447624,-0.9855723789459879,Fibroblast,G1-G0 transition,
cell_1163934,0.44199285268609134,-0.36852244806565776,0.817822405901399,Fibroblast,S,
cell_1165480,0.13923159798099166,-0.9521746741696319,0.27198862651007855,Fibroblast,G2M,
cell_1166756,0.5488507541669686,-0.3544521248788317,0.7570512489068977,Fibroblast,G2M,
cell_1168005,0.5583607731379977,0.5368073975800932,0.6325115920343571,Fibroblast,S,
cell_1170544,-0.7911547627400166,0.3425494769626455,0.5066891253435056,Fibroblast,G1,
cell_1170555,-0.01082374251477275,-0.9119209569862085,0.41022284602170467,Fibroblast,G2M,
cell_1171264,-0.22723968151774734,-0.25961292858038315,-0.9385964014227368,Fibroblast,G0,
cell_1172080,0.3682070195504942,-0.32776481947811403,0.8700539835428083,Fibroblast,G2M,
cell_1173072,-0.4711458097408676,0.567809352073598,0.6749920844516498,Fibroblast,G1,
cell_1173623,-0.4762569035290373,0.7537647664136206,-0.4527890210746468,Fibroblast,G0,
cell_1175028,0.5719155787288116,-0.10281783685191377,0.8138433384568912,Fibroblast,S,
cell_1175470,-0.6896251194784954,-0.3619112962386237,0.6272459363214803,Fibroblast,G1,
cell_1177493,-0.021493692432396017,-0.44557638873608535,-0.8949859220714927,Fibroblast,G0,
cell_1179506,-0.7632861742377368,0.6382729151817406,0.10001020045753137,Fibroblast,G1-G0 transition,
cell_1179900,-0.2098572874587866,-0.3445605623997993,-0.9150070576070223,Fibroblast,G0,
cell_1179964,-0.02478469315159315,-0.9376061452890769,0.34681472754534437,Fibroblast,G2M,
cell_1180615,-0.7287187244627689,-0.041705709064024404,0.6835418450305868,Fibroblast,G1,
cell_1180981,-0.002046625896729437,0.8418077695126731,-0.53977378525914,Fibroblast,G0,
cell_1183058,0.010093108222092084,-0.03206568848346654,-0.9994348480148658,Fibroblast,G0,
cell_1183725,0.5934329505614806,-0.5141994450576697,0.6192222586867301,Fibroblast,S,
cell_1186309,-0.9695914142151582,-0.2363119699186165,0.0636333056029359,Fibroblast,G1,
cell_1189385,0.9292592892455196,0.29119561355535806,0.22733726943000782,Fibroblast,S,
cell_1189783,-0.004225835671764766,0.5934527797775392,-0.8048576090937365,Fibroblast,G0,
cell_1190184,-0.880526619628534,-0.06642120071679841,0.4693195724730027,Fibroblast,G1,
cell_1190296,-0.8028974379595044,0.5948048794668512,0.03953546257123566,Fibroblast,G1-G0 transition,
cell_1194608,-0.40147760665785204,-0.8720971371461697,0.27975411991794097,Fibroblast,G2M,
cell_1197495,0.27398484823660596,0.1675420702391934,-0.9470279499857464,Fibroblast,G0,
cell_1200324,0.5265579440476388,-0.29158879220770517,-0.7985692265957821,Fibroblast,G0,
cell_1204529,0.26285934296841285,-0.6541750244141135,-0.7091966612290861,Fibroblast,G0,
cell_1205682,0.2516083059184699,0.5158142626192127,-0.818919360181315,Fibroblast,G0,
cell_1206688,0.04980502166899037,-0.49061468431571215,-0.8699521590816394,Fibroblast,G0,
cell_1207344,-0.10187802859563266,-0.4645398443152211,-0.8796724065304581,Fibroblast,G0,
cell_1211540,-0.573992747261354,0.34421373497110697,0.7430001368188677,Fibroblast,G1,
cell_1211803,0.9230157179513747,-0.25245520144887135,0.29035919894818923,Fibroblast,S,
cell_1211848,-0.556459688798172,0.3247055821847198,0.7647997728265448,Fibroblast,G1,
cell_1212774,-0.5295532654653317,0.501245905441233,0.6843433376934129,Fibroblast,G1,
cell_1212983,0.4453638905673544,-0.022122379949569143,-0.8950762137786151,Fibroblast,G0,
cell_1214159,-0.5098740143600853,0.8480413964410911,0.1444099798704653,Fibroblast,G1-G0 transition,
cell_1214419,-0.5498131344809314,0.4069547559169185,-0.7294471522588842,Fibroblast,G0,
cell_1218646,0.06276067480741954,-0.05113234922724233,-0.9967178700811394,Fibroblast,G0,
cell_1219672,0.09467038463355065,-0.6291303407571007,0.7715131697013689,Fibroblast,G2M,
cell_1223945,0.10140371004839732,0.12948335648880888,-0.9863829615105982,Fibroblast,G0,
cell_1224191,-0.8470535462909686,-0.4288975845587772,0.31392221342379256,Fibroblast,G1,
cell_1226112,-0.15021249887837718,0.7003923094110494,0.6977727943768771,Fibroblast,S,
cell_1226311,0.406411890983351,-0.6084896642882797,-0.6815935319164905,Fibroblast,G0,
cell_1226712,0.23350194168029367,-0.2564485876559083,-0.9379291205961905,Fibroblast,G0,
cell_1226864,-0.6497024464190153,-0.4081472148047506,-0.6413287305163695,Fibroblast,G0,
cell_1227281,-0.4693008460680408,0.4022625513150968,-0.7860926203658581,Fibroblast,G0,
cell_1227849,0.45023965535467797,-0.36274462144011327,0.8159047373795044,Fibroblast,S,
cell_1230886,-0.8147530277268341,-0.45448152152395715,0.36003318188356415,Fibroblast,G1,
cell_1231388,-0.6949171569606094,0.6410753553696729,0.32574912426060315,Fibroblast,G1-G0 transition,
cell_1232946,0.5036168608526115,-0.08752799638901909,-0.8594817706603498,Fibroblast,G0,
cell_1233522,0.8060288190996077,0.2421077639253372,0.5400940272036138,Fibroblast,S,
cell_1233615,0.256424349376328,0.8731055352153854,-0.4146483951659907,Fibroblast,G0,
cell_1234640,-0.2679184005715073,0.46818819242446774,-0.8420329251241716,Fibroblast,G0,
cell_1238732,0.10690321496915586,-0.493127758122608,-0.863363600400515,Fibroblast,G0,
cell_1239427,0.22319194091893427,-0.8236247923453672,0.5213708790830618,Fibroblast,G2M,
cell_1242124,0.7947897809394403,-0.11641793841284465,0.5956139828084428,Fibroblast,S,
cell_1247557,0.3133132115045901,0.02979306612366686,-0.9491824659735117,Fibroblast,G0,
cell_1248551,-0.7264718250378874,-0.685123165302025,0.053337121555132594,Fibroblast,G2M,
cell_1249096,-0.251601071643129,-0.16069586457962232,-0.9543970054054413,Fibroblast,G0,
cell_1250360,-0.7745218276923047,0.38214320524439566,0.504065871901789,Fibroblast,G1,
cell_1252442,-0.2690222809408539,0.7528875390072963,0.6006556648233086,Fibroblast,S,
cell_1254046,0.9026255876264424,-0.2535087104297741,0.34785098252827684,Fibroblast,S,
cell_1254526,-0.05776195608340906,0.2588766695738503,-0.9641816950160915,Fibroblast,G0,
cell_1256268,-0.703853072528871,0.3933706840344443,0.5914815160639283,Fibroblast,G1,
cell_1257183,-0.706516504892608,0.516808333774988,0.48347010734408635,Fibroblast,G1,
cell_1259349,0.26521304238083787,0.9510705134205992,0.15851470523223696,Fibroblast,G1,
cell_1260811,0.639843196227731,-0.4392698475596195,0.6305889947250928,Fibroblast,S,
cell_1262220,0.5206899199584147,0.44996014025983405,0.725546591341806,Fibroblast,S,
cell_1264647,0.07494515533977253,-0.7404905572198215,0.6678749563229074,Fibroblast,G2M,
cell_1265637,-0.8191654469642204,0.02299024072102057,0.5730963871898662,Fibroblast,G1,
cell_1269286,0.5525147574676195,0.3326907016962959,0.7642280099740312,Fibroblast,S,
cell_1272527,-0.4207002149082934,0.7765023465649206,-0.469100763683101,Fibroblast,G0,
cell_1273918,-0.04587648611383835,-0.4953056689380174,-0.8675065135655653,Fibroblast,G0,
cell_1276451,0.875773488238369,0.3836557860397693,0.2929657445845962,Fibroblast,S,
cell_1277111,-0.47653001980756354,0.864525612473843,0.15973286377138518,Fibroblast,G1-G0 transition,
cell_1278998,-0.297515137455281,-0.0881934780826519,-0.950634894460893,Fibroblast,G0,
cell_1279128,0.27998567697593124,0.25575192926514323,-0.9253102048517703,Fibroblast,G0,
cell_1282390,-0.3425541821372274,0.626820002122684,0.6998238010375875,Fibroblast,S,
cell_1282515,-0.3412680060763149,0.9110090193928411,0.23151398686634134,Fibroblast,G1,
cell_1284486,0.03148720672418953,-0.22494647635044202,-0.9738622120701452,Fibroblast,G0,
cell_1287456,-0.49144531089272714,0.6860491494635226,0.53648658991832,Fibroblast,G1,
cell_1290905,-0.6594524461751076,0.7405504293258417,-0.12925719030417307,Fibroblast,G1-G0 transition,
cell_1293251,-0.5687208726400713,0.7636442304590759,-0.30562070082489745,Fibroblast,G0,
cell_1298005,0.04070749222771419,0.8290289355312805,-0.5577220067557904,Fibroblast,G1-G0 transition,
cell_1298893,0.0008557712769091952,0.8595757855846653,0.5110072583615614,Fibroblast,S,
cell_1299328,0.4325491967327877,0.7964408591472134,0.42259086060619033,Fibroblast,G1,
cell_1299562,0.7073057565801626,-0.4883872057198377,0.5110738837361732,Fibroblast,S,
cell_1301826,-0.797815034455821,0.2939144318880982,0.5264079080597395,Fibroblast,G1,
cell_1303447,0.5688239041754164,-0.38742543544239033,0.7254935101634046,Fibroblast,S,
cell_1304396,0.22921264688037318,-0.633532518952351,-0.7389844476163406,Fibroblast,G0,
cell_1305828,0.34233891013309786,0.8639924344725158,0.3692169451758901,Fibroblast,S,
cell_1306301,-0.6843140510776469,0.6626700720192096,-0.30427382215977095,Fibroblast,G0,
cell_1306364,0.16649436059408917,0.8486600069296286,-0.5020515638652934,Fibroblast,G0,
cell_1307204,-0.14637035529801434,0.09099680144284492,-0.9850356896997654,Fibroblast,G0,
cell_1309013,-0.8255270427736298,0.049443199457366666,0.5621926801085395,Fibroblast,G1,
cell_1309193,-0.6643422718228105,0.46450129531636436,-0.5855661265132048,Fibroblast,G0,
cell_1311529,-0.4170973317830947,0.905784491664941,-0.07472596815629858,Fibroblast,G1-G0 transition,
cell_1312251,0.19865026851112477,-0.010674902870805136,-0.980012369592715,Fibroblast,G0,
cell_1312388,-0.7439602977279369,-0.17184757848880172,-0.6457488417531602,Fibroblast,G0,
cell_1312952,0.5392712103374483,-0.3306676897944101,0.7744969935450409,Fibroblast,S,
cell_1315211,-0.09890398361147518,0.20977211259489253,-0.9727350950032679,Fibroblast,G0,
cell_1315280,0.522105099682606,0.2767189604514372,0.8067421320871521,Fibroblast,S,
cell_1319364,0.17786845193789405,-0.342994846906963,-0.9223435327412086,Fibroblast,G0,
cell_1320486,-0.69353822263226,-0.41454959818659853,0.5891970625858658,Fibroblast,G1,
cell_1325905,0.9057491673297668,0.4108477562526961,-0.10403172144677336,Fibroblast,S,
cell_1326074,0.05936448762349883,0.20011070855678267,-0.9779732361113719,Fibroblast,G0,
cell_1326480,0.06671272219387037,0.8990552716587975,-0.43272257687669646,Fibroblast,G0,
cell_1326876,0.21692934482325615,0.12533445280565597,-0.9681078743244027,Fibroblast,G0,
cell_1328731,-0.33528874540201536,-0.8709294854359662,0.3592538154916918,Fibroblast,G2M,
cell_1328829,-0.7893585864746049,0.613301458355893,-0.027823113428660534,Fibroblast,G1-G0 transition,
cell_1329323,-0.4083176326394512,-0.030619360923459286,-0.9123262673772436,Fibroblast,G0,
cell_1331607,-0.32423384158438223,-0.4108149818241319,-0.8521170443314847,Fibroblast,G0,
cell_1331645,0.48673623188043835,0.10909833692726409,0.8667095929626145,Fibroblast,S,
cell_1332043,-0.4894380273166632,0.28456380173639345,0.8243020455034713,Fibroblast,S,
cell_1332844,-0.8232411563631403,0.4962193501774424,-0.2757540072870079,Fibroblast,G1-G0 transition,
cell_1332886,0.2850928676788278,-0.7797238238561867,0.5574521158243053,Fibroblast,G2M,
cell_1332994,0.895148830113569,-0.1970247510602114,0.3998622602891749,Fibroblast,S,
cell_1333501,0.48310917115568563,-0.11798217223977124,0.8675745816671738,Fibroblast,S,
cell_1336625,-0.45447903471945905,-0.7679424801840596,0.4513458827921726,Fibroblast,G2M,
cell_1336994,-0.8586644674484366,-0.41205541291968206,0.3048043630418461,Fibroblast,G1,
cell_1342978,0.6116396344921805,-0.167284372587796,0.7732482892931011,Fibroblast,S,
cell_1343979,0.7005545900199452,-0.3916452350597854,0.5965209061585788,Fibroblast,S,
cell_1344482,-0.25092282081083556,0.8741969425710644,-0.4157131484887491,Fibroblast,G0,
cell_1344647,0.2607831240587613,-0.41376565673536925,-0.8722328895560815,Fibroblast,G0,
cell_1348504,0.7467518738163825,-0.09322444226715072,0.6585368724298027,Fibroblast,S,
cell_1349454,-0.6540803261371777,-0.6504778779923537,0.38607958101315926,Fibroblast,G1,
cell_1350477,0.5244855692038752,-0.4979556064916691,0.6906193416797963,Fibroblast,S,
cell_1350690,-0.2649568960333007,-0.7922205915890534,0.5497129403562788,Fibroblast,G2M,
cell_1351280,-0.34308996204825126,-0.08316949745479456,-0.9356131405510394,Fibroblast,G0,
cell_1351507,-0.07150052338432289,0.1859124246771174,-0.9799613266517396,Fibroblast,G0,
cell_1354112,0.5560994206586239,-0.24102413980966145,0.7953998487515611,Fibroblast,S,
cell_1355787,0.7726267277707424,-0.03602462680470443,0.6338376950038421,Fibroblast,S,
cell_1357651,0.23584432036933473,0.2179476586204861,-0.9470354817851729,Fibroblast,G0,
cell_1358000,-0.49884909613684153,-0.12523220613124175,-0.8575932909349783,Fibroblast,G0,
cell_1358713,-0.8972086272187425,-0.21302312805595675,0.38683067352599027,Fibroblast,G1,
cell_1359057,0.24478259382411782,0.09183814314728213,-0.9652187084311168,Fibroblast,G0,
cell_1362203,-0.8764541024381226,0.48130115572913335,-0.013320478892384358,Fibroblast,G1-G0 transition,
cell_1369745,0.15430187179757548,0.811143305786312,-0.5641253199678603,Fibroblast,G0,
cell_1369854,0.46013892594010974,-0.28077617782701964,-0.842280804793458,Fibroblast,G0,
cell_1370948,-0.1516898111499792,0.950027683337314,-0.27283255504497284,Fibroblast,G1-G0 transition,
cell_1371969,-0.2770778738372584,0.33385424744004966,-0.9009822954037415,Fibroblast,G0,
cell_1373407,-0.28310357810504666,-0.9018474633575844,0.3263794600560604,Fibroblast,G2M,
cell_1373760,-0.054640650865578066,0.41944815478300895,-0.9061334045837971,Fibroblast,G0,
cell_1374114,0.16623213411371346,-0.844389941292296,0.5092862235752124,Fibroblast,G2M,
cell_1374622,0.6288948475501832,-0.3038630250295808,0.7156524658980209,Fibroblast,S,
cell_1377130,0.6448565169435211,-0.41778905217227424,-0.6400096509453167,Fibroblast,G0,
cell_1377714,0.07150508681295653,0.26753711242425376,-0.9608906334487946,Fibroblast,G0,
cell_1377867,-0.4014194135976386,0.8230435939547404,0.4018228077989551,Fibroblast,G1-G0 transition,
cell_1378133,-0.7415769005648207,0.6705568553450159,-0.020427061469461105,Fibroblast,G1-G0 transition,
cell_1378140,0.03441586239012556,0.3698671600751662,-0.9284470381342175,Fibroblast,G0,
cell_1378449,-0.8840245929650794,0.368184033891588,0.28799460617328665,Fibroblast,G1-G0 transition,
cell_1380415,-0.14609044827800008,0.8685415160836507,0.47359608114232243,Fibroblast,S,
cell_1380977,0.6626836197189861,-0.6503343428266753,0.3713697378004359,Fibroblast,S,
cell_1383777,-0.9741423193247233,0.16931965363536317,0.14959124728106327,Fibroblast,G1,
cell_1385002,0.31940979424484717,0.3101540582934832,-0.895422749519289,Fibroblast,G0,
cell_1385057,0.06676685977538366,-0.5996420678597805,0.7974782680168254,Fibroblast,G2M,
cell_1385378,0.36363016449357766,0.17132104413202162,-0.9156539320362416,Fibroblast,G0,
cell_1385889,0.5983340890208956,0.4929979684011514,0.6316243659444861,Fibroblast,S,
cell_1385963,-0.22403985401411933,0.8498362091719012,-0.4770582204067658,Fibroblast,G0,
cell_1388215,0.6334896947079001,0.5275531748454498,0.566019940789853,Fibroblast,S,
cell_1390993,-0.6150121777298319,0.7560754559209193,-0.22385268883224985,Fibroblast,G0,
cell_1391036,0.911612369834926,0.4046269060666636,-0.07238819050281198,Fibroblast,G1,
cell_1392337,0.6958396507491611,0.05228255334111058,0.7162915587091623,Fibroblast,S,
cell_1393047,-0.5022372734727757,0.31229464146775265,0.8063681250840034,Fibroblast,S,
cell_1394501,-0.567512375135163,-0.7293367181653743,0.38209649341761387,Fibroblast,G2M,
cell_1398252,-0.19915045764183026,-0.2862221435247359,-0.9372384810032556,Fibroblast,G0,
cell_1399444,0.4795518951972288,-0.40203439154823895,-0.7799988928776586,Fibroblast,G0,
cell_1400748,0.973771120006631,-0.037857824819518576,0.22435833838986013,Fibroblast,S,
cell_1401865,-0.37526751807141223,0.9211886706982685,-0.10288705475860406,Fibroblast,G1-G0 transition,
cell_1402300,0.9529139608958113,0.043065481770582864,-0.3001672448826004,Fibroblast,G0,
cell_1402776,0.08712058335201298,0.9883342233968541,-0.12492231340211016,Fibroblast,G1-G0 transition,
cell_1404144,-0.7147041818552378,0.4060699950007887,0.5694779132826149,Fibroblast,G1,
cell_1405033,-0.6882798862635711,-0.08646512569866607,0.7202739720341548,Fibroblast,G1,
cell_1409405,-0.8108171765460004,-0.24928904711614133,0.5295567687821399,Fibroblast,G1,
cell_1410016,-0.4331428659866174,0.11332049492047452,-0.8941732266873955,Fibroblast,G0,
cell_1410473,-0.6432221509947662,0.7220768751014865,-0.2546960352361323,Fibroblast,G1-G0 transition,
cell_1414178,-0.2369547828697831,0.46763555933817413,0.8515688283747366,Fibroblast,S,
cell_1418241,-0.6767563512126868,0.4122854010038811,0.6099357603691158,Fibroblast,G1,
cell_1418476,-0.6746065956962831,0.5303534952984701,-0.5134502783290683,Fibroblast,G0,
cell_1418544,-0.32050235131968713,-0.8511702299171904,0.41567673406905997,Fibroblast,G2M,
cell_1419284,0.0309080540484028,-0.018756295650669177,-0.9993462624628087,Fibroblast,G0,
cell_1420123,-0.26387837044974705,-0.8611055388373859,0.434586331190954,Fibroblast,G2M,
cell_1420904,0.3879547679865285,0.29682724810301314,-0.8725736133809097,Fibroblast,G1-G0 transition,
cell_1421711,0.794700442753813,0.6068643250353273,0.012912841248978346,Fibroblast,G1,
cell_1421871,-0.12289596171494493,-0.01723627272472078,-0.9922699147802123,Fibroblast,G0,
cell_1422303,0.9560778605416946,0.2569945367782369,-0.14095645826398118,Fibroblast,G1,
cell_1424667,-0.24446214570913832,0.8191464509833796,0.5188808260100587,Fibroblast,G1,
cell_1427380,-0.42915451570934854,0.018470886802518707,-0.9030421153297734,Fibroblast,G0,
cell_1427489,-0.8326402916940111,-0.29707692696752014,0.4673920872313872,Fibroblast,G1,
cell_1427848,0.5968558343358867,0.5032473300813266,0.6249042743821555,Fibroblast,S,
cell_1429308,-0.5205432411349642,0.08558576341747512,-0.8495350009474172,Fibroblast,G0,
cell_1430868,-0.1811609777993745,0.450324861361197,-0.8742928079033543,Fibroblast,G0,
cell_1431978,0.028451359241808888,0.4116850269929979,0.9108819608141636,Fibroblast,S,
cell_1433788,-0.21462923329812064,-0.5001731846479435,-0.8389047181070883,Fibroblast,G0,
cell_1434538,0.4193338228013957,-0.6035310774397877,-0.6781662168843309,Fibroblast,G0,
cell_1438060,0.34506011752786203,0.17723037955134235,-0.9216955981235454,Fibroblast,G0,
cell_1438324,-0.03988896275291065,0.6903315230855005,0.7223926971319232,Fibroblast,S,
cell_1442635,-0.7041557998288867,0.6725238605863236,0.22776368678814848,Fibroblast,G1-G0 transition,
cell_1442909,0.19915823528573678,-0.4038742836579006,-0.8928725684111871,Fibroblast,G0,
cell_1443288,-0.8201365985182761,-0.47090348535202575,0.3250011709720466,Fibroblast,G1,
cell_1443485,-0.1023446677219404,0.4244823523789901,-0.8996334102891682,Fibroblast,G0,
cell_1443767,-0.3137639009636885,0.9406280907643872,0.12950259671990003,Fibroblast,G1-G0 transition,
cell_1446270,0.525024611564176,0.003605718276049802,0.8510793346403074,Fibroblast,S,
cell_1448235,0.4119044722171386,0.8445394669770501,0.34218069040802995,Fibroblast,S,
cell_1450675,0.5909183863229814,0.5149510301360226,0.6209998586350489,Fibroblast,S,
cell_1453611,-0.1586380722244226,0.624150142478028,-0.7650297803356337,Fibroblast,G0,
cell_1455038,-0.4979110963510872,0.5454517595842749,0.6742157440596941,Fibroblast,G1,
cell_1458605,0.2701556386882087,-0.7377465920143313,0.6186646399701234,Fibroblast,G2M,
cell_1461602,0.1952346863039303,-0.7796985056044452,-0.5949400409631681,Fibroblast,G0,
cell_1461925,0.7773381726751036,-0.029502888221565132,0.6283908579976465,Fibroblast,S,
cell_1464890,0.5716337671424672,-0.6750702088857127,0.46638503993428176,Fibroblast,S,
cell_1466658,0.0875533279173114,0.587119060909456,0.8047518777181581,Fibroblast,S,
cell_1467105,0.5415026652000399,-0.3288498654759312,-0.7737135216643855,Fibroblast,G0,
cell_1467813,0.5317601935276364,-0.4341639598178909,-0.7271400930605019,Fibroblast,G0,
cell_1469063,-0.5088181518873162,0.7150419459687186,-0.47939455990268215,Fibroblast,G0,
cell_1469136,0.8718254018662547,-0.39714464505864994,0.2866994210752538,Fibroblast,S,
cell_1469590,0.7720365985203852,-0.5412004042762645,0.3332588949349198,Fibroblast,S,
cell_1473192,0.8950231459666758,0.13190080953073824,0.42607021403837936,Fibroblast,G1,
cell_1477673,0.6034979618340865,-0.5401042459876024,-0.5865811709911427,Fibroblast,G0,
cell_1482966,-0.27439524855939995,-0.5433615961165859,-0.7933885664877595,Fibroblast,G0,
cell_1483018,-0.08269201696883793,-0.9445969104092993,0.31764534883337237,Fibroblast,G2M,
cell_1485784,0.33115746501128274,0.02224065489270552,-0.9433133473276297,Fibroblast,G0,
cell_1490934,-0.07511056340450101,0.22755731605698293,-0.9708634674223835,Fibroblast,G0,
cell_1492180,-0.2299074322146463,0.9449661714763774,-0.2327695470284903,Fibroblast,G1-G0 transition,
cell_1495275,0.5018297536049444,0.834333735881255,0.22815371417864427,Fibroblast,G1,
cell_1496751,0.21102270886945623,-0.5456857227654112,-0.8109848931490891,Fibroblast,G0,
cell_1496797,0.07125176505851383,-0.6667511102729524,-0.7418666032451809,Fibroblast,G0,
cell_1496830,-0.21770075074461265,-0.8327037674782727,0.5091274546064207,Fibroblast,G2M,
cell_1496832,0.29140481842543614,-0.205055926362696,-0.9343635977076498,Fibroblast,G0,
cell_1497626,0.8673635125005658,0.20061999177080292,0.45544722514058006,Fibroblast,S,
cell_1499269,-0.580165480590939,-0.20114829200798134,-0.7892700473291291,Fibroblast,G0,
cell_1504899,-0.1688732813836864,-0.6003550618565567,-0.7817004321923142,Fibroblast,G0,
cell_1505278,0.9965859621270549,0.08246176486509693,-0.004053483138960867,Fibroblast,S,
cell_1506529,-0.7456576880528596,0.604636384596728,0.28001687888472226,Fibroblast,G1-G0 transition,
cell_1508914,0.022419796474627995,-0.8567833737064027,0.5151889406006476,Fibroblast,G2M,
cell_1509536,0.3100741575467955,-0.726080860998895,-0.6137267651494875,Fibroblast,G0,
cell_1511496,0.9769415485682644,0.16851915992773978,0.13109677150313992,Fibroblast,G1,
cell_1513525,0.5657528166318196,0.6374061817790113,-0.5231034033858295,Fibroblast,G1-G0 transition,
cell_1514388,0.6683071526293749,-0.5176839760581013,0.534199273258703,Fibroblast,S,
cell_1516202,-0.41182708845045707,0.6776513743559313,-0.6092511466719908,Fibroblast,G0,
cell_1516818,0.41711742438400323,-0.6377450582120449,0.6475293786716538,Fibroblast,S,
cell_1518499,0.8314500861973068,0.540737808602419,-0.12764544076195594,Fibroblast,G1-G0 transition,
cell_1518549,-0.4324461081243154,0.4508789415936014,0.7808319578832247,Fibroblast,S,
cell_1519176,-0.22888303736447757,-0.9005399008880033,0.3696491160405182,Fibroblast,G2M,
cell_1519503,-0.9914251690932228,0.1070036252856757,0.07500886977076582,Fibroblast,G1-G0 transition,
cell_1522503,0.3007157071693475,0.05806129952349924,-0.9519448430056607,Fibroblast,G0,
cell_1524455,-0.3700383930636393,0.6894932843970144,-0.622631828590292,Fibroblast,G0,
cell_1526959,0.6865535014400219,0.16359743277164002,0.7084349817971684,Fibroblast,S,
cell_1528706,-0.5471159151068085,-0.6443920626876873,0.5342500155024024,Fibroblast,G2M,
cell_1529239,-0.779633568329771,-0.40314915862051204,0.47920991696939313,Fibroblast,G1,
cell_1530023,0.6823946075124122,0.6571963576486737,-0.32004763533332686,Fibroblast,G1,
cell_1530346,0.4278064245903219,-0.3521889881997633,0.8324328883234028,Fibroblast,S,
cell_1530459,0.37449008618317836,-0.22867835343441018,0.898589576242334,Fibroblast,S,
cell_1530625,0.5965327551999471,0.8015434639674347,0.04094549114456297,Fibroblast,G1,
cell_1531765,0.5358368877827738,0.18076783423968737,0.8247435495541587,Fibroblast,S,
cell_1533851,-0.3472757292724756,0.8405289602501509,-0.41582530130310524,Fibroblast,G0,
cell_1533895,0.1894283562911795,0.15291729386659803,-0.9699141072168898,Fibroblast,G0,
cell_1535520,0.4807337491728196,0.8668201166445855,0.13235504903709072,Fibroblast,G1,
cell_1535999,-0.3133321241044633,-0.3477804009868317,-0.883669505143277,Fibroblast,G0,
cell_1536696,0.39110988783220557,-0.5870084627323126,0.7088399023524283,Fibroblast,G2M,
cell_1539590,0.4296510292862362,0.6220196127908225,-0.6545927384453936,Fibroblast,G0,
cell_1539598,-0.8912545781693364,-0.08789595972567854,0.4449039115032023,Fibroblast,G1-G0 transition,
cell_1540107,-0.6862350904501495,0.6588494155105546,0.3082189332853324,Fibroblast,G1-G0 transition,
cell_1541173,-0.946269842816523,0.28511185501375913,-0.15259334476027075,Fibroblast,G0,
cell_1542955,0.163373346907075,0.4766700624634218,-0.8637678061495561,Fibroblast,G0,
cell_1543527,-0.41553909472247685,0.8295837812249078,0.37298513781343223,Fibroblast,G1-G0 transition,
cell_1544034,0.22538287992534967,0.3818209058595994,-0.8963343790525327,Fibroblast,G0,
cell_1545207,-0.3999672678927533,0.7919178440311464,-0.46140222490187205,Fibroblast,G0,
cell_1545242,0.49248739297593447,-0.43845199890073794,0.7518085111572892,Fibroblast,G2M,
cell_1545833,0.3903097822186075,-0.18406614685352538,-0.9020963057081881,Fibroblast,G0,
cell_1547311,0.34906916658515247,-0.6984211813875529,-0.6247867594060126,Fibroblast,G0,
cell_1547338,-0.37166194255163243,0.9223949707575004,-0.10514272355280194,Fibroblast,G1-G0 transition,
cell_1548423,0.843324076144425,0.45103775677232016,-0.292180449375372,Fibroblast,G1,
cell_1553408,0.23978998352960967,0.29393273071235215,0.9252589802657801,Fibroblast,S,
cell_1555079,-0.21384851933756988,-0.5998229837030756,-0.7710261177826871,Fibroblast,G0,
cell_1555278,0.4715310135330184,0.31092934779574466,-0.8252159657985101,Fibroblast,G0,
cell_1556596,-0.7883532789256447,0.09379390794523826,0.6080311708224194,Fibroblast,G1,
cell_1556792,0.37120506193898917,-0.21145586062411498,-0.904153381405461,Fibroblast,G0,
cell_1557792,-0.17497327482494873,0.7714541083925117,-0.6117539638487821,Fibroblast,G0,
cell_1559891,0.4420039452536899,0.15135510332553004,0.8841515906723442,Fibroblast,S,
cell_1561305,-0.2770817005169368,0.08494520750621101,-0.957084114389814,Fibroblast,G0,
cell_1563791,0.7585740124058307,-0.23289374998942403,0.6085442012785337,Fibroblast,S,
cell_1565571,0.15617391208228026,0.1869206328353853,-0.9698815022730537,Fibroblast,G0,
cell_1566090,-0.7226248757500443,-0.10733508179762938,0.6828562870219004,Fibroblast,G1,
cell_1568357,0.32994312870273695,0.9274272530870777,0.1761143569359875,Fibroblast,G1-G0 transition,
cell_1570600,0.08700352547734491,-0.5264214164784802,-0.8457604342285283,Fibroblast,G0,
cell_1572156,-0.03375286970574637,0.4850291754885807,-0.8738462674245451,Fibroblast,G0,
cell_1572579,0.4076359857438461,-0.4838882875664574,-0.7743933314659188,Fibroblast,G0,
cell_1575884,0.7990250502035288,0.3532544786635131,0.48659034238022747,Fibroblast,S,
cell_1581016,-0.9832569504553369,-0.10072299450630667,0.151856747566751,Fibroblast,G1,
cell_1581321,0.9371004846019679,0.31951197205683946,0.14055189521726552,Fibroblast,S,
cell_1581761,0.4059611761671331,-0.5854719494822623,-0.7017251234850747,Fibroblast,G0,
cell_1585917,0.6475734403748961,-0.2758940439768651,-0.7103035121269863,Fibroblast,G0,
cell_1587876,0.43452649361678,-0.03797253564231104,-0.8998581326494894,Fibroblast,G0,
cell_1588957,-0.2722883836961303,0.010609904796742807,-0.962157183473594,Fibroblast,G0,
cell_1589293,-0.13694182688011797,0.23157466570391028,-0.9631303292016273,Fibroblast,G0,
cell_1590030,0.7592915047571037,0.6448524118698056,-0.0874162685234014,Fibroblast,G1,
cell_1591301,0.10044117595596119,-0.20267559465083507,-0.974081169297291,Fibroblast,G0,
cell_1594868,0.10946887165660102,-0.7984304503878028,0.5920517732739106,Fibroblast,G2M,
cell_1595381,0.3037016644439258,-0.5078079340196926,-0.8061615111691092,Fibroblast,G0,
cell_1596105,-0.14215270447567985,0.9064441461289832,-0.3976826629320275,Fibroblast,G1-G0 transition,
cell_1597044,0.7635780237421204,-0.024439249747262498,0.6452530204330048,Fibroblast,S,
cell_1597542,-0.6679120075912099,0.2581085989760902,0.6980498080294983,Fibroblast,G1,
cell_1598079,0.27578769398697395,-0.48554800045200525,-0.8295687643777937,Fibroblast,G0,
cell_1598954,0.5455705410250657,0.018873095234774543,0.8378523796175502,Fibroblast,S,
cell_1601176,-0.39504861651162804,0.4071237094351931,-0.8235210363247225,Fibroblast,G0,
cell_1601941,0.19271634461056852,-0.6107760410923216,-0.7679929087893785,Fibroblast,G0,
cell_1601950,0.1130595943907109,-0.08588480161030171,-0.9898691900405775,Fibroblast,G0,
cell_1602645,0.021974795062452535,0.25818748682925324,-0.9658448529618611,Fibroblast,G0,
cell_1603855,-0.3278442863743338,-0.2642438676507928,-0.9070244331588134,Fibroblast,G0,
cell_1604144,-0.5834247695226477,0.3566649341407694,-0.7296613694915254,Fibroblast,G0,
cell_1606578,0.17152830240011097,-0.7540024333059001,-0.634080903926235,Fibroblast,G0,
cell_1607688,0.33587045100051044,-0.3716758819907648,-0.8654756513629787,Fibroblast,G0,
cell_1609521,0.33575733942594504,0.8604435051097863,0.3832801539193704,Fibroblast,G1,
cell_1609532,0.38711935000260456,-0.4703324495119968,-0.7930486267610715,Fibroblast,G0,
cell_1610989,0.5064509530500145,0.5064074515640369,0.6978959539119023,Fibroblast,S,
cell_1611192,-0.4243710354120517,-0.3400970404564066,-0.8391919706827102,Fibroblast,G0,
cell_1611351,0.3782158408141343,0.5505597231817984,0.744202043199644,Fibroblast,S,
cell_1611655,0.24773923676358112,-0.3592502641164547,-0.8997579621871777,Fibroblast,G0,
cell_1616978,-0.5872934160640705,0.34096788427203384,0.734048551722128,Fibroblast,G1,
cell_1617327,0.2736078039456207,-0.09379478388071064,-0.9572571290732731,Fibroblast,G0,
cell_1618162,-0.9116574935388156,0.2778084110532619,0.30282500467796747,Fibroblast,G1,
cell_1618246,0.3989209216331042,0.7893466964627266,0.466683794531498,Fibroblast,S,
cell_1618771,0.7619618016421079,0.6237058620503362,-0.17437090608462658,Fibroblast,G1,
cell_1618997,-0.33471871668796166,-0.06725498090050401,-0.9399149910944332,Fibroblast,G0,
cell_1621892,0.11012444252777148,-0.223261688597652,-0.9685178490169828,Fibroblast,G0,
cell_1622711,-0.1798375596534107,0.5097070838816801,0.8413424642053615,Fibroblast,S,
cell_1624011,0.8426481871270002,0.2687930118343953,0.466577152906303,Fibroblast,S,
cell_1624390,-0.6813195175425106,-0.6854035269517951,-0.2569540867923575,Fibroblast,G0,
cell_1628082,0.05571197038337748,0.909138687216425,0.41275074140837953,Fibroblast,S,
cell_1629830,0.12578029973406007,-0.568546059917127,-0.8129788678959747,Fibroblast,G0,
cell_1631171,0.5205472611536395,-0.511858790832492,-0.6833966913705014,Fibroblast,G0,
cell_1633933,-0.8778329353860049,0.46892919313527576,0.09754317482048619,Fibroblast,G1-G0 transition,
cell_1635233,-0.767209926277309,-0.5373230538572693,0.35024661903458687,Fibroblast,G1,
cell_1635741,0.318395928777968,-0.48456369203195876,-0.8147526481825066,Fibroblast,G0,
cell_1639479,-0.5955725150729659,0.5881258663957208,-0.5471756481743502,Fibroblast,G0,
cell_1639746,0.5249582219225127,0.6553070646258616,0.543131253849792,Fibroblast,S,
cell_1640441,-0.015183238830338064,0.6644339766363488,-0.7471926930018571,Fibroblast,G0,
cell_1640712,-0.22831145919379942,-0.42146122312454604,-0.8776355144086775,Fibroblast,G0,
cell_1644214,0.8273176443510792,0.5605356351241497,-0.03667635660794788,Fibroblast,G1,
cell_1646611,-0.5200005293544229,-0.233301438380703,-0.821687227467816,Fibroblast,G0,
cell_1647458,0.4496366361654195,-0.28039285883423554,-0.8480606092485851,Fibroblast,G0,
cell_1648131,-0.06982118351966264,0.7969922402802618,0.5999401483611209,Fibroblast,S,
cell_1651395,0.7999986757717019,-0.40174065091804756,0.4456528130216699,Fibroblast,S,
cell_1653088,-0.12772214278984306,-0.5721566142509458,-0.8101381576488885,Fibroblast,G0,
cell_1657558,0.0442329971422753,0.3189474044011708,-0.9467395742124647,Fibroblast,G0,
cell_1659362,-0.6869640247602348,-0.3298742449904656,0.647505534425114,Fibroblast,G1,
cell_1659524,-0.12392845579897036,0.9783127258920274,0.16596935539332944,Fibroblast,G1,
cell_1659895,-0.14418355974748703,-0.41162160333169245,-0.899877048363217,Fibroblast,G0,
cell_1660258,0.03868412145167449,0.9930797382269451,0.11088781812904362,Fibroblast,G1,
cell_1660594,-0.6024732569160666,0.0005732545226015823,-0.7981387854925662,Fibroblast,G0,
cell_1664593,0.2789974988645936,-0.1634892196494451,-0.9462724984163267,Fibroblast,G0,
cell_1665932,0.21097039749751362,0.9686309975985554,-0.13132160300874698,Fibroblast,G1-G0 transition,
cell_1672822,0.8886168027723879,-0.11477856173677137,0.4440567133896921,Fibroblast,S,
cell_1673245,0.14436696784420078,-0.04408735186159504,-0.9885415265474621,Fibroblast,G0,
cell_1673406,-0.4334073661817802,-0.8714396934171448,0.22967544206204013,Fibroblast,G2M,
cell_1676672,0.3476449745721368,0.11421881328124628,-0.930643290515517,Fibroblast,G0,
cell_1682122,-0.4442229195230976,0.7552584412409392,-0.4819238735422566,Fibroblast,G0,
cell_1688210,0.3388077447312229,0.40736585469467457,-0.848093354124986,Fibroblast,G0,
cell_1689619,0.3327937978605098,-0.18535661101889206,-0.9246032576642184,Fibroblast,G0,
cell_1690839,0.5212170060346917,0.06989029199511403,0.8505574955985017,Fibroblast,S,
cell_1690921,0.5764160525691702,-0.6566010390729154,0.4864355160515639,Fibroblast,S,
cell_1691470,-0.05340976376677026,-0.2521014846288203,-0.96622574557287,Fibroblast,G0,
cell_1692617,-0.6296206279046197,-0.45608838344864183,-0.6289366205018733,Fibroblast,G0,
cell_1693104,-0.21758939543364464,-0.22295741339591027,-0.9502340686875952,Fibroblast,G0,
cell_1693432,-0.30591604406183165,0.5333789900863687,-0.7886203757609723,Fibroblast,G0,
cell_1693800,-0.2499902772484661,0.25217985614165206,-0.9348316046743201,Fibroblast,G0,
cell_1696748,-0.13229874229157768,0.6203905145871381,0.7730541241747519,Fibroblast,S,
cell_1700324,0.5445537220287403,-0.48788147502490364,-0.6822263744589223,Fibroblast,G0,
cell_1704198,0.07873159315840098,-0.532539151761822,-0.8427355633938868,Fibroblast,G0,
cell_1706432,0.3514481576530933,-0.6069785013916265,0.7127841483746875,Fibroblast,G2M,
cell_1706497,0.10588343677259016,-0.5138776538834124,-0.8513039544932024,Fibroblast,G0,
cell_1707054,0.5744048578773775,-0.32560122305716566,0.7510279214297115,Fibroblast,S,
cell_1707131,0.5779451007664052,-0.6462105408400102,0.4983886849501498,Fibroblast,S,
cell_1707696,0.29166613020449195,-0.7222968629420006,0.6270710472996772,Fibroblast,G2M,
cell_1709272,0.8971799791073786,0.43484512491361427,-0.07731521208053005,Fibroblast,G1,
cell_1710704,-0.25790264361007964,0.39466505644797345,-0.881887486793483,Fibroblast,G0,
cell_1712444,0.8200087252049235,0.45286548410388305,-0.34999779957445165,Fibroblast,G1,
cell_1713892,-0.3038027782496868,0.3575045073298291,-0.8831162674178024,Fibroblast,G0,
cell_1715752,0.6145880087124838,0.5343200898830739,0.5803305484858232,Fibroblast,S,
cell_1717754,-0.11175393296654423,0.8906375374197247,0.4407673376871166,Fibroblast,G1,
cell_1718927,0.5209707776454375,0.5078784257171716,0.6860386212721237,Fibroblast,S,
cell_1718983,0.29841034455792526,0.8493577491459227,-0.43536496107950867,Fibroblast,G0,
cell_1720051,0.4464269472785679,-0.2750463768133947,-0.8515000081376567,Fibroblast,G0,
cell_1723416,-0.5761795754975374,0.5582100321996466,-0.5970080464199367,Fibroblast,G0,
cell_1724579,-0.4527257888308638,0.28837512117071024,-0.8437293208238672,Fibroblast,G0,
cell_1725259,0.12202159041379797,-0.6375777031157253,-0.7606611477742722,Fibroblast,G0,
cell_1726369,0.4782807407439713,-0.5348413358369483,-0.6965574198242208,Fibroblast,G0,
cell_1727356,-0.7514932577810235,-0.09863497684977174,0.6523256422822098,Fibroblast,G1,
cell_1727487,-0.6598760663460344,0.2264933866381477,0.7164246137628197,Fibroblast,S,
cell_1727738,-0.6717621108356342,0.2838150644100492,0.6842402270347996,Fibroblast,G1,
cell_1728602,-0.73697089220341,-0.008013291984689974,0.6758769646107958,Fibroblast,G1,
cell_1729108,-0.1707313660243232,-0.002993880073497393,-0.9853131076600175,Fibroblast,G0,
cell_1729911,0.6161570257127069,0.582036264648282,0.5306453627917792,Fibroblast,S,
cell_1730663,0.4813474194526478,-0.4237197762885375,-0.7673110969412982,Fibroblast,G0,
cell_1731445,-0.8141676249887957,0.11427850283647892,0.5692727269906952,Fibroblast,G1,
cell_1731935,0.505429191150865,-0.547650992354795,-0.6667981657040432,Fibroblast,G0,
cell_1732126,-0.7972345999608608,0.5616389264401118,0.22131115000211637,Fibroblast,G1-G0 transition,
cell_1741657,-0.12246854999629136,0.9802410716892649,0.15533512737857402,Fibroblast,G1,
cell_1749082,-0.49224786433960943,0.8194468903257759,-0.2935963946298188,Fibroblast,G0,
cell_1752190,-0.06313197274825422,-0.9780177570116289,0.19873498584521543,Fibroblast,G2M,
cell_1753019,-0.13752246586067923,0.9652454879561971,-0.22223538357375472,Fibroblast,G1-G0 transition,
cell_1754198,-0.03364594931984893,-0.026698975017245247,-0.9990771694899953,Fibroblast,G0,
cell_1757228,-0.39409892625749016,0.04044016191610765,-0.9181778423376411,Fibroblast,G0,
cell_1758765,0.5475013753507343,-0.1862975032700311,0.8158036788937374,Fibroblast,S,
cell_1759928,-0.36764190061684626,-0.7882408488012091,0.4934733303493032,Fibroblast,G2M,
cell_1760104,-0.5128691750913883,0.8382371613326475,0.18526639084605787,Fibroblast,G1-G0 transition,
cell_1764268,-0.8833095865551082,0.3218111247559696,0.3408841156897068,Fibroblast,G1-G0 transition,
cell_1764744,0.4081830700741125,-0.546690224443855,-0.7311062873096443,Fibroblast,G0,
cell_1766259,-0.5631545319537993,-0.18018321235198154,-0.8064682323404343,Fibroblast,G0,
cell_1766684,0.24270243838030328,-0.2310232967787184,-0.9421909498351789,Fibroblast,G0,
cell_1772338,0.5565039796297643,0.036845051123357175,-0.8300275777573198,Fibroblast,G0,
cell_1772601,-0.46412314326181314,0.8408882721159829,0.27838243642622323,Fibroblast,G1-G0 transition,
cell_1772872,-0.6145829292108143,-0.11436556602685147,-0.780517928742502,Fibroblast,G0,
cell_1772953,0.790307703794036,-0.228266905908323,0.5686016182990001,Fibroblast,S,
cell_1779152,-0.19135941174092908,-0.5131619160592261,-0.8366876439292318,Fibroblast,G0,
cell_1779874,-0.026088370207577538,0.36815550637773936,0.9293981554413224,Fibroblast,S,
cell_1780461,-0.09879381223227973,-0.8690465728167132,0.48476568799598146,Fibroblast,G2M,
cell_1783344,-0.48589828462974366,-0.6858683425897958,0.5417448851938191,Fibroblast,G2M,
cell_1783977,-0.220242016530334,-0.13870404338774248,-0.9655333063617134,Fibroblast,G0,
cell_1786154,-0.7281769214606313,0.10861621571153851,0.6767281598167416,Fibroblast,G1,
cell_1787551,0.24420551436182225,-0.6477613105310965,-0.7216431374542326,Fibroblast,G0,
cell_1787771,0.8845251592535485,0.4370338567830606,-0.16314620050423734,Fibroblast,S,
cell_1788048,-0.995099271020601,0.04855337086075881,0.0861393590864164,Fibroblast,G1-G0 transition,
cell_1790273,-0.7578385157414673,0.6026606348824093,-0.2499618337855719,Fibroblast,G0,
cell_1790577,-0.7493445714094674,-0.4475492194801193,0.48803936454687014,Fibroblast,G1,
cell_1790857,-0.049717140634450444,0.8646881459256038,0.49984239545218684,Fibroblast,G1,
cell_1791564,0.8728558868408866,0.10363295283329789,0.4768466322597547,Fibroblast,S,
cell_1791664,-0.5550247339632193,-0.4982039940887436,-0.6661383329197509,Fibroblast,G0,
cell_1793986,-0.12692112705770187,-0.868343109000915,0.4794488669068383,Fibroblast,G2M,
cell_1794375,0.3919683431826222,-0.7086932417177009,-0.5866128068241616,Fibroblast,G0,
cell_1795967,0.14296691832755842,-0.5732116537114713,0.8068387916231035,Fibroblast,G2M,
cell_1796531,0.0884422072358854,0.9782470247347487,0.18764533233087044,Fibroblast,G1-G0 transition,
cell_1801814,0.6132305555950109,-0.35407615996635433,-0.7061007690370381,Fibroblast,G0,
cell_1803073,-0.9777412844677449,0.19946517797243618,0.06508113134983018,Fibroblast,G1-G0 transition,
cell_1803184,-0.09014185534809088,0.15102274932448195,-0.9844117381510165,Fibroblast,G0,
cell_1803998,0.8853714072966941,-0.34834565853522265,0.30785204823740503,Fibroblast,S,
cell_1809841,-0.8819966264180631,0.12838828539015099,0.4534295814470943,Fibroblast,G1,
cell_1814208,0.37842571915834483,-0.49239236891832316,-0.783800834510149,Fibroblast,G0,
cell_1816122,0.03874882733787843,0.08747904117807641,-0.9954125526944828,Fibroblast,G0,
cell_1816524,-0.5104084960629284,0.5058639787775701,-0.6954026914817291,Fibroblast,G0,
cell_1816615,0.0561351467332311,0.8288099990579044,0.5567071754492479,Fibroblast,S,
cell_1817899,0.6401312800594722,-0.2872698146589167,0.7125361930900044,Fibroblast,S,
cell_1818960,0.22729287290476513,-0.6435164763817981,-0.7309065435014748,Fibroblast,G0,
cell_1819005,0.4149996021791926,-0.4406892394557935,-0.795970022391465,Fibroblast,G0,
cell_1819516,0.1459674286771241,0.7571522495322267,-0.6367212364024218,Fibroblast,G0,
cell_1820235,0.5373583071871485,-0.5207312142469589,-0.6633891035440026,Fibroblast,G0,
cell_1820924,0.6470775043337325,-0.159369445356442,-0.7455816444244145,Fibroblast,G0,
cell_1823093,-0.10173072201681921,0.3962097973671005,-0.9125068161933935,Fibroblast,G0,
cell_1824150,0.16512677700873624,-0.7379967517441126,0.6542886244870023,Fibroblast,G2M,
cell_1824758,0.6526379930384885,0.7156443908835535,-0.248830813914315,Fibroblast,G1,
cell_1825101,-0.06422479384707497,0.23182315956839877,-0.9706354681787948,Fibroblast,G0,
cell_1827235,-0.8676486259369671,-0.18054454139583592,0.4632381123896243,Fibroblast,G1,
cell_1831933,-0.3071549537428363,0.6263076340246846,0.7165155151611544,Fibroblast,S,
cell_1833884,-0.004204787355417849,0.7407436415101302,-0.6717746616578125,Fibroblast,G0,
cell_1834129,-0.7543853883498721,0.5953110739616904,-0.2765995115465585,Fibroblast,G0,
cell_1834244,-0.6387319246316019,0.6995928215181252,0.3202990164198455,Fibroblast,G1-G0 transition,
cell_1835757,-0.24639803701846846,0.9519260004270972,-0.18200250095365375,Fibroblast,G1-G0 transition,
cell_1835945,-0.05725684746576848,-0.8649716549069888,0.4985435102483228,Fibroblast,G2M,
cell_1836473,0.2667809429351185,0.8586942148535075,0.4375754630954612,Fibroblast,G1,
cell_1838916,-0.8994327149177885,0.3475938604026815,-0.2649515643698231,Fibroblast,G1-G0 transition,
cell_1841774,0.38058255047339096,0.8884988206085322,0.2563719489385523,Fibroblast,G1-G0 transition,
cell_1845788,0.405408127970928,-0.10633510272023655,-0.9079301285552566,Fibroblast,G0,
cell_1846623,-0.7475431527458694,-0.5574411251741703,0.36116288024168275,Fibroblast,G1,
cell_1848793,0.581978943469315,-0.5772732819100761,0.5727618176101871,Fibroblast,G2M,
cell_1853174,0.3847704506532298,0.09572931666350186,-0.9180345747604566,Fibroblast,G0,
cell_1855656,-0.11713054803170597,0.0020942313537540697,-0.9931143121222785,Fibroblast,G0,
cell_1857132,-0.08336602496596512,-0.18292139417690773,-0.9795865834501624,Fibroblast,G0,
cell_1857364,0.7711556879998317,0.02089037651818841,0.6363039615124481,Fibroblast,S,
cell_1858336,0.30349271711616704,-0.6239801809850942,-0.7200977830183622,Fibroblast,G0,
cell_1859488,0.2467094515064693,0.8476152982083636,0.469769110878869,Fibroblast,S,
cell_1859842,0.15849756625131517,0.41985050151629794,-0.8936465623888744,Fibroblast,G0,
cell_1860272,0.7908022426521023,0.6070619219426666,-0.07815064092572072,Fibroblast,G1,
cell_1861110,0.908185198524055,0.21045973988559696,0.36180973223866786,Fibroblast,S,
cell_1861835,0.4126652532556945,0.9076530772261477,0.07663704416479025,Fibroblast,G1-G0 transition,
cell_1862188,0.38711114464288243,0.33655532070160826,0.8584145473261494,Fibroblast,S,
cell_1862218,0.48461462576488,-0.13971548372904807,-0.8634976542700936,Fibroblast,G0,
cell_1865289,0.26324767503770863,0.0323717037467538,-0.9641850070596432,Fibroblast,G0,
cell_1868167,-0.07045935400322212,0.5422296343528931,-0.8372708922799513,Fibroblast,G0,
cell_1871224,0.26737489666229286,-0.28766438212242906,-0.9196519840969382,Fibroblast,G0,
cell_1873630,0.3705865427470607,-0.7282518552393192,0.5764676050671707,Fibroblast,G2M,
cell_1875649,-0.062239828189584644,0.8773186945512194,0.4758550689603905,Fibroblast,G1,
cell_1875835,0.13881304813958895,-0.6448392809059095,-0.7516071153262535,Fibroblast,G0,
cell_1876387,-0.7981338251001359,0.503045742578466,-0.3315530425555489,Fibroblast,G0,
cell_1876946,0.25683989503909677,-0.4689827443341623,0.845037507573573,Fibroblast,G2M,
cell_1877460,-0.20457436961670256,-0.5537468251346862,-0.8071641339128692,Fibroblast,G0,
cell_1877825,0.525708004693985,0.06380383635796635,-0.8482688957266518,Fibroblast,G0,
cell_1878643,-0.7836984815953466,-0.009619896499233505,0.6210667645477743,Fibroblast,G1,
cell_1879385,0.9032070158694929,0.1856732516536659,-0.38696575510105385,Fibroblast,S,
cell_1880540,0.9312723114496061,-0.26712665423754023,0.24774004763688995,Fibroblast,S,
cell_1880704,0.5132379387679181,-0.23721190610154194,-0.8248134548797625,Fibroblast,G0,
cell_1881707,-0.6594868926107584,-0.6936968641560972,0.28958877401728883,Fibroblast,G1,
cell_1884541,-0.27418033401950137,-0.08988964645019293,-0.9574678827410074,Fibroblast,G0,
cell_1885313,0.07227468113126051,0.08902008793292357,-0.9934041450203435,Fibroblast,G0,
cell_1888325,0.5251157851127273,-0.6804388812595238,0.5111325029644899,Fibroblast,S,
cell_1889262,-0.33151620082952826,0.7257691792802752,-0.6027901038388772,Fibroblast,G0,
cell_1891482,0.6548121117472496,-0.2742760130900357,0.7042683361954887,Fibroblast,S,
cell_1892158,0.78144059306476,0.6217733533155598,0.05242475097330507,Fibroblast,G1,
cell_1893813,0.14009323586426342,-0.24818752624583132,-0.9585283471781901,Fibroblast,G0,
cell_1897692,-0.3062485583354158,-0.5122173958178686,-0.8023995849108683,Fibroblast,G0,
cell_1898032,0.5252985455101116,0.580150793806839,0.6224841747014264,Fibroblast,S,
cell_1899418,0.5388509638653829,0.2121577146419761,0.8152475135918659,Fibroblast,S,
cell_1899589,0.04950925338279505,-0.4938786704290464,0.8681200928820424,Fibroblast,G2M,
cell_1901258,0.32407737601500236,-0.4594513870631739,0.8269694012512264,Fibroblast,G2M,
cell_1902279,0.5064744589490779,0.15817707348910148,-0.8476222751145408,Fibroblast,G0,
cell_1902348,0.1879938254990704,-0.5997374557935098,0.7778002785030801,Fibroblast,G2M,
cell_1907229,-0.09602317399577259,-0.5141175631374142,-0.8523277889593845,Fibroblast,G0,
cell_1908062,0.21156571923413423,-0.8438837283507661,0.49305174982558025,Fibroblast,G2M,
cell_1909147,-0.34231727031435827,0.7476806063589042,0.5690276360211355,Fibroblast,G1,
cell_1911204,-0.08946912602137791,0.5172187669255418,-0.8511637757734419,Fibroblast,G0,
cell_1912133,0.4187720178802948,0.884305888759281,0.20647783525426427,Fibroblast,G1,
cell_1916893,0.5235136723624579,-0.3346760776649994,0.7835339075596044,Fibroblast,S,
cell_1917012,0.4183532085585894,0.8853037564668389,0.203022127727568,Fibroblast,G1-G0 transition,
cell_1919406,0.34490947795245164,0.9288328967670922,0.1353033010137328,Fibroblast,G1-G0 transition,
cell_1923772,0.5592609703567024,0.4812676918839468,-0.6749878820741456,Fibroblast,G0,
cell_1924642,-0.767570508392785,-0.10641834030152533,0.6320685988110236,Fibroblast,G1,
cell_1925009,0.4854995131667615,0.06987757286941101,0.8714398073809217,Fibroblast,S,
cell_1925391,-0.29437110171451786,0.8505129864265579,-0.4358594258364281,Fibroblast,G0,
cell_1927939,0.1260597844602132,0.6570095363373836,-0.743268067406126,Fibroblast,G0,
cell_1928988,0.7501447278453328,0.6591263799985656,-0.05324713938810233,Fibroblast,G1,
cell_1933681,0.5259850699116246,0.013282879564372685,0.8503900747574057,Fibroblast,S,
cell_1933708,0.08790023756267995,0.9837309429480134,-0.15667497092031338,Fibroblast,G1-G0 transition,
cell_1935232,-0.8610512759742904,0.3782149440007553,-0.3399177843960348,Fibroblast,G0,
cell_1936015,-0.6185289587838003,0.7799187612764684,-0.09564821456000336,Fibroblast,G1-G0 transition,
cell_1936544,0.43215468925995626,-0.553309279120634,0.7121033098988865,Fibroblast,G2M,
cell_1939567,0.28873912350738884,-0.0881462651981541,-0.9533413816335801,Fibroblast,G0,
cell_1939980,0.4780599403332647,0.8781377576060525,-0.018243344941082984,Fibroblast,G1,
cell_1940160,-0.2990183812878353,-0.3283730070360486,-0.895968303942192,Fibroblast,G0,
cell_1943139,-0.6047525506854862,0.43846511494597695,0.6648478128704531,Fibroblast,G1,
cell_1944584,0.598689539776534,-0.29485168633545367,-0.7447371417084261,Fibroblast,G0,
cell_1944758,0.31426156717709897,0.948617828934106,-0.0369322589770891,Fibroblast,G1,
cell_1949087,0.62602839870486,0.11764967275157512,0.7708740350669325,Fibroblast,S,
cell_1951524,-0.7979173576548283,0.5218885857663793,-0.3015960837851909,Fibroblast,G0,
cell_1952867,-0.45713677398706837,-0.38883217167581685,-0.7998970225602208,Fibroblast,G0,
cell_1954885,-0.11369560734235923,-0.9067306883951569,0.4060942140927566,Fibroblast,G2M,
cell_1957612,0.7083418895632775,-0.3229083920342838,0.6276797995362865,Fibroblast,S,
cell_1963916,-0.3761992753742288,-0.35996069132744846,-0.8537577823904031,Fibroblast,G0,
cell_1964463,0.41060539130604445,-0.47908732287117184,-0.7758082440689815,Fibroblast,G0,
cell_1964593,-0.7153675071450065,-0.32338142042236645,0.619414083197839,Fibroblast,G1,
cell_1965094,-0.5207584869469286,-0.3097163143006834,-0.7955415017670433,Fibroblast,G0,
cell_1965672,0.047062910704662564,0.2412515585730638,-0.9693208609363222,Fibroblast,G0,
cell_1969930,0.02523884799529641,0.2685805352728107,-0.9629266382263137,Fibroblast,G0,
cell_1970107,0.35241995344622273,0.31925404743796576,0.8797028105332573,Fibroblast,S,
cell_1972870,-0.7155427868028909,-0.25257456647683835,0.651310075655488,Fibroblast,G1,
cell_1973050,-0.937730471569946,0.3299581715306343,-0.10857769336188428,Fibroblast,G1-G0 transition,
cell_1975430,0.09752258736600322,0.49655573199203173,-0.862508939436258,Fibroblast,G1-G0 transition,
cell_1979479,0.17529924194936836,-0.44783061030729393,0.8767656448832126,Fibroblast,G2M,
cell_1979698,-0.11899678293452326,0.07490949707062243,-0.9900648546666051,Fibroblast,G0,
cell_1982327,0.8658813292501877,-0.08008422836828488,0.4937976531070291,Fibroblast,S,
cell_1984548,-0.20543828371345843,-0.09145730862572957,-0.9743872517426534,Fibroblast,G0,
cell_1985075,0.606806166548859,0.7869981442838754,-0.11144611955717493,Fibroblast,G1,
cell_1985107,-0.910021411477216,-0.2584978820095107,0.32409877384549995,Fibroblast,G1,
cell_1986567,0.46108566298838055,-0.3861707449951175,-0.7989194102551495,Fibroblast,G0,
cell_1991996,-0.8377854030324273,-0.26355123237159267,0.4781801182773506,Fibroblast,G1,
cell_1993012,0.41131972209248324,0.5801568463339637,0.7030177600001632,Fibroblast,S,
cell_1993263,-0.393277620592068,0.767783177087035,-0.5058078291571162,Fibroblast,G0,
cell_1995368,-0.1121016443056263,-0.8940805095864358,0.4336510612780445,Fibroblast,G2M,
cell_1998085,0.4627927863528688,-0.6019855225957715,0.6507197233039266,Fibroblast,S,
cell_2002285,0.2389632715639461,0.13140616903098154,-0.9620961195884936,Fibroblast,G0,
cell_2003359,-0.6964588475297163,0.4859595540492594,0.5280040043121532,Fibroblast,G1,
cell_2006541,0.8112864893932219,-0.343338318629613,0.47321546718285523,Fibroblast,S,
cell_2007886,-0.5857727645521156,-0.03916394946527018,-0.8095284282416917,Fibroblast,G0,
cell_2008430,0.03688291641780461,-0.1825995708153092,-0.9824953741149681,Fibroblast,G0,
cell_2009896,-0.05330906116335671,0.5686432630463722,-0.8208549499608772,Fibroblast,G0,
cell_2011814,-0.18494561242373295,-0.6937232625660464,-0.6960913278702545,Fibroblast,G0,
cell_2013827,-0.15047969024729196,0.23929254183004964,-0.9592158294801227,Fibroblast,G0,
cell_2017043,0.2611085832072568,-0.007714150741248177,-0.9652785719110015,Fibroblast,G0,
cell_2017150,-0.07459636304432837,0.8638580686217434,-0.49818134056931496,Fibroblast,G0,
cell_2017779,0.4954736958705702,-0.32844998035199324,0.8041307637343602,Fibroblast,S,
cell_2020340,-0.5901553771603377,-0.2519407265983032,0.766969632007573,Fibroblast,G1,
cell_2020883,-0.6566265243489902,-0.674292369049035,0.33789264567173893,Fibroblast,G1,
cell_2021737,-0.012804440523061622,0.016908734558054,-0.9997750810214858,Fibroblast,G0,
cell_2023247,0.9178110303924931,0.38592140071587183,0.09320707673407391,Fibroblast,G1,
cell_2023670,0.028146048937798762,-0.025459519120408905,-0.9992795673068557,Fibroblast,G0,
cell_2027351,-0.8355793644857293,-0.4730043052622344,0.2794173522593264,Fibroblast,G1,
cell_2027380,-0.6773472513717333,0.5037220703686479,-0.5361573619613972,Fibroblast,G0,
cell_2028644,0.6153098829116783,0.0024017650262918022,-0.7882817278699599,Fibroblast,G0,
cell_2029027,-0.7949377160808417,-0.378995462048374,0.4737471299714059,Fibroblast,G1,
cell_2029510,0.49991696547884845,-0.6191598048418033,-0.6055774581786493,Fibroblast,G0,
cell_2029674,0.7702944178354693,-0.021932145958977786,0.6373111713708379,Fibroblast,S,
cell_2031717,0.21299069590204076,-0.7180919217440509,0.6625548159376528,Fibroblast,G2M,
cell_2032272,0.515550490273966,-0.37387401989162933,0.7709902076817123,Fibroblast,S,
cell_2035652,-0.14393378653461103,-0.916531261269321,0.37316656813743854,Fibroblast,G2M,
cell_2037029,-0.7995666512236512,-0.024528171391342446,0.6000761950345486,Fibroblast,G1,
cell_2043552,-0.11824554407233367,0.9337743744154723,0.33776239913937883,Fibroblast,G1,
cell_2043670,-0.9021805443803679,-0.17712741627355136,0.3933142945965928,Fibroblast,G1,
cell_2043688,0.6195569613176832,-0.6528712634794259,0.4357844820822124,Fibroblast,G2M,
cell_2044742,0.42950030113830906,-0.119518268361938,0.8951227678848529,Fibroblast,S,
cell_2045567,-0.600311919883626,0.7342615139572404,-0.31699445630693396,Fibroblast,G0,
cell_2047172,-0.03080435052233299,-0.08804111889096061,-0.9956404165547867,Fibroblast,G0,
cell_2050419,0.10104270590096753,0.9187150767616743,-0.38177602783097064,Fibroblast,G0,
cell_2051071,-0.35493565936300325,0.6150276492768869,0.7041033986275854,Fibroblast,S,
cell_2052708,-0.35694016462948547,-0.33252803698728467,-0.8729369233247781,Fibroblast,G0,
cell_2053581,0.7534577248015775,-0.26338968529226786,0.6024345179119893,Fibroblast,S,
cell_2053796,0.9481222198292714,0.14924735180025722,0.28069413925206393,Fibroblast,S,
cell_2054424,0.4323838246816204,0.46107338792988356,0.7748906585981231,Fibroblast,S,
cell_2058964,-0.5519862635710322,-0.11556045160268177,-0.8258067785810144,Fibroblast,G0,
cell_2059466,0.31494764399564495,0.06804111229188008,-0.9466670055013096,Fibroblast,G0,
cell_2060852,-0.9746100220858002,-0.22194888166744592,0.02956343102307002,Fibroblast,G1,
cell_2063497,0.4695014809342481,0.7178797545814596,0.5140204629732984,Fibroblast,S,
cell_2063934,-0.7116291343270006,-0.6056557408005145,0.35604081037369695,Fibroblast,G1,
cell_2064149,-0.33610317155441605,0.9240263225883237,-0.18223596964838804,Fibroblast,G1-G0 transition,
cell_2064492,-0.6020647528862287,-0.5590357342934951,0.5700851602262007,Fibroblast,G1,
cell_2064727,0.5556744898308483,0.2750961529802371,0.784568626119881,Fibroblast,S,
cell_2065240,0.5033249344206101,-0.6007771961412927,-0.6210722383018003,Fibroblast,G0,
cell_2068224,0.5056912908519494,-0.7839702512049559,0.3600927831952621,Fibroblast,G2M,
cell_2070322,0.2713359254958774,0.6556049877370496,-0.704669351724182,Fibroblast,G0,
cell_2075805,-0.6066910104226044,0.7505171639672741,-0.2620114396789177,Fibroblast,G1-G0 transition,
cell_2076813,0.5797226745252391,-0.2760618210119092,-0.7666232814066843,Fibroblast,G0,
cell_2080875,0.5896790367377611,-0.07405620974908994,0.8042351921578959,Fibroblast,S,
cell_2084547,0.8123479227037809,-0.3329682253795185,0.47877240308708147,Fibroblast,S,
cell_2085894,0.20954845500153202,0.8746635305844916,-0.4370963050597895,Fibroblast,G0,
cell_2086910,0.6724490062986094,-0.3967632424065477,0.6248129570861515,Fibroblast,S,
cell_2090476,-0.4720382428645682,0.7313534800533665,-0.49224170575763376,Fibroblast,G1-G0 transition,
cell_2091736,-0.6869589551615851,0.7223458374538234,-0.07939590190753135,Fibroblast,G1-G0 transition,
cell_2093222,0.6105883259839457,-0.5420897299192223,0.5773391239058737,Fibroblast,G2M,
cell_2097256,-0.5560685206243255,-0.6754702438941815,0.4842803953570909,Fibroblast,G2M,
cell_2097636,-0.6083982534479873,0.7765896889775374,-0.16358456186103165,Fibroblast,G1-G0 transition,
cell_2099568,0.0915006968760928,0.966736118993855,0.2388490481250542,Fibroblast,G1-G0 transition,
cell_2101753,0.08225096813259547,0.3821551338855139,-0.9204304908450325,Fibroblast,G0,
cell_2103460,0.5043982343268697,-0.5073574285065576,0.6986921851813223,Fibroblast,S,
cell_2104174,-0.3987797994288602,0.24223807389670923,-0.8844746054951667,Fibroblast,G0,
cell_2104874,-0.7550244023620156,0.41966326109323904,0.5038064781762412,Fibroblast,G1,
cell_2105847,-0.8264068635854838,0.0006983436967682721,0.5630730055277362,Fibroblast,G1,
cell_2106171,0.9677408586873808,0.24736063832615746,0.047858146991173134,Fibroblast,G1,
cell_2106586,-0.39717041237964545,0.8565036038358452,-0.32963202579764056,Fibroblast,G0,
cell_2107818,0.6022207013156842,-0.6297541653401635,0.49065272632744605,Fibroblast,S,
cell_2108529,-0.25009700039425437,0.7825491171328085,-0.5701477645058262,Fibroblast,G0,
cell_2110214,0.012454881288257502,-0.9567562848392057,0.29062395721756973,Fibroblast,G2M,
cell_2113100,0.33648914501336047,-0.2310521061484776,-0.9129019553257887,Fibroblast,G0,
cell_2114198,-0.12733027486768334,-0.8126761075239778,0.5686339639591443,Fibroblast,G2M,
cell_2114347,-0.848889759119942,0.5190045164232104,-0.10010192688428354,Fibroblast,G0,
cell_2117497,0.3989878325622722,-0.7848382820780947,0.4741703074306737,Fibroblast,G2M,
cell_2121131,0.41487306132695106,-0.6018223299747356,-0.6824149436465138,Fibroblast,G0,
cell_2121390,-0.623976126729586,0.5514620019639345,0.5536637465595133,Fibroblast,G1,
cell_2124721,0.21051940217929144,-0.8931291117815231,0.39749455273814954,Fibroblast,G2M,
cell_2125144,0.954829996662607,0.13239795810634752,0.2660270749752269,Fibroblast,S,
cell_2126109,-0.4141156880072844,0.08797719680752907,-0.9059625022998704,Fibroblast,G0,
cell_2126838,-0.184476874498801,0.7754085098952025,-0.6039120965088898,Fibroblast,G0,
cell_2127237,0.45581878704588114,-0.3385178371103049,-0.8231857551966417,Fibroblast,G0,
cell_2127285,0.19423403694935165,-0.18090436250220804,-0.9641300286099923,Fibroblast,G0,
cell_2128474,-0.6384468981742797,0.7573977367306477,-0.1368734884565749,Fibroblast,G0,
cell_2129502,-0.3068727024288948,-0.7720466371202401,0.5565724845923359,Fibroblast,G2M,
cell_2131477,0.1767937554845063,0.8912220690560297,0.41769264774839215,Fibroblast,G1,
cell_2131754,0.7298145772819411,0.4290698695631647,0.5322309327783776,Fibroblast,S,
cell_2132851,0.7293427974083877,-0.1522449039506431,0.6669937150202885,Fibroblast,S,
cell_2133362,0.5015570681671591,0.13002120345650625,0.8552982379514541,Fibroblast,S,
cell_2133832,0.5899430426988552,0.28868087347221266,0.7540760168630525,Fibroblast,S,
cell_2134494,-0.41310745527581255,0.47985313798310614,0.774004458144205,Fibroblast,S,
cell_2136772,0.09683966443005648,-0.9312390389938623,0.3513058503830153,Fibroblast,G2M,
cell_2139160,0.5362361740740191,0.006871204622409949,-0.844039954185116,Fibroblast,G0,
cell_2140689,0.5423927774161732,0.7734179463548345,0.3280774892672437,Fibroblast,G1,
cell_2140825,-0.2872585994276773,0.19463921408038712,-0.9378688615427567,Fibroblast,G0,
cell_2141588,-0.683598470454476,0.4852253708531644,0.5452058398872134,Fibroblast,G1,
cell_2143132,0.9697187256835217,0.24420189968309564,0.0033092484458788207,Fibroblast,S,
cell_2143295,0.284798138941739,0.34800323417804835,-0.893187493562784,Fibroblast,G0,
cell_2143627,0.6993657762836056,-0.059409268009019967,-0.7122905294946238,Fibroblast,G0,
cell_2144758,0.4603613720548618,-0.4649898924930494,0.7562088949107103,Fibroblast,S,
cell_2145354,0.0963993104619173,-0.37469602878609715,-0.922122465447532,Fibroblast,G0,
cell_2146335,-0.6172559285678879,0.5962060115775261,0.5133553518534849,Fibroblast,G1,
cell_2146887,0.5263198277745491,0.6723372459445413,0.520528569851061,Fibroblast,S,
cell_2148391,0.30469816385735404,-0.10514934970569187,-0.9466269961516606,Fibroblast,G0,
cell_2149431,0.47721409176765667,-0.5687133169495756,0.6699492439653532,Fibroblast,S,
cell_2153634,0.5754245710567688,0.2856855554049124,0.766335665360042,Fibroblast,S,
cell_2154243,-0.757862540632513,0.359331459902819,0.544541501598437,Fibroblast,G1,
cell_2157091,-0.06363538530138066,0.9651535673038347,0.2538287534144998,Fibroblast,G1-G0 transition,
cell_2160504,0.49390998549544274,-0.39576681178290996,-0.7742232682225343,Fibroblast,G0,
cell_2161324,-0.380988776782256,0.8534507754380573,-0.35562508008168714,Fibroblast,G1-G0 transition,
cell_2162381,-0.5113356266376856,0.8418954265942129,-0.17247580262743537,Fibroblast,G1-G0 transition,
cell_2166479,-0.017578223237470714,0.8176729465525625,-0.5754147181895065,Fibroblast,G0,
cell_2169597,-0.25500496186604005,-0.8223966026143876,0.508562926602456,Fibroblast,G2M,
cell_2170496,0.28045197640171055,0.41211691754413293,-0.8668946085433191,Fibroblast,G0,
cell_2172331,-0.5145263542832716,0.49311007558676034,0.7015021833439117,Fibroblast,G1,
cell_2173478,0.733074763184654,0.46755647595756067,0.4939558191938278,Fibroblast,S,
cell_2173757,0.5281570232517542,-0.2283537506097541,0.8178658326261554,Fibroblast,S,
cell_2174830,0.23495107512002905,-0.2974759654431175,-0.9253679329383036,Fibroblast,G0,
cell_2175805,-0.008680452565972607,0.4461858948638598,-0.8948982327794939,Fibroblast,G0,
cell_2177591,0.5727754171777601,-0.6392653458957596,0.5130965415652162,Fibroblast,S,
cell_2178468,-0.6976286531236958,0.08576149417019702,0.7113080212621454,Fibroblast,G1,
cell_2179281,0.13874490160455116,0.44644768433523524,-0.883987774870583,Fibroblast,G0,
cell_2181455,0.4662600620561014,-0.31795356512576156,0.8255343988317742,Fibroblast,S,
cell_2182051,0.7988015307367182,0.12082705010477147,0.5893360207991436,Fibroblast,S,
cell_2182951,0.2544247033243076,0.9665821391146215,0.03141554225313786,Fibroblast,G1-G0 transition,
cell_2185285,-0.18551306787575506,-0.7425378287316402,0.643601034213316,Fibroblast,G2M,
cell_2185608,-0.7218995159365749,0.39459089447282825,0.5684707769393195,Fibroblast,G1,
cell_2185961,0.6815004463594468,-0.2931040912780862,0.670557310049568,Fibroblast,S,
cell_2187456,0.40784477123726137,0.4981363968174943,0.7651945007998312,Fibroblast,S,
cell_2189525,-0.1725853878682988,-0.8383356720137171,0.5171147774981515,Fibroblast,G2M,
cell_2189885,-0.7069651885407509,-0.020723579152717553,0.7069446438998825,Fibroblast,G1,
cell_2190646,0.42152373658853565,0.9066819654714725,-0.015665731470315553,Fibroblast,G1,
cell_2193948,0.8545598644168355,-0.15657449934253398,0.49518849954697575,Fibroblast,S,
cell_2196087,-0.8627472895124348,0.32087014969847716,0.39078035394344135,Fibroblast,G1,
cell_2197618,0.5613023766669741,0.3474635029757545,0.7511382075033955,Fibroblast,S,
cell_2198398,0.21797336984360022,-0.27889975736383366,-0.9352552630491457,Fibroblast,G0,
cell_2201568,-0.6692858529953591,0.6432945271485249,0.37179101202557746,Fibroblast,G1,
cell_2202156,0.1121785139709659,-0.9418898554521519,0.3166377524726991,Fibroblast,G2M,
cell_2202845,-0.20296699190515827,0.2255719661989854,-0.9528492666429705,Fibroblast,G0,
cell_2204689,-0.8839117894879488,0.022301832291002965,0.4671216022128738,Fibroblast,G1,
cell_2206408,-0.19177277640458473,-0.14791227421431075,-0.9702293521408308,Fibroblast,G0,
cell_2208434,0.19286724552202206,0.6249281628044905,-0.7564833119255591,Fibroblast,G0,
cell_2209733,-0.9744406430617154,0.058059672993122535,0.2170123730031681,Fibroblast,G1,
cell_2211069,-0.2954235762391335,0.21183436331148753,-0.9315852515947496,Fibroblast,G0,
cell_2214345,0.19641224794900428,-0.9048361699190612,0.37774820594626446,Fibroblast,G2M,
cell_2214465,0.5010623641927825,-0.440194501101964,-0.7450942345995946,Fibroblast,G0,
cell_2218351,0.41491946151924364,0.11103190635507272,0.9030579905287334,Fibroblast,S,
cell_2219208,0.42565914212122036,-0.4811819538505791,-0.7663406596927798,Fibroblast,G0,
cell_2219739,0.07973341181173688,0.6160301677116063,-0.7836769397591334,Fibroblast,G0,
cell_2219830,0.9385303219836908,0.3425723663938385,-0.042482823585089924,Fibroblast,G1,
cell_2220922,-0.26747875033400426,-0.1223536662262005,-0.9557638365260916,Fibroblast,G0,
cell_2225749,-0.44164534524029153,0.31191685930865615,0.8412236185146144,Fibroblast,S,
cell_2226802,0.3401084042588332,0.8891706643694512,0.30610761733083103,Fibroblast,S,
cell_2229128,0.31355798463838386,-0.3058814577225115,-0.8989538821670604,Fibroblast,G0,
cell_2231212,-0.29201021957866874,0.43195098239603646,-0.8533160896500498,Fibroblast,G0,
cell_2231499,0.8953957652259673,-0.04109428198079923,0.4433707013984629,Fibroblast,S,
cell_2231698,0.15202522975583221,0.9809338234099816,0.12106671744913045,Fibroblast,G1-G0 transition,
cell_2231881,-0.194611057873969,-0.044276674595444404,-0.9798805777559523,Fibroblast,G0,
cell_2232481,0.18302464677344527,-0.223550613711643,-0.9573542422468778,Fibroblast,G0,
cell_2234715,-0.6514851705374619,0.6218574280664388,0.4345808471784144,Fibroblast,G1-G0 transition,
cell_2235399,0.3485902540858144,-0.2383980672844956,-0.9064499162624629,Fibroblast,G0,
cell_2236600,0.42365798677304595,-0.7875973870489779,0.44744185210009446,Fibroblast,G2M,
cell_2238579,-0.16610476288285309,-0.8190000694512534,0.5492250185880447,Fibroblast,G2M,
cell_2242811,0.2526043646034523,-0.5417367837843691,0.8016933010527035,Fibroblast,G2M,
cell_2242829,0.2293359280998492,0.48658885580505407,-0.8429925023451548,Fibroblast,G0,
cell_2243537,0.6112625905386307,0.1969147447351316,0.7665394146029901,Fibroblast,S,
cell_2244465,-0.42411066334488706,-0.7387347454975234,-0.5238331430683723,Fibroblast,G0,
cell_2245189,0.2209969210077319,-0.5829257348239143,-0.7818939104443174,Fibroblast,G0,
cell_2245536,-0.13987615437803624,0.008940525948938516,-0.9901285836807537,Fibroblast,G0,
cell_2247535,-0.10754994271534327,-0.2808133676133696,-0.9537173394337313,Fibroblast,G0,
cell_2248101,0.16800788342916445,0.037856556032055,-0.9850585096414408,Fibroblast,G0,
cell_2249499,-0.23235496372170822,0.3726921591635939,-0.8983940513144975,Fibroblast,G0,
cell_2249612,0.26131811180037223,-0.23745604455167668,-0.9355893483460448,Fibroblast,G0,
cell_2250213,-0.20225724188749739,-0.254287047263371,-0.9457431513858822,Fibroblast,G0,
cell_2254754,0.5697687676741939,0.31625241147614797,0.7585170405074592,Fibroblast,S,
cell_2255451,0.46178031712477796,-0.5976376659621314,0.6554297151058213,Fibroblast,G2M,
cell_2257947,0.39355031634199,0.5840711397745392,0.7099148865947609,Fibroblast,S,
cell_2258254,-0.13519484818461508,-0.3035166832994412,-0.9431860568707762,Fibroblast,G0,
cell_2258556,0.5804795957091398,-0.4425325167104631,0.6835264694729625,Fibroblast,S,
cell_2259099,0.31027735896363834,0.19390944701958582,-0.9306594198897489,Fibroblast,G0,
cell_2260437,-0.8806116458328712,0.4626673952788665,0.10228458476699442,Fibroblast,G1-G0 transition,
cell_2261216,-0.08441750315129296,0.8007529782292204,0.5930162234077258,Fibroblast,S,
cell_2262869,0.3440008908200545,-0.25052860416061723,-0.9049303597528038,Fibroblast,G0,
cell_2264697,0.22669350638577396,0.9069493482553412,-0.3550394011688234,Fibroblast,G1-G0 transition,
cell_2266905,-0.14902682973991885,-0.2497929643914379,-0.9567625098644742,Fibroblast,G0,
cell_2267665,-0.9585514966498778,-0.15571737189814086,-0.23860226798122047,Fibroblast,G0,
cell_2267949,-0.07217433975158144,-0.8476131754893852,0.5256830514698752,Fibroblast,G2M,
cell_2268391,0.13758330492757853,0.9397087594162954,-0.31307860134783955,Fibroblast,G1-G0 transition,
cell_2268710,0.5805115964263241,0.7213877396485153,-0.3776320826078387,Fibroblast,G1,
cell_2271116,-0.6532747044239956,0.28364626656129677,0.7019807193547568,Fibroblast,G1,
cell_2272852,0.35514724759493743,0.9280278315444828,0.11240453327845629,Fibroblast,G1,
cell_2272993,-0.06949674046407206,0.16560985393994954,-0.9837395531238129,Fibroblast,G0,
cell_2273113,-0.5605389658622155,0.784290042681133,-0.2658668850016467,Fibroblast,G0,
cell_2274592,0.06364800344233157,0.8981798767282229,-0.43499629149161423,Fibroblast,G0,
cell_2277970,-0.24235806757761041,-0.1791425467017667,-0.9535042975294442,Fibroblast,G0,
cell_2278712,0.44883683016984915,0.0654671165564449,0.8912123925686172,Fibroblast,S,
cell_2282332,-0.6699826119171309,-0.6299501608148206,0.39279234953442604,Fibroblast,G1,
cell_2282978,0.9029145401687011,-0.1771240509764522,0.39162752910213605,Fibroblast,S,
cell_2283750,0.35109470537069765,-0.4472920973481628,-0.8225947443371702,Fibroblast,G0,
cell_2285266,0.2232720289662592,-0.7966669223780106,0.5616683519652435,Fibroblast,G2M,
cell_2285927,0.23489590888500303,-0.5958247737111428,0.7679953063400882,Fibroblast,G2M,
cell_2285940,0.09080363244658202,-0.6206873156386156,0.7787823795631421,Fibroblast,G2M,
cell_2291237,-0.7385268239414015,-0.521661067733268,0.4271392292155932,Fibroblast,G1,
cell_2291756,-0.7356043679554966,-0.41565880843163905,0.5348963626657759,Fibroblast,G1,
cell_2297658,0.9172423798343713,-0.10513392772517474,0.38420478719815493,Fibroblast,S,
cell_2298457,0.651183359613662,-0.25415780271154953,0.7150971344331767,Fibroblast,S,
cell_2301792,0.3702184925474869,0.1357722113811169,-0.9189690472425018,Fibroblast,G0,
cell_2302085,0.3576301684864427,0.682941068797877,0.6369397783294776,Fibroblast,S,
cell_2302668,-0.24326225374700072,0.46649768502461103,-0.8504136658677995,Fibroblast,G0,
cell_2303039,-0.1824754168281966,0.6843386339662157,0.7059626026635873,Fibroblast,S,
cell_2303483,0.6583635314395166,0.46065513173704087,0.5952766185069831,Fibroblast,G1,
cell_2303953,0.7707708348129243,0.6358435139457395,0.040192862162249265,Fibroblast,G1,
cell_2307105,0.40905307104487476,-0.39125708378797186,-0.8243744402373164,Fibroblast,G0,
cell_2308612,0.6769010219253151,0.2193342106787585,0.7026359810267584,Fibroblast,S,
cell_2310007,-0.5379412328598996,0.7432886152510094,0.3976695199865183,Fibroblast,G1,
cell_2313754,-0.15820182306308878,-0.8093087564655103,0.5656780554650608,Fibroblast,G2M,
cell_2315017,-0.09780812749851125,0.6431838878030729,-0.7594393248026744,Fibroblast,G0,
cell_2315601,-0.21712351454934653,0.9610585258468014,0.17094971901085687,Fibroblast,G1-G0 transition,
cell_2316293,-0.5960172548730167,-0.36680761462737105,-0.7142938385740214,Fibroblast,G0,
cell_2316724,0.035641298097274066,0.9387108010686098,-0.3428583556445922,Fibroblast,G0,
cell_2318299,0.7322410958544435,-0.259291630356304,-0.6297545851953685,Fibroblast,G0,
cell_2318512,-0.9643989648942983,0.011652251103937333,0.264194765903923,Fibroblast,G1-G0 transition,
cell_2320868,-0.08611642865714347,0.9779005793447287,-0.19051136544764857,Fibroblast,G1-G0 transition,
cell_2321411,-0.19241213115651964,0.8951579039660714,0.4020821324384813,Fibroblast,G1,
cell_2321820,0.38126070821890184,0.8270990341050222,0.4129740110812788,Fibroblast,G1-G0 transition,
cell_2321868,-0.8892452552961896,-0.1707112259257586,0.42438252428880846,Fibroblast,G1,
cell_2322450,0.3427823672389619,-0.8790667390100275,0.33127303414622655,Fibroblast,G2M,
cell_2322731,-0.3348733515695186,0.7236540376617544,0.6034770987788369,Fibroblast,G1,
cell_2324099,0.15418659687924463,0.8610452248542744,-0.4845902366162585,Fibroblast,G0,
cell_2324939,-0.6529676011224481,-0.44315524602399975,0.6142040102505902,Fibroblast,G1,
cell_2324942,-0.2657165155743477,0.3376409781093307,-0.9029912828663996,Fibroblast,G0,
cell_2324987,0.5007467725207031,-0.469689960597825,0.7270790487456749,Fibroblast,S,
cell_2325547,-0.6208730453292454,0.43998520883845604,0.6487908478922053,Fibroblast,G1,
cell_2325823,0.2062326611548259,-0.9132368508271375,0.3513782792917702,Fibroblast,G2M,
cell_2326188,-0.8794911924028843,0.3910370978894998,-0.27126612307463094,Fibroblast,G0,
cell_2327202,-0.09725848036008772,-0.8350928288032811,0.541443362344758,Fibroblast,G2M,
cell_2328893,0.7905562203942904,0.4835286085010708,-0.3757937632587646,Fibroblast,G1,
cell_2329025,0.4148820946774814,-0.6958387036015934,-0.5862433755121694,Fibroblast,G0,
cell_2330139,-0.8219032194889762,-0.09175647175529555,0.5621885821915742,Fibroblast,G1,
cell_2330172,0.5826533825613212,-0.38889409466096103,-0.713636045525236,Fibroblast,G0,
cell_2330264,0.5610460931090973,0.5738559826780073,0.5965875248664344,Fibroblast,S,
cell_2330709,0.05392262767462669,-0.30647099240992826,-0.9503514204521729,Fibroblast,G0,
cell_2331556,-0.2920706675533622,0.9424336149705212,-0.1628297786848943,Fibroblast,G1-G0 transition,
cell_2332963,0.5562747188125088,0.04134070338648832,-0.8299694634770152,Fibroblast,G0,
cell_2335881,0.16881189432727794,-0.350094462743607,-0.9213774113602926,Fibroblast,G0,
cell_2337770,0.39580077677652875,-0.38260101191535223,-0.8348402572869789,Fibroblast,G0,
cell_2337813,-0.949937974766465,-0.22666524714570796,0.21503682056673082,Fibroblast,G1,
cell_2340619,0.5483017801928469,-0.4648080538771306,-0.6952111493676862,Fibroblast,G0,
cell_2340717,-0.6049087182119435,-0.5973317735625184,-0.5265740423735147,Fibroblast,G0,
cell_2343029,0.5789926263804607,0.7557092165603032,-0.3060573977001694,Fibroblast,G1-G0 transition,
cell_2343882,-0.39168479382310867,0.6902984002549968,-0.6083348073475272,Fibroblast,G0,
cell_2345850,0.12324857529180278,0.4340595307668206,-0.8924136274337363,Fibroblast,G0,
cell_2347054,-0.600899825911864,-0.6917413676165013,0.40051619181181203,Fibroblast,G1,
cell_2347494,-0.172738602686491,-0.1380468224869215,-0.9752458029774664,Fibroblast,G0,
cell_2347702,0.17545948871056433,-0.23195948204974678,-0.9567699361378365,Fibroblast,G0,
cell_2347819,0.32901567444706753,-0.6037895865268662,-0.7260763406622599,Fibroblast,G0,
cell_2349326,0.2441301509024647,0.5875600943946359,-0.7714749092251929,Fibroblast,G1-G0 transition,
cell_2352574,0.6576830651582961,0.6203437219628087,0.42734836946573906,Fibroblast,S,
cell_2353049,-0.14520745688112796,0.6032952202604944,0.7841872393756674,Fibroblast,S,
cell_2354790,0.20343119837028167,0.08212709103127762,-0.9756387409933358,Fibroblast,G0,
cell_2357153,0.6763296472641755,-0.23418880453439853,0.6983793982833277,Fibroblast,S,
cell_2357337,0.2053550528929377,0.885875418740756,0.4159975263614071,Fibroblast,G1-G0 transition,
cell_2357522,0.39089991436916277,-0.4086499521872511,-0.8247439285862628,Fibroblast,G0,
cell_2359839,0.1610081671493021,-0.4890559819680318,0.8572635182980674,Fibroblast,G2M,
cell_2361235,-0.41967178971744223,0.6830430586710403,-0.5977688369832319,Fibroblast,G0,
cell_2363311,0.3184925289970325,-0.39444510423534296,0.8619603641380651,Fibroblast,S,
cell_2366613,0.8076498050678418,0.5204032852452999,0.27727635968265796,Fibroblast,G1,
cell_2366617,-0.3300566810392917,0.9203177838146165,0.20994719303814088,Fibroblast,G1-G0 transition,
cell_2366878,0.7059060411599907,0.026594461571761985,0.7078060151521718,Fibroblast,S,
cell_2373037,0.6078753976566122,-0.41870672911313067,-0.6746645427206583,Fibroblast,G0,
cell_2373089,-0.95653533722338,0.232697205741729,0.17576147978489226,Fibroblast,G1-G0 transition,
cell_2373751,-0.7559708757776158,-0.09774610827544886,0.647266299396145,Fibroblast,G1,
cell_2374165,-0.9213470143111051,-0.31658758523320407,0.2255926373352672,Fibroblast,G1,
cell_2374899,-0.03728039617071621,-0.4229324694297601,-0.9053940209395828,Fibroblast,G0,
cell_2376084,0.44395383417284295,-0.06532895773482641,-0.8936650297592856,Fibroblast,G0,
cell_2376149,-0.25650320840749335,-0.9181585490350763,0.30197836821142154,Fibroblast,G2M,
cell_2376496,-0.05448691888592916,0.7763199950131678,-0.6279795862246984,Fibroblast,G0,
cell_2380684,0.8143804837534123,0.551329988154213,-0.18116232049836206,Fibroblast,G1,
cell_2380947,-0.677078936846787,-0.4440129077837497,0.5868701414572602,Fibroblast,G1,
cell_2382489,-0.637830813812297,0.6872991259402169,-0.34755074688183146,Fibroblast,G1-G0 transition,
cell_2383298,0.10292511685476427,-0.6764388438629868,-0.7292715037181196,Fibroblast,G0,
cell_2383882,-0.7484784127143718,0.4996953776938461,0.43598675354279914,Fibroblast,G1,
cell_2385725,-0.9688025643698913,-0.12693166056078786,0.2128618166267444,Fibroblast,G1,
cell_2386620,0.12100191565836249,-0.8664442398997027,0.48438920622801473,Fibroblast,G2M,
cell_2387784,0.13929527892921795,0.7981279283022781,0.5861643704632641,Fibroblast,S,
cell_2389743,-0.425498688189912,0.6726009945538394,0.6054409205104301,Fibroblast,G1,
cell_2389974,-0.33406390063229874,0.4941374996070073,-0.8026391113744502,Fibroblast,G0,
cell_2390271,0.1026562559585425,-0.8782837464766711,0.4669896912917667,Fibroblast,G2M,
cell_2391019,0.5722875145982927,-0.5922937122605495,0.567164188492006,Fibroblast,S,
cell_2392216,0.35820058455544324,-0.45807543156386904,-0.8135472662870681,Fibroblast,G0,
cell_2393217,-0.21653745267127833,-0.2950882427077086,-0.9306096599598315,Fibroblast,G0,
cell_2394678,-0.44560484338699674,0.4568135032211294,-0.7699075052458979,Fibroblast,G0,
cell_2396689,-0.5742183815775116,0.5605372599482418,0.5967169596750346,Fibroblast,G1,
cell_2397468,0.43610018191245536,-0.3790338564485075,-0.8161800980278295,Fibroblast,G0,
cell_2398141,0.7876792997485225,-0.3799231516807679,0.48499466320250034,Fibroblast,S,
cell_2400332,0.5691324231628736,-0.029609976499408386,-0.8217125205500219,Fibroblast,G0,
cell_2400712,0.6352358577964926,0.4581231649221315,0.6217704803690083,Fibroblast,S,
cell_2401185,-0.2094189527053518,-0.3133491352574596,-0.9262591213128876,Fibroblast,G0,
cell_2401193,0.6338262544005214,-0.30140330765627965,-0.7123344210354706,Fibroblast,G0,
cell_2401550,0.6646912996306399,0.4913321751341239,-0.5628304702022424,Fibroblast,G0,
cell_2406702,-0.4215701514931961,0.2119270189803684,0.8816833631089899,Fibroblast,S,
cell_2407358,0.1785376907696022,0.5826093721912723,-0.7929001107273221,Fibroblast,G0,
cell_2409404,-0.4251241556757718,0.4355086304567614,-0.7934744880587206,Fibroblast,G0,
cell_2411227,-0.0007623249085044193,-0.45784619294847434,-0.8890310397096848,Fibroblast,G0,
cell_2411692,-0.8650360745033592,0.241727035956619,0.4396369863739858,Fibroblast,G1,
cell_2414304,-0.2789009353131445,0.8020834173238364,-0.5280875930379438,Fibroblast,G0,
cell_2414874,0.8722150676266257,0.31560603936209286,-0.3736755550675137,Fibroblast,S,
cell_2415736,0.7020827953321717,-0.3967444814918321,0.5913320647634848,Fibroblast,S,
cell_2415834,-0.21858803939242574,0.06379944822974815,-0.9737292838335343,Fibroblast,G0,
cell_2416962,0.6999369161210551,0.39000135431635935,0.5983204120649678,Fibroblast,S,
cell_2417376,-0.5773323004972142,-0.635184268271713,0.5130577537213155,Fibroblast,G1,
cell_2417951,-0.3418906993698867,0.6628338620901076,-0.6661545993316726,Fibroblast,G0,
cell_2419215,0.1820668480351198,0.9818340013000036,-0.0534182817683537,Fibroblast,G1-G0 transition,
cell_2419240,0.011657639655827723,0.25234278300251056,-0.9675676188458309,Fibroblast,G0,
cell_2421859,0.38299164405775477,0.1814597082592949,0.9057536166604714,Fibroblast,S,
cell_2422265,-0.07315326013533613,0.6265665399756967,-0.7759271446859956,Fibroblast,G0,
cell_2423291,-0.9090261819299766,-0.3688735738063092,0.19391711140501533,Fibroblast,G1,
cell_2428648,0.255850077234443,-0.8137593134016947,0.521858653258278,Fibroblast,G2M,
cell_2431660,0.898685853500132,0.3088452903094636,-0.31141363196449595,Fibroblast,S,
cell_2431834,-0.5270651606343376,-0.3551935246511364,-0.7720362387007978,Fibroblast,G0,
cell_2431896,-0.02948185075789489,0.999530139226835,-0.008386604483351254,Fibroblast,G1-G0 transition,
cell_2433261,0.5017489022274193,-0.5417841844992489,-0.6743276543352958,Fibroblast,G0,
cell_2434204,0.2595564631314127,-0.6067729855547199,0.7513034830774952,Fibroblast,G2M,
cell_2435449,-0.06871246372115442,-0.2624657983705017,-0.9624915917350392,Fibroblast,G0,
cell_2436735,0.034678774485084995,0.13591216279285365,-0.9901137661328476,Fibroblast,G0,
cell_2436755,-0.4791684509571874,0.3375696717508029,0.8102125920131857,Fibroblast,S,
cell_2438195,-0.03343944269598609,0.33553232639954744,-0.9414350523373338,Fibroblast,G0,
cell_2438745,0.5083342614856488,-0.6838249013024866,0.5234307908126784,Fibroblast,G2M,
cell_2442558,0.18947593992367884,-0.6168796882170668,0.763909957063444,Fibroblast,G2M,
cell_2443345,-0.8908709762360132,0.3784372860173444,0.251265077799841,Fibroblast,G1-G0 transition,
cell_2445323,-0.2628482401702283,-0.8589359598451812,0.4394767144947864,Fibroblast,G2M,
cell_2448634,-0.8608543928975004,-0.14821019902958682,0.48678876256100045,Fibroblast,G1,
cell_2449450,-0.27378532167449254,-0.40897606669682207,-0.8705056941651035,Fibroblast,G0,
cell_2449792,0.6374902346045084,-0.3227330255143966,0.6996067228592491,Fibroblast,S,
cell_2450432,0.043698699908937766,-0.27013959736186954,-0.9618289646727087,Fibroblast,G0,
cell_2451394,0.8655044703501803,-0.2211911739935479,0.44941789883916117,Fibroblast,S,
cell_2451520,-0.1443259216491516,0.3276485291058646,-0.9337111828559095,Fibroblast,G0,
cell_2455942,0.10758035492964907,0.9722942724468778,-0.2075336604378921,Fibroblast,G1-G0 transition,
cell_2463463,-0.4420583487058978,0.8964600506143782,-0.03072052429050598,Fibroblast,G1-G0 transition,
cell_2464977,-0.5781056953948261,0.16484710002798372,0.7991364881194236,Fibroblast,G1,
cell_2469894,-0.28275395409824033,-0.7961068619496771,0.5350365131603225,Fibroblast,G2M,
cell_2470296,0.8427702542625346,-0.2957154209913486,0.44976756654701955,Fibroblast,S,
cell_2473451,0.7646903751283434,-0.5039699967349869,0.40157519276657616,Fibroblast,S,
cell_2473561,-0.008677269648371122,-0.28478073970371326,-0.9585534815285103,Fibroblast,G0,
cell_2475859,-0.43700433063287714,0.8699233109584841,-0.22860606407558481,Fibroblast,G0,
cell_2476041,0.2506453639825677,-0.5040446648368683,-0.8265082586632789,Fibroblast,G0,
cell_2479892,-0.3623579121481778,0.5941295203306272,0.718127251275862,Fibroblast,S,
cell_2480395,0.21503294436447973,0.011101235736145881,-0.9765436819668905,Fibroblast,G0,
cell_2480686,0.805457554803116,0.18089705706859402,0.5643707526744719,Fibroblast,S,
cell_2481575,-0.009997467116254766,0.7054544409487771,-0.7086848042336394,Fibroblast,G0,
cell_2482165,0.08185667266722291,0.5382177186284061,-0.8388213048646485,Fibroblast,G0,
cell_2482246,-0.5757334162044675,-0.4159870753363617,0.7039074910685114,Fibroblast,G1,
cell_2484496,-0.002299974317960668,0.6855651686261406,0.7280075543736024,Fibroblast,S,
cell_2487513,0.31867128344148804,0.9124854901681589,0.2565516936324743,Fibroblast,S,
cell_2487687,-0.8520915149162467,0.47353047426062256,-0.22295516260768694,Fibroblast,G1-G0 transition,
cell_2487864,0.6013654447873313,0.777361411986057,0.18457763658168097,Fibroblast,G1,
cell_2489039,-0.8259994679327602,-0.39881937525698624,0.39833142408254496,Fibroblast,G1,
cell_2489284,0.27923732779842764,0.8140338367861346,0.5092892004547833,Fibroblast,S,
cell_2489869,-0.14013182692573184,0.811201417162705,0.5677281988761824,Fibroblast,G1,
cell_2493137,0.49509928043321777,0.6418054126572293,0.5856299930602803,Fibroblast,S,
cell_2493559,-0.357657366415269,0.9333406271147574,0.03092520626890296,Fibroblast,G1-G0 transition,
cell_2496063,-0.6158125400430705,0.29377471614711664,0.731075449210656,Fibroblast,G1,
cell_2497117,0.9307281555600413,-0.2385116764767722,0.2772315900257512,Fibroblast,S,
cell_2499669,0.9747137296160572,0.215817937508945,0.05792936898733381,Fibroblast,G1,
cell_2501897,-0.11294163907755096,0.9585442500923393,0.2616050596756795,Fibroblast,G1,
cell_2502023,-0.06907622539684138,0.45856650579054903,-0.8859712411764039,Fibroblast,G0,
cell_2504757,0.4705551473481089,-0.42182559282990895,-0.7750102944475807,Fibroblast,G0,
cell_2509032,0.3608945683858603,-0.332428784626156,0.8713473291494401,Fibroblast,S,
cell_2509134,0.23744079261049972,-0.842541238112615,0.4834729531899704,Fibroblast,G2M,
cell_2510563,0.8086714573353613,-0.36140560376023,0.46415129669703853,Fibroblast,S,
cell_2512251,-0.6777857704510636,-0.6683558648183546,0.3064422507805261,Fibroblast,G1,
cell_2512326,0.04758004154099543,0.7483756393459452,-0.6615662744674764,Fibroblast,G0,
cell_2513031,-0.14609623351504958,-0.9628511538137772,0.22709791262551404,Fibroblast,G2M,
cell_2514818,-0.01524933632040748,-0.9356009863229878,0.3527298485879329,Fibroblast,G2M,
cell_2515528,0.04594991112514879,-0.06360246620645559,-0.9969168755840336,Fibroblast,G0,
cell_2515569,-0.3859545852864153,-0.2514422746259433,-0.8875899542146676,Fibroblast,G0,
cell_2515605,0.45704146781446986,-0.4464599215089132,-0.7692765910372632,Fibroblast,G0,
cell_2518501,0.30307079783348834,-0.16183205505225812,0.9391264782804167,Fibroblast,S,
cell_2518526,-0.8653508746896578,0.34341309677574827,0.36501395665768765,Fibroblast,G1-G0 transition,
cell_2518599,0.40935498897526146,-0.1438225894896579,-0.9009680317457514,Fibroblast,G0,
cell_2521588,0.2805091639386326,-0.3482232580888769,-0.8944580471920689,Fibroblast,G0,
cell_2523244,-0.37291262725803215,-0.832415187233978,0.4099033214816551,Fibroblast,G2M,
cell_2524931,0.34329255798809905,0.7546434471933938,0.5591634038885916,Fibroblast,S,
cell_2527022,-0.8586042360139013,-0.4064835399420652,0.3123616546318271,Fibroblast,G1,
cell_2527024,0.8088245658746762,0.011198222217345385,0.5879434313401173,Fibroblast,S,
cell_2532079,0.1725450967979773,0.1906141721614515,-0.9663820994670116,Fibroblast,G0,
cell_2533118,0.009063361233556166,0.9424738964451415,-0.3341566464928133,Fibroblast,G0,
cell_2535675,-0.9465958619113304,0.07291720860358503,0.3140691714208833,Fibroblast,G1,
cell_2538116,-0.028222610859157726,0.0894710847740378,-0.9955894520592825,Fibroblast,G0,
cell_2538975,0.649291988121713,-0.008785413962199284,-0.7604883863553795,Fibroblast,G0,
cell_2539518,-0.5507873378656012,0.6944509965038163,-0.4630022224261991,Fibroblast,G0,
cell_2539556,-0.7618889854084145,0.12949991872192493,0.6346296918219623,Fibroblast,G1,
cell_2539990,0.7059631542201492,-0.0884508963158699,0.7027035746350443,Fibroblast,S,
cell_2540830,0.5872247787277127,0.09753976112584478,-0.803525423892616,Fibroblast,G0,
cell_2541258,0.7660141295858146,-0.4574725125637062,0.4515989656363064,Fibroblast,S,
cell_2542770,0.2824155387974411,-0.522529215516931,0.8044904173493499,Fibroblast,S,
cell_2544634,-0.6837862905172829,-0.12262738092579073,0.7193044649999636,Fibroblast,G1,
cell_2545345,0.5277912059470834,-0.20631738879798467,0.8239354299619341,Fibroblast,S,
cell_2545935,0.20067702162385442,-0.12652277602870948,-0.9714529025933416,Fibroblast,G0,
cell_2548127,-0.4054703362567856,0.4866302241991546,-0.7738118344761394,Fibroblast,G0,
cell_2548323,0.5382666689526667,-0.24041761130446773,-0.8077551297160928,Fibroblast,G0,
cell_2548590,-0.9062917433799212,0.36515012597401586,-0.21283931986263432,Fibroblast,G1-G0 transition,
cell_2550638,0.91014357462239,0.40388841969825695,-0.09226528347606666,Fibroblast,S,
cell_2552347,-0.6039087807428644,0.5942931855599751,-0.5311400316005264,Fibroblast,G0,
cell_2553211,-0.870493577895636,0.452995869576453,0.19244670880367434,Fibroblast,G1-G0 transition,
cell_2556177,0.7750844667214167,-0.38203170655082386,0.5032850620913953,Fibroblast,S,
cell_2556471,0.0894136721812614,-0.634169225795969,0.7680068499676431,Fibroblast,G2M,
cell_2556797,-0.5905583477048986,0.4479176982631433,0.6712753669950025,Fibroblast,S,
cell_2557870,0.050893166778403776,-0.28968833701369723,-0.9557670413921306,Fibroblast,G0,
cell_2558045,-0.6347627871603638,-0.5068708057496694,0.5832307168903188,Fibroblast,G1,
cell_2562778,-0.6755681185766289,0.7314198223795287,0.09291274598839752,Fibroblast,G1-G0 transition,
cell_2563201,0.20965666079796308,0.15841580445443978,-0.964856705598951,Fibroblast,G0,
cell_2563866,-0.42816896261995024,0.023251801689065068,-0.9033995484513169,Fibroblast,G0,
cell_2564710,-0.156830724529193,0.23696322649940854,-0.9587765447930835,Fibroblast,G0,
cell_2565365,0.06854891820573067,-0.05912889762056163,-0.9958940425368011,Fibroblast,G0,
cell_2565994,-0.7263891289868718,0.527807278657284,-0.44020235882980996,Fibroblast,G0,
cell_2566543,-0.003861114817768893,0.9146906271692025,0.40413636786184837,Fibroblast,G1-G0 transition,
cell_2568953,-0.29997357354091286,-0.9057164882659101,0.29948897917927586,Fibroblast,G2M,
cell_2569300,0.17627030197095978,0.9542851415606173,0.241388615273693,Fibroblast,G1-G0 transition,
cell_2572331,0.12521709972960854,-0.564737781254255,-0.8157156323012167,Fibroblast,G0,
cell_2572798,0.7474139909029034,-0.09936167303406675,0.6568863349426544,Fibroblast,S,
cell_2572858,0.671081869456216,0.24139629356839387,0.7009829368976326,Fibroblast,S,
cell_2575170,-0.2727430006601486,0.7045431000524957,0.6551565319841768,Fibroblast,G1,
cell_2576855,-0.6199580260565959,-0.32445157263531516,0.7144111134533955,Fibroblast,G1,
cell_2577550,-0.5957996411013065,0.6455753595444402,0.4777605468526228,Fibroblast,G1,
cell_2578281,0.6252256634713219,-0.16223912905139418,0.7633945820721559,Fibroblast,S,
cell_2579692,0.5787266858246698,-0.46499216426080237,0.6699684634209331,Fibroblast,S,
cell_2580547,0.1430691193068407,-0.28245662301430596,-0.9485512078637818,Fibroblast,G0,
cell_2581024,0.5849550760606138,-0.6658010915222857,0.4631807501924951,Fibroblast,S,
cell_2582794,0.7690842733528519,-0.23043872526952103,0.5961604018781159,Fibroblast,S,
cell_2585030,0.16971785796874794,0.06681903312918938,-0.9832249226425664,Fibroblast,G0,
cell_2587147,-0.10539332871589338,0.9929513356079244,-0.05422030058035639,Fibroblast,G1-G0 transition,
cell_2588386,0.8439284228260713,-0.10023194326370505,0.5270087135585019,Fibroblast,S,
cell_2588495,0.5525570105729873,0.6392888412859793,0.5347808059666913,Fibroblast,S,
cell_2588775,-0.4814371517204713,0.39085616365720155,0.7845059827841181,Fibroblast,G1,
cell_2589016,0.5331065116373379,-0.39870696847940684,0.7462106270141132,Fibroblast,S,
cell_2589570,-0.2957299814112869,0.6216785303955236,-0.7252996030833462,Fibroblast,G0,
cell_2590721,-0.7325290387701842,-0.10548232059432947,0.6725137994192663,Fibroblast,G1,
cell_2593142,0.582918832761957,0.6220766452489777,0.5227105242302731,Fibroblast,S,
cell_2593180,-0.750569186464472,0.3868260883616167,0.5357344927183132,Fibroblast,G1,
cell_2597011,0.6070561928266869,-0.4317859519469174,0.6671159681576124,Fibroblast,S,
cell_2597268,-0.9921151688774177,0.051526843244687426,0.11424733248456215,Fibroblast,G1-G0 transition,
cell_2597904,0.3959540881506087,-0.8792415342607033,0.2648671113229273,Fibroblast,G2M,
cell_2602130,0.6143579539615366,-0.03613745376899744,0.7881995972381824,Fibroblast,S,
cell_2605352,-0.5241664937184852,0.69449739484573,0.49287207965807145,Fibroblast,G1,
cell_2605656,0.48763092188714224,-0.6269060884787736,-0.6076220728593906,Fibroblast,G0,
cell_2606861,0.5599684405134803,-0.5548758254749084,-0.6152627186802839,Fibroblast,G0,
cell_2607097,-0.3212645010390977,0.45629991022292826,-0.8298069037164809,Fibroblast,G0,
cell_2607693,-0.6905059794659757,-0.502506087878756,0.5202778706768885,Fibroblast,G1,
cell_2607975,-0.6007028933490094,0.7876858318010836,-0.13677402484156626,Fibroblast,G1-G0 transition,
cell_2608356,-0.47078599394505927,0.7148480405950688,-0.5170617986440166,Fibroblast,G0,
cell_2609226,0.34873907941149596,0.6362257446844606,0.6881845351889254,Fibroblast,S,
cell_2609417,0.5292993393542723,0.410288711875214,0.7426339956191528,Fibroblast,S,
cell_2609798,0.2188305874108083,-0.31316840645566957,-0.9241421309652923,Fibroblast,G0,
cell_2610323,0.041255372417971614,-0.6843259448043878,0.7280082657546569,Fibroblast,G2M,
cell_2611392,0.008959887846694659,0.3950872823657002,-0.9185999209565656,Fibroblast,G0,
cell_2611610,-0.13547324721581092,0.8453144934639049,0.5168080313063831,Fibroblast,G1,
cell_2613024,-0.856390909857715,-0.12445783628194852,0.501103765833447,Fibroblast,G1,
cell_2616122,0.5186085839807615,-0.12394689199855737,0.8459800814959055,Fibroblast,S,
cell_2617802,0.41277407609535655,-0.5417815276010209,-0.7321818818421479,Fibroblast,G0,
cell_2619397,0.04749117781581019,-0.6469800200188699,0.7610266836849743,Fibroblast,G2M,
cell_2620537,0.8539008650699564,0.5187455674265161,-0.041907566724341094,Fibroblast,G1,
cell_2620586,0.30031677257495226,-0.4012525171857384,-0.8653359763457431,Fibroblast,G0,
cell_2622301,-0.3039222450054666,0.14093178287271158,-0.9422151868133645,Fibroblast,G0,
cell_2623779,0.5739633805515492,-0.12219205726694982,0.8097130249763871,Fibroblast,S,
cell_2630584,0.8870570143719593,0.4615485692977641,0.010139894120088477,Fibroblast,G1,
cell_2632521,0.3371175514922154,-0.3751575267528052,-0.8634863045637389,Fibroblast,G0,
cell_2635272,-0.5460544768491725,0.5917873423332857,-0.5929689917086278,Fibroblast,G1-G0 transition,
cell_2635661,0.3181622393811565,0.8012916015592055,0.5066601763947663,Fibroblast,S,
cell_2636185,0.01763596148955604,-0.24077088138500405,-0.9704217198471385,Fibroblast,G0,
cell_2637307,-0.8192361472829075,0.2778173974838172,0.5016667665623276,Fibroblast,G1,
cell_2637612,-0.23403186471934015,-0.21264182780211946,-0.9486899210625501,Fibroblast,G0,
cell_2641724,0.5356262655518589,-0.6286399561076648,0.563840645173508,Fibroblast,S,
cell_2643150,-0.15984807367433826,-0.03622597570443971,-0.9864766345009477,Fibroblast,G0,
cell_2643607,-0.7629511707217906,-0.13112460346691499,0.6330180451835721,Fibroblast,G1,
cell_2644238,-0.22236333051022714,0.9086543222278908,-0.35341455628619134,Fibroblast,G0,
cell_2644785,0.5777945022623803,-0.6663056067352413,0.47137082965166077,Fibroblast,S,
cell_2646806,0.5832546032485337,-0.32946084211613075,0.7424751923944359,Fibroblast,S,
cell_2647369,-0.07970101544806557,0.5823080642499942,-0.8090519384751955,Fibroblast,G0,
cell_2647723,0.7407611461155752,0.5313061466643476,0.41107982755621836,Fibroblast,S,
cell_2649079,-0.37150911906022316,0.7606275302794056,-0.5323783881970184,Fibroblast,G0,
cell_2649759,0.13234612224716957,-0.6467804908120399,0.75110539870276,Fibroblast,G2M,
cell_2650336,0.7452513433087968,0.21927632295368776,0.6296969170633672,Fibroblast,S,
cell_2651259,0.4289952124333638,-0.4355567234772176,-0.791361754278779,Fibroblast,G0,
cell_2652271,-0.29969397507740664,0.7669457545037657,0.5674308413801451,Fibroblast,G1,
cell_2654705,-0.41727239611098627,0.46603164283881715,0.780191172762385,Fibroblast,S,
cell_2656468,-0.4806643338230881,-0.1573808087633699,-0.86266627702335,Fibroblast,G0,
cell_2656491,-0.3951329043545029,0.2704210958997258,-0.8779192966488703,Fibroblast,G0,
cell_2659264,-0.9425383675285157,0.33408263509238345,0.0032024607866915633,Fibroblast,G0,
cell_2659479,0.5000706003447776,-0.18496614624549623,-0.8460004975989293,Fibroblast,G0,
cell_2662344,-0.12262474271900584,-0.250211671262661,-0.9603942925747606,Fibroblast,G0,
cell_2663682,-0.8186013858866,0.03848897715559338,0.5730708928618813,Fibroblast,G1,
cell_2663826,0.7278348136280182,-0.31076941657584534,0.6112928536935833,Fibroblast,S,
cell_2664323,-0.04668876171313533,0.8914013992642756,0.4508033087874494,Fibroblast,G1,
cell_2664657,0.044635088200647155,-0.34326815229237295,-0.938176202183892,Fibroblast,G0,
cell_2666699,-0.8978617416051939,0.3303353524805868,-0.2910719080285791,Fibroblast,G1-G0 transition,
cell_2670212,-0.28300037453276417,0.5280670886032688,-0.8006595837527677,Fibroblast,G0,
cell_2670354,0.38257826738635203,-0.020231329295448658,-0.9237015400762021,Fibroblast,G0,
cell_2670410,0.6755878440866478,0.7061558814799629,-0.2119551819648302,Fibroblast,G1-G0 transition,
cell_2670924,0.5085039743701252,-0.3033927120666483,-0.805839001853826,Fibroblast,G0,
cell_2671560,0.9921535051290673,0.10043733121516107,0.07445601837408566,Fibroblast,G1,
cell_2672477,-0.6778357206659076,0.7345251940982891,-0.031802594950537943,Fibroblast,G1-G0 transition,
cell_2672674,-0.09635592489484893,-0.48257087044517527,-0.8705405903445724,Fibroblast,G0,
cell_2673266,0.4760076304339085,-0.03430856932490406,-0.8787715814545933,Fibroblast,G0,
cell_2674308,-0.799644905293542,0.050275854817577126,0.5983648795412729,Fibroblast,G1,
cell_2674320,-0.0883128061745031,-0.9060689643812246,0.41381143038667145,Fibroblast,G2M,
cell_2675504,0.18048720143942015,-0.23782049273805433,-0.9543928510643387,Fibroblast,G0,
cell_2680695,-0.3296693053996251,0.41555448458944094,-0.8477219818845833,Fibroblast,G0,
cell_2681124,-0.9460828430439703,0.28509436940615296,-0.1537799330901864,Fibroblast,G1-G0 transition,
cell_2682314,0.02243175437392303,-0.08666274492354796,-0.9959851605818538,Fibroblast,G0,
cell_2684075,0.24270256856206485,-0.6543419182730078,0.7161926824599756,Fibroblast,G2M,
cell_2684342,-0.2640077450228368,0.1123713984715366,-0.9579522045550546,Fibroblast,G0,
cell_2685025,-0.02491134723057959,0.9236557391684517,0.3824126462156053,Fibroblast,G1,
cell_2686701,-0.3981765838915038,0.39965642095837195,-0.8256694340099442,Fibroblast,G0,
cell_2687073,0.5545671137344188,-0.35887870686664364,-0.7507737567518803,Fibroblast,G0,
cell_2691705,-0.6443850143067475,0.0906120234339709,0.7593137214814655,Fibroblast,S,
cell_2692822,0.23861253882055006,0.8610919461886913,0.4489817833636608,Fibroblast,G1,
cell_2693322,-0.6734415287573643,-0.46625324105355503,0.5736588052295356,Fibroblast,G1,
cell_2694389,-0.3549739329065345,0.5568745270409147,-0.7509221142843797,Fibroblast,G0,
cell_2695230,0.6426339673919206,-0.6423704399371369,0.41759045177504245,Fibroblast,S,
cell_2695729,0.03749320878616191,0.967565132497707,0.24982420061428084,Fibroblast,G1,
cell_2696879,-0.4919002163095097,0.7098771148580391,-0.5040917734437821,Fibroblast,G0,
cell_2699266,-0.5706952623931737,0.572250962450683,-0.5889277244530658,Fibroblast,G0,
cell_2702796,-0.4015844195658807,-0.8052978284213894,0.4361482692823388,Fibroblast,G2M,
cell_2706501,0.7788893549319619,0.5514133803543776,0.2987887184733257,Fibroblast,S,
cell_2706677,-0.6515873131602193,0.3198198321764846,-0.6878583982401275,Fibroblast,G0,
cell_2706829,-0.3962975729504089,-0.6177908260233859,-0.679178013967564,Fibroblast,G0,
cell_2707699,-0.13376591604076288,-0.9369782420135753,0.3227669772765264,Fibroblast,G2M,
cell_2708475,-0.4727681652243805,0.44096346128464947,-0.762916436035095,Fibroblast,G0,
cell_2709200,0.15849326127301638,-0.1919631322578126,-0.9685194842642174,Fibroblast,G0,
cell_2711960,-0.6004689839634665,0.7992925602252877,0.023845124802050754,Fibroblast,G1-G0 transition,
cell_2713287,-0.8432410381935989,0.46013477055078755,-0.27788582104104526,Fibroblast,G1-G0 transition,
cell_2713488,-0.38277373630184897,-0.8048456299865628,0.45355003995272514,Fibroblast,G2M,
cell_2714544,-0.32900153119547737,-0.913522926198616,0.2392362061184846,Fibroblast,G2M,
cell_2714557,-0.941124830990368,-0.2648280383606298,0.21011920580285795,Fibroblast,G1,
cell_2715128,-0.7985458335923039,-0.47508943478478427,-0.3696139934849574,Fibroblast,G0,
cell_2715611,-0.5834327534342281,0.8042354703266186,0.1131879642827037,Fibroblast,G1-G0 transition,
cell_2715940,0.6622873608140759,0.15743820387343782,0.73252199249861,Fibroblast,S,
cell_2716137,-0.3317988100407423,-0.34033809606255,-0.879817907405599,Fibroblast,G0,
cell_2720728,0.06730541647520388,-0.8528637128580493,0.5177773678763307,Fibroblast,G2M,
cell_2721794,-0.8884514657507858,0.31955885791289523,0.32944838376454144,Fibroblast,G1,
cell_2723209,-0.7278838682873717,0.05074129356238083,0.6838204230683818,Fibroblast,G1,
cell_2724137,-0.776919525700511,-0.12371658557031881,0.61732513480069,Fibroblast,G1,
cell_2724388,-0.8107711884273194,0.5516880321415091,-0.19567956384262905,Fibroblast,G1-G0 transition,
cell_2724413,0.9196317524545736,0.26088189440151405,0.2936292444911941,Fibroblast,G1,
cell_2726783,0.2093229016350695,-0.0930115540431872,-0.9734130078315177,Fibroblast,G0,
cell_2728054,-0.43207119808833133,0.10079709065713136,-0.8961889033788019,Fibroblast,G0,
cell_2730686,0.47690951274516397,-0.8075309346039338,0.3470605931774241,Fibroblast,S,
cell_2732205,0.25726850349370645,0.784181287260398,0.564687867563697,Fibroblast,G1,
cell_2732681,-0.07801260974386054,0.20224715466676718,-0.9762223597618452,Fibroblast,G0,
cell_2733376,0.6697911339691746,-0.47794851110247466,-0.5682825192264307,Fibroblast,G0,
cell_2733889,-0.4064643949399202,0.8755526694987088,-0.26114003974919736,Fibroblast,G1-G0 transition,
cell_2734127,-0.647328048769607,-0.5713562629568834,0.5044981392514402,Fibroblast,G2M,
cell_2735789,-0.17822290855146175,-0.28310555609854066,-0.942384174731889,Fibroblast,G0,
cell_2739383,0.3823511486056176,-0.7876463260617064,-0.48313667192265,Fibroblast,G0,
cell_2740930,-0.8873315128591391,-0.0686699864914748,0.4559902896821892,Fibroblast,G1,
cell_2742763,-0.01645822819863224,0.6613839445745371,-0.7498668996761171,Fibroblast,G0,
cell_2743111,0.6163971645578413,0.21207064452192786,-0.7583405933270573,Fibroblast,G0,
cell_2744026,-0.43785030973194683,0.298248274396853,-0.848136250983055,Fibroblast,G0,
cell_2744292,0.40611173088666414,0.043445162951242886,0.9127901660276638,Fibroblast,S,
cell_2744567,0.08049397946709119,0.25267532179790253,-0.9641970125933743,Fibroblast,G0,
cell_2745448,0.4158114070936919,0.03960681756641066,-0.9085879595779354,Fibroblast,G0,
cell_2748941,0.6949991669093888,0.36821187085173424,0.617572833467532,Fibroblast,S,
cell_2749379,0.825206148583423,-0.08461171960777247,0.5584581727448048,Fibroblast,S,
cell_2749750,0.7905060718981985,-0.2050995341017234,0.5770914522168002,Fibroblast,S,
cell_2750491,0.6713077991602692,-0.42321474507410894,-0.6084694841902625,Fibroblast,G0,
cell_2751021,0.21211752110396548,0.4018467308811279,-0.8908003495690144,Fibroblast,G0,
cell_2751043,0.4162207413667466,0.3105016655067273,0.8546046214054916,Fibroblast,S,
cell_2751089,-0.1846793678225429,0.451822998507653,-0.8727825228536442,Fibroblast,G0,
cell_2751468,-0.39686713426721465,0.5867587460333736,0.7058404110991516,Fibroblast,S,
cell_2752423,0.1219065670260519,-0.9092166548176899,0.3980752833489949,Fibroblast,G2M,
cell_2755451,0.5934240873872859,-0.39500195309629405,0.7012997409156946,Fibroblast,S,
cell_2755900,0.6171769603708012,0.7777446156383976,0.11918845209459461,Fibroblast,G1,
cell_2757277,-0.14521273151273523,-0.8879928206495531,0.43632784200437935,Fibroblast,G2M,
cell_2758119,-0.17783594916397055,-0.7083236726217108,-0.6831193333314899,Fibroblast,G0,
cell_2758197,-0.41511045147506664,-0.33141912579619215,-0.8472571146101295,Fibroblast,G0,
cell_2759620,-0.04080705438133092,-0.7524283686652276,0.657408749629204,Fibroblast,G2M,
cell_2760841,-0.7514455734787889,0.5102412870728241,0.41831021589707834,Fibroblast,G1,
cell_2762737,-0.3180129727016464,0.502282706307004,-0.8041018423585448,Fibroblast,G0,
cell_2763381,0.1535249423343199,-0.0014093277379712832,-0.9881438482047993,Fibroblast,G0,
cell_2765298,-0.6194707923961433,0.0965109172851081,-0.7790645207792308,Fibroblast,G0,
cell_2766579,0.39172052260645085,-0.188375245906944,-0.9005940718140042,Fibroblast,G0,
cell_2767901,0.09981542122355502,0.0697533679315703,-0.9925580427951751,Fibroblast,G0,
cell_2769154,0.03387678541374772,-0.5535827438558448,0.8321049916108537,Fibroblast,G2M,
cell_2769327,0.0603022810567454,0.22900875871468568,-0.971554825121947,Fibroblast,G0,
cell_2769571,-0.5295892136599378,-0.19418385175048636,0.8257286992156494,Fibroblast,G1,
cell_2772002,-0.8687287099290907,0.4020950990291192,0.28918842760209107,Fibroblast,G1-G0 transition,
cell_2773328,-0.7225454237028115,0.679262641288426,-0.1285697471763902,Fibroblast,G0,
cell_2774993,0.27516047400659005,0.15009822235151224,-0.9496089722858032,Fibroblast,G0,
cell_2775212,-0.43132957152026175,-0.8421451933817963,0.32364538608711935,Fibroblast,G2M,
cell_2776333,-0.5496579122377029,0.7600913859552529,-0.34660845896444803,Fibroblast,G1-G0 transition,
cell_2778302,0.008098804095186561,0.8960680124746341,0.44384295299766163,Fibroblast,G1,
cell_2781172,0.04767834550394606,-0.6029261008828237,0.7963710838809266,Fibroblast,G2M,
cell_2781209,-0.5922802531736528,-0.3149716183566116,0.7416178564404403,Fibroblast,G1,
cell_2782971,-0.232600846321017,0.6975442334975439,-0.6777380825308494,Fibroblast,G0,
cell_2782992,0.3478023838285812,-0.2155047113435144,0.9124643122702335,Fibroblast,S,
cell_2785068,0.2569159555768803,-0.7633555247952741,-0.5926910047635945,Fibroblast,G0,
cell_2787411,-0.2714722302728631,0.9551548477321173,0.11824527040832916,Fibroblast,G1-G0 transition,
cell_2789053,0.22083542260730427,-0.42262467915850394,-0.8789881317184066,Fibroblast,G0,
cell_2790285,0.3984277472761883,-0.563831263634635,-0.7234290339535383,Fibroblast,G0,
cell_2793196,0.9202030217362638,0.3828138294734069,-0.08173086979383765,Fibroblast,S,
cell_2793296,-0.8797142250546117,0.4704369488986677,0.06922375380665277,Fibroblast,G1-G0 transition,
cell_2795811,0.06341911699620317,0.06796288328725512,-0.9956701775696076,Fibroblast,G0,
cell_2796483,0.6439325119219097,-0.3844385885374214,0.661481622359481,Fibroblast,S,
cell_2798932,0.23399942367887716,0.18345502119339913,-0.9547716353867504,Fibroblast,G0,
cell_2798997,0.1720654808551879,0.46538828836773627,-0.8682206881589725,Fibroblast,G0,
cell_2800541,0.12747262716614033,-0.3406028012935779,-0.9315258256470234,Fibroblast,G0,
cell_2801067,-0.20270746591698827,0.8175726048206584,-0.538966407839391,Fibroblast,G0,
cell_2801174,-0.10472490520773284,0.8309842590588629,0.5463495646533324,Fibroblast,S,
cell_2802235,0.709719581930013,-0.19253489714085653,0.6776638635992053,Fibroblast,S,
cell_2803960,0.057837728949876266,-0.391276625705711,-0.9184538438059466,Fibroblast,G0,
cell_2807589,-0.2441271571074033,-0.35157895517446136,-0.903766673210166,Fibroblast,G0,
cell_2808517,0.5368918909317516,-0.5230390297550065,-0.6619495852584582,Fibroblast,G0,
cell_2809169,-0.06956458070832378,0.6935648559084221,-0.717027507265818,Fibroblast,G1-G0 transition,
cell_2810650,-0.5027590871252885,0.7055303349687315,-0.49945986214728033,Fibroblast,G0,
cell_2812269,0.5723745556382409,0.36932957437242553,0.7321086301640108,Fibroblast,S,
cell_2812972,-0.32119081964143326,-0.4666168247663144,-0.824078447726027,Fibroblast,G0,
cell_2813748,-0.3121379130934735,0.8738049797192811,-0.37287350841156996,Fibroblast,G1-G0 transition,
cell_2814904,-0.4379254271129585,0.7304963074639619,-0.5240194593882074,Fibroblast,G0,
cell_2815802,0.5731086907158827,-0.49442214383381267,0.6535235550207444,Fibroblast,S,
cell_2820312,-0.5437087489298306,0.7850052637970402,0.29689659033407223,Fibroblast,G1,
cell_2822864,-0.732176510640002,-0.5509458837565631,0.4004699200739406,Fibroblast,G1,
cell_2823463,0.7083474396286573,0.06153077343499734,0.7031769995448904,Fibroblast,S,
cell_2826817,-0.4065900371534614,0.577537232892115,0.7079091559234125,Fibroblast,S,
cell_2827613,-0.5326593035907974,0.16151838374566227,0.8307741636152043,Fibroblast,G1,
cell_2828329,0.6716034100902761,-0.3340454088439319,0.661333905660765,Fibroblast,S,
cell_2829497,0.6196662434622513,-0.003582346580098511,-0.7848572505274043,Fibroblast,G0,
cell_2830286,0.016126157922963354,-0.9090418542779631,-0.41639271075226325,Fibroblast,G0,
cell_2831186,-0.07410069043356343,-0.05088447093124594,-0.9959517090010772,Fibroblast,G0,
cell_2831563,0.4294697573383766,0.3792678410763765,0.8195801477403216,Fibroblast,S,
cell_2832243,-0.6385092372351879,0.30725905421869965,0.7056187051358791,Fibroblast,G1,
cell_2834746,-0.569978153042715,0.01252348730652103,0.8215643569452193,Fibroblast,G1,
cell_2838728,0.4973372943931102,-0.11956610154205116,-0.8592785715450241,Fibroblast,G0,
cell_2839012,0.786098102809478,0.6171508874823415,0.034269995621147686,Fibroblast,G1,
cell_2839036,-0.49644598404161905,0.37120745292998447,0.7846951252008656,Fibroblast,G1,
cell_2840513,-0.2854998264523702,-0.020763322923602445,-0.9581538249779114,Fibroblast,G0,
cell_2840789,0.49993412773440493,-0.5424746259635975,-0.6751202870032531,Fibroblast,G0,
cell_2841069,0.34921609278402643,-0.38574141142159424,-0.8539622896706692,Fibroblast,G0,
cell_2844288,-0.6974568790236411,-0.028781588290165833,0.7160484831152872,Fibroblast,G1,
cell_2850417,-0.044409291786727256,0.06444859698943856,-0.9969323749535459,Fibroblast,G0,
cell_2850438,-0.8870103275181199,-0.26886387211697477,0.37539971640262737,Fibroblast,G1,
cell_2854572,0.5451495520096855,-0.6051569231006383,0.5801695881765833,Fibroblast,G2M,
cell_2858398,0.6704884207902873,-0.120205921321198,-0.7321173877994472,Fibroblast,G0,
cell_2858705,0.6190273812013949,-0.03436837441823506,0.7846169559872372,Fibroblast,S,
cell_2859388,0.537622650592322,0.26870090954309966,0.7992257221053601,Fibroblast,S,
cell_2859934,0.46927000828292353,-0.8467736317713664,0.2505194144513459,Fibroblast,S,
cell_2860385,0.28527754086013857,0.4899118018422461,-0.823773735142011,Fibroblast,G0,
cell_2863680,-0.32178827074292715,0.5187339837128987,-0.7920651843426709,Fibroblast,G0,
cell_2863921,-0.2933983388803906,-0.48225190098859694,-0.8254396348094386,Fibroblast,G0,
cell_2864267,0.42954698781287504,-0.3705507304449027,-0.8235176296087353,Fibroblast,G0,
cell_2864566,-0.013455272353926045,0.6371520268854328,0.770620723838428,Fibroblast,S,
cell_2865282,0.5439676530437636,-0.5319205117093563,-0.6489682164850131,Fibroblast,G0,
cell_2867272,-0.7606057005289703,-0.0802523370870773,0.6442349169732837,Fibroblast,G1,
cell_2869969,-0.31861399690397724,0.24170051153731195,-0.9165511398535092,Fibroblast,G0,
cell_2871021,-0.4982710340542668,-0.13269652588788391,-0.8568065557635466,Fibroblast,G0,
cell_2874813,0.8437729282791293,-0.39685596871813533,0.3613207459355332,Fibroblast,S,
cell_2874852,0.1860155818700282,-0.5163767477328515,-0.8359146085252375,Fibroblast,G0,
cell_2875851,0.7590200196424263,-0.2778901840485989,0.5887830958521632,Fibroblast,S,
cell_2875982,0.1765951869592075,-0.6651069787977171,0.7255665773856744,Fibroblast,G2M,
cell_2876029,-0.02030454522583275,-0.8783452634298082,0.47759536141166153,Fibroblast,G2M,
cell_2876262,-0.23874848716563374,-0.3640082328522192,-0.9002761657732316,Fibroblast,G0,
cell_2877290,-0.47006423229945804,0.22191050067891685,-0.8542805303825729,Fibroblast,G0,
cell_2878019,0.5521835615191373,-0.45670266823311,-0.6975068477832822,Fibroblast,G0,
cell_2879932,0.7535067862469419,-0.329788443764233,0.568741694088127,Fibroblast,S,
cell_2886254,-0.9755345733363789,0.10881249193304404,-0.19102903576333968,Fibroblast,G1-G0 transition,
cell_2888048,0.5544868670931382,-0.05903733501243569,-0.8300957782638521,Fibroblast,G0,
cell_2888281,0.4251218797912742,-0.7058720810906156,0.5665828213061253,Fibroblast,G2M,
cell_2888631,0.44999545712065026,-0.3981004248241532,0.7993873362580133,Fibroblast,S,
cell_2889984,-0.20676713551977172,0.34542573311913954,-0.9153843558352848,Fibroblast,G0,
cell_2890926,0.37622787625145865,-0.11123277988555456,0.9198260493064212,Fibroblast,S,
cell_2891112,0.9638144278824727,0.0028467947278193184,0.26655914233717504,Fibroblast,S,
cell_2893744,0.525406474987059,-0.011646006382244278,-0.8507715794432691,Fibroblast,G0,
cell_2894673,-0.0727310567836163,0.9706262667327908,-0.22933585825903108,Fibroblast,G0,
cell_2895893,0.2820021046701342,-0.11994493713475765,-0.9518865773545313,Fibroblast,G0,
cell_2897157,-0.7548507952554514,-0.5170752668671259,0.40352614245716617,Fibroblast,G1,
cell_2900601,-0.7837922872746825,0.4286912993162639,0.4493254409397135,Fibroblast,G1,
cell_2904106,0.6964868571328418,0.21493862587906493,0.6846220513682326,Fibroblast,S,
cell_2905598,0.009487560546880297,0.6565227670558341,0.7542464825675116,Fibroblast,S,
cell_2907925,-0.006845399020211654,0.9096019931702833,0.4154241889379159,Fibroblast,G1,
cell_2908193,0.5773462368147435,-0.18983929501700905,0.7941237544720828,Fibroblast,S,
cell_2912532,0.19184624115776877,0.03809199348543095,-0.980685500466028,Fibroblast,G0,
cell_2912854,-0.2804352581874874,-0.23839794412726487,-0.9297970101150864,Fibroblast,G0,
cell_2912964,-0.9729555677515715,0.22732775617883375,0.04098322776028274,Fibroblast,G1-G0 transition,
cell_2913143,0.5106413258484184,0.506838446753577,0.6945216027032266,Fibroblast,S,
cell_2913319,-0.05196327270039436,0.8877094279603921,-0.4574623284621815,Fibroblast,G0,
cell_2913459,-0.37769383018714114,0.8486108114850525,0.37041476138262014,Fibroblast,G1,
cell_2913510,-0.9005067360176109,0.4297894657925068,0.06609580436594437,Fibroblast,G1-G0 transition,
cell_2914186,-0.5084074692162385,0.5765292086515539,-0.6396372706529625,Fibroblast,G0,
cell_2915401,0.7119042989555449,-0.460442705248423,0.5302684228070214,Fibroblast,S,
cell_2916479,-0.3334088398726341,0.8492114696884728,-0.4094857874216595,Fibroblast,G0,
cell_2917634,-0.9481347671069531,0.27684876653004564,-0.15619026293061966,Fibroblast,G1-G0 transition,
cell_2917696,0.4950003787108158,0.6248458282201812,0.6037733145734527,Fibroblast,S,
cell_2917778,0.2961429503785185,-0.506416386753501,-0.8098405122652994,Fibroblast,G0,
cell_2918550,0.17928544988389145,0.8802543932688094,0.43932765940938723,Fibroblast,G1,
cell_2919550,0.35169504156291764,-0.2203640070198717,0.9098078466813652,Fibroblast,S,
cell_2921315,0.7489540851398795,-0.06495831034448017,0.6594303321196665,Fibroblast,S,
cell_2922260,0.44358975555352126,-0.5704115039648918,-0.6912732545541416,Fibroblast,G0,
cell_2924270,0.07240394319829441,-0.13643460061783086,-0.9879995364318119,Fibroblast,G0,
cell_2924499,0.7168798001918604,0.14740665487310758,0.681435616327898,Fibroblast,S,
cell_2924558,0.41918930074738536,-0.21635625827830335,0.8817427698674407,Fibroblast,S,
cell_2927502,0.8224253689512264,-0.1388210351789766,0.5516749580023049,Fibroblast,S,
cell_2928618,-0.8412542930675273,0.5292531097286415,0.11037320038437498,Fibroblast,G1-G0 transition,
cell_2933170,0.469628212904765,0.8825782757242625,0.022473534467209566,Fibroblast,G1,
cell_2936983,0.6457453830094257,0.15178946872047788,-0.748313130356786,Fibroblast,G0,
cell_2937215,0.32838041288664926,-0.7560469152726508,-0.5661794670578232,Fibroblast,G0,
cell_2937642,0.08032965619124993,-0.35142557015541254,-0.9327631697426346,Fibroblast,G0,
cell_2938644,0.6000875612976176,-0.19684692666521522,0.7753361516988384,Fibroblast,S,
cell_2940185,-0.6708512528409563,-0.2212894102340446,0.7078060360659639,Fibroblast,G1,
cell_2941789,0.23765211062124408,0.13604450288908385,-0.9617761267487088,Fibroblast,G0,
cell_2941827,-0.5874939043206071,-0.5442745504026206,0.598845673149991,Fibroblast,G1,
cell_2941974,0.08824719292023936,0.44578538467876194,-0.8907793513391229,Fibroblast,G0,
cell_2942564,-0.24103766426998513,-0.8091386639227465,0.5359060830394662,Fibroblast,G2M,
cell_2942751,-0.9021878186760198,0.3265474573614,-0.281822454078701,Fibroblast,G0,
cell_2943495,0.004328084021805234,0.03727652817229987,-0.9992955414111098,Fibroblast,G0,
cell_2947079,-0.564446116866253,0.6576893901954333,-0.49884387350178033,Fibroblast,G0,
cell_2947456,0.5361777999329568,-0.16833214391453907,0.8271501994351228,Fibroblast,S,
cell_2952358,-0.6251502160918234,-0.38356460067998566,-0.6797539155417551,Fibroblast,G0,
cell_2953382,-0.7828611773860762,-0.5266581463130706,0.33129955070735817,Fibroblast,G1,
cell_2953806,0.1384798571324572,-0.40218252300278334,-0.905026183032484,Fibroblast,G0,
cell_2955971,0.4530368657766858,0.5014579136379226,0.7370871860601937,Fibroblast,S,
cell_2956874,-0.32371276962661444,0.40068475613622623,0.8571241998165765,Fibroblast,S,
cell_2957722,-0.29027417274124706,0.6049433785277623,-0.7414745413092987,Fibroblast,G0,
cell_2957903,-0.5255886685177996,0.7150371745229352,-0.46095376427214485,Fibroblast,G0,
cell_2958055,0.9091162093028987,0.4013311752462483,-0.11153984569113595,Fibroblast,G1,
cell_2960986,-0.1846615305009096,-0.36237219462077747,-0.9135571178298578,Fibroblast,G0,
cell_2961902,-0.6715882841807632,-0.48715143439787656,0.5582584701337121,Fibroblast,G1,
cell_2961924,0.19402539585379436,-0.355580772926335,-0.9142846826040768,Fibroblast,G0,
cell_2962596,-0.3097341724490164,0.1268046094784393,-0.9423297629966566,Fibroblast,G0,
cell_2963335,-0.9626993677926772,0.2682905890377817,-0.035074645573312246,Fibroblast,G1-G0 transition,
cell_2966395,-0.8011489385749415,0.2608783150572635,0.5386119567253609,Fibroblast,G1,
cell_2966958,0.21853534706536054,-0.03541934647629988,-0.9751860093516985,Fibroblast,G0,
cell_2967296,0.13887758035960285,-0.5581260088539003,0.8180515926693441,Fibroblast,G2M,
cell_2967779,0.023655411256698344,-0.750139010250859,0.6608569509105189,Fibroblast,G2M,
cell_2969318,-0.807160785125255,-0.5677157111247325,0.1618341562257034,Fibroblast,G1,
cell_2969392,0.6568833547086773,0.25450244882388884,0.7097412870739208,Fibroblast,S,
cell_2969540,0.822532573541264,0.4917831976968846,-0.28563848601038655,Fibroblast,G1,
cell_2971858,0.3882452798740519,0.4119833033796626,-0.8243392983085563,Fibroblast,G0,
cell_2973279,0.8007594960679114,-0.14047063776303687,0.5822819979011342,Fibroblast,S,
cell_2974204,-0.6283322882997828,0.22192094372030757,0.7456202721577047,Fibroblast,G1,
cell_2975730,0.5779232525947076,0.22223877042102447,0.7852481371896589,Fibroblast,S,
cell_2975987,-0.7672954906900997,-0.41851595844305833,0.4859031551474764,Fibroblast,G1,
cell_2977027,0.1479828612611528,-0.4935495312429633,0.8570356417156686,Fibroblast,G2M,
cell_2977542,0.46332984671883065,0.37624450559623146,0.80234992121244,Fibroblast,S,
cell_2978674,0.3271642064478387,-0.3645436949138842,0.8718208596723657,Fibroblast,S,
cell_2979452,-0.6198094959519217,-0.6327731790117966,0.4641490813790313,Fibroblast,G1,
cell_2979992,0.9673245110334507,0.2402484674220668,-0.0810181361891214,Fibroblast,G1,
cell_2980547,-0.7236012123259622,0.6722565657382724,0.15643642038544808,Fibroblast,G1-G0 transition,
cell_2980953,-0.23054761324260228,0.3011359992206724,-0.9252918189119472,Fibroblast,G0,
cell_2981317,0.06735904476180782,-0.20195649007431044,-0.9770754008200112,Fibroblast,G0,
cell_2982568,-0.11906319560828288,0.41696623560702417,-0.9010899768945311,Fibroblast,G0,
cell_2982793,0.45393699682083544,0.3868749290243636,0.8026635589965951,Fibroblast,S,
cell_2986147,0.34062027579367776,-0.38509487347054966,0.8577176937578014,Fibroblast,S,
cell_2987674,0.39586547515378945,-0.7288437357804083,-0.5586387983866011,Fibroblast,G0,
cell_2989051,0.0301002149955768,-0.9452421017985003,0.3249791065417958,Fibroblast,G2M,
cell_2989216,-0.5044934349189467,0.6831916924226918,-0.5279540560139202,Fibroblast,G0,
cell_2990826,0.04547182296619545,0.8268350753869547,-0.5606032606164735,Fibroblast,G0,
cell_2991723,0.2649795765164298,-0.8006733631189565,0.5373154061269502,Fibroblast,G2M,
cell_2992717,0.5035019601980001,-0.6547225509262337,-0.5637589068852555,Fibroblast,G0,
cell_2995239,-0.6642234884321138,0.5155978153069211,-0.5412634081303376,Fibroblast,G1-G0 transition,
cell_2995301,0.08524551045889572,0.4072211384531482,-0.909342749694039,Fibroblast,G0,
cell_2995389,-0.4070944451606656,0.445726760185806,-0.7972464113032885,Fibroblast,G0,
cell_2995704,0.2569627650199278,0.8019094809262469,-0.539362035809354,Fibroblast,G0,
cell_2997132,-0.4781708516435781,0.27058972813079396,-0.8355440156831812,Fibroblast,G0,
cell_2998771,0.2897276603505897,0.19539295732709283,-0.9369522852754713,Fibroblast,G0,
cell_2999036,-0.4141863055774156,-0.2814099806090144,-0.8655968924546471,Fibroblast,G0,
cell_3000170,0.5663931313029463,-0.2783496355518188,-0.7757062470504215,Fibroblast,G0,
cell_3000585,0.1588959325794645,0.21327875425269965,-0.9639835297303305,Fibroblast,G0,
cell_3002635,-0.793347324492186,0.6054473945802887,0.06350991177658946,Fibroblast,G1-G0 transition,
cell_3004790,-0.35771403070221025,-0.8195199157018984,0.44769158931584796,Fibroblast,G2M,
cell_3005021,-0.09843126084498505,0.354461268196805,-0.9298755479047346,Fibroblast,G0,
cell_3006799,0.16346920864558673,-0.629275372925165,-0.7597961974006677,Fibroblast,G0,
cell_3008121,0.7215596148881974,0.20420882509383567,0.661551620357674,Fibroblast,S,
cell_3013704,-0.8325839964665496,-0.06958526346043742,0.5495104681034098,Fibroblast,G1,
cell_3014036,0.2616266946170192,-0.7811414220433995,0.5668945755169578,Fibroblast,G2M,
cell_3014857,-0.30811812658398247,0.48959383505947424,-0.8156967437283651,Fibroblast,G0,
cell_3016274,0.27986318669063753,-0.30179497188271487,-0.9113705858501114,Fibroblast,G0,
cell_3016458,-0.36575482425382755,0.5400809372512474,-0.7579815164994645,Fibroblast,G0,
cell_3016522,-0.2382595297908001,0.9095702055046977,-0.34046220108033876,Fibroblast,G1-G0 transition,
cell_3016607,-0.4837613320097667,0.6954161025129644,0.5313863601016287,Fibroblast,G1,
cell_3017996,-0.05284431383422389,0.8278031075538604,-0.55852441717454,Fibroblast,G0,
cell_3019653,0.5015658680243859,0.21511592519288858,-0.837948028352343,Fibroblast,G0,
cell_3019659,-0.4885520849372137,0.767176809541093,-0.4156397777188433,Fibroblast,G0,
cell_3021454,0.011032475994281643,0.4772778787629022,-0.8786831777118013,Fibroblast,G0,
cell_3023039,-0.8828759745898153,-0.30778103630622555,0.3546839664576374,Fibroblast,G1,
cell_3023852,0.5444724744535822,-0.39225488450095847,-0.7414079476168964,Fibroblast,G0,
cell_3026501,0.6789608299422821,0.45291798078543355,0.5778214024688122,Fibroblast,S,
cell_3026505,-0.2789521457478601,-0.4670027725853151,-0.839103159441837,Fibroblast,G0,
cell_3026510,-0.3910187551561426,-0.32343847767908507,-0.8616796268546956,Fibroblast,G0,
cell_3028584,-0.18480288128871716,-0.14083262342320005,-0.9726325463979666,Fibroblast,G0,
cell_3028853,-0.7102084158774742,-0.5864767265220875,0.38942123441106746,Fibroblast,G2M,
cell_3029374,0.47954009394498986,-0.20314224818725754,-0.8536829201973726,Fibroblast,G0,
cell_3029431,-0.8443110060873973,-0.5181991964419495,0.13641289074188762,Fibroblast,G1,
cell_3029673,-0.7928296408206382,-0.5312001571724385,0.29874319452175147,Fibroblast,G1,
cell_3031649,0.8290462121758944,-0.49998656874229586,0.2503914950966109,Fibroblast,S,
cell_3033858,0.8672615772660446,0.32107691079312184,0.3804823536695474,Fibroblast,S,
cell_3034524,-0.6917815984446921,-0.49469909079923835,0.5260333815356433,Fibroblast,G1,
cell_3036818,0.3179723199167286,-0.5353175508618617,-0.7825143467005432,Fibroblast,G0,
cell_3038271,-0.3822020374957675,-0.7862277960241246,0.4855591045565074,Fibroblast,G2M,
cell_3040251,0.18610685625534612,0.9384306971352582,0.29105300275027834,Fibroblast,G1,
cell_3044735,0.6446040805515958,-0.12588793233762682,-0.7540807781281089,Fibroblast,G0,
cell_3045090,0.2521594764390634,-0.6336969113636451,0.7313300290114002,Fibroblast,G2M,
cell_3049213,0.06791286089899312,-0.3344637911246636,-0.9399584145520375,Fibroblast,G0,
cell_3049827,-0.4109318048311617,0.839048161615781,-0.3565572903558853,Fibroblast,G0,
cell_3050069,-0.13172462420619463,-0.3328862604440103,-0.9337211825480346,Fibroblast,G0,
cell_3054656,-0.026222617116489516,0.8206587267011237,0.5708165787348921,Fibroblast,G1,
cell_3054671,0.7910860043291132,-0.1873705514661605,0.5823017157905152,Fibroblast,S,
cell_3054968,-0.9828033597509209,0.16966673767109183,0.07287481295636056,Fibroblast,G1-G0 transition,
cell_3055896,0.5375434556057115,-0.39720850834908017,-0.7438228832712304,Fibroblast,G0,
cell_3058586,0.09270093471289714,-0.7779816993118744,0.6214105831043377,Fibroblast,G2M,
cell_3059346,-0.38526918779594366,-0.0038829678531491496,-0.9227960717909299,Fibroblast,G0,
cell_3060479,-0.3560878906055645,0.589066014330128,0.7253983109375738,Fibroblast,S,
cell_3060725,0.6654740232704812,-0.24413394639188502,0.7053670133622297,Fibroblast,S,
cell_3062449,0.2696946826699591,0.1476395701119115,-0.9515604533705992,Fibroblast,G0,
cell_3063154,0.5539821380682599,-0.050239588015231186,0.831011375670215,Fibroblast,S,
cell_3063689,0.4882242031636864,-0.171075249053911,-0.855786428002991,Fibroblast,G0,
cell_3063952,0.5346635504148243,-0.6857735290212257,0.49381126599624536,Fibroblast,G2M,
cell_3064052,-0.5980089343949717,0.5616198768516759,-0.5718116540565734,Fibroblast,G0,
cell_3065843,-0.20813680967912626,0.7846139729940736,0.5840032866709606,Fibroblast,G1,
cell_3067444,0.12922781859556787,-0.6812375930678464,0.7205660528060349,Fibroblast,G2M,
cell_3068110,-0.3671848785394581,0.8107930466122423,-0.45583973336847206,Fibroblast,G0,
cell_3069485,-0.5380048462955482,0.07880083108046959,-0.8392504536005458,Fibroblast,G0,
cell_3070721,0.7551230886174451,0.23206535552676424,-0.6131350438341766,Fibroblast,G0,
cell_3071205,0.10336706966918188,-0.7960209643830021,-0.5963771625876723,Fibroblast,G0,
cell_3073163,0.6521290840529531,-0.1290124385656397,0.7470498623721681,Fibroblast,S,
cell_3074672,-0.7147627406067505,-0.5429809697425274,0.44077876548340444,Fibroblast,G1,
cell_3074929,0.7105553903621946,-0.42168499147272315,0.5632872745180789,Fibroblast,S,
cell_3075121,-0.6345969167043863,-0.558136546846419,0.5345746386615633,Fibroblast,G1,
cell_3076210,0.15728532376370324,0.7655661746153626,0.6238345972275755,Fibroblast,S,
cell_3077026,-0.428829471827247,0.7300307011434893,0.5321282172508579,Fibroblast,G1,
cell_3078130,0.5390057539405784,0.7143788451221271,0.44624612431490907,Fibroblast,G1,
cell_3079659,0.40948008524914714,-0.6284532697246146,0.6613415328311234,Fibroblast,G2M,
cell_3082038,-0.3915305308202801,0.0426602392792437,-0.9191756884287341,Fibroblast,G0,
cell_3082682,-0.10992996780229447,0.5776445437112874,-0.8088522974450443,Fibroblast,G0,
cell_3083520,0.6060083633134148,0.681622768585942,0.41005415196131845,Fibroblast,G1,
cell_3083536,0.48787532316593935,-0.3990579619170831,-0.7763571050604641,Fibroblast,G0,
cell_3084020,-0.8376552792306335,0.013020731048479672,0.546043969198797,Fibroblast,G1,
cell_3084445,0.678773620248048,0.6963243729307272,-0.23323520081593554,Fibroblast,G1,
cell_3086004,-0.16491661226358104,0.7157544276855877,0.6786001179918895,Fibroblast,S,
cell_3086550,-0.33793498299255176,0.48099747253454045,0.8089755126577164,Fibroblast,S,
cell_3087081,-0.2959678018249211,0.44028340293425283,-0.8476752987522271,Fibroblast,G0,
cell_3088384,0.7360645760664961,-0.0920228313933866,-0.670627186675415,Fibroblast,G0,
cell_3088536,0.42226317964391136,-0.3695003187508591,-0.8277459007463583,Fibroblast,G0,
cell_3088925,-0.10297972526074395,0.2979250932365718,-0.9490182813436501,Fibroblast,G0,
cell_3089726,-0.6201267062030291,-0.017412162380186225,0.7843083962996905,Fibroblast,G1,
cell_3090017,0.6953502659872616,-0.5357988681724807,0.47896502191242907,Fibroblast,S,
cell_3092317,-0.031063523835634266,-0.9744023810734668,0.22265474311436093,Fibroblast,G2M,
cell_3092323,-0.8216383624741292,0.5514904716147631,0.14411367056116345,Fibroblast,G1-G0 transition,
cell_3092497,0.19139147264578216,-0.3057364707031815,-0.932681331282606,Fibroblast,G0,
cell_3093404,-0.624053371958821,-0.37946207068669824,-0.6830561882008304,Fibroblast,G0,
cell_3093476,-0.45163441820238237,0.21221676608973386,0.866597022627855,Fibroblast,G1,
cell_3094530,-0.4466295526132484,0.3946239289636664,0.8029906372415098,Fibroblast,S,
cell_3096992,-0.957093014881853,0.09185795208741335,0.27483625733181444,Fibroblast,G1-G0 transition,
cell_3097457,0.1808186601531982,-0.21518137860648806,-0.9596883003831576,Fibroblast,G0,
cell_3097474,0.8292634434019268,0.2180854546533348,0.5145490568842566,Fibroblast,S,
cell_3100279,-0.5561549041280061,-0.7793956003525703,0.28850331646258875,Fibroblast,G2M,
cell_3101521,-0.29811792366751166,0.05313082245942815,-0.9530491714808679,Fibroblast,G0,
cell_3102841,0.05400405394638053,0.7568534500113789,0.6513497236465368,Fibroblast,G1,
cell_3102849,-0.4520199284558005,0.8417027440230418,-0.2953208439637606,Fibroblast,G0,
cell_3103488,0.3748279868950956,-0.674694162698578,-0.6358393955650106,Fibroblast,G0,
cell_3107717,0.6910408267663914,-0.4175872666543888,0.58998591183193,Fibroblast,S,
cell_3110504,-0.4453096765237415,0.3255437737396016,-0.8340986400532322,Fibroblast,G0,
cell_3111562,0.010999698650382528,0.019711904885610088,-0.999745203536298,Fibroblast,G0,
cell_3112503,0.05554480932139649,0.7525696733590699,0.6561659151437254,Fibroblast,S,
cell_3114235,-0.7878046043116612,0.5997091346237223,-0.14040231002352932,Fibroblast,G0,
cell_3118945,-0.18369587620716588,0.5046758937545914,-0.8435390442169441,Fibroblast,G0,
cell_3118978,-0.6218256724986988,0.6081488284458206,-0.49344481377611615,Fibroblast,G0,
cell_3119944,-0.552870896317608,-0.433611176499423,0.7115583368833566,Fibroblast,G1,
cell_3126415,0.47175534809692193,-0.40989448604641454,-0.7806620856391857,Fibroblast,G0,
cell_3127733,0.22474650670890517,-0.48161683177405223,0.847073948777668,Fibroblast,G2M,
cell_3130610,0.6246150043659203,0.17901078729244185,0.7601389182612946,Fibroblast,S,
cell_3132389,-0.21079841226430068,-0.9598420167769057,0.18511437907467176,Fibroblast,G2M,
cell_3135034,0.30765732550134905,-0.5974437139663975,0.7405455824203427,Fibroblast,G2M,
cell_3136351,-0.724866140447694,-0.23342129929094121,-0.6481385305741403,Fibroblast,G0,
cell_3138425,-0.6198267004565623,-0.7691498332897678,0.15563877593128322,Fibroblast,G1,
cell_3139074,-0.5048774373479084,0.5724150960806518,0.646095649467633,Fibroblast,S,
cell_3140920,-0.12760473641313902,0.19514249004942058,-0.9724382617850671,Fibroblast,G0,
cell_3144005,-0.49766525922021854,0.8476067596591019,0.18409837680218102,Fibroblast,G1-G0 transition,
cell_3145216,-0.3618085638704069,0.6590123068356923,-0.6593917141086583,Fibroblast,G0,
cell_3146177,0.4626739796228413,0.4890194115509926,0.7394542996801284,Fibroblast,S,
cell_3147575,-0.7893904835295057,-0.292474590112395,0.5397418990068902,Fibroblast,G1,
cell_3150476,-0.572155521848594,-0.6932935459555379,0.43815749240084856,Fibroblast,G2M,
cell_3150818,-0.2057428720653588,0.7023262578936476,0.6814746356599297,Fibroblast,S,
cell_3151245,-0.93586005781168,0.1794362632622927,-0.3032634527361956,Fibroblast,G1-G0 transition,
cell_3151705,0.11081960286423936,0.8024222662618707,-0.5863765309455164,Fibroblast,G0,
cell_3152011,0.04054890281830831,0.9783816999311555,0.20279284554602736,Fibroblast,G1-G0 transition,
cell_3153330,-0.41684789589246574,0.5386742235149881,-0.7321666330656698,Fibroblast,G0,
cell_3154091,0.03719599198350526,0.7608342567093621,-0.6478793584783444,Fibroblast,G0,
cell_3156350,-0.21976174545959798,-0.7869379200335371,0.5765703896441146,Fibroblast,G2M,
cell_3157456,-0.15448330504434463,-0.4538108571596774,-0.8776050418077084,Fibroblast,G0,
cell_3158348,-0.2273470105990384,0.9584202363331923,0.17246446052429856,Fibroblast,G1-G0 transition,
cell_3159802,0.23709288325160371,0.5084401118097569,-0.8278138075685411,Fibroblast,G1-G0 transition,
cell_3161233,0.18207082684892428,-0.13505000276574056,-0.9739670171480552,Fibroblast,G0,
cell_3161238,-0.10640127508060065,-0.17705670712074148,-0.9784321340106809,Fibroblast,G0,
cell_3162366,0.40582985625847423,-0.14813380157060596,-0.9018638930824114,Fibroblast,G0,
cell_3164647,0.802673649582716,-0.2922523636519662,0.5199073092904848,Fibroblast,S,
cell_3165513,0.7479008972982415,0.2195927811163004,0.6264368772597246,Fibroblast,S,
cell_3165541,0.6729536462825336,-0.5473519918329266,0.497533118882658,Fibroblast,S,
cell_3165543,0.65161969289337,0.6442320760719188,-0.40044581259675693,Fibroblast,G0,
cell_3165773,-0.25560328509400515,-0.0035086549157994154,-0.9667754904170571,Fibroblast,G0,
cell_3166777,0.650706759892074,0.5350831646944058,0.5387639569809526,Fibroblast,S,
cell_3169030,-0.550078123054902,0.7612200292749376,0.3434500033746448,Fibroblast,G1-G0 transition,
cell_3169679,0.8179449137795839,-0.2145045019902466,0.533810851487841,Fibroblast,S,
cell_3169829,-0.27703676722378434,-0.8483814318886598,0.45110905102702753,Fibroblast,G2M,
cell_3172520,0.4743263555397631,-0.3141432964717833,-0.8223918842525852,Fibroblast,G0,
cell_3177368,0.35413386245091133,0.15280715251756588,-0.9226262315844994,Fibroblast,G0,
cell_3181091,0.46076808256049406,0.8492687896156841,0.2577505559511961,Fibroblast,S,
cell_3187325,0.6961267767462171,0.4388646000896942,0.5681595223392154,Fibroblast,S,
cell_3189558,0.7663827649054504,0.07313002849161876,0.6382081151037841,Fibroblast,S,
cell_3191153,-0.41520161707392805,0.5787276673556604,0.7019128840028339,Fibroblast,S,
cell_3191510,0.9440926595074512,0.23732787762039825,0.22883312736373118,Fibroblast,G1,
cell_3192752,0.038357488372817605,0.06661855569166918,-0.9970409157573529,Fibroblast,G0,
cell_3193069,0.525295677352178,0.6754660915275259,0.5175037239881126,Fibroblast,S,
cell_3194199,-0.5654406880784488,0.8062956300504146,0.17367831246323837,Fibroblast,G1-G0 transition,
cell_3194222,-0.5788116911670592,0.23694674049150793,0.7802776347797679,Fibroblast,S,
cell_3194267,-0.3131939049307213,0.6448642816524378,-0.6971798046148872,Fibroblast,G0,
cell_3197429,0.3305221623078995,0.8070607829450532,0.48929358994458944,Fibroblast,S,
cell_3199683,0.4223811873006164,-0.11280386530087982,-0.899371642490014,Fibroblast,G0,
cell_3201199,0.4622352365477816,-0.6737439528269376,-0.5765481270715176,Fibroblast,G0,
cell_3201475,-0.10749074291955357,-0.2430498558286027,-0.9640397173666279,Fibroblast,G0,
cell_3202085,-0.8552884686576049,0.4759401635005952,-0.20484792048772626,Fibroblast,G1-G0 transition,
cell_3202543,0.36124087045599185,0.51791936244592,-0.7754124855390023,Fibroblast,G0,
cell_3204714,0.3259755084888198,0.24319551950435303,-0.9135621647726395,Fibroblast,G0,
cell_3205512,0.24301545602078536,-0.7853155626200397,-0.5694057863892271,Fibroblast,G0,
cell_3206202,0.6239869161125534,-0.24855479145452256,0.7408514598389945,Fibroblast,S,
cell_3210388,0.13613249793682558,-0.3464399730612766,-0.9281419224303942,Fibroblast,G0,
cell_3210684,-0.5368776556429113,-0.6577975545743238,0.5282658135925278,Fibroblast,G1,
cell_3212032,0.39063720835099836,0.17822544632807746,0.903126991064068,Fibroblast,S,
cell_3212344,-0.6911881730053717,0.7161867402866253,-0.09662058192443745,Fibroblast,G1-G0 transition,
cell_3212458,0.25728767021550747,-0.006255356574966592,-0.96631467008724,Fibroblast,G0,
cell_3213815,0.3790533190363719,-0.7321120075884175,0.5659776399890111,Fibroblast,G2M,
cell_3215121,-0.7532995792427728,-0.5564284792001555,0.35060934395477583,Fibroblast,G1,
cell_3218279,0.031157184570827445,-0.23457828079924709,-0.971597776585004,Fibroblast,G0,
cell_3219005,0.8168876863020138,-0.46209169454658294,0.34520366799160196,Fibroblast,S,
cell_3222893,0.15635840906735193,-0.7796165790353627,0.6064239898029682,Fibroblast,G2M,
cell_3223466,-0.3433795819775034,-0.8214845301334178,0.4552510794733795,Fibroblast,G2M,
cell_3223877,-0.4416808882864776,0.616961507269979,0.6513650276700464,Fibroblast,S,
cell_3225890,0.48300496296251066,-0.29566767851370035,-0.824188602523461,Fibroblast,G0,
cell_3226340,0.612166232378574,-0.4477360619884146,-0.6517552238399218,Fibroblast,G0,
cell_3226708,-0.5738832427956557,-0.726607035210999,0.3777570065476623,Fibroblast,G2M,
cell_3228444,0.6683711549176932,0.022439824462744826,0.7434893421256794,Fibroblast,S,
cell_3231622,-0.3711983182675846,0.8923419919655717,-0.25678280893650807,Fibroblast,G1-G0 transition,
cell_3237551,-0.6991754876183327,-0.5657987129829293,0.4370645481323928,Fibroblast,G1,
cell_3247778,0.1308898046394358,-0.37797477114667544,-0.9165167584038212,Fibroblast,G0,
cell_3251466,-0.023115384028509545,-0.3679799799623517,-0.9295463551891104,Fibroblast,G0,
cell_3253757,-0.7412641941982786,-0.6581369107016724,0.13184529998430555,Fibroblast,G1,
cell_3256328,-0.5976046085976889,-0.5951636403592697,0.5372607139258048,Fibroblast,G1,
cell_3257320,-0.2935049127218551,0.949846581824127,0.10791882615084397,Fibroblast,G1-G0 transition,
cell_3258003,-0.6407798133114255,-0.6369536577561913,0.42859217058347215,Fibroblast,G1,
cell_3265541,-0.24549009328532737,0.8418943917273464,0.4805707524079723,Fibroblast,G1,
cell_3265944,-0.3268123269679101,0.7217372768322292,-0.6101549588571872,Fibroblast,G0,
cell_3267076,0.5314640545108569,-0.8470769506406156,0.00256527532852055,Fibroblast,G0,
cell_3267588,-0.8538022680334709,0.156015264794476,0.4966698624094702,Fibroblast,G1,
cell_3268527,0.689119423734372,0.26842586623711856,0.6730987007903406,Fibroblast,S,
cell_3268754,-0.9251560079144596,0.07328445790379406,0.3724456086229537,Fibroblast,G1,
cell_3270666,0.07732118214181316,0.9414045232762304,-0.3282969469994662,Fibroblast,G1-G0 transition,
cell_3271379,-0.25097123918905073,-0.5669670483389528,-0.7845775143198152,Fibroblast,G0,
cell_3272391,0.11411831046677459,0.9864662489425117,0.11773342907289192,Fibroblast,G1-G0 transition,
cell_3273238,0.19163826004208134,0.8958735539337248,-0.4008558018769702,Fibroblast,G0,
cell_3274853,-0.8664642701917008,0.005122854767239088,0.4992127285607092,Fibroblast,G1,
cell_3275287,-0.12135371419072999,-0.8432860615058462,0.5235857542337934,Fibroblast,G2M,
cell_3275750,-0.07528954511910621,0.9246019717094491,0.37342022404841374,Fibroblast,G1,
cell_3275773,0.2729328629775455,0.889573858891939,-0.366286875063094,Fibroblast,G0,
cell_3281328,-0.874754457804488,0.19478391917195012,0.44369348028994937,Fibroblast,G1,
cell_3288152,-0.4972256206564439,0.5064142873562466,0.7044936357103417,Fibroblast,G1,
cell_3288939,-0.2165124430500755,0.43007190643976534,-0.8764476319943286,Fibroblast,G0,
cell_3289643,0.06821036809580008,-0.636160796290926,-0.7685355595247045,Fibroblast,G0,
cell_3290704,-0.19316824910225533,0.9677153961266826,0.1619043633965534,Fibroblast,G1-G0 transition,
cell_3294923,0.2146829752594118,-0.6752977324312587,-0.7056089906105301,Fibroblast,G0,
cell_3296225,0.2323392317707995,-0.2729968454742175,-0.9335369197182098,Fibroblast,G0,
cell_3297035,0.530864912438251,-0.27449285877044205,0.8017706641361471,Fibroblast,S,
cell_3298617,-0.22079586647505334,0.6322215838104428,0.7426607880683166,Fibroblast,S,
cell_3299272,0.570738789710902,0.5967126709429919,0.5640843676919816,Fibroblast,S,
cell_3302168,-0.5761286268406816,0.5916347088685431,0.5639540529651617,Fibroblast,G1,
cell_3302973,0.04164979594986734,-0.8443549775336041,0.5341627844528896,Fibroblast,G2M,
cell_3304419,0.5818511516803786,-0.32322382375361963,0.7463080189528178,Fibroblast,S,
cell_3305760,-0.3403544290437228,0.7429592227790359,-0.5763421470158439,Fibroblast,G0,
cell_3308071,0.2439803883759254,0.6399190618805234,-0.7286818695076278,Fibroblast,G0,
cell_3308612,0.09913862258167883,-0.08865542695266113,-0.9911163783062411,Fibroblast,G0,
cell_3312755,-0.7592716516333194,-0.637262658050134,0.13191946369874202,Fibroblast,G1,
cell_3313849,-0.8070103056170881,0.5734989476070532,-0.14083077884288087,Fibroblast,G1-G0 transition,
cell_3314387,-0.6017126079912744,0.7840924744876747,-0.1521216410959514,Fibroblast,G1-G0 transition,
cell_3315352,-0.6732752343455619,0.3487613586416167,0.6519708932446753,Fibroblast,G1,
cell_3317135,-0.33059741155112127,0.19012800870188376,-0.9244223702270723,Fibroblast,G1-G0 transition,
cell_3318377,0.9656009316720016,0.24035351909426717,0.09922258901436432,Fibroblast,G1,
cell_3318890,0.6790713919433129,0.1618537297806944,0.7160065106048218,Fibroblast,S,
cell_3322949,0.9399827453386578,0.1253968644932399,0.3173451014930268,Fibroblast,S,
cell_3323736,-0.4127990629219712,0.6427509056689806,0.6453435316878319,Fibroblast,S,
cell_3325180,-0.3918543979083233,0.7858341091344075,0.47845043729014924,Fibroblast,G1,
cell_3328718,0.3954075283735009,0.27465716823120095,-0.8764794346608626,Fibroblast,G0,
cell_3329703,0.18599788678405135,-0.8326304559322031,0.5216618166126712,Fibroblast,G2M,
cell_3331518,0.6506028615467869,0.6928826487049669,0.3108529236731733,Fibroblast,G1,
cell_3331621,0.32180595368483006,-0.07830682720304152,-0.9435617843954167,Fibroblast,G0,
cell_3334552,-0.6805443918328915,0.16327216465018782,0.7142839789295019,Fibroblast,G1,
cell_3336114,0.43293762982815576,-0.2518816222835805,-0.8655176249380067,Fibroblast,G0,
cell_3336666,-0.4572553407994866,0.482758980451279,-0.7469011710078673,Fibroblast,G0,
cell_3337072,0.26251947502547335,-0.42757230482057906,-0.8650233994548002,Fibroblast,G0,
cell_3338693,0.6072826706954055,-0.6033545952290834,0.516885763748906,Fibroblast,S,
cell_3339008,0.5804633473134646,-0.3303028723390411,-0.7442864554634571,Fibroblast,G0,
cell_3340006,0.03599443741524988,-0.34590232761279494,-0.9375799232869045,Fibroblast,G0,
cell_3340301,0.058619345970873094,0.22341223867575352,-0.9729598335402391,Fibroblast,G0,
cell_3343446,0.43369815187386557,0.10833291501098818,-0.8945221198071445,Fibroblast,G0,
cell_3343860,0.045213257804114865,-0.988765615664591,0.14247241459621945,Fibroblast,G2M,
cell_3344082,-0.3151574035384199,0.673856266635915,0.6682765523286402,Fibroblast,S,
cell_3345175,-0.8934490624686384,0.3578126802650843,0.27151189904104056,Fibroblast,G1-G0 transition,
cell_3346121,-0.1176140190436008,-0.8577888398973068,0.5003649702087412,Fibroblast,G2M,
cell_3350117,-0.09085068902105464,-0.8455090111238612,0.5261754871571509,Fibroblast,G2M,
cell_3351375,-0.14196724064497257,0.28079777719223614,-0.9492091158399841,Fibroblast,G0,
cell_3355137,0.5198522694610295,-0.2618037200621987,0.8131496163058022,Fibroblast,S,
cell_3357078,0.522985280381631,-0.3150683220495194,-0.7919711850584971,Fibroblast,G0,
cell_3357222,-0.07339590137616292,0.87833844120665,-0.4723714163674028,Fibroblast,G0,
cell_3359019,-0.557629710573046,0.8242300716131251,-0.09845646934517073,Fibroblast,G0,
cell_3362720,-0.03240960164719475,0.9352761083504476,-0.35243178414976517,Fibroblast,G1-G0 transition,
cell_3362805,-0.9362530357076129,0.175135300403137,0.3045619211803425,Fibroblast,G1-G0 transition,
cell_3363113,0.5349560453810375,-0.26932308148955303,0.8008041198727782,Fibroblast,S,
cell_3363469,-0.2975087154362652,-0.15004617350946295,-0.9428545129959316,Fibroblast,G0,
cell_3364702,0.315746103533602,-0.8761639623859735,0.36419935918890645,Fibroblast,G2M,
cell_3365019,0.4413253668225038,-0.47151779059252585,-0.7634809525241009,Fibroblast,G0,
cell_3365865,0.32526831158954844,-0.7051330524957313,-0.6300697546067895,Fibroblast,G0,
cell_3369591,0.5466446712203216,-0.21168166679274053,-0.8101669330658106,Fibroblast,G0,
cell_3370286,-0.7665610410733408,0.5170630229676818,-0.3808279630535282,Fibroblast,G0,
cell_3370303,0.4052007637074751,-0.634993182687897,-0.6577203071163494,Fibroblast,G0,
cell_3372803,0.5628772239110451,-0.5104061453267791,0.6501191735045773,Fibroblast,S,
cell_3375655,-0.6790618736886191,0.7250961791279361,-0.11450175467365822,Fibroblast,G0,
cell_3379416,0.6724819611692746,-0.15550581274093506,0.7235923254838207,Fibroblast,S,
cell_3380017,0.028364925889000525,0.07541246626088129,-0.9967488827210153,Fibroblast,G0,
cell_3380707,-0.9200352929808732,0.33448253966727803,0.20409936651459257,Fibroblast,G1-G0 transition,
cell_3383834,-0.22788734950389972,-0.8671499946122616,0.4428521185327957,Fibroblast,G2M,
cell_3385150,-0.1330883473501104,-0.26890275920242523,-0.9539281106595942,Fibroblast,G0,
cell_3388531,-0.2304171705987688,0.6587167858491101,-0.7162402194046634,Fibroblast,G0,
cell_3390290,-0.717675874392772,-0.086701981060637,0.6909588139245304,Fibroblast,G1,
cell_3390593,0.3746772357279834,0.21105183710272246,-0.9028145385094868,Fibroblast,G0,
cell_3391274,-0.3464970207132769,0.1348137981022083,-0.9283129629754984,Fibroblast,G0,
cell_3399384,-0.8461712406256416,-0.47232090558533235,0.24679409521893783,Fibroblast,G1,
cell_3400470,-0.48080001796427085,-0.4219630050200086,0.7686212190211424,Fibroblast,G1,
cell_3401962,-0.7159698127518032,-0.27952504830564745,0.6397287514625103,Fibroblast,G1,
cell_3402761,-0.21368122438217266,0.2036907565018979,-0.9554320147851055,Fibroblast,G0,
cell_3403278,-0.7715687866440495,-0.46209928276603107,0.4372023600934186,Fibroblast,G1,
cell_3404398,0.010349012179183714,-0.8259642105946989,0.5636275178921365,Fibroblast,G2M,
cell_3406374,-0.6404157291468441,-0.6626006836796131,0.3883658008373052,Fibroblast,G1,
cell_3406497,-0.12912688329583483,-0.9468413559447706,0.29464818391351477,Fibroblast,G2M,
cell_3406678,0.6064945803717751,-0.213211712657307,-0.7659666055421328,Fibroblast,G0,
cell_3408443,-0.6699534834437813,0.7018658968635287,-0.241964019998228,Fibroblast,G0,
cell_3409683,-0.9480659208850671,-0.0510415648815013,0.31395167917095423,Fibroblast,G1,
cell_3411629,-0.739494023681296,-0.17284092883555593,0.6505955653589692,Fibroblast,G1,
cell_3412754,0.6134745740125851,0.15400436987932387,-0.7745525132365025,Fibroblast,G0,
cell_3412784,0.8933316919312774,0.3032586473965711,-0.33165136098255005,Fibroblast,G1,
cell_3413092,-0.0930158189646168,0.4408170167362124,-0.8927644531424629,Fibroblast,G0,
cell_3413403,-0.37928825705931934,-0.1532227412094847,-0.9125039408735114,Fibroblast,G0,
cell_3416489,-0.5832867643539541,0.7058054077664169,-0.40201413142627296,Fibroblast,G0,
cell_3418640,-0.2624599642778951,0.7162038687403149,-0.6466581467156813,Fibroblast,G0,
cell_3418915,-0.22894492010606649,0.47102343402783226,-0.8518927178478577,Fibroblast,G0,
cell_3419247,-0.6326748825521656,0.27666783708390513,0.7233100073041949,Fibroblast,G1,
cell_3419994,-0.6723877144702992,0.7154346817322496,-0.18986295949126034,Fibroblast,G1-G0 transition,
cell_3421742,-0.6172586079210614,0.1951056734907342,0.7621845954335218,Fibroblast,G1,
cell_3428524,-0.3312823661379857,0.40174069352490205,0.853730964085474,Fibroblast,S,
cell_3428782,0.013234124060699293,0.6639507840018143,-0.7476592288969606,Fibroblast,G0,
cell_3431325,0.7666861329493437,-0.442941355848584,0.4647530203086294,Fibroblast,S,
cell_3431456,0.2571079283691417,-0.7237352601177006,-0.6403925608632948,Fibroblast,G0,
cell_3433287,0.5462661117291548,0.7998892171449022,0.24853688996357443,Fibroblast,S,
cell_3434200,0.5817604731799519,-0.6858811781475889,0.4371747351529338,Fibroblast,S,
cell_3434955,0.11877995278760167,0.08346850678877724,-0.9894061005337899,Fibroblast,G0,
cell_3436272,-0.8150467505698777,-0.4129161361258302,0.4064470670073829,Fibroblast,G1,
cell_3436999,-0.6572004248062346,-0.654348278767077,0.3740536705465139,Fibroblast,G1,
cell_3437189,0.6923050354605962,-0.1631177137240527,0.7029270779226887,Fibroblast,S,
cell_3441184,0.6401491181410653,-0.4213656359993645,0.6423863807124197,Fibroblast,S,
cell_3442586,0.04094277271170055,0.0055983847463563635,-0.9991459116162862,Fibroblast,G0,
cell_3442897,-0.18795244768941055,0.5054199711775164,-0.8421548536783132,Fibroblast,G0,
cell_3444379,0.8472071956274586,-0.2835946614243309,0.4492370924770853,Fibroblast,S,
cell_3446079,0.8525756994573371,0.5124760723942078,-0.10238576699699792,Fibroblast,G1,
cell_3446972,-0.8132703212870309,-0.2833069569523348,0.5082602822942344,Fibroblast,G1,
cell_3450424,-0.27135707713106466,-0.9512827732667863,0.14637749616020068,Fibroblast,G2M,
cell_3451020,0.9236746851567702,0.27732928412608193,-0.264411693397242,Fibroblast,G1,
cell_3453545,-0.9114803258543527,0.3465161109228272,0.22165334603760314,Fibroblast,G1-G0 transition,
cell_3454394,-0.582541713235199,-0.48891583724565935,0.6493121805016384,Fibroblast,G1,
cell_3455183,0.4452778744418978,-0.5522452352276558,-0.704807019461961,Fibroblast,G0,
cell_3455534,0.047251337416148786,-0.533136036899202,-0.8447089234972828,Fibroblast,G0,
cell_3456370,-0.4168736635471528,0.7833061375431701,-0.46113776420843283,Fibroblast,G0,
cell_3457495,0.7646049282360645,0.4400729497929748,0.47086637949958166,Fibroblast,S,
cell_3458411,0.4610906294465358,-0.48124698245845493,-0.7455177354269358,Fibroblast,G0,
cell_3461468,0.5206081932573964,0.39987218555868964,0.7543666891192156,Fibroblast,S,
cell_3462154,0.6357394132906998,-0.5474625436171907,0.5441694438421776,Fibroblast,S,
cell_3464881,-0.4653450688306906,0.8836581006391011,-0.0510130975854845,Fibroblast,G1-G0 transition,
cell_3466403,0.5610757591625918,0.10138721050352366,0.8215318982245299,Fibroblast,S,
cell_3467015,-0.718404789201553,-0.43683751848896357,0.5413571672084996,Fibroblast,G1,
cell_3469016,0.5596345453028683,-0.7331803053120798,0.3863361128266757,Fibroblast,S,
cell_3469630,0.5014418401201632,0.6515730216607755,0.5692176655247394,Fibroblast,S,
cell_3469699,-0.05021849638100789,0.37379719438493825,-0.9261499598563527,Fibroblast,G0,
cell_3470840,-0.9422158381997183,-0.05848199552019581,0.32986198676018263,Fibroblast,G1,
cell_3471060,0.1312484206278301,0.1169365467239756,-0.9844285665228403,Fibroblast,G0,
cell_3471124,-0.23173249683416922,0.649343158527516,0.7243297579970863,Fibroblast,G1,
cell_3472994,0.5318628244799344,0.8465450170486886,-0.021987189776812466,Fibroblast,G1-G0 transition,
cell_3473492,-0.833995879606274,-0.4934191650683354,0.24695830946751285,Fibroblast,G1,
cell_3474122,-0.00605434651054515,-0.22271306853800582,-0.974865247234747,Fibroblast,G0,
cell_3474274,-0.7398677290929656,-0.38654293090681147,0.5506180360417481,Fibroblast,G1,
cell_3474849,-0.7300298297404324,-0.585048085325049,0.35323496683915623,Fibroblast,G1,
cell_3475191,0.028741218830342197,-0.7941999667634891,0.6069762274854904,Fibroblast,G2M,
cell_3475952,0.6844989733480474,-0.6244659189264777,0.37616945554617776,Fibroblast,S,
cell_3476461,0.7121440684891391,-0.36102209868714863,0.6020913986364825,Fibroblast,S,
cell_3479802,0.18606384693025485,-0.7824368585239612,0.59428336868646,Fibroblast,G2M,
cell_3480888,-0.4271746070147445,0.7055891288916115,-0.565390016981232,Fibroblast,G0,
cell_3481107,-0.1987315018203647,0.5946725651516134,-0.7790188106421911,Fibroblast,G0,
cell_3482085,0.6075600295740115,-0.2969415517654792,-0.7366792498425077,Fibroblast,G0,
cell_3483168,0.9962964027022041,0.07806682947673024,0.03604359898040704,Fibroblast,G1,
cell_3483357,-0.7641616615476555,-0.5920537965598541,0.2559868122599666,Fibroblast,G1,
cell_3484285,0.08648964863807707,-0.13744519960820106,-0.9867260304254896,Fibroblast,G0,
cell_3484990,0.3050704158999507,0.4345272646926006,-0.8474184488192755,Fibroblast,G0,
cell_3486360,0.5667800552895029,-0.02893137143763483,0.8233607937994943,Fibroblast,S,
cell_3487488,-0.9019687308677358,0.4302042036242072,-0.03710398270911108,Fibroblast,G1-G0 transition,
cell_3488836,-0.9166122581856049,-0.29538563518458577,0.26938714888277543,Fibroblast,G1,
cell_3489037,-0.18485888561638752,-0.5259929571920731,-0.8301557196120904,Fibroblast,G0,
cell_3490578,0.9723035042740424,0.12888975732263563,0.19496984593090272,Fibroblast,S,
cell_3491966,0.9170957841801797,0.17368954085187494,-0.3588416123792392,Fibroblast,G0,
cell_3492376,-0.2862778171673347,0.7401275534194702,0.6084868364403262,Fibroblast,G0,
cell_3493093,0.6341912096721855,-0.22065027271018464,0.741022981531716,Fibroblast,S,
cell_3497261,0.36839004507423406,-0.8856450830854656,0.28270374981599455,Fibroblast,G2M,
cell_3497364,-0.03797416329934822,-0.646706709578979,-0.761792900140179,Fibroblast,G0,
cell_3499365,-0.5432193559157791,-0.13207175200460203,-0.8291379465901083,Fibroblast,G0,
cell_3501288,-0.04326509678819235,0.6203353132127443,-0.7831425342377255,Fibroblast,G0,
cell_3504380,0.6231001301274912,0.5804106902397392,-0.5242801816288867,Fibroblast,G0,
cell_3504722,0.40046659654783484,-0.02623496798463984,-0.9159357618609947,Fibroblast,G0,
cell_3509779,-0.9737583438742069,0.22662389084089016,0.020884595054840582,Fibroblast,G1-G0 transition,
cell_3510602,0.38680372163258514,-0.06700359758901683,-0.919724648138248,Fibroblast,G0,
cell_3513562,0.08910318454608585,-0.15608282667092976,-0.9837168170027177,Fibroblast,G0,
cell_3513731,0.8518277626837213,0.4778391824838067,0.21461426672951756,Fibroblast,G1,
cell_3514676,-0.11620122778365427,-0.10932366708389787,-0.9871905846683741,Fibroblast,G0,
cell_3514913,0.5779996564984418,0.6046434010583974,0.5480169663937752,Fibroblast,S,
cell_3519256,-0.3530806149356909,0.24800268924250637,-0.9021245142305334,Fibroblast,G0,
cell_3519507,-0.4126374823150658,0.6286037177201088,-0.6592326775253766,Fibroblast,G0,
cell_3519714,0.043253352650441945,-0.8030330192135393,0.5943628461114783,Fibroblast,G2M,
cell_3523332,-0.29392136579519623,0.6703026281478043,0.681398929880418,Fibroblast,S,
cell_3531029,0.4317835722891213,-0.5006162487695505,-0.7502974467292537,Fibroblast,G0,
cell_3538378,0.1095440762830634,0.22260799522234886,-0.9687340483891405,Fibroblast,G0,
cell_3540780,-0.23615283990314592,0.008506806900857415,-0.9716787469485823,Fibroblast,G0,
cell_3541241,-0.4216773859244074,0.5333761975184921,-0.7332789027421897,Fibroblast,G0,
cell_3541247,-0.4429493623625862,0.6405559376691421,0.6272830779373986,Fibroblast,G1,
cell_3541345,-0.4995666534231998,0.2150534986152748,-0.8391573948832656,Fibroblast,G0,
cell_3543218,0.6813071491586042,0.7155392761048951,-0.15435081101269482,Fibroblast,G1-G0 transition,
cell_3544001,0.5761562988769339,-0.5416338906462105,0.612108337788442,Fibroblast,S,
cell_3549837,0.4953489363164395,-0.4746769716805993,-0.7275378111768736,Fibroblast,G0,
cell_3551426,0.599690796711614,0.14740623000612393,0.7865381382633054,Fibroblast,S,
cell_3553695,0.7610935330286676,-0.3676630015548921,0.5343787152716102,Fibroblast,S,
cell_3553927,0.6828732419484564,-0.2106937484178936,-0.699494309739686,Fibroblast,G0,
cell_3554671,-0.01480332111796609,-0.6508243077133083,-0.7590840260727393,Fibroblast,G0,
cell_3555288,0.9138726565703532,0.3810016430619225,0.14026582465590764,Fibroblast,G1,
cell_3557046,0.5401514736069,-0.1491453982603169,-0.8282463210770612,Fibroblast,G0,
cell_3557068,0.17671990682040006,0.8117500114426995,-0.5566255722618092,Fibroblast,G0,
cell_3557408,-0.1357171471614423,-0.17017162806767852,-0.9760237495513998,Fibroblast,G0,
cell_3557817,0.6483792636053762,0.6799208725021947,0.3425083832547969,Fibroblast,G1,
cell_3558440,-0.6390603352262473,-0.6562022707889243,0.40124873015420665,Fibroblast,G1,
cell_3558818,0.30760409306912356,-0.4777023976376809,-0.8229095007040715,Fibroblast,G0,
cell_3562402,0.01709728277818623,0.9998514922403647,-0.00213696070226925,Fibroblast,G1-G0 transition,
cell_3565791,-0.8233988446029422,-0.10285489070886264,0.5580637523287919,Fibroblast,G1,
cell_3569279,-0.10304198817274324,0.9853838508700158,0.1356501999600872,Fibroblast,G1-G0 transition,
cell_3569483,0.7525864246970795,0.5705680494544485,-0.32873331728373945,Fibroblast,G1-G0 transition,
cell_3570768,0.737831088579427,0.5799705446163498,0.3453106984670582,Fibroblast,S,
cell_3571380,-0.73942148803498,-0.340588709025443,0.5807367293176412,Fibroblast,G1,
cell_3572350,0.5459651767064175,-0.3422081007898478,0.7647324743089466,Fibroblast,S,
cell_3577289,0.6988760580187596,-0.4951092362840161,0.5161773299997321,Fibroblast,S,
cell_3578702,-0.5312104167965175,-0.4928150943903418,0.6891650833355407,Fibroblast,G1,
cell_3578792,-0.6357734095363518,-0.5479239856660278,0.5436645519770138,Fibroblast,G1,
cell_3579774,0.27147871334854073,-0.6071689122309478,-0.7467564525166561,Fibroblast,G0,
cell_3579803,-0.18045834983381265,0.4905310482088124,-0.8525339786873888,Fibroblast,G0,
cell_3581935,0.15316749809886604,-0.8576041115129336,0.4909733957190766,Fibroblast,G2M,
cell_3582351,0.04940066973086524,-0.7453700527569594,-0.6648180160771326,Fibroblast,G0,
cell_3582810,0.4960424666946606,-0.48745063313658066,-0.7185635688543003,Fibroblast,G0,
cell_3583014,-0.7886829360912411,0.3478133133618283,-0.5069564909366606,Fibroblast,G0,
cell_3585540,-0.9606428581899027,0.026484709144429686,0.27652082151810187,Fibroblast,G1,
cell_3586197,-0.5705308309778108,-0.2397061474397817,-0.7855159029210883,Fibroblast,G0,
cell_3586443,-0.6407282297189584,0.710710896329999,-0.2904431685295458,Fibroblast,G1-G0 transition,
cell_3587132,-0.443130307866226,0.854669988990677,-0.2705082646181087,Fibroblast,G0,
cell_3591697,-0.004503735231066175,0.26505189010255237,-0.9642235873288948,Fibroblast,G0,
cell_3592700,0.4966089771141191,-0.6218151782864958,0.6055785468160179,Fibroblast,S,
cell_3597555,-0.2886807580038945,0.9470379263570572,-0.14065062261279937,Fibroblast,G1-G0 transition,
cell_3598755,0.39470032274722944,-0.10163383604270823,0.9131715110111163,Fibroblast,S,
cell_3599080,-0.4214768995164554,0.790408094396311,-0.4445359395923634,Fibroblast,G1-G0 transition,
cell_3599876,0.2670747031681564,-0.9342391067634762,0.23636486029841458,Fibroblast,G2M,
cell_3600713,-0.48218746871090756,-0.13860173109233062,-0.865034471004823,Fibroblast,G0,
cell_3602570,0.006988990977160159,0.3357650375837006,-0.9419199091783611,Fibroblast,G1-G0 transition,
cell_3605904,-0.5489008663281529,0.767360573530832,-0.33145949161195887,Fibroblast,G0,
cell_3608364,0.20370416074027048,-0.7298701600014699,0.6525290439700145,Fibroblast,G2M,
cell_3608381,-0.26882599751087316,0.11117244007893531,-0.9567514143313506,Fibroblast,G0,
cell_3608440,-0.16871884172846668,0.1615816668150427,-0.9723298858557976,Fibroblast,G0,
cell_3608579,-0.9813910837761136,-0.17073405370898478,0.08787081106963301,Fibroblast,G1,
cell_3608887,-0.32163962884761904,-0.5834524744744287,-0.7457420893989816,Fibroblast,G0,
cell_3610725,-0.8177631507380235,-0.4199121245835309,0.3936205620839104,Fibroblast,G1,
cell_3611271,0.08894931121537442,-0.01800239315620633,-0.9958733508588233,Fibroblast,G0,
cell_3612224,0.599362497675474,-0.2963028870525728,0.7436190777059871,Fibroblast,S,
cell_3612558,0.832394932022757,0.5402639619870029,-0.12342394860873712,Fibroblast,G1,
cell_3612801,-0.5229505442736676,-0.5706440449501881,-0.633157354797383,Fibroblast,G0,
cell_3613909,0.7046043209065477,-0.11165263846887832,0.7007613386905975,Fibroblast,S,
cell_3614565,0.4344062998951671,-0.7672279971210569,0.47186035913589897,Fibroblast,G2M,
cell_3617116,-0.05314949138457975,-0.8515016159550248,0.521651371110289,Fibroblast,G2M,
cell_3621585,-0.8620086938261006,0.4353496719213905,0.25963760233753586,Fibroblast,G1-G0 transition,
cell_3621752,-0.6267372791779279,-0.12040450905972408,0.769872151805116,Fibroblast,G1,
cell_3622077,-0.8630926380430792,0.4833801383476758,0.14633782344482157,Fibroblast,G1-G0 transition,
cell_3624924,0.6458355095238462,0.027631300350087012,0.7629764387114008,Fibroblast,S,
cell_3625303,0.06115511101276069,-0.5689279805554128,-0.820110327449817,Fibroblast,G0,
cell_3626497,0.7655852866828647,0.3771220746439385,0.5212083067510878,Fibroblast,S,
cell_3628014,0.2944652201947461,-0.6334831199128768,0.7155341446307937,Fibroblast,G2M,
cell_3629813,0.37790254681134133,-0.6690855967085215,-0.6399328663207384,Fibroblast,G0,
cell_3633410,0.9539460752534921,0.17449883785565987,0.24400231101149278,Fibroblast,G1,
cell_3634076,-0.25209839763072756,0.7879436722746788,-0.5617749541461643,Fibroblast,G0,
cell_3634381,-0.5430125987202539,0.018425702046724536,-0.8395223483842289,Fibroblast,G0,
cell_3634691,0.8025546730968398,-0.3696120673252808,0.4682870832948417,Fibroblast,S,
cell_3635930,0.6664932612910347,-0.367962780145958,0.6483748603804674,Fibroblast,S,
cell_3636560,0.5763532901982522,0.048738143506386784,0.8157459244219685,Fibroblast,S,
cell_3637710,-0.3316799304170303,-0.6908811596512839,-0.6423950900701267,Fibroblast,G0,
cell_3637966,0.598776892912524,-0.49054089501775644,0.6331159214374033,Fibroblast,S,
cell_3638304,-0.4828979412922805,0.5731001844636749,0.6620919326328649,Fibroblast,G1,
cell_3639970,-0.20390044677175054,0.46818867669835734,0.8597813265144181,Fibroblast,S,
cell_3641302,-0.3900466543638406,-0.07020610083774716,-0.9181147971167617,Fibroblast,G0,
cell_3641638,-0.24478527304574266,0.8233563820583114,0.5120202669354087,Fibroblast,G1,
cell_3643051,0.012700326630925685,-0.6449474161918908,0.7641212957422396,Fibroblast,G2M,
cell_3643748,-0.33636503973201826,0.7199077750163199,0.6071172600558385,Fibroblast,S,
cell_3645399,0.5212351329127046,-0.11932864143075579,0.845029438614584,Fibroblast,S,
cell_3645401,-0.256412125939925,0.7403263160748259,0.6214255655097038,Fibroblast,S,
cell_3646843,0.363843496258357,-0.5320691403106695,-0.7645393774187411,Fibroblast,G0,
cell_3650034,-0.2533756121734491,-0.7418685728187212,0.6208315934437989,Fibroblast,G2M,
cell_3651425,0.7618103891542256,-0.07888153275741888,0.6429796632346887,Fibroblast,S,
cell_3654165,-0.4906803360515632,0.6957345163889253,-0.5245819221557951,Fibroblast,G0,
cell_3656588,0.9537318743000233,0.24060875218383487,-0.1802856234442827,Fibroblast,G1,
cell_3656806,-0.7777232111283973,-0.0754767582867026,-0.6240593305726656,Fibroblast,G0,
cell_3657931,-0.4914228725821275,0.5284116464194331,0.6923040286402116,Fibroblast,G1,
cell_3659491,0.4056266315992964,-0.5282313332491043,-0.7459481508920769,Fibroblast,G0,
cell_3663469,0.21648206069587178,0.6225940027654601,0.7520053832242128,Fibroblast,S,
cell_3664646,0.8453198736146816,0.3560024579266194,0.3983674594931261,Fibroblast,G1,
cell_3664785,-0.15714792787235887,-0.8534571674017084,0.49690576055299296,Fibroblast,G2M,
cell_3666167,-0.6526285863409214,0.6630600301109189,-0.3666434175734894,Fibroblast,G1-G0 transition,
cell_3667761,-0.20782975126973324,0.5449648250925209,-0.812293283140675,Fibroblast,G0,
cell_3671253,0.27286498684452426,0.9486179849753362,0.16021505032401565,Fibroblast,G1,
cell_3672124,0.32118230532691977,-0.12769809631985765,-0.9383683460952899,Fibroblast,G0,
cell_3672881,-0.40915598793218,0.5240054436229986,0.7470004870263541,Fibroblast,G1,
cell_3674545,0.2824658223573191,-0.30445424626356743,-0.909681648931112,Fibroblast,G0,
cell_3674645,-0.3586122661803347,0.7728422631916135,-0.5235571704403641,Fibroblast,G0,
cell_3675188,-0.2804639171229584,0.572611938513299,-0.7703607239542071,Fibroblast,G0,
cell_3675664,0.3820247702625472,0.810051762205404,0.44482944268581925,Fibroblast,S,
cell_3676061,-0.5063063027784396,0.31384902984685475,-0.8032139743006439,Fibroblast,G0,
cell_3677435,-0.786734266672459,-0.16614802638825032,0.5945115779357761,Fibroblast,G1,
cell_3679380,0.13533280785731786,-0.9499481116666995,0.281573283890464,Fibroblast,G2M,
cell_3683042,-0.36856020572337034,0.8539784151984051,-0.367265807901099,Fibroblast,G0,
cell_3683347,-0.7168716386475665,-0.033649928095484366,0.6963925789753285,Fibroblast,G1,
cell_3686590,-0.7309784888635462,0.37965903072281326,0.5670355220288175,Fibroblast,G1,
cell_3690517,-0.30336722861041293,-0.589034106763903,-0.7490039627537501,Fibroblast,G0,
cell_3691367,0.4922254603511328,0.8658268836608911,-0.08976629780537557,Fibroblast,G1,
cell_3692836,-0.695009222257576,0.18116779275487235,0.695802038806091,Fibroblast,G1,
cell_3694320,-0.6160220242813661,0.2237652078814621,0.7552787941327873,Fibroblast,S,
cell_3695828,0.129247405722684,-0.6323980482879232,-0.7637851854607437,Fibroblast,G0,
cell_3702769,0.16539788956249543,-0.8907379845382981,0.42335472135162977,Fibroblast,G2M,
cell_3703805,-0.1379276625600001,-0.8588555483667666,0.4932980814384318,Fibroblast,G2M,
cell_3703951,-0.8131588275850239,0.550959992556397,-0.1876586866863071,Fibroblast,G1-G0 transition,
cell_3707585,0.7055660978947855,-0.1938164109702898,0.6816242733006628,Fibroblast,S,
cell_3709355,-0.05593363028689059,0.6689080588585682,0.7412377380399927,Fibroblast,S,
cell_3709725,0.22462924159667252,-0.576622820338097,0.7855238320824005,Fibroblast,G2M,
cell_3710111,0.09569043322839874,0.7998654040255664,0.592501911891827,Fibroblast,G1,
cell_3710834,-0.9877650568102891,0.03627448264364461,0.15167198446570124,Fibroblast,G1-G0 transition,
cell_3713812,0.7316416110492037,0.49605570249267184,0.46757812472614024,Fibroblast,S,
cell_3717058,0.939061318572563,0.10412342865932696,0.32760063454455257,Fibroblast,G1,
cell_3717295,-0.1590569894498392,0.9872654669409563,-0.002795524961529329,Fibroblast,G0,
cell_3718727,0.5779057442214162,0.80429443596394,0.13833033412589463,Fibroblast,G1,
cell_3719607,0.11759144100657193,-0.895430396449904,0.42939103947689095,Fibroblast,G2M,
cell_3719676,0.5353061799554849,-0.40611518845996386,-0.740619749820952,Fibroblast,G0,
cell_3720222,0.29242033858593014,0.10069862553067274,-0.9509732441727268,Fibroblast,G0,
cell_3722054,-0.9291863476984276,-0.18190385610154552,0.3217511124022578,Fibroblast,G1,
cell_3722667,-0.3347583358423655,-0.91882449745916,0.2090411207055082,Fibroblast,G2M,
cell_3725079,-0.2452578837276565,-0.07839967937618134,-0.9662826107176097,Fibroblast,G0,
cell_3725758,0.8259288145494654,-0.47133085503502076,0.3093359203265614,Fibroblast,S,
cell_3726393,-0.48242523263019255,0.8471721127938412,-0.22263272354217814,Fibroblast,G1-G0 transition,
cell_3728573,-0.6196162874189299,-0.6515636625740528,0.4376532030308833,Fibroblast,G1,
cell_3728857,-0.15948456664394806,0.25594393238562074,-0.953444917399542,Fibroblast,G0,
cell_3731944,0.4442679905690597,-0.2660051643438731,-0.8554923929642402,Fibroblast,G0,
cell_3732137,0.5769154295269537,0.7984142860266272,0.17234626726963415,Fibroblast,G1,
cell_3738379,0.507883660367967,-0.543517197748669,0.6683137247310621,Fibroblast,S,
cell_3740466,-0.06768304444438768,0.9784236906105748,0.19520738544592925,Fibroblast,G1,
cell_3741434,0.1679118502640956,-0.14954441476817082,-0.9743932121285198,Fibroblast,G0,
cell_3741722,-0.012575253898633232,0.9821639583005873,0.18760565004649893,Fibroblast,G1-G0 transition,
cell_3741780,-0.6621272782302683,-0.7085039552635694,0.24415080506535877,Fibroblast,G1,
cell_3741783,0.10097386790413299,0.5158200245974968,0.8507256364073293,Fibroblast,S,
cell_3742370,0.451768522859885,-0.6916815896475522,0.5634551397003,Fibroblast,G2M,
cell_3744112,0.1417450737461473,0.28818036588955376,-0.9470271531908105,Fibroblast,G0,
cell_3747933,0.6452333004722018,0.7134348807123122,0.2732845750033017,Fibroblast,S,
cell_3749637,0.42079645504001717,0.023280384517998187,-0.9068562793478863,Fibroblast,G0,
cell_3752274,0.9218630821125172,0.35661604304151345,-0.15163571788603147,Fibroblast,G1,
cell_3752782,-0.5189029618146491,0.30740677554242235,-0.7976471231555337,Fibroblast,G0,
cell_3753300,-0.6391448675479379,0.7403241571307408,-0.20836056432638567,Fibroblast,G0,
cell_3758134,-0.9219778540248206,0.3024475981200835,0.2418310269553957,Fibroblast,G1-G0 transition,
cell_3761963,0.8402937852904598,0.015393040936756641,-0.5419127763193173,Fibroblast,G0,
cell_3762583,0.22047843570020742,-0.009239696953069365,-0.9753480570621109,Fibroblast,G0,
cell_3763149,0.4346940852647313,-0.3156097841550297,0.8434639700229793,Fibroblast,S,
cell_3766287,0.7294734689748055,-0.17991257709688904,0.6599241177862708,Fibroblast,S,
cell_3768606,-0.8837362687515797,0.4499122920269873,-0.12879903527601205,Fibroblast,G1-G0 transition,
cell_3769524,-0.7023609665312711,-0.5967978923880212,0.38797073658403103,Fibroblast,G1,
cell_3769566,-0.597883621227896,-0.04639805068372743,-0.8002390121017385,Fibroblast,G0,
cell_3775408,-0.1381524184576325,0.8275369640237997,-0.5441475857318694,Fibroblast,G0,
cell_3776075,-0.5464897707275773,0.812112717188313,0.20450355382371974,Fibroblast,G1-G0 transition,
cell_3778417,0.1359734134621987,0.19624123507518534,-0.9710820789496597,Fibroblast,G0,
cell_3778733,0.10669943142954391,-0.5229682778247466,0.845647370183046,Fibroblast,G2M,
cell_3779162,-0.5810427886853693,0.5823349831284861,0.5685729774363986,Fibroblast,G1,
cell_3784038,0.13288354215417414,0.5278901842399865,0.8388528090390034,Fibroblast,S,
cell_3784774,0.022329488147141918,0.9767146927581001,-0.21337698238146585,Fibroblast,G1-G0 transition,
cell_3785470,0.5304977565371122,0.8471346744164874,0.030578871872602442,Fibroblast,G1,
cell_3786291,-0.9850829519419778,0.04988966174820955,0.16468911781634338,Fibroblast,G1-G0 transition,
cell_3786701,-0.09858726437307663,0.24382211372329832,-0.9647959550007938,Fibroblast,G0,
cell_3788713,-0.44916228501308564,0.5384253904882519,-0.7129876152125765,Fibroblast,G1-G0 transition,
cell_3791050,-0.3146689897022832,0.7282094006927683,-0.6088468511643433,Fibroblast,G0,
cell_3791297,0.008179667417398895,-0.4863895663201193,-0.8737037876901557,Fibroblast,G0,
cell_3797131,-0.6414051483843899,0.7190708431135604,0.2674633708932468,Fibroblast,G1-G0 transition,
cell_3799319,0.24094406072568075,0.6296870833940085,0.738539290986382,Fibroblast,S,
cell_3802192,0.5380587531228604,-0.09804294157620608,-0.837185922266615,Fibroblast,G0,
cell_3803355,-0.8261692904271768,-0.33907284151053346,0.4499709595784459,Fibroblast,G1,
cell_3804062,-0.7843044314002581,-0.05131105034485006,0.6182505870740415,Fibroblast,G1,
cell_3805309,0.812440524880427,0.4558065497239249,0.36356665984545594,Fibroblast,S,
cell_3807602,-0.056123666084349155,-0.8075656493158939,0.5871012887341931,Fibroblast,G2M,
cell_3809021,-0.03557314215912688,-0.8838176891581805,0.4664771167992891,Fibroblast,G2M,
cell_3809092,0.25809838434737353,-0.19781991145091077,-0.9456492623048056,Fibroblast,G0,
cell_3812706,-0.9479528289682229,0.31043972253802377,-0.07079934350492578,Fibroblast,G1-G0 transition,
cell_3813637,-0.773969793273229,0.6110150428136626,-0.1662269416518568,Fibroblast,G1-G0 transition,
cell_3815027,0.14372889872335023,0.9037342156346615,0.40324484089002194,Fibroblast,S,
cell_3815943,0.4757419809861807,-0.030381152468924685,0.8790600005474276,Fibroblast,S,
cell_3816278,-0.9675970510033354,0.10072033639491021,0.23154132461920557,Fibroblast,G1,
cell_3816741,-0.059194565172989544,-0.869002144969032,0.4912548466152902,Fibroblast,G2M,
cell_3816919,-0.7706697480341269,0.6360940668250872,-0.03811150653685444,Fibroblast,G0,
cell_3818725,0.9568520195230934,0.26545120813131595,0.11819371189047256,Fibroblast,S,
cell_3819442,0.1774064576076025,-0.5286511475393985,-0.8300932823615483,Fibroblast,G0,
cell_3819641,-0.17432009072685095,0.7007157677506243,0.6918164296852837,Fibroblast,S,
cell_3820744,0.294753152884299,0.040325206450813694,-0.9547221926201109,Fibroblast,G0,
cell_3822458,-0.4958359241506759,0.7257964870936605,0.4768292511838882,Fibroblast,G1,
cell_3822886,0.3601012077485269,0.2486440664011704,-0.8991680154912558,Fibroblast,G0,
cell_3825555,-0.23616476466259267,-0.6826881669747574,-0.6914932329797021,Fibroblast,G0,
cell_3826789,0.5511141129422722,0.5661376716164797,0.6129937307713867,Fibroblast,S,
cell_3830948,-0.9416170192762754,0.333712089378313,0.04464839269389903,Fibroblast,G1-G0 transition,
cell_3834776,-0.5992562465362388,0.5611174988254021,0.5709982788327174,Fibroblast,G1,
cell_3836096,-0.40300309266924067,0.687564960812985,0.6040223050686686,Fibroblast,G1,
cell_3836878,0.3909060687950173,0.36920593803210994,0.843136740179886,Fibroblast,S,
cell_3836884,0.6915926586556533,-0.54785362357911,0.4706969680357126,Fibroblast,S,
cell_3837863,-0.8371724197316448,0.30769013049492544,0.45218266903509446,Fibroblast,G1,
cell_3841783,0.9634871152181672,0.25332654880207267,0.08670691760269883,Fibroblast,G1,
cell_3842047,0.3917188465117155,-0.3486419197978051,0.8514723416915255,Fibroblast,S,
cell_3844824,0.7526131274649177,-0.5249009961263776,0.3975579172004148,Fibroblast,S,
cell_3847494,-0.33014690301293736,0.8496087814626347,0.41130005214076165,Fibroblast,G1,
cell_3848113,0.8536854073409161,0.48392764608597694,-0.19244526459956973,Fibroblast,G1-G0 transition,
cell_3852140,-0.504749320693112,0.6071590135565897,-0.6136659748157886,Fibroblast,G1-G0 transition,
cell_3853634,-0.8057177496655402,-0.503693556234394,0.3116273941513492,Fibroblast,G1,
cell_3855645,0.5582949393398204,-0.09996561299339449,-0.8235979565990157,Fibroblast,G0,
cell_3856726,-0.11694841402697265,-0.0023397072356093895,-0.9931351660253493,Fibroblast,G0,
cell_3860249,0.002752383155799676,0.15966857359644376,-0.9871667744021152,Fibroblast,G0,
cell_3860440,0.49160323472933537,-0.07348405716295697,-0.867713249915363,Fibroblast,G0,
cell_3860726,0.7393760876500781,-0.4461917774547255,0.5042181075860507,Fibroblast,S,
cell_3861268,-0.13840314183283675,-0.8536873074710656,0.50205830264375,Fibroblast,G2M,
cell_3862263,-0.36776768758700684,0.2238336775709443,-0.9025770420497509,Fibroblast,G0,
cell_3863542,-0.7380281744971191,0.5332235028440491,-0.41350571661795876,Fibroblast,G0,
cell_3864847,0.8137408798146075,0.34545674410800653,0.4674242653476274,Fibroblast,S,
cell_3866991,-0.306926846401167,0.6921292025998821,0.6532631816832397,Fibroblast,G1,
cell_3869543,-0.3267522854758053,-0.5009238426090461,-0.8014414371356059,Fibroblast,G0,
cell_3871995,0.47769235890154216,0.6209114712546342,-0.62151336686741,Fibroblast,G0,
cell_3872184,-0.124010121192342,0.8563832159206449,-0.5012277003898055,Fibroblast,G0,
cell_3873821,0.12603197091391288,-0.7830031383866288,0.6091158421518327,Fibroblast,G2M,
cell_3876691,-0.5374460225090918,-0.32242482103852493,-0.7792266233350573,Fibroblast,G0,
cell_3878073,0.5372440284691934,0.33346796009537527,0.7747050911799342,Fibroblast,S,
cell_3880266,-0.13960245400444243,-0.9502015628595057,0.27861790394148905,Fibroblast,G2M,
cell_3882978,-0.08382538516144769,0.7759904395311168,0.6251497977422612,Fibroblast,G1,
cell_3883132,0.5622867126607121,0.777854725375623,-0.2806699429528118,Fibroblast,G1,
cell_3883633,-0.25428577700804345,-0.8915423013359576,0.37482129951606635,Fibroblast,G2M,
cell_3885499,-0.03343737741905564,0.9877753928815954,-0.15225467144875685,Fibroblast,G0,
cell_3885902,-0.7065079028327529,-0.45092620657118443,0.5454465931438539,Fibroblast,G1,
cell_3885990,-0.849027811961671,-0.07971796380096965,0.5222994461900377,Fibroblast,G1,
cell_3887160,-0.5379958180874467,0.4620369551655796,0.7050407203343811,Fibroblast,G1,
cell_3891266,-0.4502997448818009,0.602828652747464,0.6586558890207226,Fibroblast,S,
cell_3891575,-0.22316018166170004,-0.8466486910100193,0.4830998824385007,Fibroblast,G2M,
cell_3891852,-0.07717727186959411,-0.8144516695390468,0.5750757686424991,Fibroblast,G2M,
cell_3895236,0.9553896037689689,0.10276570508344339,0.27689328746052283,Fibroblast,S,
cell_3895582,0.12983643602893766,-0.5204095259732041,-0.843988333933871,Fibroblast,G0,
cell_3896157,0.11660021631154138,0.705566062034937,-0.6989856318210561,Fibroblast,G0,
cell_3896389,0.4574245910944388,-0.724487884050245,0.5156356539911716,Fibroblast,G2M,
cell_3899051,-0.0821577866536421,-0.8786371551404436,0.47036901985952834,Fibroblast,G2M,
cell_3901132,-0.2227830183949457,-0.47036261533381335,-0.8538891995336345,Fibroblast,G0,
cell_3903426,0.7504051864878692,0.5954717080306663,-0.2868893729952729,Fibroblast,G1-G0 transition,
cell_3904442,-0.0790804877961328,0.8057674409381848,-0.586928463944957,Fibroblast,G0,
cell_3904582,-0.2525788938793272,0.027413970444810226,-0.9671878697974345,Fibroblast,G0,
cell_3905139,0.44316480566661537,-0.0665128684221497,-0.8939690792402956,Fibroblast,G0,
cell_3906163,-0.5607648326919601,-0.7632218023526242,0.3209912109243265,Fibroblast,G2M,
cell_3906196,-0.26546335168047297,-0.27390964205514307,-0.9243931434781639,Fibroblast,G0,
cell_3906938,0.04508060189428881,-0.9308441721391301,0.36262501994356255,Fibroblast,G2M,
cell_3908581,0.12185711044291558,-0.8055283921594111,0.5798922874833966,Fibroblast,G2M,
cell_3909153,0.4020745978734995,-0.6076885571073166,-0.6848726588720297,Fibroblast,G0,
cell_3909761,0.15322423111018707,-0.4090603434969409,-0.8995509606713474,Fibroblast,G0,
cell_3911474,0.226570756003869,-0.0710694044801008,-0.9713983618369254,Fibroblast,G0,
cell_3911802,0.9766125218245163,0.1339545587271761,0.1681789381002987,Fibroblast,S,
cell_3914532,0.06558078615450721,0.9890212604508275,-0.13242439069334694,Fibroblast,G1-G0 transition,
cell_3922211,-0.5127642367289273,0.24871225547211237,-0.8217147116140964,Fibroblast,G0,
cell_3923653,0.4191081638206114,-0.3554440403589609,-0.8354686111196133,Fibroblast,G0,
cell_3924524,0.0065800259057876564,-0.32794091092694816,-0.9446752769290278,Fibroblast,G0,
cell_3927770,0.6530683730782273,-0.5401872447170475,0.5307535427620848,Fibroblast,S,
cell_3928329,0.6066319301114365,0.321599174609431,0.7270292421712617,Fibroblast,S,
cell_3931038,-0.33039946331865155,0.6836472645705169,0.6507400341658671,Fibroblast,G1,
cell_3931629,-0.19656739004362445,0.5440932609372647,-0.8156738492821536,Fibroblast,G0,
cell_3932990,0.3372713832594387,-0.46307850926902405,0.8196377672681779,Fibroblast,S,
cell_3934268,-0.0834387211118125,-0.24203420278977833,-0.9666733492907157,Fibroblast,G0,
cell_3936320,-0.07947805234337113,-0.701467875134425,0.7082557221360883,Fibroblast,G2M,
cell_3940105,-0.4624955576029801,0.20338176823353596,-0.8629795724892114,Fibroblast,G0,
cell_3940773,0.6743177281954347,0.6272453365378385,0.38969085402965786,Fibroblast,S,
cell_3945035,0.19555631512950858,-0.639760092369071,-0.7432795523277076,Fibroblast,G0,
cell_3945193,-0.8478189979750355,-0.2974138557273746,0.43903084649197444,Fibroblast,G1,
cell_3945646,-0.6497096963438909,0.6718890954597547,-0.35558747480168923,Fibroblast,G0,
cell_3946797,0.5566385660915046,-0.6680439877727427,0.4938328026989691,Fibroblast,S,
cell_3947401,-0.09155589671920084,-0.045389216329887086,-0.9947649878139861,Fibroblast,G0,
cell_3947495,-0.747164973509195,0.2966407493686627,-0.5947677865186118,Fibroblast,G0,
cell_3950652,-0.4323194752765759,0.5539574825384697,0.7114992198854461,Fibroblast,G1,
cell_3955966,-0.9960496700835976,-0.057838399414111674,0.06737710168705108,Fibroblast,G1,
cell_3956013,0.527716307709517,-0.3310916156516401,0.7822363531279409,Fibroblast,S,
cell_3956299,0.680539157405721,-0.4688328263327587,0.5630827559054373,Fibroblast,S,
cell_3956438,-0.8873781008029648,-0.20740125447626012,-0.4117582379118398,Fibroblast,G0,
cell_3959546,0.6024724075116892,-0.3962605005835557,0.6928235023278345,Fibroblast,S,
cell_3962881,-0.6087859469798245,0.1453801612888073,0.7799001467002409,Fibroblast,G1,
cell_3963201,-0.8426151935468187,0.5299384378712575,-0.09573289419425729,Fibroblast,G0,
cell_3966391,0.9260352546044419,0.18597517189770113,0.32843879392682307,Fibroblast,S,
cell_3968516,-0.8032786135623281,0.010351727052125947,0.5955133930251357,Fibroblast,G1,
cell_3968777,-0.5989676342112225,-0.3380397116354013,0.7259249435129813,Fibroblast,G1,
cell_3969610,0.3801087408263317,-0.22699500693986577,-0.8966552698408015,Fibroblast,G0,
cell_3970323,0.49728218179818373,-0.21243753064611035,-0.8411781216621623,Fibroblast,G0,
cell_3970333,-0.8131928630989798,-0.3432684641805128,0.4699831465118729,Fibroblast,G1,
cell_3971175,-0.9592692908619013,0.23925329279867216,0.15020021876175213,Fibroblast,G1-G0 transition,
cell_3973776,-0.3468344201667086,0.531391062183578,0.7728708903211421,Fibroblast,S,
cell_3978381,-0.7768789078794809,0.6119408789571315,-0.14828194914328952,Fibroblast,G1-G0 transition,
cell_3978702,0.15471732588834547,0.8143905555815159,0.5593125572706795,Fibroblast,S,
cell_3979719,-0.966626778868797,0.2561884829019746,0.00038707030243512186,Fibroblast,G1-G0 transition,
cell_3980349,-0.40074961527867414,0.5335341227320789,0.7448092643763797,Fibroblast,G1,
cell_3980541,0.16771936837822174,-0.8842053368248104,0.43594870546913994,Fibroblast,G2M,
cell_3981685,-0.5451246277864078,-0.28809215369712043,-0.7873004613971336,Fibroblast,G0,
cell_3981916,0.3465486133144907,0.7112993603473748,0.6115205774020162,Fibroblast,G1,
cell_3982480,-0.2713957577559425,0.927823523504732,0.25590646236895864,Fibroblast,G1,
cell_3984929,0.5979303047573087,-0.05469548135882108,0.7996796969709016,Fibroblast,S,
cell_3990381,-0.008732697733952854,-0.3985079988571657,-0.9171233308994475,Fibroblast,G0,
cell_3991605,0.7557390877175341,-0.4269786305125117,0.4965356348465261,Fibroblast,S,
cell_3993268,0.7077568457827333,0.22099155343728655,0.671001359042615,Fibroblast,S,
cell_3993981,0.35902608550416376,-0.4956968424919228,-0.7908127699633495,Fibroblast,G0,
cell_3994440,-0.40322195739118305,0.8461562934012604,-0.3484701831781477,Fibroblast,G0,
cell_3995301,-0.7840519875165435,-0.09408954286889731,0.6135223377969719,Fibroblast,G1,
cell_3996559,0.5690896726168096,-0.6439515899932255,0.5113348010098213,Fibroblast,S,
cell_3997542,-0.24696372528707286,0.8011080001885944,-0.5451924067533418,Fibroblast,G0,
cell_4001293,0.32764245180342016,0.9329497757963958,-0.1491815350175843,Fibroblast,G1-G0 transition,
cell_4004021,-0.014080186621684587,0.01874330805136247,-0.9997251649349206,Fibroblast,G0,
cell_4007221,0.42607928462760636,-0.18749389863166926,-0.8850438119599833,Fibroblast,G0,
cell_4007821,-0.43137505902561446,-0.3107191526865465,-0.8469766315351743,Fibroblast,G0,
cell_4009677,0.5038849123018079,-0.16366641593707654,0.8481233619910348,Fibroblast,S,
cell_4009934,0.10820775708013941,0.9394326473369331,-0.32520368626632773,Fibroblast,G0,
cell_4010109,0.2856509714145671,-0.5620091254673631,-0.776240381808637,Fibroblast,G0,
cell_4010155,0.48931788062414194,0.29654441340510485,0.8201399075148716,Fibroblast,S,
cell_4015149,0.20965529074191055,-0.9198560437538665,0.3315259422826307,Fibroblast,G2M,
cell_4017365,0.40872791036906536,0.5835977832303817,0.7016801727006485,Fibroblast,G1,
cell_4018963,-0.059600257186456146,-0.6061631559488045,-0.7931041283518869,Fibroblast,G0,
cell_4018984,-0.47364653233164555,-0.19040520985468834,-0.8598865319714594,Fibroblast,G0,
cell_4021180,0.57642890721854,0.7356930003927971,-0.35564807569221574,Fibroblast,G1-G0 transition,
cell_4024701,0.5105448896870769,-0.2913033757722523,-0.8090032295234684,Fibroblast,G0,
cell_4024903,-0.17922782379893165,-0.9329879595431394,0.3121070448032185,Fibroblast,G2M,
cell_4025247,0.7994751024526046,0.49682032984478813,0.3376525513562177,Fibroblast,G1,
cell_4025868,0.0996991055772618,0.5033936496127741,-0.858285943098632,Fibroblast,G0,
cell_4026113,0.006011667715002111,-0.273247297503328,-0.9619249706149189,Fibroblast,G0,
cell_4027195,-0.35360567388362923,0.603077511576928,0.7150247224908712,Fibroblast,G1,
cell_4028456,0.8823825883684793,-0.38852163752868646,0.26542747883009804,Fibroblast,S,
cell_4031670,0.9668939932593528,0.05924689366341537,0.24820479252425348,Fibroblast,S,
cell_4032249,-0.22466622098037148,0.611070826587501,0.7590241130396338,Fibroblast,G1,
cell_4032673,0.9487138892878777,-0.009924611550317264,0.3159801772725315,Fibroblast,S,
cell_4032820,-0.8753952105904373,-0.19659562784911844,0.4416260143530944,Fibroblast,G1,
cell_4033482,0.850061362431614,-0.41275437971124,0.3271538545484681,Fibroblast,S,
cell_4035009,-0.5447989340418081,0.6601036397528429,-0.5171626907279656,Fibroblast,G1-G0 transition,
cell_4035492,-0.7729637855085346,-0.17477621762832893,0.6099018789375843,Fibroblast,G1,
cell_4036004,0.09190205107727838,0.8153801822539841,0.5715848012599125,Fibroblast,G1,
cell_4037603,0.5300762100332785,-0.6640451838441498,0.5273168741988634,Fibroblast,G2M,
cell_4038384,0.4017429732411426,0.9110540004347059,-0.09264601913324358,Fibroblast,G1-G0 transition,
cell_4038710,0.5501785351539987,0.49552245483173607,0.6721317290459914,Fibroblast,S,
cell_4042229,0.7270196613305575,0.6381808754598906,0.25331375114309723,Fibroblast,G1,
cell_4044861,0.17084087073801146,0.3006544853986029,-0.9383070398156586,Fibroblast,G0,
cell_4045966,-0.25906199553173737,0.18334921156981066,-0.9482983577412135,Fibroblast,G0,
cell_4050303,-0.6106366353036468,0.3683056314260289,0.7010518822691998,Fibroblast,G1,
cell_4051596,-0.050837122434805926,0.5614824972223031,-0.8259256018009005,Fibroblast,G0,
cell_4051971,0.20268590174007867,0.5273641036963299,-0.8251094537384565,Fibroblast,G0,
cell_4053078,0.9043186992372771,-0.21234717611422185,0.37029232271364393,Fibroblast,S,
cell_4053891,0.5735007990527523,0.7701068360274137,-0.2793427006299992,Fibroblast,G1-G0 transition,
cell_4054080,-0.5314690676681129,0.23063829066247218,0.815074526393065,Fibroblast,S,
cell_4056002,-0.4823585099316327,0.7041603370295504,-0.521045601974188,Fibroblast,G0,
cell_4056752,-0.21868077957701193,-0.9095978140882123,0.35328529449707724,Fibroblast,G2M,
cell_4065535,0.1443468351653424,-0.8407306094865133,-0.521858344044565,Fibroblast,G0,
cell_4065579,-0.7364212322922323,0.004742603216260327,0.6765064793951483,Fibroblast,G1,
cell_4067394,-0.8513461565826494,0.4067798693336117,-0.33126991717598975,Fibroblast,G1-G0 transition,
cell_4069337,-0.6177467894067507,0.510436192720611,0.5982004239538057,Fibroblast,G1,
cell_4070917,0.7929019838362785,0.5217598008979846,0.3147588860966817,Fibroblast,G1,
cell_4072345,-0.37775181541730884,-0.12606294892765232,-0.917285036152194,Fibroblast,G0,
cell_4074756,0.7708074242874224,-0.4085161381290787,-0.48884589613656904,Fibroblast,G0,
cell_4075158,0.6886704160016958,-0.529597654333443,0.4952365466027266,Fibroblast,S,
cell_4075552,0.38374911381684906,0.7127433902096547,0.5871399490732288,Fibroblast,S,
cell_4075641,0.3142855398777009,-0.34047935780410266,-0.8861705877399386,Fibroblast,G0,
cell_4079125,0.6093035267234861,-0.12293709382677787,-0.783349019961677,Fibroblast,G0,
cell_4083762,-0.5504653190959691,0.10936268228346613,-0.8276641837892771,Fibroblast,G0,
cell_4084669,0.48824555078854204,-0.12028012921085429,-0.8643778229977646,Fibroblast,G0,
cell_4084765,-0.6207699291419331,0.7212928670990285,0.3072153836509267,Fibroblast,G1,
cell_4085201,-0.32236330648294287,0.7259491041616434,-0.6075192212662003,Fibroblast,G0,
cell_4087467,0.2814749661818936,0.2886910857291832,-0.9151117553275028,Fibroblast,G0,
cell_4087720,0.006563572055025543,0.9402325565027367,0.3404695814619099,Fibroblast,G1,
cell_4094386,0.7642804417752891,-0.47947545668858527,0.4312523579084053,Fibroblast,S,
cell_4095122,0.15298088806181198,-0.17316127589074443,-0.972939898794839,Fibroblast,G0,
cell_4095324,0.29555620248674186,-0.7797059522559667,0.5520009827270128,Fibroblast,G2M,
cell_4095843,0.2345029664296117,-0.26613573366459414,0.9349759399483714,Fibroblast,G2M,
cell_4099919,0.4958205227288389,0.8375682620593458,-0.22943716371627848,Fibroblast,G1,
cell_4100155,0.2803628746386139,-0.5209601750483116,-0.8062241578911533,Fibroblast,G0,
cell_4100265,-0.18706138239566406,-0.32856411527504625,-0.9257718409343486,Fibroblast,G0,
cell_4100949,-0.264486211401495,0.8197781690869529,-0.5079476224512847,Fibroblast,G0,
cell_4105332,-0.5167933689566833,-0.05126513058334271,-0.8545739452188544,Fibroblast,G0,
cell_4105504,0.07919353754528197,-0.9647153251172629,0.251102434584221,Fibroblast,G2M,
cell_4106548,0.11016932579433988,-0.8030552130298383,-0.585632156153131,Fibroblast,G0,
cell_4109880,-0.6021814671624354,0.07626959617421575,-0.7947076297788009,Fibroblast,G0,
cell_4113036,-0.00596260094195622,0.6967867063658049,-0.7172536170502932,Fibroblast,G0,
cell_4115503,0.9997074876643242,-0.011452333064596393,0.02129786816782092,Fibroblast,S,
cell_4119343,0.47856894869755995,0.8747149411321188,0.07645617497153778,Fibroblast,G1,
cell_4122578,0.4249690923580909,0.3850435298848823,-0.8192330946280837,Fibroblast,G0,
cell_4122621,0.1064776036570485,-0.604358852185825,-0.7895650092086819,Fibroblast,G0,
cell_4125173,-0.45381761436109125,-0.27787293693030024,-0.846661654986236,Fibroblast,G0,
cell_4129483,-0.73238696888438,-0.44112071495985017,0.5186731253273462,Fibroblast,G1,
cell_4130434,0.004378976136028279,0.47941638319314916,-0.8775766895475465,Fibroblast,G0,
cell_4131897,-0.006930317560985222,0.913815538163737,-0.40607031690973816,Fibroblast,G0,
cell_4132611,0.8605864762843414,-0.34225611867387834,0.3771624614817229,Fibroblast,S,
cell_4133633,0.24338535290174224,-0.03531853013567052,-0.9692862773900103,Fibroblast,G0,
cell_4134779,-0.1678679246396873,0.567532430556702,-0.8060565249767159,Fibroblast,G0,
cell_4135042,0.622110092329698,0.08489080273894259,-0.7783138128642,Fibroblast,G0,
cell_4135580,-0.8716211871211678,-0.2475166175610637,0.4230979057187114,Fibroblast,G1,
cell_4137348,0.6782607660802928,-0.20662163919371015,0.7051735779547539,Fibroblast,G2M,
cell_4137449,0.832851494681521,-0.4813282898439386,0.2732791092634892,Fibroblast,S,
cell_4138701,0.3875333049590485,-0.14356039143714786,-0.910608745519861,Fibroblast,G0,
cell_4140767,0.2840118061629125,0.26958335758355556,-0.9201424922058679,Fibroblast,G0,
cell_4141537,0.5517341364267581,-0.5089448882925153,-0.6607302844173787,Fibroblast,G0,
cell_4142350,0.12964612132492065,-0.5532270664835216,0.8228801800877092,Fibroblast,S,
cell_4142886,-0.552851844008956,-0.6696314424218662,0.4959319706489182,Fibroblast,G2M,
cell_4146587,-0.4499993047868096,0.3724956156566579,0.8116327124601221,Fibroblast,S,
cell_4151288,0.3389714716420096,-0.8407250538235282,0.4222319080325858,Fibroblast,G2M,
cell_4151648,0.8025604549708825,0.5772987586761334,-0.1504090277489441,Fibroblast,S,
cell_4153319,-0.03166862959634714,-0.5346787537435699,-0.8444617119476892,Fibroblast,G0,
cell_4153610,-0.5031437384771383,0.8634127586788195,0.03694278415128381,Fibroblast,G1,
cell_4155336,-0.15166398866463,-0.8940330448267575,0.42154822309660156,Fibroblast,G2M,
cell_4155619,-0.4093782238657926,-0.47216897455288454,-0.78068291351347,Fibroblast,G0,
cell_4155687,0.5739894717544193,-0.7610082386025175,0.3023283846681396,Fibroblast,S,
cell_4155948,0.5013025448129278,-0.8098215641686456,0.3047699959209321,Fibroblast,S,
cell_4157374,0.7731502275427873,-0.5306289348598923,0.3473783227134267,Fibroblast,S,
cell_4157673,0.2994513351239525,-0.29282147675173054,-0.9080663861950171,Fibroblast,G0,
cell_4159794,0.36845228499941357,-0.6798337761904731,0.6340890628669383,Fibroblast,G2M,
cell_4161463,0.4416804916442091,-0.8239310908551941,0.3550435147694001,Fibroblast,G2M,
cell_4163594,0.5738912713079181,0.4702641693106316,0.6704478660589651,Fibroblast,S,
cell_4163716,0.656218360634388,0.7252243061225621,0.2083921964612872,Fibroblast,G1,
cell_4164372,-0.5157958187612011,0.7366290889943621,0.43741542045060744,Fibroblast,G1-G0 transition,
cell_4166440,-0.8766908034761565,-0.14752245901144578,0.45787596231788924,Fibroblast,G1,
cell_4166970,0.2024586917360643,0.2589166724375719,-0.9444430588091923,Fibroblast,G0,
cell_4166987,-0.4527538116855435,0.05985471563270539,0.8896243317684771,Fibroblast,S,
cell_4167287,0.04295296577088514,-0.15907699497845612,-0.9863313355066358,Fibroblast,G0,
cell_4170319,-0.16210705556319555,-0.6819097209157476,0.7132464345019102,Fibroblast,G2M,
cell_4171190,0.9172078939220094,0.11288156844652586,-0.3820829241997511,Fibroblast,G0,
cell_4174524,-0.5491837157160855,0.2823365897119978,0.7865643129168197,Fibroblast,G1,
cell_4175179,-0.3737129650643366,-0.012325092076100927,-0.9274625376522679,Fibroblast,G0,
cell_4175707,0.05072844972422552,0.6192704944484209,-0.7835372956481843,Fibroblast,G0,
cell_4177034,-0.4264094970852716,0.8538581572669472,-0.29849809617518397,Fibroblast,G0,
cell_4177103,-0.7286563955285008,-0.20008593969107277,0.6550002690190028,Fibroblast,G1,
cell_4179486,0.48955657964487714,0.3139247770832479,0.8135020353310928,Fibroblast,S,
cell_4179609,0.011771036486153685,-0.2655576171628225,-0.9640231563819865,Fibroblast,G0,
cell_4180329,0.0013234298076690298,-0.6935614597308535,0.7203963020105671,Fibroblast,G2M,
cell_4180829,-0.24231300269888167,0.32588071814445657,-0.913830454746736,Fibroblast,G1-G0 transition,
cell_4181954,0.12775651739235833,-0.4589342577867095,-0.8792369138408894,Fibroblast,G0,
cell_4182201,-0.3019516383353981,0.6320972570491564,-0.7136373114281165,Fibroblast,G0,
cell_4182381,0.04806367539902223,-0.19566651676269392,-0.9794919720453071,Fibroblast,G0,
cell_4184012,-0.10974325533218476,-0.880866738919905,0.4604673003591383,Fibroblast,G2M,
cell_4184436,0.210870025320253,-0.7080520717431102,0.6739406667886938,Fibroblast,G2M,
cell_4186133,-0.8266629731507169,-0.1662633077200731,0.537572984213991,Fibroblast,G1,
cell_4186377,-0.05476097952197276,0.9979694905878529,-0.03253097661555039,Fibroblast,G1-G0 transition,
cell_4186670,-0.14637490145462634,0.40306632116535157,-0.9033891132503603,Fibroblast,G0,
cell_4189475,0.6065854774542232,0.17805503611810022,0.7748228526512608,Fibroblast,S,
cell_4189749,-0.3440826720010018,-0.8396272676907391,0.4202774038075301,Fibroblast,G2M,
cell_4190708,-0.3948866700520717,0.8793860662000575,-0.2659788931538238,Fibroblast,G0,
cell_4191927,-0.9884850783736923,-0.029013722380315132,0.14851117507648876,Fibroblast,G1,
cell_4192851,0.2650957791294927,-0.5099460229121284,0.8183393288671894,Fibroblast,S,
cell_4194359,-0.40672474947937026,-0.24398395368531953,-0.8803673509151215,Fibroblast,G0,
cell_4194870,-0.8073587616200528,-0.31804446716404366,0.49701065711987125,Fibroblast,G1,
cell_4195179,-0.15621771057450473,0.6935787082227112,-0.7032387356034014,Fibroblast,G0,
cell_4196184,0.36728485151515844,-0.6585784604481686,-0.6567923424877251,Fibroblast,G0,
cell_4196278,-0.2500097003891822,-0.13798261296105274,-0.9583611455435486,Fibroblast,G0,
cell_4198343,0.7187235902606841,-0.5338370390974025,0.4454823497766015,Fibroblast,S,
cell_4198555,-0.4841113985306851,0.723650360774375,-0.4919009083046408,Fibroblast,G0,
cell_4199122,-0.7707688275291538,0.1945843961908912,-0.6066731199962492,Fibroblast,G0,
cell_4201204,-0.5955028213792133,0.6910019778215701,0.40974713764660686,Fibroblast,G1,
cell_4202399,-0.15586234057915915,0.3488309592076207,-0.92413412475572,Fibroblast,G0,
cell_4202450,-0.1895892195889856,-0.18919508414524605,-0.9634631554706017,Fibroblast,G0,
cell_4202559,-0.26375676458680974,0.8968003608866378,-0.3552202721995318,Fibroblast,G1-G0 transition,
cell_4202872,0.3452241136161801,-0.8429148554635792,0.4126923151740521,Fibroblast,G2M,
cell_4203138,-0.6795017800961825,0.604376958762808,-0.4159395943404112,Fibroblast,G0,
cell_4206712,0.3806273603541197,0.33451578901270873,-0.8621032832163246,Fibroblast,G0,
cell_4207055,-0.06785787391040286,0.9679568182163426,0.24177453723706602,Fibroblast,G1,
cell_4207311,0.9802360902895584,0.14894499537801437,-0.13020084507842544,Fibroblast,G1,
cell_4208132,-0.37002832090742127,0.35626386993063336,-0.8579947597063828,Fibroblast,G0,
cell_4218380,0.312780904807252,0.9281975021024049,-0.20153811969294372,Fibroblast,G1-G0 transition,
cell_4220659,0.9685103689275085,-0.007399632569010384,0.24886324713034053,Fibroblast,S,
cell_4220711,-0.654672166512381,0.387027721075726,0.6493180453440286,Fibroblast,G1,
cell_4221067,-0.9420824280158109,0.1441240836037579,0.30283512572875104,Fibroblast,G1,
cell_4221185,0.021222679783901854,0.23237667145344137,-0.972394282898456,Fibroblast,G0,
cell_4221512,-0.07517639793643316,0.9404393197990817,-0.33154542038358803,Fibroblast,G1-G0 transition,
cell_4221913,0.15529768574931851,0.9212489529332565,0.3566273607208076,Fibroblast,G1,
cell_4222459,0.3117173882406478,0.35663918973611763,0.8807046995943693,Fibroblast,S,
cell_4224084,0.47730051370069776,0.03606368334400697,0.8779997903364505,Fibroblast,S,
cell_4225848,-0.731568769055105,0.37089928265422417,-0.5720497376108848,Fibroblast,G0,
cell_4231303,0.0664304951967178,0.8176212321152592,0.5719110055711699,Fibroblast,G1,
cell_4235529,0.511013957671381,-0.7181335241013388,0.47238640697906426,Fibroblast,G2M,
cell_4236396,0.5412631417920741,-0.36536317903980187,-0.7573267675640369,Fibroblast,G0,
cell_4237715,-0.23092721890662166,-0.9102895158034321,0.34357730700450956,Fibroblast,G2M,
cell_4238238,0.0606509942130492,-0.5593117197557422,0.8267356180529419,Fibroblast,G2M,
cell_4238581,0.7005191058560123,0.23105194211765617,-0.6751948245126507,Fibroblast,G1-G0 transition,
cell_4239498,-0.8537590476951066,-0.0012408243889562853,0.5206668134145236,Fibroblast,G1,
cell_4242467,-0.3186332450596321,0.7875010979098837,0.5275554950065029,Fibroblast,G1,
cell_4242836,-0.08021888406303015,0.7304395803009137,0.6782498354199658,Fibroblast,S,
cell_4243405,-0.8423619929773611,-0.17763482724537544,0.5087947547076292,Fibroblast,G1,
cell_4250589,-0.37581657629265897,0.602115564781598,0.7044277932436596,Fibroblast,S,
cell_4250944,-0.22529973125543334,-0.6566094486814249,-0.7197944069101934,Fibroblast,G0,
cell_4258618,-0.5680035369773991,0.019981773203731942,-0.8227835448276453,Fibroblast,G0,
cell_4259283,0.31847610847230734,-0.6330073757061667,0.7056022998295215,Fibroblast,G2M,
cell_4260482,0.31200591840810615,0.6271262887402654,-0.713698018380506,Fibroblast,G1-G0 transition,
cell_4261373,0.0068032389112162445,0.9496957844753526,0.3131002433257156,Fibroblast,G1,
cell_4262050,-0.02933567803716569,0.6086919701743547,-0.7928640657930635,Fibroblast,G0,
cell_4262661,-0.0033019791611180183,-0.07337362050991396,-0.9972990888498217,Fibroblast,G0,
cell_4263426,-0.7153087417202287,-0.13538435687777833,0.6855686248115036,Fibroblast,G1,
cell_4264042,0.11841545790759486,-0.9471583602496721,0.2981084223497333,Fibroblast,G2M,
cell_4264840,-0.8079495373602732,-0.06541405599423913,0.5856094283378728,Fibroblast,G1,
cell_4268935,0.8510376014280643,0.4991418910512755,-0.16307149825052364,Fibroblast,G1,
cell_4269101,0.6644019397837803,0.05936948177307469,0.7450137377394584,Fibroblast,S,
cell_4269226,-0.24523768577919983,-0.42185069451900536,-0.8728691179799085,Fibroblast,G0,
cell_4270387,0.4184358850205628,0.5501352743194405,-0.7226774209347585,Fibroblast,G0,
cell_4270871,-0.47953372214378587,-0.4020712149977383,-0.7799910941724842,Fibroblast,G0,
cell_4271524,0.48991737109808786,0.48808156817894277,0.7223278101798438,Fibroblast,S,
cell_4272950,0.007938686986515064,-0.1587411876581932,-0.987288320522067,Fibroblast,G0,
cell_4273092,0.6297447644980354,-0.27751498297712757,0.725539117895897,Fibroblast,S,
cell_4274112,-0.7433689074069995,0.012236621023485411,0.6687697857928631,Fibroblast,G1,
cell_4275880,0.2770671902134118,-0.37224823774664745,-0.8858132145539261,Fibroblast,G0,
cell_4278081,0.5523894938407197,-0.2350823549382128,-0.7997512147675548,Fibroblast,G0,
cell_4279058,-0.04133804001863593,0.9710359161288927,0.23533007464236597,Fibroblast,G1,
cell_4279702,-0.7643592479926768,0.4614295680644186,0.4503751311345421,Fibroblast,G1,
cell_4280587,0.20027203892694972,-0.3739853107184219,-0.9055528394585752,Fibroblast,G0,
cell_4281125,0.5803262835116317,-0.19657061217890218,-0.7903045734677905,Fibroblast,G0,
cell_4282012,-0.4639063069544325,0.2861502549145934,0.8383966777584944,Fibroblast,S,
cell_4284490,-0.4477422356357738,0.8770632583989566,0.17403126444281458,Fibroblast,G1-G0 transition,
cell_4285893,-0.5831054531867443,0.687069927230872,-0.43350084418028334,Fibroblast,G0,
cell_4286329,-0.8403180991354692,-0.5064176155746223,0.19340769548872108,Fibroblast,G1,
cell_4287100,-0.27680051849761367,-0.6494854519179458,-0.7082019492418113,Fibroblast,G0,
cell_4287206,-0.5675485214186432,0.20903318379674454,0.7963626726562107,Fibroblast,G1,
cell_4287444,0.44987112218858516,-0.11176859901656772,-0.8860720627334424,Fibroblast,G0,
cell_4288757,0.2586846006705687,-0.9349105624047807,0.24294969490468477,Fibroblast,G2M,
cell_4294346,-0.48146810763247655,0.6754911588606282,-0.5584802265608364,Fibroblast,G0,
cell_4297836,0.010434624708031859,-0.16528655325141872,-0.986190384370677,Fibroblast,G0,
cell_4300628,-0.2784596128928759,0.6926476486387474,-0.6653567407471307,Fibroblast,G0,
cell_4301168,0.2890850246192621,-0.4392395857294396,-0.8505870456855833,Fibroblast,G0,
cell_4303390,-0.3026200072692534,-0.8740858067645757,0.379993554771615,Fibroblast,G2M,
cell_4305188,0.4643357097261652,0.6715836238419223,0.5773800496221704,Fibroblast,S,
cell_4305664,0.031281962912745376,-0.3844163454366054,-0.9226296309785026,Fibroblast,G0,
cell_4306818,-0.43521694478092343,0.42795182746798643,0.7921133048030354,Fibroblast,S,
cell_4307642,0.01432230649559052,0.6355659483491634,-0.771913749698407,Fibroblast,G0,
cell_4307985,0.8960167186879853,-0.3372739508564282,0.28879057435034494,Fibroblast,S,
cell_4310306,0.44175475655354013,-0.6615787965950485,-0.6059423726828989,Fibroblast,G0,
cell_4311331,-0.6600962564124095,0.5078391919079045,-0.5535090093725618,Fibroblast,G0,
cell_4312670,0.7936347113315305,-0.09405212985177228,0.6010808226016214,Fibroblast,S,
cell_4316549,0.554014435557152,-0.008324451262334706,0.8324654024697605,Fibroblast,S,
cell_4320017,-0.7156608009411636,0.5344182011940641,0.44969644968713346,Fibroblast,G1,
cell_4322190,0.3720183828462709,0.3959309011560536,-0.8395480703232785,Fibroblast,G0,
cell_4325767,0.00887434464684228,0.1111694771164013,-0.9937618403244715,Fibroblast,G0,
cell_4325975,-0.7479820987717839,-0.5802313395091141,0.32226445328335973,Fibroblast,G1,
cell_4327432,-0.06959736615720574,0.40429899388744456,-0.9119751699064707,Fibroblast,G0,
cell_4327514,-0.2593829359630263,0.018962906612084073,-0.9655884530116847,Fibroblast,G0,
cell_4328393,0.48995078645723134,-0.5773643931450547,-0.6531451578113008,Fibroblast,G0,
cell_4331010,0.04696218740817265,0.26614140406788506,-0.9627894331515608,Fibroblast,G0,
cell_4333754,0.06283668564693584,0.1277157157373348,-0.9898183437674228,Fibroblast,G0,
cell_4334310,0.5529604738979208,-0.018896626755112937,0.832993213221708,Fibroblast,S,
cell_4335016,-0.05389995912628648,0.7552439021235077,-0.6532238183713606,Fibroblast,G0,
cell_4335254,0.49094910822396853,-0.0306890660225215,-0.8706475901135048,Fibroblast,G0,
cell_4338944,0.038830674803527865,-0.2292270353672956,-0.9725981252319607,Fibroblast,G0,
cell_4340099,0.5962324419293324,-0.14417558461942243,0.789759560791307,Fibroblast,S,
cell_4340305,-0.18043117156270244,0.9833697019668788,-0.02070336889818712,Fibroblast,G1-G0 transition,
cell_4341931,0.7758099509972416,-0.05118915482390013,0.6288868395572017,Fibroblast,S,
cell_4342226,0.6872749410500696,0.6515498031387243,0.32114806021749187,Fibroblast,G1,
cell_4344369,-0.2745881941497941,-0.927702005213057,0.252923492408758,Fibroblast,G2M,
cell_4344861,0.40909733581638563,-0.4818823375342238,-0.774873397839736,Fibroblast,G0,
cell_4348948,-0.19573588488529692,0.9806521439802182,-0.00298852596963331,Fibroblast,G1-G0 transition,
cell_4349816,0.37974854723065626,0.31926257069733016,-0.8682524500063509,Fibroblast,G0,
cell_4350057,-0.18476462441511854,0.9490927698698668,0.25511745838249444,Fibroblast,G1-G0 transition,
cell_4350389,0.0012301090942363757,0.28359824531436684,-0.9589424078353359,Fibroblast,G0,
cell_4350467,0.33949211931878565,-0.1669560269735819,-0.9256731592966976,Fibroblast,G0,
cell_4350496,-0.021440380948270665,-0.7843420891791965,0.619957923845074,Fibroblast,G2M,
cell_4351522,0.40444135004398485,-0.4184435282321889,-0.8132232456717527,Fibroblast,G0,
cell_4356349,-0.3434838225496102,-0.23933904938206046,-0.9081495291234227,Fibroblast,G0,
cell_4361104,0.5824230001010273,-0.3824381118921146,0.717303682151627,Fibroblast,S,
cell_4363907,-0.5232919097807386,0.6316895875800485,0.5719561119785889,Fibroblast,G0,
cell_4364473,-0.6795748138790307,0.7300602644349106,0.0720416712751793,Fibroblast,G1-G0 transition,
cell_4365793,-0.2037569862167238,0.833678037493842,0.5132874240098231,Fibroblast,G1,
cell_4367358,-0.31815297410886845,0.4893947493326324,0.8119553672690354,Fibroblast,S,
cell_4369278,0.9571119777788331,0.17277625662293047,0.23256209248831117,Fibroblast,G1,
cell_4369524,-0.034792768288177345,0.29254088205167533,-0.9556198290856914,Fibroblast,G0,
cell_4371091,0.3897970279995439,0.8562354181045315,0.338997311862851,Fibroblast,G1,
cell_4373756,0.4770312799892453,0.7821248705355948,0.40090108948098774,Fibroblast,S,
cell_4374560,-0.3063599161482038,0.34127360141884594,-0.8886371775364134,Fibroblast,G0,
cell_4375246,-0.2745191937222089,0.8668898831901134,-0.41610247229698405,Fibroblast,G0,
cell_4375351,0.6466291494432771,0.044423730415268974,0.7615098114689303,Fibroblast,S,
cell_4375534,-0.5124695749055627,0.774441534373794,-0.37096526927754364,Fibroblast,G1-G0 transition,
cell_4375837,-0.4446378652817544,-0.38383140257060255,-0.8093025288936969,Fibroblast,G0,
cell_4376298,-0.42072839399790896,0.9031197426969563,-0.08580345382511337,Fibroblast,G1-G0 transition,
cell_4378601,0.15612677865196672,-0.5464598360630224,-0.8228037622797034,Fibroblast,G0,
cell_4381790,-0.6924880966296535,0.2429006465359661,-0.6793081005869381,Fibroblast,G0,
cell_4387928,0.43870233838166184,0.6450496261486328,0.6256607510881783,Fibroblast,S,
cell_4388346,0.6987244028190764,-0.4994550972499205,0.5121802969627361,Fibroblast,S,
cell_4392526,-0.35758350006249573,0.19664882639546388,-0.9129421149306107,Fibroblast,G0,
cell_4393896,-0.3019272134839307,0.7508498360441411,0.5874218609056432,Fibroblast,G1,
cell_4404515,0.42112579477612055,-0.5179817678938972,-0.744545473942094,Fibroblast,G0,
cell_4405299,0.6219552601625994,-0.11635866430866532,-0.774359302311197,Fibroblast,G0,
cell_4407245,0.3692498343819508,-0.6286569456318187,0.6844304770239501,Fibroblast,G2M,
cell_4407408,-0.06474315170051737,0.514476954129265,-0.8550566135941993,Fibroblast,G0,
cell_4407895,-0.20838289621113776,0.5484850002325662,-0.8097782474430146,Fibroblast,G0,
cell_4410584,-0.6828168204390831,0.6447916189170881,-0.3435182067618793,Fibroblast,G1-G0 transition,
cell_4413706,-0.7670493471504393,-0.20936257066800873,0.6064673436343706,Fibroblast,G1,
cell_4420431,-0.5161414725982456,0.854449596473059,0.059278752306790944,Fibroblast,G1-G0 transition,
cell_4422060,-0.35236566998858676,0.14304429448362785,-0.9248658112478174,Fibroblast,G0,
cell_4422166,0.4820831156015516,-0.5705122617326759,-0.6649146831692403,Fibroblast,G0,
cell_4422794,0.4661345554002706,-0.7388376103193848,-0.48665953912056203,Fibroblast,G0,
cell_4424731,0.8837437761451776,0.38898435789418595,-0.26016915979028465,Fibroblast,G1,
cell_4425713,-0.24636829549177264,0.9302936232372389,0.27176562832956164,Fibroblast,G1-G0 transition,
cell_4425932,-0.05010257999218909,-0.9671300589814371,0.2492973687583066,Fibroblast,G2M,
cell_4426506,0.018694713867061535,0.9998250105028536,0.0006837025935661906,Fibroblast,G1-G0 transition,
cell_4427575,0.7712662290078337,-0.08340670554009746,0.6310243857539303,Fibroblast,S,
cell_4430569,0.6348083956945462,0.20269435906991182,0.7456094174212305,Fibroblast,S,
cell_4431610,0.35774764808241827,0.35092970497572246,0.8653698613045908,Fibroblast,S,
cell_4431685,0.24762048855074448,-0.15895605279311037,-0.9557285225801089,Fibroblast,G0,
cell_4432381,-0.20840928052437346,-0.4223173148676051,-0.882164201020148,Fibroblast,G0,
cell_4434844,-0.7906507624039714,-0.1289939550218992,0.5985245571188906,Fibroblast,G1,
cell_4435707,0.5774709924966731,-0.26433207750004306,-0.7724350311034507,Fibroblast,G0,
cell_4436905,-0.13001900631315166,0.9287538806356084,0.3471473844984826,Fibroblast,G1,
cell_4439625,-0.3158856832342368,0.6057956902746595,0.7302244751483964,Fibroblast,G1,
cell_4442176,0.5883852117412589,0.5828549107403032,0.5604310519798221,Fibroblast,S,
cell_4444963,-0.1140094810748494,0.9679598174722964,-0.22373126133328775,Fibroblast,G0,
cell_4450342,0.21885143564257292,-0.5295068705664454,-0.819589178181072,Fibroblast,G0,
cell_4451383,0.25938736783723404,0.566207000615628,-0.7823859889291629,Fibroblast,G1-G0 transition,
cell_4452612,0.4853642978504504,-0.1277911281069673,0.8649223815504994,Fibroblast,S,
cell_4453382,-0.7981521193029761,-0.2055258251496203,0.5663146820652152,Fibroblast,G1,
cell_4456781,0.9675258727624914,-0.04859469746894088,0.2480569476981751,Fibroblast,S,
cell_4456964,-0.3332421616538319,0.5168598913165054,0.7885464520305283,Fibroblast,S,
cell_4457418,0.9598482393143113,-0.00021042216532526914,0.28051944659921946,Fibroblast,S,
cell_4458290,-0.7117862105591208,0.6537920322596671,-0.25674192478135316,Fibroblast,G1-G0 transition,
cell_4459808,-0.61153585350416,-0.06489689583371894,0.7885507740874746,Fibroblast,G1,
cell_4463090,-0.04046186467062962,-0.047650916544883556,-0.9980440839017595,Fibroblast,G0,
cell_4463431,-0.293058018357803,-0.9027146849824741,0.3149972459267695,Fibroblast,G2M,
cell_4465970,-0.0024687232553834426,0.16178199050822745,-0.9868234007134193,Fibroblast,G0,
cell_4466356,-0.8142938926130947,0.5501521008563006,-0.18508905891414523,Fibroblast,G1-G0 transition,
cell_4469119,-0.65650297440447,0.6480913107686175,0.3859811682192703,Fibroblast,G1-G0 transition,
cell_4469638,-0.3172036926713628,0.9406742658043246,-0.12047299763741318,Fibroblast,G1-G0 transition,
cell_4472130,-0.012872512688135829,-0.7434779093638678,0.6686366409237415,Fibroblast,G2M,
cell_4474003,0.8228651581688198,-0.01654225347235487,0.5679957398709252,Fibroblast,S,
cell_4474864,-0.782977124910928,-0.3743791396728873,0.4967765167634328,Fibroblast,G1,
cell_4475492,-0.6582359231735826,0.6407701355417135,0.3951443220181432,Fibroblast,G1-G0 transition,
cell_4475959,0.7498855949415435,0.5280742676790067,-0.3985086467677333,Fibroblast,G1,
cell_4476951,-0.08263233853168958,0.7519048088881373,0.6540727089269881,Fibroblast,S,
cell_4477058,0.31449393978610574,0.9470000166061193,0.06545562450830217,Fibroblast,G0,
cell_4477737,0.9687807373392706,0.1628760666206555,0.18690983998315486,Fibroblast,G1,
cell_4478067,-0.6799674175191449,0.6898750658495438,0.2484284106852411,Fibroblast,G1-G0 transition,
cell_4479132,0.4493155645326003,0.048559425988987714,0.8920524234346365,Fibroblast,S,
cell_4482385,-0.32214385020769165,-0.8161553617107349,-0.479701558898939,Fibroblast,G0,
cell_4482480,-0.003155280128946447,0.8778087489348201,-0.4790007922814047,Fibroblast,G0,
cell_4482890,0.3440264256840243,-0.25958069443474474,-0.9023656154980542,Fibroblast,G0,
cell_4483553,0.9640721812965436,-0.08391076858438196,0.2520394067596541,Fibroblast,S,
cell_4483888,0.4399167453459613,0.02898928689243772,0.8975704679985416,Fibroblast,S,
cell_4484269,0.014519913831814113,0.3069784996653442,-0.9516056680544007,Fibroblast,G0,
cell_4484785,0.5952794158438971,0.3089294519819256,0.7417580415544935,Fibroblast,S,
cell_4485313,-0.3709881503237345,0.45298846445543395,-0.810659726540477,Fibroblast,G0,
cell_4487331,0.9746127678974401,-0.025732567565254827,0.2224137351770631,Fibroblast,S,
cell_4487914,0.41231821771258825,-0.5943870298490491,-0.6904330426068358,Fibroblast,G0,
cell_4488271,0.24560775388763761,-0.7919629818064988,0.5589914677697279,Fibroblast,G2M,
cell_4488380,0.08468743133099882,0.8793913950381058,-0.4685070853993511,Fibroblast,G0,
cell_4490601,0.38016134521687356,0.7843247220905654,-0.4902162254241541,Fibroblast,G0,
cell_4491820,0.44906947211046994,0.8278790379046772,0.3360845406880826,Fibroblast,S,
cell_4492573,0.10686671702445905,-0.5024052544011544,-0.8580026039332813,Fibroblast,G0,
cell_4493357,-0.9080213095985673,0.150228223709721,0.3910608482166048,Fibroblast,G1,
cell_4495416,-0.9666514588996704,0.15381743524713684,0.20475617585585446,Fibroblast,G1-G0 transition,
cell_4496052,-0.11229232264177805,0.9386026600508406,-0.32621383480401006,Fibroblast,G0,
cell_4496603,-0.9439284178965645,-0.21433556466981118,0.25111649732525676,Fibroblast,G1,
cell_4498073,0.928034513481515,-0.3271776994989116,0.17806359309978353,Fibroblast,G1,
cell_4498586,-0.059922942523282285,0.20856839753360676,-0.9761702966619349,Fibroblast,G0,
cell_4499357,0.2557939876859364,0.07788634228516667,-0.9635886444242823,Fibroblast,G0,
cell_4501204,0.5200401852090959,-0.28514170975138053,-0.8051412265993161,Fibroblast,G0,
cell_4502121,-0.39336146885688755,0.29014082377434475,0.8724019379823897,Fibroblast,S,
cell_4502211,-0.38599149390584137,0.44693571781762764,0.8070061778018953,Fibroblast,S,
cell_4502511,-0.6701224613639094,-0.4607182173152322,0.581957372100647,Fibroblast,G1,
cell_4503757,0.05899227300868093,-0.37669326906425765,-0.9244577370192921,Fibroblast,G0,
cell_4503961,0.7162653297107474,0.6445725368307994,-0.2673764164989637,Fibroblast,G1,
cell_4504552,-0.6438652007017245,-0.3953569334012,0.6550804766139933,Fibroblast,G2M,
cell_4505911,0.551478510718738,0.16498677071026377,0.8177107502389775,Fibroblast,S,
cell_4506467,0.17969429148665533,-0.3847996261263618,-0.9053391281880584,Fibroblast,G0,
cell_4507523,-0.8338045329205512,0.12159765847293713,0.5385014671253745,Fibroblast,G1,
cell_4512364,-0.548073691768916,0.013316672581597633,0.836323965475131,Fibroblast,G1,
cell_4514304,0.7600336742066285,-0.3252675960771942,0.5626276358795153,Fibroblast,S,
cell_4515185,0.6524226542456174,-0.15457107020232225,0.7419249068008238,Fibroblast,S,
cell_4515219,-0.3303570705678627,-0.3860442170956767,-0.8612978281705694,Fibroblast,G0,
cell_4518421,0.463136014200761,-0.4560784530373987,0.7599325868011448,Fibroblast,S,
cell_4519144,0.506497490949938,-0.6018631077859966,-0.6174309642936384,Fibroblast,G0,
cell_4521886,-0.5477408211496625,-0.4273333174147192,-0.7192816577079403,Fibroblast,G0,
cell_4523138,0.05381052966925598,0.3180646732543777,-0.9465406444261294,Fibroblast,G0,
cell_4525033,0.6713178518908702,0.5968721157006406,0.4394039458538908,Fibroblast,G1,
cell_4527276,0.5446363457307581,-0.6890696636892655,0.47807336822972163,Fibroblast,G2M,
cell_4528789,0.36434975322695373,-0.558595308681789,-0.7451312718090615,Fibroblast,G0,
cell_4531220,-0.8050270413217324,0.29855991526553566,0.5126337943687364,Fibroblast,G1,
cell_4532293,-0.793086838964794,0.535098078345237,-0.29100395772144283,Fibroblast,G1-G0 transition,
cell_4533492,-0.6153375422421345,0.7011658077269215,-0.3601751766957478,Fibroblast,G0,
cell_4533519,-0.8135828281087234,0.4712795728657638,0.34055614596876893,Fibroblast,G1-G0 transition,
cell_4535599,0.3002952773228964,-0.4789819627820372,-0.8248630669412516,Fibroblast,G0,
cell_4538887,0.036310308789793244,-0.9543636053377815,0.2964310996563806,Fibroblast,G2M,
cell_4539455,0.015364633565013608,-0.398505033395291,-0.9170375127569048,Fibroblast,G0,
cell_4540254,-0.033150556546251764,0.9635133677557274,-0.2655995566373801,Fibroblast,G1-G0 transition,
cell_4544434,0.12769995808028034,0.378972373807858,-0.9165546681663055,Fibroblast,G0,
cell_4546781,0.7114113509023474,0.18886613669407304,0.6769221034352546,Fibroblast,S,
cell_4548100,-0.4061257192806693,0.5879924918554874,0.6995188494157977,Fibroblast,G1,
cell_4549027,-0.5328958329062001,0.7772294049911516,-0.3345689925328912,Fibroblast,G0,
cell_4552745,0.4857447027339761,-0.5132632396215794,-0.7075400290425871,Fibroblast,G0,
cell_4553016,0.1921626105198899,-0.365645876438459,-0.9107012012064665,Fibroblast,G0,
cell_4553486,0.6112384611935398,-0.4981564377892833,-0.6150022274886663,Fibroblast,G0,
cell_4556299,-0.5048390538653766,0.6164952575308409,0.6042113840806056,Fibroblast,G1,
cell_4558553,0.46093027590387375,0.19886364742630774,-0.8648678844893813,Fibroblast,G0,
cell_4558567,-0.49949672820349583,0.16408305609361618,0.8506349530936889,Fibroblast,G1,
cell_4561484,0.04830264762399977,0.6367148635667156,0.769584899770848,Fibroblast,S,
cell_4562626,-0.42362776883273023,0.5926660707040178,0.6850448019981651,Fibroblast,S,
cell_4563047,-0.6033593075377186,0.5027571569274625,0.6190256786749182,Fibroblast,G1,
cell_4564871,-0.10603980126668139,-0.44322590874381257,-0.890115933399402,Fibroblast,G0,
cell_4565428,0.8741296922176305,0.19366215429876193,0.4454124629249597,Fibroblast,S,
cell_4567100,-0.6978192893839925,0.2733324150596991,0.6620707061441198,Fibroblast,G1,
cell_4568690,-0.10739524458233846,-0.8379734352881859,0.5350389965052919,Fibroblast,G2M,
cell_4571053,0.038013480916755604,0.1579807665765392,-0.9867101750797465,Fibroblast,G0,
cell_4571057,-0.834988349425435,0.36457677257205345,-0.41216290879265916,Fibroblast,G1-G0 transition,
cell_4571807,0.8710811893523622,0.21891280243765515,0.4396528021189432,Fibroblast,S,
cell_4573089,-0.8385199852774805,0.47572229780161945,0.2656550118107841,Fibroblast,G1-G0 transition,
cell_4573892,0.6671983824147776,-0.2697937617688505,0.694303792295306,Fibroblast,S,
cell_4573920,0.6349944392985041,0.6996844374424698,0.32745024083065666,Fibroblast,G1,
cell_4574835,0.41823738493184914,-0.4855850592921041,0.7676487499749965,Fibroblast,S,
cell_4577163,-0.24736417052348153,-0.8914793145963518,0.3795728907423191,Fibroblast,G2M,
cell_4578861,0.4420907729929837,0.007280264187766056,0.8969407761566471,Fibroblast,S,
cell_4580208,0.9988699083789362,0.04097710149005643,-0.024077405616417302,Fibroblast,S,
cell_4585834,0.01933871260323089,-0.4319368907256277,-0.9016965292899813,Fibroblast,G0,
cell_4586855,0.5564961870870329,-0.6473248652254853,0.5208478159641868,Fibroblast,S,
cell_4588957,0.23725023892096136,0.7022667909221973,-0.6712179858698492,Fibroblast,G0,
cell_4589458,-0.9856664480352274,0.1200345355335363,0.11854677409633013,Fibroblast,G1-G0 transition,
cell_4590090,0.6146359879397669,0.5440125490346176,0.5712030725211433,Fibroblast,G1,
cell_4590112,0.334609274367014,0.9171453929367364,0.21651961377816556,Fibroblast,G1,
cell_4591622,0.21914493059750037,-0.7829717131948553,0.5821774957029109,Fibroblast,G2M,
cell_4595243,0.0023856025604341857,0.43782934483957603,-0.8990547780609468,Fibroblast,G0,
cell_4595293,0.2822032077897339,0.4259790084864703,0.859594768230007,Fibroblast,S,
cell_4596823,0.3908816465252458,-0.3021858978420431,-0.8694223597802355,Fibroblast,G0,
cell_4599093,-0.8987541166927169,0.4284169165116366,-0.0932740289950365,Fibroblast,G1-G0 transition,
cell_4599886,0.3324927061587929,-0.4230651695498031,-0.8428904335298621,Fibroblast,G0,
cell_4600943,-0.24433237394806506,-0.8828486917681188,0.4010982465928823,Fibroblast,G2M,
cell_4601651,-0.2520961774241354,-0.26760826584135133,-0.9299641045667612,Fibroblast,G0,
cell_4603137,-0.6343802765735804,-0.12938903480702782,-0.7621155817411291,Fibroblast,G0,
cell_4604236,0.30411674774724307,-0.6478489472850785,0.6984302185638903,Fibroblast,G2M,
cell_4605890,0.5232740465406637,0.7544079237983221,0.3962990510429678,Fibroblast,S,
cell_4606824,0.6373425167375246,0.7166127930471736,0.2833030556039012,Fibroblast,S,
cell_4609702,-0.85493207815647,0.5071391497580396,-0.10909171703119247,Fibroblast,G1-G0 transition,
cell_4610192,-0.6658322818600819,-0.6890896126196746,0.2860472363900722,Fibroblast,G1,
cell_4610567,0.6805521298440587,0.449555435608731,0.578574664448034,Fibroblast,S,
cell_4612422,-0.4723828084097815,0.31071740823706545,-0.8248085429253736,Fibroblast,G0,
cell_4613288,0.14041509816484396,0.8316121060563868,0.537312811873768,Fibroblast,S,
cell_4613289,0.6115318905155893,-0.42407235516804015,0.6679755232126542,Fibroblast,S,
cell_4615313,0.5063069000131042,0.007119637161444316,0.8623238919645969,Fibroblast,S,
cell_4616487,-0.25593738116591913,0.2837345699239963,-0.9241161865900478,Fibroblast,G0,
cell_4619725,0.4678044639356457,0.08380647723383905,-0.8798496410399212,Fibroblast,G0,
cell_4619774,0.3922451416763506,0.8005880914742414,0.45299289960857214,Fibroblast,S,
cell_4620576,0.8066701932639241,0.5876221509573425,-0.0631144216629162,Fibroblast,S,
cell_4621392,-0.29937891139425976,0.8468428982316366,0.4395784346001208,Fibroblast,G1-G0 transition,
cell_4622043,-0.9278885736244442,0.37220404083601916,-0.02206612786220863,Fibroblast,G1-G0 transition,
cell_4622527,0.45749814004588996,-0.4808009028814505,-0.748014740794817,Fibroblast,G0,
cell_4622625,0.5552530404168314,-0.2529349205962367,0.7922864905327477,Fibroblast,S,
cell_4622980,-0.1612629156790999,0.7376539471598779,0.6556377054433389,Fibroblast,G1,
cell_4623046,0.5271302530841657,-0.2901077462297874,-0.7987309973746755,Fibroblast,G0,
cell_4623444,-0.06997631125074899,-0.3963116956410476,-0.915445512563192,Fibroblast,G0,
cell_4623538,0.5119151479714137,0.7842482450505752,0.35056776128367706,Fibroblast,G1,
cell_4623836,-0.645564834978799,0.3750341839544948,0.6652784954288561,Fibroblast,G1,
cell_4623874,0.42153086553140523,-0.5400083641813579,-0.7284935511425124,Fibroblast,G0,
cell_4625248,0.1613675128280572,-0.9173143057506966,0.36399866866222064,Fibroblast,G2M,
cell_4625440,0.6711497187737557,-0.46266545806275466,0.5792225857603741,Fibroblast,S,
cell_4626448,0.5592752005278525,0.8103620003299771,0.174713371753619,Fibroblast,G1,
cell_4626808,0.9974142986197199,0.04117349551941349,-0.058902804794389585,Fibroblast,S,
cell_4627723,-0.6287641705693634,0.06710465724286985,0.7746951719914728,Fibroblast,G1,
cell_4627956,0.8752611172119859,0.1059489565699708,0.4719033147983412,Fibroblast,S,
cell_4630247,0.18575744398317467,-0.45957564217112823,0.8684954275081853,Fibroblast,G2M,
cell_4630556,0.4005255702257997,0.8742641838831922,0.2743015850631793,Fibroblast,G1,
cell_4637470,0.4875611632280126,0.6004496474443016,-0.6338330967533143,Fibroblast,G0,
cell_4638053,0.589898716530899,0.6820635813893711,0.43221371979283785,Fibroblast,G1,
cell_4638065,-0.21334261168250473,-0.4969527853073001,-0.8411436477142868,Fibroblast,G0,
cell_4639179,-0.15910321309681358,0.9780398031963055,0.13462705378655157,Fibroblast,G0,
cell_4640566,0.3582237874581315,-0.637682835304606,0.6819357202041968,Fibroblast,S,
cell_4641404,0.34473747338385174,0.3696088926568686,-0.8628704177695021,Fibroblast,G0,
cell_4641538,-0.09293562664404403,-0.9178854469550175,0.3858097504893556,Fibroblast,G2M,
cell_4642353,0.12485007483898244,-0.7288789348347027,-0.6731625779538792,Fibroblast,G0,
cell_4643061,-0.31086287457450185,-0.16626997840093266,-0.9357983617902121,Fibroblast,G0,
cell_4643130,0.2798323681485949,0.5230357198675339,-0.8050637301122636,Fibroblast,G0,
cell_4643482,0.44508895849857777,0.5738682733354548,0.6874379270092764,Fibroblast,S,
cell_4648573,-0.9817388470184344,0.0006307559654850081,0.19023272163021235,Fibroblast,G1,
cell_4651691,0.4710703906299123,-0.5446507452925814,-0.6938647058126468,Fibroblast,G0,
cell_4652546,0.36022716489779816,-0.3621850309787161,-0.8596850243409916,Fibroblast,G0,
cell_4657449,0.4911410311028443,0.00703748575938613,0.8710516023529433,Fibroblast,S,
cell_4658577,0.8158139235291189,0.5779361551292116,-0.02091332604193863,Fibroblast,G1,
cell_4658898,-0.003971230586414576,0.9997059784705242,0.023916356111382805,Fibroblast,G1-G0 transition,
cell_4659283,0.06756777707652606,-0.07804186103012711,-0.99465772985551,Fibroblast,G0,
cell_4660485,0.026889882819978006,-0.4840444187047922,-0.8746301537901494,Fibroblast,G0,
cell_4666880,-0.2648596691904542,0.556346497400787,0.7876090660256307,Fibroblast,S,
cell_4669865,-0.7378688706573788,-0.4932340723869792,0.4607272449841708,Fibroblast,G1,
cell_4671645,-0.12160720060388093,0.8892147249097849,0.4410317129330651,Fibroblast,G1,
cell_4671935,0.08277644782008015,-0.8707912722209605,0.4846344048954027,Fibroblast,G2M,
cell_4672008,-0.10355069306050291,-0.0912339862787991,-0.990431101612318,Fibroblast,G0,
cell_4673317,-0.5905370820435172,0.7878281069937717,0.17490815996457426,Fibroblast,G1-G0 transition,
cell_4675662,0.39036714361039776,-0.24018284668947654,-0.888777604637675,Fibroblast,G0,
cell_4676494,-0.33484062061114694,-0.8673670120097912,0.3681795153978115,Fibroblast,G2M,
cell_4676842,0.9124208913552936,0.35290460888168673,0.20723513810837718,Fibroblast,G1,
cell_4688016,0.03064069325221805,-0.45518731084961606,-0.8898683303938029,Fibroblast,G0,
cell_4690447,0.057778993676310286,0.9968224399275095,-0.054833344204941764,Fibroblast,G0,
cell_4690593,0.9836471763257528,0.15647912937504577,0.08917605524386757,Fibroblast,G1,
cell_4690662,-0.37364196342757494,0.8352276904266325,0.40346802522078584,Fibroblast,G1,
cell_4691330,0.05302388774185485,-0.6899904749476279,0.7218737821361401,Fibroblast,G2M,
cell_4695645,0.4705466731410359,0.6457971330557168,0.6012751320214399,Fibroblast,S,
cell_4698620,0.8860239571125711,0.451666082262455,0.10468644497291585,Fibroblast,G1,
cell_4699716,-0.002509049978433431,0.98512197632445,-0.17183807734470158,Fibroblast,G1-G0 transition,
cell_4702032,0.2664439154788866,-0.75684558799809,0.5968185866657538,Fibroblast,G2M,
cell_4702196,-0.11412107030252953,0.9915448162879705,0.06176713482473609,Fibroblast,G1,
cell_4702530,0.8693350167176171,-0.42773677579680036,0.247583822727053,Fibroblast,S,
cell_4702886,0.9698959586740585,0.10105415712835272,0.2215624159851709,Fibroblast,G1,
cell_4704810,-0.0882209429892728,0.0280406475507953,-0.9957061180074738,Fibroblast,G0,
cell_4705334,-0.002511474468434416,0.28750691930813677,-0.9577751861317687,Fibroblast,G0,
cell_4707192,0.46298085052892307,0.8159331530760517,0.3462683895592665,Fibroblast,G1,
cell_4708451,-0.15154197598627445,-0.9668826731651503,0.20536033539255635,Fibroblast,G2M,
cell_4709985,0.7103885400482763,-0.617011941318187,0.33859194897277267,Fibroblast,S,
cell_4710962,-0.6460407433481186,0.73491147578741,-0.2062436477309235,Fibroblast,G0,
cell_4711438,0.24178504512886573,-0.7017087414871322,-0.6701826424855428,Fibroblast,G0,
cell_4713702,-0.7627017156715816,-0.4280875558914049,0.484795933459627,Fibroblast,G1,
cell_4714244,-0.07529107232635707,0.255985119497304,-0.9637441087264098,Fibroblast,G0,
cell_4715603,0.5315874696252963,-0.3488633387468224,0.7718220087695107,Fibroblast,S,
cell_4716007,0.3304811627824711,-0.8136848434402891,0.4782250143432132,Fibroblast,G2M,
cell_4716067,-0.6881243490795301,0.04727533302844181,0.7240510775693002,Fibroblast,G1,
cell_4717466,-0.8738075527125362,0.06908825353851242,0.4813390977150509,Fibroblast,G1,
cell_4717696,-0.9347464706719548,-0.08635904268462502,0.3446606525195976,Fibroblast,G1,
cell_4720263,-0.5415732563437772,0.3529284551319903,0.7629809391355601,Fibroblast,G1,
cell_4720304,-0.19838646022497808,-0.4730616201698319,-0.8584029762770932,Fibroblast,G0,
cell_4722719,0.02858477020110517,0.24152888626989774,-0.9699725316793896,Fibroblast,G0,
cell_4723920,0.2263588554912475,-0.243512310275587,-0.9431136912693847,Fibroblast,G0,
cell_4724104,0.42265357923342217,-0.3559886693617876,0.8334483438225927,Fibroblast,S,
cell_4726114,-0.6197350260537983,0.7459236638198058,-0.24397991275017195,Fibroblast,G1-G0 transition,
cell_4731367,-0.07293007004313173,0.06326449889184918,-0.9953285401975971,Fibroblast,G0,
cell_4732864,-0.4363103838827902,0.6514531624429274,0.6206786815362954,Fibroblast,G1,
cell_4733064,-0.32464090663020617,0.21188773548469692,-0.9217980881629848,Fibroblast,G0,
cell_4735018,0.47039128968372945,-0.6051499010522678,-0.6422815822993728,Fibroblast,G0,
cell_4737145,-0.06356140876624294,0.37642367977375146,-0.9242645969830854,Fibroblast,G0,
cell_4738230,-0.3115569372863115,0.5450707051908897,-0.7783508387134161,Fibroblast,G1-G0 transition,
cell_4739029,-0.7601817747148889,0.6160135840367488,0.20652133533904288,Fibroblast,G1-G0 transition,
cell_4739525,0.44693837793628544,-0.617186608283318,0.6475542997266707,Fibroblast,S,
cell_4741280,0.37945064627972236,-0.3019705482840102,-0.8745461291689568,Fibroblast,G0,
cell_4744191,0.4336642795703494,-0.2529236187445825,-0.8648497290743953,Fibroblast,G0,
cell_4745654,-0.5400045283838109,-0.39090775397406485,0.745376509562113,Fibroblast,G1,
cell_4747616,-0.764688204900628,0.5001703098411211,0.4063023987911952,Fibroblast,G1,
cell_4749589,0.27817965584196475,0.8610743496146809,0.4256371645584145,Fibroblast,S,
cell_4749782,-0.7009694408722607,0.6890482424623217,0.1839954680151275,Fibroblast,G1-G0 transition,
cell_4749850,0.8828050437079787,0.3975404356847027,0.2502334580265958,Fibroblast,G1,
cell_4752064,0.8425066221300052,0.5242434546062655,0.12390007870457426,Fibroblast,G1,
cell_4752381,-0.09649039171672287,0.6640627479783053,0.7414244999241556,Fibroblast,S,
cell_4754294,-0.20587727101145664,-0.9431703049897163,0.2608530636224486,Fibroblast,G2M,
cell_4754568,0.18127562217208226,-0.19241157589353394,-0.9644257483665812,Fibroblast,G0,
cell_4756966,-0.8992549920375107,-0.047498312708746965,0.43483830922825,Fibroblast,G1,
cell_4759167,0.05866697196685747,0.6080326502697199,0.7917413743575641,Fibroblast,S,
cell_4763223,0.11802888699066683,-0.8318602445566287,0.5422893098028685,Fibroblast,G2M,
cell_4765803,0.7121445185959634,0.036952072428015584,0.7010595120432659,Fibroblast,S,
cell_4767776,0.31945966596299485,-0.21208248135616364,-0.9235618410938109,Fibroblast,G0,
cell_4770560,-0.4066052393450442,-0.40628467890510517,-0.8182938949507401,Fibroblast,G0,
cell_4773159,-0.601424385947946,0.16691471858122855,-0.7812991419765989,Fibroblast,G0,
cell_4773308,-0.3500460519319298,0.5069507362638253,-0.7876984175977149,Fibroblast,G0,
cell_4780246,0.32780819931185484,-0.3133425755105479,-0.8912676964681301,Fibroblast,G0,
cell_4781401,-0.42772160675187765,0.7733962487505177,-0.46788088423620217,Fibroblast,G0,
cell_4782218,0.6230134614296732,-0.056342974278028785,-0.7801792563177603,Fibroblast,G0,
cell_4782288,0.094712794549586,-0.9709279939682128,0.2198371059625162,Fibroblast,G2M,
cell_4783374,-0.27837841071804675,0.5828976945929467,0.7633713605000041,Fibroblast,S,
cell_4784198,-0.8513053925582992,0.5232816589179329,0.03814904210459172,Fibroblast,G1-G0 transition,
cell_4786105,0.37897356277306615,-0.3641274952267927,-0.8507584484515707,Fibroblast,G0,
cell_4787389,0.6633574254321135,0.6063302922830174,-0.4385437432147641,Fibroblast,G0,
cell_4788798,0.23691349173280118,-0.15393450692409488,-0.9592581240535367,Fibroblast,G0,
cell_4790923,-0.5593578686691717,-0.49381704689181527,0.6657802823629708,Fibroblast,G1,
cell_4792694,-0.23166387348707157,-0.5138570171011657,-0.8260040926411436,Fibroblast,G0,
cell_4793800,-0.8461726495614134,0.4059313091890718,-0.34527024796501105,Fibroblast,G0,
cell_4796051,0.3457884136036098,-0.3808840989707183,0.8575299419513608,Fibroblast,S,
cell_4797582,-0.5954255477088037,-0.6530544897250948,0.4679619080918132,Fibroblast,G1,
cell_4799079,0.4974328401374855,-0.29250175301950565,0.8167026554788261,Fibroblast,S,
cell_4800918,0.07166015834357059,0.7726085473984414,-0.6308255123251743,Fibroblast,G0,
cell_4801702,0.4652725144474809,-0.3994280423212695,0.7899232957532512,Fibroblast,S,
cell_4802003,0.5778054572678489,0.5211182391471801,0.6281534823023214,Fibroblast,S,
cell_4803174,-0.17676379141824197,0.9517715638064221,-0.2507698179181829,Fibroblast,G1-G0 transition,
cell_4804232,-0.6646559432666025,0.6308606815686882,-0.40030884999087446,Fibroblast,G0,
cell_4807135,0.35096867307017243,-0.09271117057438585,-0.9317862364906146,Fibroblast,G0,
cell_4807176,0.6851796641062703,0.2840684072819256,0.6706965014392443,Fibroblast,S,
cell_4807389,-0.6784849485925479,0.5099940212997528,0.5287385250046458,Fibroblast,G1-G0 transition,
cell_4807635,0.0951049538615299,0.27950135127052983,-0.9554234923343755,Fibroblast,G0,
cell_4808685,-0.9062401931391454,-0.18950000224388483,0.37791331294452707,Fibroblast,G1,
cell_4808833,0.6327238444044956,0.06390480652305588,-0.7717361284461071,Fibroblast,G0,
cell_4810957,0.1773481023991284,-0.5031885968747511,-0.8457829701339807,Fibroblast,G0,
cell_4818319,-0.5905055284787762,-0.7084861246048666,0.3864591277840609,Fibroblast,G2M,
cell_4818701,0.8600780829915613,0.4912963996471048,-0.13745383477841017,Fibroblast,S,
cell_4822788,0.43086404142060497,-0.21507665107002855,0.8764120624922993,Fibroblast,S,
cell_4823543,0.061972882644608485,-0.18417510415540736,-0.9809377994061729,Fibroblast,G0,
cell_4823594,0.5238552743174261,-0.41680401520675026,-0.7428660876660803,Fibroblast,G0,
cell_4825180,-0.8114798650207825,0.3199837210147539,-0.48898963186405425,Fibroblast,G0,
cell_4825868,-0.39991426287522736,0.914490294956194,0.061450781637442595,Fibroblast,G1-G0 transition,
cell_4827550,-0.2764641416834873,0.2163505347638871,-0.9363545254087807,Fibroblast,G0,
cell_4829072,0.09283284518574864,-0.011722977179892263,-0.9956126688810006,Fibroblast,G0,
cell_4829337,0.7772283027310029,0.39204110345557175,0.49215855358759,Fibroblast,S,
cell_4829514,-0.2062843025651041,0.1717714864523044,-0.9632970861606658,Fibroblast,G0,
cell_4832835,0.33268160953328463,0.9186514340096331,0.21307847047803236,Fibroblast,G1,
cell_4835905,-0.38572659301675843,0.8947015750254274,-0.22522004616843863,Fibroblast,G0,
cell_4838432,-0.14906686239833172,-0.8594855615525453,0.48894139909746853,Fibroblast,G2M,
cell_4842660,0.3329074519858317,0.017442538011042036,-0.942798087246405,Fibroblast,G0,
cell_4843799,0.5220149515554374,-0.48390874280459484,-0.7023764286754173,Fibroblast,G0,
cell_4844533,0.46290946205498273,-0.24078201934782895,-0.8530759247945862,Fibroblast,G0,
cell_4846914,0.07558514039920644,0.023230768684444653,-0.9968686687880621,Fibroblast,G0,
cell_4847271,0.5831765181822052,-0.06618238978374355,0.80964508197998,Fibroblast,S,
cell_4847313,-0.6620929902513784,-0.6213905056060005,0.4189352448057843,Fibroblast,G2M,
cell_4851139,-0.560232933211516,0.7249540505247035,-0.40072508092932835,Fibroblast,G1-G0 transition,
cell_4851278,0.23590900146728597,-0.29233897264299713,0.9267603919851621,Fibroblast,S,
cell_4851368,0.2873612050003519,-0.5514858208668874,-0.7831263098950795,Fibroblast,G0,
cell_4851639,0.46585856178950347,-0.5849364589303836,-0.6639466618623985,Fibroblast,G0,
cell_4852255,0.8776893391099833,0.2579170971824047,0.40390636867263496,Fibroblast,S,
cell_4852943,0.5706781797761714,0.15921393419289215,0.8055913416038238,Fibroblast,S,
cell_4852953,0.6843045143902686,-0.23992081777736782,-0.6885965951346558,Fibroblast,G0,
cell_4855137,-0.3467467958200251,-0.18759424215389728,-0.9190077092269477,Fibroblast,G0,
cell_4856069,-0.28547531407448967,0.24845966791718005,-0.9256196277578321,Fibroblast,G0,
cell_4856756,0.47108655946286715,0.382678318595933,0.7947545815894952,Fibroblast,S,
cell_4859958,-0.3411809098493377,0.4976360159929596,-0.7974672029880221,Fibroblast,G0,
cell_4860498,-0.7896361403195757,-0.507095457591364,0.34544042017236054,Fibroblast,G1,
cell_4862947,-0.8904242104512297,-0.05512708152588905,0.45178063198927415,Fibroblast,G1,
cell_4866856,0.6133362714846946,-0.673106418132676,0.4132145244343235,Fibroblast,S,
cell_4867911,-0.4208098902955054,0.7180796304591155,0.5543291636705322,Fibroblast,S,
cell_4868914,-0.06858117722810826,0.9647454344621115,0.2540925236243853,Fibroblast,G1,
cell_4871822,0.4559681987025008,-0.2633319696449196,-0.8501465670146746,Fibroblast,G0,
cell_4871853,0.3812035695436038,-0.29648219003526477,-0.8756608727852078,Fibroblast,G0,
cell_4872653,-0.7139851954375137,0.1435744610953295,0.6852820913390549,Fibroblast,G1,
cell_4873117,0.8570963617118326,0.23789342665099278,0.4569380419886741,Fibroblast,S,
cell_4873680,0.013106200810851398,0.06778559420582626,-0.9976137359861884,Fibroblast,G0,
cell_4876021,0.04450249545642465,0.585775714297552,-0.8092504774576672,Fibroblast,G0,
cell_4877944,-0.20952162640749367,0.6265880355855087,0.7506584920779353,Fibroblast,S,
cell_4879258,0.41451448772833915,-0.2493218586838883,0.875223563159842,Fibroblast,S,
cell_4879297,-0.839877529681418,-0.33715984415086747,0.42535752435785407,Fibroblast,G1,
cell_4879311,-0.2670795692554122,-0.7931642181771006,0.5473198499586212,Fibroblast,G2M,
cell_4879925,0.09856568595676157,0.5175439344319824,-0.849960598346002,Fibroblast,G0,
cell_4880319,0.24223810193821943,0.7264208947163018,0.6431432986663915,Fibroblast,G1,
cell_4881109,-0.28903832703516563,-0.7398201332875276,0.6075549066277162,Fibroblast,G2M,
cell_4881777,-0.05404296281124221,0.45489322823967304,-0.8889045514060174,Fibroblast,G1-G0 transition,
cell_4885234,0.5763945705594566,-0.0760153460036336,0.8136282236041915,Fibroblast,S,
cell_4887186,0.5586642939583419,0.265023551150373,0.7859113874505127,Fibroblast,S,
cell_4888579,-0.8742720174155967,-0.3668810745733957,0.3178783562850998,Fibroblast,G1,
cell_4891131,-0.412308336075726,0.8719585166770211,-0.2639888152152447,Fibroblast,G0,
cell_4891515,0.995990625196143,0.05587396521910104,-0.06986149975451905,Fibroblast,S,
cell_4891545,0.44949842168871473,-0.6194784382358982,-0.6435818493130316,Fibroblast,G0,
cell_4891571,0.04779736821932168,0.33612377108657526,0.9406041746573783,Fibroblast,S,
cell_4894187,0.14155364800244097,0.7805224973699905,-0.6088900991383845,Fibroblast,G0,
cell_4894429,-0.7588321334024427,-0.11096678794051673,0.6417632582610515,Fibroblast,G1,
cell_4894802,-0.0401145689759575,-0.8623113510385338,0.504787031347762,Fibroblast,G2M,
cell_4896696,-0.015028522283870659,0.9096916022767897,0.4150123330707124,Fibroblast,G1,
cell_4897147,0.3552670800759294,0.20168136874854092,-0.9127485319057156,Fibroblast,G0,
cell_4897213,0.571943279397526,-0.22967944641445384,0.7874821292483661,Fibroblast,S,
cell_4901396,-0.3768364150583564,0.033563782229562605,-0.9256715147225719,Fibroblast,G0,
cell_4901926,-0.7203818269542959,-0.14454039061309504,0.6783495531016068,Fibroblast,G1,
cell_4902741,0.6576834260628135,-0.4037806041679099,0.6359351504176193,Fibroblast,S,
cell_4902790,-0.10813108658603343,0.6248355849312967,-0.7732321903029179,Fibroblast,G0,
cell_4905706,0.6078012552715106,0.31953559907627993,0.72696261098714,Fibroblast,S,
cell_4906923,0.21487173761301626,0.0618398006512277,-0.9746824329944753,Fibroblast,G0,
cell_4908565,-0.42764805004741574,-0.05274569365259186,-0.9024051527296124,Fibroblast,G0,
cell_4909157,-0.1346292674864793,0.8872890907765882,-0.4411268925010176,Fibroblast,G0,
cell_4909993,-0.6301783496922355,0.6944332906411855,-0.3473292074726411,Fibroblast,G0,
cell_4911499,-0.14934510971450055,-0.918652046540583,0.3657521251944462,Fibroblast,G2M,
cell_4912605,0.9241252442465464,0.37129586823082217,0.09017683094492823,Fibroblast,G1,
cell_4913097,0.8101071243946864,0.3153621572334452,0.49423995303527357,Fibroblast,G1,
cell_4913582,-0.09808501084093085,0.22911871968246267,-0.9684440298041684,Fibroblast,G0,
cell_4914796,-0.6638941209036784,0.6803812047481718,-0.310364180395888,Fibroblast,G1-G0 transition,
cell_4915647,0.09793595477789976,-0.41029947910430087,-0.9066767975649068,Fibroblast,G0,
cell_4917410,-0.49948111142122464,0.5173815859688871,-0.6948632494354952,Fibroblast,G0,
cell_4919806,-0.4611165782694711,0.8185745338738751,-0.3425012752805692,Fibroblast,G0,
cell_4921194,0.03327995948116885,-0.9827433847405632,0.18195592866363441,Fibroblast,G2M,
cell_4922047,0.7794824546654414,0.615483540962839,0.11656438495683874,Fibroblast,G1,
cell_4922912,0.8261337796904494,0.2542053737677935,0.5028741802773018,Fibroblast,S,
cell_4923219,0.4111082373122179,-0.6440117583465323,0.64516575621043,Fibroblast,G2M,
cell_4924234,0.8761382397282019,-0.3110708850500744,0.3682619081046249,Fibroblast,S,
cell_4928608,0.9566370433633012,0.28881658795136267,-0.037823572609588685,Fibroblast,G1,
cell_4931626,0.71152626576811,-0.4252302044556999,0.5593832822910987,Fibroblast,S,
cell_4932607,-0.0517100531309041,0.7977346895790312,-0.6007873153088784,Fibroblast,G0,
cell_4933245,0.08611299161907215,0.45551725997823256,-0.886052131759153,Fibroblast,G1-G0 transition,
cell_4933611,-0.46798440407380104,0.7850113529631948,-0.4058912112464446,Fibroblast,G0,
cell_4933954,0.4333094360525346,-0.2339402721895335,-0.8703533336828295,Fibroblast,G0,
cell_4936814,0.7241462944426139,0.6391737696956583,0.2589768774606051,Fibroblast,G1,
cell_4937651,-0.574712290059452,0.7595380314579976,0.3046436863172062,Fibroblast,G1-G0 transition,
cell_4937996,0.3110252454427311,-0.043522582250640485,-0.9494045635482683,Fibroblast,G0,
cell_4943655,0.5761614252463814,0.5003567564792082,-0.6462823495387361,Fibroblast,G0,
cell_4946732,0.49204607680088536,0.3526474284645232,-0.7959462407659599,Fibroblast,G0,
cell_4947801,0.45616285825007474,0.8857756965147028,0.0855374561968798,Fibroblast,G1,
cell_4950430,0.527855230595804,0.7897830346366008,0.3124286472472454,Fibroblast,S,
cell_4950751,0.9557704862534443,0.25532508153624595,0.14598590978443482,Fibroblast,S,
cell_4951857,-0.712830100228095,0.5075343457660096,0.4840267391208588,Fibroblast,G1,
cell_4951980,0.13622549313742077,0.08346039471812618,0.9871560802851992,Fibroblast,S,
cell_4952223,0.6450465690637168,-0.6228094024359889,0.442745455622582,Fibroblast,S,
cell_4956836,0.7125557027318611,0.22031799425487325,0.6661263003428153,Fibroblast,S,
cell_4957275,-0.17851767837440446,0.5898583488206816,-0.7875267894482907,Fibroblast,G0,
cell_4959194,0.8846266119957711,0.16045208328134952,0.437825154395777,Fibroblast,S,
cell_4961430,-0.9004055536711049,0.1674554848562691,0.4015327306683731,Fibroblast,G1-G0 transition,
cell_4961752,-0.03299376347591426,0.1253503012055764,-0.9915636975082909,Fibroblast,G0,
cell_4964645,0.867568509637961,0.4753186684780396,-0.1462771898842069,Fibroblast,G1,
cell_4965615,0.5996801563793972,-0.10258719804725125,-0.7936369084706039,Fibroblast,G0,
cell_4966518,0.741802104058842,-0.5293558923838743,0.41171872850308466,Fibroblast,S,
cell_4966721,0.7279432148161336,0.6811320272006087,-0.07847156959753837,Fibroblast,G1,
cell_4969233,-0.05674573205731853,0.25579513402372245,-0.9650641226552867,Fibroblast,G0,
cell_4970516,-0.4174782706061232,0.8631648475090518,-0.28400441421161093,Fibroblast,G0,
cell_4971166,0.6520294335732562,-0.29489244786341806,-0.6984954684842577,Fibroblast,G0,
cell_4971346,0.4756289177373607,0.1250845171899127,0.8707071697101573,Fibroblast,S,
cell_4971545,-0.404619281637894,0.8935000657046511,-0.19478411472362755,Fibroblast,G1-G0 transition,
cell_4972428,-0.5264857512604688,0.8200337769394516,0.22440427524126483,Fibroblast,G1-G0 transition,
cell_4975024,-0.4412611277409001,0.8870264595114293,0.13591432543732085,Fibroblast,G1-G0 transition,
cell_4975784,0.6918086854846706,0.17580758632585536,0.7003516880246179,Fibroblast,S,
cell_4976016,-0.8188227103485579,-0.3787698027986819,0.431350103875891,Fibroblast,G1,
cell_4977151,-0.8186238336559193,0.23766031034384352,0.522850448083015,Fibroblast,G1,
cell_4978768,-0.4499940834514102,0.4684166370835,0.7603231497815,Fibroblast,S,
cell_4980946,0.2985836364109534,-0.6031583829591317,-0.7396267366469601,Fibroblast,G0,
cell_4981481,0.12899327697450458,0.042409457066596074,-0.9907382074939405,Fibroblast,G0,
cell_4981590,-0.6621289057063886,-0.580104157230453,0.4744096118234325,Fibroblast,G1,
cell_4982932,-0.8367111174500549,0.5414037519874455,-0.08244057269111674,Fibroblast,G1-G0 transition,
cell_4983289,0.856447105026167,-0.3009358268976592,0.4194471510545649,Fibroblast,S,
cell_4983810,-0.9099254779939472,-0.3063660221389406,0.2795984879501854,Fibroblast,G1,
cell_4983814,-0.13689174832475764,0.03664706667816299,-0.989907826888151,Fibroblast,G0,
cell_4984114,-0.4064744362682885,0.7358771252182693,-0.5415379714788029,Fibroblast,G0,
cell_4985156,0.7555294034456443,-0.09801259198501872,0.6477414473601184,Fibroblast,S,
cell_4985680,-0.38287934192966294,0.48585176241734246,-0.7857172094520891,Fibroblast,G0,
cell_4987661,-0.8029593636182333,-0.5667437698766047,0.18454737369721597,Fibroblast,G1,
cell_4991124,0.2797196268121347,-0.8972099785718021,0.34171784615477235,Fibroblast,G2M,
cell_4992142,0.6794159077007126,-0.03154386811097741,0.7330749846214948,Fibroblast,S,
cell_4992527,0.7850487047062873,0.37055072347102835,0.49637752736127,Fibroblast,S,
cell_4994029,-0.17119184815050859,-0.9087503333028241,0.3806129690913298,Fibroblast,G2M,
cell_4994204,-0.9508586334114084,0.10163349467294674,-0.29246978045444116,Fibroblast,G0,
cell_4994426,-0.0334451693620097,-0.48575074341123,-0.8734572317393613,Fibroblast,G0,
cell_4994498,0.533432572359443,-0.24261621075287862,-0.8103005631416081,Fibroblast,G0,
cell_4995201,0.2931584436017334,-0.6568166948342283,0.6947301646411179,Fibroblast,G2M,
cell_4995455,0.4820646292102069,-0.594157153500311,-0.6438875098262,Fibroblast,G0,
cell_4998435,0.38319499915823035,-0.30361487961664185,-0.8723413842348127,Fibroblast,G0,
cell_5001693,0.5466362247471761,-0.07898815010891921,-0.8336363851322737,Fibroblast,G0,
cell_5001813,-0.26757985248179045,-0.5959717839881157,-0.7571119919910893,Fibroblast,G0,
cell_5005414,-0.7037776472918409,-0.4929650445391003,0.5115491301487707,Fibroblast,G1,
cell_5006364,0.44368002333403994,-0.6503462004842604,-0.6166017884138248,Fibroblast,G0,
cell_5006813,0.6190706056113485,0.6024538135292881,0.5037866149039409,Fibroblast,S,
cell_5008328,-0.917195058730216,-0.1264938086885044,0.37782601904102525,Fibroblast,G1,
cell_5010799,-0.4224899362812732,0.8840636692227357,0.19983401841079065,Fibroblast,G1-G0 transition,
cell_5011457,0.025727797431481514,0.3451995945866375,-0.9381766078466048,Fibroblast,G0,
cell_5011672,0.048990741784854464,0.96820746204726,-0.24530425008174986,Fibroblast,G1-G0 transition,
cell_5014331,0.4863109698803163,-0.2023406259865206,0.8500351605907143,Fibroblast,S,
cell_5014619,0.569997807782298,-0.40675275324864346,0.7139009784992407,Fibroblast,S,
cell_5016961,-0.559457637802707,0.058692731256206054,0.8267781756009966,Fibroblast,G1,
cell_5021079,0.1506804877914113,0.2740667648902168,-0.9498330138473751,Fibroblast,G0,
cell_5022191,-0.6569370723043407,0.15019509010943743,0.7388336043608026,Fibroblast,G1,
cell_5023515,-0.34098614036237124,0.5873367633360782,0.734005306370429,Fibroblast,S,
cell_5023606,0.47910952447583843,-0.29324623684916107,0.8273213947222248,Fibroblast,S,
cell_5026670,0.6881102211573904,-0.45590227341337997,0.564497567743917,Fibroblast,S,
cell_5026698,-0.7436662956181455,-0.005987694294031731,0.6685239995929169,Fibroblast,G1,
cell_5026933,-0.30463069959334,0.013567736316078119,-0.9523739331256819,Fibroblast,G0,
cell_5027032,0.821608496655109,-0.37726167354030393,0.4273558025306202,Fibroblast,S,
cell_5028955,-0.6432658017575574,0.43816216649696516,0.6278719019449948,Fibroblast,G1,
cell_5030064,-0.895618644355233,-0.2676048888214458,0.3553238118324322,Fibroblast,G1,
cell_5035739,-0.567754222002417,0.7076518810268079,-0.42057575878126985,Fibroblast,G0,
cell_5036534,0.7221392061274342,-0.36805839072200186,0.5857029401331332,Fibroblast,S,
cell_5037654,0.6153878104211356,-0.4011320534668582,0.678521179575881,Fibroblast,S,
cell_5041626,0.28122223310311567,0.4250413949154259,0.8603798796690248,Fibroblast,S,
cell_5041901,-0.12837090991632216,0.4832624521100415,-0.866012912953389,Fibroblast,G0,
cell_5042386,0.6397465555750215,-0.3018081768398183,0.7068494611421724,Fibroblast,S,
cell_5044192,-0.22488415934239128,-0.22950787471334494,-0.946970470866564,Fibroblast,G0,
cell_5045641,0.47501560682660293,-0.5596013184397072,0.6791217764434069,Fibroblast,G2M,
cell_5046423,-0.19516447444509027,0.47534266819717574,-0.8578811058926917,Fibroblast,G0,
cell_5046859,-0.48515057506442116,0.8418871418227004,-0.2363364773976328,Fibroblast,G0,
cell_5048334,-0.23076379641956904,-0.025150983926850487,-0.9726846276743544,Fibroblast,G0,
cell_5049088,0.393793277299003,0.4437501362914379,0.804992354073346,Fibroblast,S,
cell_5049598,-0.5773786263152062,0.7542957962417154,-0.31252491089419343,Fibroblast,G0,
cell_5051321,0.2515382384728299,-0.40402708586869485,-0.8794832230573211,Fibroblast,G0,
cell_5052520,0.6599032237000649,0.030635246605812787,0.7507257261225285,Fibroblast,S,
cell_5052738,-0.21340783365430907,0.8779700267584006,-0.42851581865081795,Fibroblast,G0,
cell_5054333,0.08388874294239884,0.09053656416022551,-0.9923535070978954,Fibroblast,G0,
cell_5054854,-0.8200779235221729,-0.15890082451787196,-0.5497478942664219,Fibroblast,G0,
cell_5056096,0.49225133430121903,-0.09187479938413223,-0.8655909491907474,Fibroblast,G0,
cell_5056721,-0.9356811464858922,-0.22119788018784475,0.2749041249045915,Fibroblast,G1,
cell_5058155,-0.3141732061528313,-0.7954819004269924,0.5181733180388353,Fibroblast,G2M,
cell_5062463,0.20798467918412183,-0.2883539021589149,0.9346626527752154,Fibroblast,S,
cell_5062814,-0.3534007499232738,0.5746926798188847,0.7381301420905376,Fibroblast,S,
cell_5062852,-0.32749091280655374,0.7093501701238034,0.624156988245832,Fibroblast,S,
cell_5063233,-0.9028685560566696,-0.21220709516792277,0.3738935961623823,Fibroblast,G1,
cell_5063299,-0.6709474051974575,0.6735761419490996,0.3100401294606221,Fibroblast,G1-G0 transition,
cell_5063837,0.7346057366669552,0.5943242487919747,0.32731207130226403,Fibroblast,G1,
cell_5065247,0.7358152841740455,-0.15735507976797392,0.6586465111064471,Fibroblast,S,
cell_5066006,0.8960820248975812,0.43040461066478575,0.10857642922426486,Fibroblast,G1,
cell_5068123,-0.8930013900919538,-0.277942808824142,0.3539722144561322,Fibroblast,G1,
cell_5068630,-0.18533391859068699,-0.8947115258643831,0.40637755981261836,Fibroblast,G2M,
cell_5069964,0.15012275010106507,0.9672655850108698,0.20459849343630893,Fibroblast,G1,
cell_5073417,0.4607352426560165,-0.09387946534244684,-0.8825585743939328,Fibroblast,G0,
cell_5075293,-0.9714533764106716,0.23279622647979528,0.04565359770693883,Fibroblast,G1-G0 transition,
cell_5075563,0.7583699901527919,0.4672103562499126,0.4545210431627666,Fibroblast,S,
cell_5076743,-0.09743136398590638,-0.2986825139289522,-0.9493659512289755,Fibroblast,G0,
cell_5077056,-0.3408361180176074,0.6893555856767626,0.639233588308403,Fibroblast,S,
cell_5078467,-0.8969455102123658,0.4260097027256191,-0.11834137065763883,Fibroblast,G1-G0 transition,
cell_5079602,0.26042031601806537,-0.5869449787512114,-0.7666008673415139,Fibroblast,G0,
cell_5080288,0.4732931355358132,0.3632022279683657,0.8025445279162351,Fibroblast,S,
cell_5082830,-0.14547236160325977,0.035308932178903685,-0.9887320400122315,Fibroblast,G0,
cell_5086123,0.8530312478460975,0.5095633451142875,-0.11261810537268241,Fibroblast,G1,
cell_5089874,-0.18776299524780132,-0.179568507742785,-0.9656604925624119,Fibroblast,G0,
cell_5091333,-0.664776497330259,0.7254461357161481,-0.1783264568352107,Fibroblast,G1-G0 transition,
cell_5093016,-0.25385286294109327,0.5173770428233551,-0.8172390171662701,Fibroblast,G0,
cell_5095938,0.791207979542494,0.47427220994333996,0.3860772464625531,Fibroblast,S,
cell_5096079,-0.09134464293319039,0.2641680143548272,-0.9601413096332629,Fibroblast,G0,
cell_5097117,-0.29672940791259245,-0.5761947280596655,-0.7615454236968215,Fibroblast,G0,
cell_5097222,-0.5547484460421502,0.3427212063295858,-0.758153332840579,Fibroblast,G0,
cell_5097461,-0.7804264414816993,0.05889385314348031,0.622467612237109,Fibroblast,G1,
cell_5098177,-0.9162666210376036,0.35393987821516215,0.18756811035367332,Fibroblast,G1-G0 transition,
cell_5099083,-0.16183247284405602,-0.30375990982512163,-0.9389037727410445,Fibroblast,G0,
cell_5099422,0.6287248816164592,0.7131408573654361,0.31005669869016067,Fibroblast,S,
cell_5101195,-0.4324073298343703,0.711256945502934,-0.5541998931693429,Fibroblast,G0,
cell_5101609,0.582152141374225,0.7592748879335274,-0.2908618623423004,Fibroblast,G1-G0 transition,
cell_5101660,0.32981123651851646,-0.4022881230063885,-0.8540426639018354,Fibroblast,G0,
cell_5103849,0.42266337807057797,0.12179263398391293,-0.8980657873262219,Fibroblast,G0,
cell_5108245,-0.41701791768637164,0.2955824561944894,0.8594923461242352,Fibroblast,S,
cell_5108529,0.05186068016859957,0.544549359557662,-0.8371239130271528,Fibroblast,G0,
cell_5109268,-0.11292024652566035,-0.041022548191410727,-0.9927568649629002,Fibroblast,G0,
cell_5109967,-0.32398470844010174,0.698692662929582,-0.6378576759926529,Fibroblast,G0,
cell_5110657,-0.7103928801441041,0.3281154160487596,-0.6226413643158007,Fibroblast,G0,
cell_5111149,0.7547118355177422,-0.5160253030856118,0.40512715965321067,Fibroblast,S,
cell_5111738,0.0459497737884807,0.48482831694926987,-0.8734014602601035,Fibroblast,G0,
cell_5113466,-0.14418902045261145,0.5827722602663161,-0.7997412306331999,Fibroblast,G0,
cell_5114391,-0.6441511637117522,0.6528871507256545,-0.3985067452493523,Fibroblast,G0,
cell_5117075,-0.6111363568775552,0.7636839481177282,0.20808387180776222,Fibroblast,G1-G0 transition,
cell_5118095,0.5970641823292044,0.4573546550369891,0.6590456356317387,Fibroblast,S,
cell_5119617,-0.8301064108067772,-0.5036655690099305,0.23925821687230325,Fibroblast,G1,
cell_5119795,0.4983265188172211,-0.3753164363855016,-0.7815421678686076,Fibroblast,G0,
cell_5122246,-0.6454272540461009,0.32941288895220755,0.6891376098944717,Fibroblast,G1,
cell_5122274,-0.5474390043591916,0.4593270566416878,0.6995206795735591,Fibroblast,S,
cell_5122458,-0.038000321111887,-0.17565283407363907,-0.9837184262235202,Fibroblast,G0,
cell_5125498,-0.49678886757206286,0.4481570455681417,0.7432066387750496,Fibroblast,S,
cell_5125740,0.9494510757612773,0.19773433306109517,0.2438112799451549,Fibroblast,G1,
cell_5128379,0.18678402087600954,0.9578974414988443,-0.2180459963518406,Fibroblast,G1-G0 transition,
cell_5129145,0.3879722221878511,-0.5378339616031118,0.7484732293228944,Fibroblast,S,
cell_5130368,-0.41483620326729126,0.7749552310814459,0.47681807692049155,Fibroblast,G1,
cell_5131227,0.5748315782926686,0.48611825864269786,0.6582230456986735,Fibroblast,S,
cell_5134435,-0.17105800524493409,0.32444696980382143,-0.9303081778521489,Fibroblast,G0,
cell_5136957,0.2893709508697996,-0.036135766433435496,-0.956534688713053,Fibroblast,G0,
cell_5137436,-0.3511105176617558,0.47008230306544074,-0.8097802251434455,Fibroblast,G0,
cell_5142537,0.7219042026492339,-0.5415651643743483,0.4307684847010194,Fibroblast,S,
cell_5143505,-0.2887967449914779,0.7035270224003987,-0.649342803394682,Fibroblast,G0,
cell_5144330,-0.4664192130734266,0.5978556694670802,0.6519368838309427,Fibroblast,S,
cell_5144508,0.08172047031009283,0.9535846919141255,-0.289824179891069,Fibroblast,G1-G0 transition,
cell_5145412,0.5572219240612079,0.8071190241569226,0.19509633597635728,Fibroblast,G1,
cell_5145540,0.6983150835533024,-0.07079159073393412,0.7122813845144705,Fibroblast,S,
cell_5146362,0.518323127731037,0.6323874378258929,0.5756972899441145,Fibroblast,S,
cell_5147615,-0.6918040531308645,0.5309235353954032,-0.48941528003507734,Fibroblast,G0,
cell_5147771,0.3520667996558645,0.914448023073023,-0.19958372272496522,Fibroblast,G1,
cell_5157406,-0.012622487405225272,-0.69766310783308,-0.7163147594819331,Fibroblast,G0,
cell_5159149,-0.05833333690494802,-0.9618774455456467,0.2671871743196347,Fibroblast,G2M,
cell_5160969,-0.6163276712111905,0.3506522988021993,-0.7051119849933698,Fibroblast,G0,
cell_5161232,0.9224854343371136,0.15119491726639117,0.3551911965338771,Fibroblast,S,
cell_5162951,0.6864172069233422,-0.28006797836684166,0.6711134445588431,Fibroblast,S,
cell_5163599,0.04888536177546271,-0.4381521969656534,-0.8975705659027283,Fibroblast,G0,
cell_5163900,-0.4001580117801998,0.6744255505078305,-0.6205028945738051,Fibroblast,G0,
cell_5164633,0.5483507070247486,-0.24294219368215642,-0.8001815877716345,Fibroblast,G0,
cell_5166760,-0.45228500560381457,0.6523494691819763,-0.6081763613607705,Fibroblast,G0,
cell_5166832,0.32854515844239185,-0.32356403019601243,0.8873355102519035,Fibroblast,S,
cell_5166987,-0.6526136016137536,0.6412001792839178,0.40368015594388096,Fibroblast,G1-G0 transition,
cell_5167291,-0.12983144468047203,0.7614142285304426,0.6351316494313577,Fibroblast,G1,
cell_5168277,-0.057808074541365245,-0.7058959044059238,-0.7059525652373451,Fibroblast,G0,
cell_5168587,-0.18661068507775036,0.1817911334662019,-0.9654679451333414,Fibroblast,G0,
cell_5168957,0.3880934638600352,-0.08125410207656292,-0.9180311418211179,Fibroblast,G0,
cell_5171465,-0.6899087362733701,-0.6363893866612149,0.3450135711907908,Fibroblast,G2M,
cell_5182561,-0.25229552599091015,-0.18196437912392688,-0.9503872538073922,Fibroblast,G0,
cell_5182746,0.4501230316657427,-0.6587220451626662,0.6028883262018775,Fibroblast,G2M,
cell_5183025,0.26935668931595086,-0.25117545214294695,0.9297084905695434,Fibroblast,S,
cell_5183319,-0.6305809473054552,0.7521507223678041,0.1914084553150743,Fibroblast,G1,
cell_5184145,0.7263404164278648,-0.3598017504796819,0.5856384188315452,Fibroblast,S,
cell_5187907,0.7138992940320558,0.11341445629227431,0.6910029011842125,Fibroblast,S,
cell_5190513,-0.25942383530964697,-0.849938124723262,0.45858972940251314,Fibroblast,G2M,
cell_5191388,0.6716382822615884,-0.25133843925323407,-0.6969439990666051,Fibroblast,G0,
cell_5191472,-0.6213072480498998,-0.45704267186767156,0.6364662261809914,Fibroblast,G1,
cell_5192145,-0.5151391518394629,-0.20106082753024068,-0.8331903676416246,Fibroblast,G0,
cell_5192303,0.6787309789280875,0.33186066929498625,0.6551280433648475,Fibroblast,S,
cell_5193131,-0.8900897990079405,0.3951161260166023,0.2272080180030266,Fibroblast,G1-G0 transition,
cell_5193302,0.32208996248684646,-0.634728137491499,0.7024088135216379,Fibroblast,G2M,
cell_5194465,0.19276506152183956,-0.9340608484288816,0.3006191915795798,Fibroblast,G2M,
cell_5194991,-0.17322220884329476,0.7741857291266876,-0.608794287992744,Fibroblast,G0,
cell_5195521,-0.22765122466684912,0.5626759753079201,-0.7947142418000785,Fibroblast,G0,
cell_5195700,0.5483132986807915,-0.0007125068561860404,0.8362727122617697,Fibroblast,S,
cell_5195727,0.3159069169458265,-0.19209547488007206,-0.9291404798317993,Fibroblast,G0,
cell_5197435,0.11870873694115325,0.024959666420487414,-0.9926153508798512,Fibroblast,G0,
cell_5203565,0.13112302546304533,0.3375992114888725,-0.9321123656972645,Fibroblast,G0,
cell_5204254,-0.7378344819457485,-0.06470925284843201,0.6718727694369613,Fibroblast,G1,
cell_5204622,-0.2503604954796922,0.5816201909609482,-0.7739751207910334,Fibroblast,G0,
cell_5206589,-0.8424983258283734,0.0730396622924156,0.5337243170116935,Fibroblast,G1,
cell_5207378,0.8837056368069027,0.4558321489320584,0.10621349071347042,Fibroblast,G1,
cell_5208608,-0.16833344257250882,0.4572877453197223,-0.8732421143767115,Fibroblast,G0,
cell_5209343,-0.06625870359599279,0.35927945144843215,-0.930874897556985,Fibroblast,G0,
cell_5211285,0.04566072394493159,-0.024482806034782048,-0.9986568949605286,Fibroblast,G0,
cell_5211640,0.39833230059609925,0.7925356503762846,0.46175604983940016,Fibroblast,G1,
cell_5213461,-0.45711974644898296,0.08649331276982511,-0.8851894648512124,Fibroblast,G0,
cell_5213743,0.2772165350486403,-0.66156663895107,-0.6967643715167642,Fibroblast,G0,
cell_5215069,-0.6837764436035769,0.3464225086199907,0.6422157361792294,Fibroblast,G1,
cell_5215288,-0.0322676206352151,-0.8981607445950488,0.43848143291102726,Fibroblast,G2M,
cell_5217587,-0.8479419245730208,0.5142078077499331,-0.12878217740298492,Fibroblast,G1-G0 transition,
cell_5220136,-0.6812837378807043,-0.26548011650301323,0.682182412448447,Fibroblast,G1,
cell_5223487,-0.6792248859721721,-0.15400985116633883,0.7175893595565722,Fibroblast,G1,
cell_5225527,-0.8316430563188607,-0.3636261197072997,0.4196972291846079,Fibroblast,G1,
cell_5231035,0.24921502814487098,0.7927864462074465,0.5562208429194004,Fibroblast,G1,
cell_5232111,0.9082799188637118,0.35646698504738694,0.21899538211915393,Fibroblast,S,
cell_5232370,-0.8809035490526398,0.472512429269369,0.02722012958204384,Fibroblast,G1-G0 transition,
cell_5234077,-0.8259358500366086,0.5535147631005278,-0.10701082506449133,Fibroblast,G1-G0 transition,
cell_5238141,0.37717552981159186,-0.3063575403870501,-0.8740044115400136,Fibroblast,G0,
cell_5240642,-0.5990242305195022,0.4839138083165079,-0.6379633678464942,Fibroblast,G0,
cell_5242615,-0.4018362822091454,0.1844838213379149,-0.8969354287821482,Fibroblast,G0,
cell_5242796,0.6948973676064549,-0.6746922843133552,0.24881354775524656,Fibroblast,S,
cell_5244937,-0.13949900130736292,-0.8918441952577246,0.4302949235029535,Fibroblast,G2M,
cell_5247657,0.6063508577427497,0.20600671141644628,0.7680493495974622,Fibroblast,S,
cell_5248788,-0.8240652088722276,-0.4742629880490958,0.30982429005353423,Fibroblast,G1,
cell_5249615,-0.9236811127753874,-0.23746957685054787,0.30070138353657316,Fibroblast,G1,
cell_5252087,0.5412259133972722,-0.2017789527044523,0.816308606124276,Fibroblast,S,
cell_5253952,-0.7836815577165451,0.31526315539305755,-0.5352124550512789,Fibroblast,G0,
cell_5254747,0.047555554268225,0.30742215204881074,-0.9503841774867655,Fibroblast,G0,
cell_5257387,-0.8284806607047017,0.5599774591153811,0.006696669273147909,Fibroblast,G1-G0 transition,
cell_5259617,0.23388582783489015,0.23345394463856767,-0.9438202575005704,Fibroblast,G0,
cell_5261044,-0.6949249452065229,-0.44092288890186165,0.5680372447571026,Fibroblast,G1,
cell_5262001,0.38794515513987743,0.15363258606426863,-0.9087879502425428,Fibroblast,G0,
cell_5264855,0.7406825524104619,-0.40795515938535065,0.5338183709516024,Fibroblast,S,
cell_5265841,-0.00765802532148413,-0.9558061256478164,0.29389813023778877,Fibroblast,G2M,
cell_5267966,-0.14297172763354563,0.8930916458311392,-0.426551647244813,Fibroblast,G0,
cell_5268510,0.818637299356328,0.42111064007598287,0.39051084326732943,Fibroblast,S,
cell_5271108,0.21690708528798655,-0.46317064600644364,-0.859316210216402,Fibroblast,G0,
cell_5283799,0.3648762471237171,0.2005686079909772,-0.9091961052542369,Fibroblast,G0,
cell_5284820,0.5806946451321098,-0.3218889441192017,0.7477842203985656,Fibroblast,S,
cell_5286574,0.25776138825756056,-0.5518626243478557,0.7930994201289113,Fibroblast,G2M,
cell_5287507,0.09779939918600866,-0.25840213261157896,-0.961074202048746,Fibroblast,G0,
cell_5288967,-0.2528272690842087,0.23120447101664476,-0.9394801345624626,Fibroblast,G0,
cell_5290342,-0.3054068547273743,-0.8156167663147094,0.49142241343937465,Fibroblast,G2M,
cell_5290963,0.059062753488711206,-0.843225335617144,0.5343058222447433,Fibroblast,G2M,
cell_5292583,0.9760249138745556,0.20400282194522334,0.07588327249622756,Fibroblast,G1,
cell_5294883,-0.9675602136815201,0.21923152549642483,0.12555700907404752,Fibroblast,G1-G0 transition,
cell_5295443,-0.6156641569195132,-0.6265642371047333,0.4778858354788616,Fibroblast,G1,
cell_5297007,0.4091358733813619,-0.4465854815846388,0.7957193923283061,Fibroblast,S,
cell_5297052,-0.5424470489763602,0.12972973232962853,0.830012831554085,Fibroblast,S,
cell_5297223,0.5870776788676455,0.35811617901683646,-0.7260115015190516,Fibroblast,G0,
cell_5298650,0.4397395171083025,-0.1919859087848399,0.8773657724420205,Fibroblast,S,
cell_5298817,0.48968383539832344,-0.4390487916469904,-0.7532899605284035,Fibroblast,G0,
cell_5298893,0.8021326633984366,-0.3216500437792447,0.5031146597056924,Fibroblast,S,
cell_5299379,-0.04810077239543742,0.07762050904646954,-0.9958219599252531,Fibroblast,G0,
cell_5301579,-0.6007078317636461,0.4222563260977297,0.6788591932413355,Fibroblast,G1,
cell_5303043,0.4841292257599316,-0.6923608273901836,0.5350283315815735,Fibroblast,G2M,
cell_5303078,0.1519490674897695,0.3180543474303229,-0.9358167823294199,Fibroblast,G0,
cell_5303652,-0.8662362844847418,0.3617687670039601,0.3446129406722372,Fibroblast,G1,
cell_5304621,0.2730762996996827,-0.30265282739448257,-0.9131432284813087,Fibroblast,G0,
cell_5305008,-0.22701580822404416,0.47444862212360506,-0.8505069898199544,Fibroblast,G0,
cell_5306593,-0.5383253408641346,-0.3981837300362792,-0.7427351905326667,Fibroblast,G0,
cell_5308040,-0.4012000748538265,-0.024312468324169213,-0.9156677334284425,Fibroblast,G0,
cell_5310811,-0.08840663676182275,-0.1262454480997764,-0.9880518120628381,Fibroblast,G0,
cell_5311011,-0.5768049869550542,0.7817240827996483,-0.23707245395836268,Fibroblast,G0,
cell_5314581,-0.482713778845241,0.39593748539099044,-0.7811663509723908,Fibroblast,G0,
cell_5317188,-0.19791788664448623,0.9551400735554998,0.22030853628268554,Fibroblast,G1-G0 transition,
cell_5319019,-0.7151097850779209,-0.42767410487098717,0.5529131373876421,Fibroblast,G1,
cell_5322974,0.7597329736066323,-0.4585276566107194,0.4610404922165441,Fibroblast,S,
cell_5323322,-0.3340524239536722,0.6845291448255157,-0.6479420278820949,Fibroblast,G0,
cell_5323431,0.11553695547364692,-0.5284476331344681,-0.8410674217948639,Fibroblast,G0,
cell_5326078,0.29700736341139483,0.05386023481942494,-0.9533550280849801,Fibroblast,G0,
cell_5330817,0.5209716551556616,-0.5389782836124563,0.6618843958426814,Fibroblast,S,
cell_5331285,-0.6990013529369861,-0.42401164792499746,0.5758569103241618,Fibroblast,G1,
cell_5333510,-0.1309031229255752,-0.9095994818522034,0.3943261790377829,Fibroblast,G2M,
cell_5336727,0.2568907726678806,0.34119349853602066,-0.9042090843358489,Fibroblast,G0,
cell_5337952,0.3639046398357208,0.15408175902341814,-0.9186034163245933,Fibroblast,G0,
cell_5338657,0.43578485088441404,-0.694453963119946,0.5725602597007061,Fibroblast,G2M,
cell_5339813,0.4035408390381743,-0.5764721402643364,-0.7105172040538887,Fibroblast,G0,
cell_5340487,-0.20312190731447094,-0.8332471597950769,0.5142377939031847,Fibroblast,G2M,
cell_5340975,-0.6174776063087376,0.10227440473791866,0.7799111205663029,Fibroblast,G1,
cell_5341310,-0.17576037632699704,-0.8746400641582128,0.45178891491636614,Fibroblast,G2M,
cell_5346718,0.7005025497272934,0.37446316059441126,0.6075141726773128,Fibroblast,S,
cell_5346945,-0.43606530286603584,0.7273755809004073,0.5298788818191189,Fibroblast,G1,
cell_5348700,-0.825968514042824,-0.36891911414772466,0.42623315734859024,Fibroblast,G1,
cell_5349705,0.3313472660528609,-0.34226372272541666,-0.879240943405462,Fibroblast,G0,
cell_5350204,-0.295912477998628,0.07907534878305073,-0.951936365702954,Fibroblast,G0,
cell_5353385,0.46659964556322,-0.31922445270815286,-0.8248519128929044,Fibroblast,G0,
cell_5354404,0.6749980279535646,-0.3718910172746012,0.6372397881505594,Fibroblast,S,
cell_5357134,0.44943637809130155,-0.6334923708394307,-0.6298368790836505,Fibroblast,G0,
cell_5361767,0.14514450808087187,-0.48793376854850357,-0.8607286211613889,Fibroblast,G0,
cell_5364878,0.4576352850548971,0.8078061329938212,0.37150950381958237,Fibroblast,G1,
cell_5366081,0.27399939981911614,-0.5799776254316892,0.7671703911531528,Fibroblast,G2M,
cell_5368605,-0.6320070594891796,0.6415739649582846,-0.43468371277916995,Fibroblast,G0,
cell_5373101,0.6763502419595595,-0.6905738127190729,0.2562384032509484,Fibroblast,S,
cell_5374163,-0.5091959696790288,0.8321692754085142,0.21957682175196197,Fibroblast,G1-G0 transition,
cell_5375718,0.76503560627037,0.6434501987570809,0.02631320855183178,Fibroblast,G1,
cell_5376156,0.5659200620731971,-0.4996569970744641,-0.6558029006868942,Fibroblast,G0,
cell_5382861,-0.941859679021702,-0.053596897689829615,0.3317040459952144,Fibroblast,G1-G0 transition,
cell_5383868,0.33030888173831996,-0.39227953083194833,-0.8584944095111263,Fibroblast,G0,
cell_5383993,-0.47178107936363883,-0.18822468069758985,-0.8613908311657018,Fibroblast,G0,
cell_5384387,0.34295414009533287,-0.13565772306943033,-0.9295049455704119,Fibroblast,G0,
cell_5385868,0.5737986061376388,-0.28249130212974105,-0.7687351954910826,Fibroblast,G0,
cell_5386415,0.531674563605608,-0.09809090512362173,-0.8412491820457115,Fibroblast,G0,
cell_5388914,0.12778821151712647,-0.4989895266735871,-0.8571344628627088,Fibroblast,G0,
cell_5389689,-0.34543477564707065,-0.8249474841153299,0.4473660205377831,Fibroblast,G2M,
cell_5390031,-0.04947550769540138,0.5160218704515019,-0.8551453321330265,Fibroblast,G0,
cell_5391787,-0.4506999040525699,-0.46879166732545535,-0.7596736665947024,Fibroblast,G0,
cell_5394555,0.2898735754636048,-0.18607960099286439,-0.9388011309385598,Fibroblast,G0,
cell_5395220,0.9202716370424538,0.2610488046501618,0.29146802117830173,Fibroblast,S,
cell_5395642,-0.5509811992409084,0.7425260833990417,-0.38088670032034755,Fibroblast,G0,
cell_5396597,-0.7248726495086574,-0.11592922599917874,0.6790582698585155,Fibroblast,G1,
cell_5400093,-0.666142089309672,0.6612640543568051,0.34494114703397033,Fibroblast,G1-G0 transition,
cell_5400103,-0.7796040732545697,0.4426610134864696,0.44302243096303595,Fibroblast,G1,
cell_5405167,0.8649458595224834,0.38495317385533523,-0.321993348454976,Fibroblast,S,
cell_5410385,0.2573525501418898,-0.45415482147736114,-0.8529437574787682,Fibroblast,G0,
cell_5410510,0.499174128095506,-0.049143607891968616,-0.8651070260192413,Fibroblast,G0,
cell_5416993,0.020444215715374803,0.040180845455694975,-0.9989833134729037,Fibroblast,G0,
cell_5418213,0.07532531085253175,-0.8156011568583844,0.5736903860910517,Fibroblast,G2M,
cell_5418359,0.3113245194417701,-0.23012885583819118,0.9220183404196486,Fibroblast,S,
cell_5421843,-0.06312233307696669,-0.15580950195676324,-0.9857681704841181,Fibroblast,G0,
cell_5422849,0.7613726266258878,-0.4692079857651816,0.4473875472503767,Fibroblast,S,
cell_5423604,0.22642184775379698,0.9709029424943563,0.07797830394311037,Fibroblast,G1-G0 transition,
cell_5423958,-0.8672719062376958,-0.40123102972685815,0.29470841148837346,Fibroblast,G1,
cell_5424213,-0.8130648382904571,-0.2726173690142789,0.5143980200047714,Fibroblast,G1,
cell_5427196,0.01595175845075364,-0.013795499214500698,-0.9997776339930917,Fibroblast,G0,
cell_5427342,0.3559652422963574,-0.5649199415056269,-0.7444154291296695,Fibroblast,G0,
cell_5428708,-0.1834637577764237,-0.3324696784681332,-0.9250972516065055,Fibroblast,G0,
cell_5430068,-0.826803043916561,0.24918691616284924,0.5042841343392714,Fibroblast,G1-G0 transition,
cell_5430279,0.18673276750999815,-0.35279362736499775,-0.9168792087265853,Fibroblast,G0,
cell_5433762,-0.13173547643083672,-0.2207406465771639,-0.9663950753288878,Fibroblast,G0,
cell_5433890,0.3554180617979474,-0.27640804111702566,-0.8929033749099909,Fibroblast,G0,
cell_5434984,-0.7909922695491329,-0.5690281723030596,0.22480726097428386,Fibroblast,G1,
cell_5436787,0.16476923042263975,-0.9574897872754733,0.23677943073137608,Fibroblast,G2M,
cell_5437849,0.3439444520454492,-0.8562224659811766,0.3854675497353399,Fibroblast,G2M,
cell_5437875,0.1207428874480111,-0.05648609217341918,-0.9910753905261929,Fibroblast,G0,
cell_5438321,0.4019375649627889,0.09879067250513027,-0.9103222244824634,Fibroblast,G0,
cell_5440682,0.5732091807839236,0.7432859708946761,0.344901841313151,Fibroblast,S,
cell_5443005,-0.7682402116046364,-0.4372546812465485,0.46756309371917154,Fibroblast,G1,
cell_5443375,-0.13594694093540638,-0.7480290759168069,0.6495928802091622,Fibroblast,G2M,
cell_5443527,-0.09133433732552176,-0.8171893761699099,0.5690867193122292,Fibroblast,G2M,
cell_5445193,0.6273499376817185,-0.19655987295944277,0.7535225409865501,Fibroblast,S,
cell_5445735,0.07429048847891673,-0.26044500516904096,-0.9626262534805132,Fibroblast,G0,
cell_5445855,-0.0907712642474941,-0.21626143695209,-0.9721066439670842,Fibroblast,G0,
cell_5445912,0.2587760457025703,-0.49930813956081577,0.826877593189703,Fibroblast,G2M,
cell_5446050,0.22114665200140715,-0.05098729318405293,-0.9739068498892243,Fibroblast,G0,
cell_5447227,0.046087660763174554,-0.27810241055464946,-0.9594451424345347,Fibroblast,G0,
cell_5448395,0.732422547584612,0.16500238907864845,0.6605537981641947,Fibroblast,S,
cell_5451457,-0.11482753815365103,0.8279988646103955,0.5488464951206279,Fibroblast,G1,
cell_5451547,-0.314271530243287,-0.4233602416456592,-0.8497053877871608,Fibroblast,G0,
cell_5452843,-0.46787768717078876,0.49880379783353856,-0.7295787545512337,Fibroblast,G0,
cell_5454069,0.5101973179608353,-0.49607732685192163,-0.7025708068351502,Fibroblast,G0,
cell_5454252,-0.1766880694912747,0.894806366806723,0.4100035138668871,Fibroblast,G1,
cell_5456825,-0.09699419071995952,0.9313807826098781,-0.3508873943987738,Fibroblast,G0,
cell_5457732,0.5486519833309308,-0.04945820074086685,-0.8345865672087126,Fibroblast,G0,
cell_5460246,-0.6528947434988331,-0.578606964722418,0.4888172483371337,Fibroblast,G1,
cell_5462518,0.8723968357937744,0.1091625518793261,0.4764528998974687,Fibroblast,S,
cell_5464579,-0.20647773229107036,0.5092090061911039,-0.8355076605841258,Fibroblast,G0,
cell_5465488,-0.6819951869881313,-0.12731785629671594,0.7201893996713398,Fibroblast,G1,
cell_5467963,-0.669955623413962,-0.4297648474114706,0.6053607833937974,Fibroblast,G1,
cell_5471292,-0.0630822974561201,0.21613195853710318,-0.974324225101625,Fibroblast,G0,
cell_5472395,-0.802844920323057,0.1898712583194715,0.5651449865192386,Fibroblast,G1,
cell_5472539,-0.40970241400072566,0.23433355700318506,-0.8816074194275799,Fibroblast,G0,
cell_5472956,0.5464415354822729,-0.06023429214401657,0.835328292587752,Fibroblast,S,
cell_5473062,-0.8917511045115708,0.2684346017349709,0.3643115649760546,Fibroblast,G1,
cell_5474310,0.5960811308744381,0.08098896556024798,0.7988291319723638,Fibroblast,S,
cell_5474666,0.707603721123492,-0.5592158377917558,0.4319427100972446,Fibroblast,S,
cell_5479599,-0.0413807417365758,0.8723707735118155,-0.48709011146232145,Fibroblast,G0,
cell_5479842,0.5091296376589955,-0.45142510936159647,-0.7328046086711577,Fibroblast,G0,
cell_5480651,0.3723521980400857,-0.5157435288202215,-0.7715973145044239,Fibroblast,G0,
cell_5481362,0.485149218353218,-0.42704449140734196,0.7630618029997381,Fibroblast,S,
cell_5483107,-0.09604971432920648,0.9834560810194141,-0.15358591303189803,Fibroblast,G0,
cell_5484486,0.26404964216995314,-0.7110154797963427,-0.6517167835202069,Fibroblast,G0,
cell_5485345,-0.7738421614599761,0.10897546746418643,0.6239330697843894,Fibroblast,G1,
cell_5486377,-0.5054273386694784,0.8482263382163183,-0.158289121282511,Fibroblast,G0,
cell_5489618,0.4837196985983915,0.8186530214873831,-0.30955178975511954,Fibroblast,G1-G0 transition,
cell_5492945,-0.6262483255517342,-0.4574419875262418,-0.631315940360494,Fibroblast,G0,
cell_5493139,-0.4517682148793584,0.7002040297559411,-0.5528290435278531,Fibroblast,G0,
cell_5497909,-0.8113246598294924,-0.1843700828913995,0.5547610478394989,Fibroblast,G1,
cell_5501998,-0.026496456054170336,0.404864704729158,-0.9139925992497004,Fibroblast,G0,
cell_5502547,-0.6090173144625741,-0.31232177157956614,-0.7290769642092593,Fibroblast,G0,
cell_5506998,-0.5045926273949809,0.7348419811358607,-0.453203520983672,Fibroblast,G0,
cell_5507298,-0.2884433917836523,0.5781611308850092,0.7632366648302512,Fibroblast,S,
cell_5508201,0.569140235521444,0.17914834439336866,0.8024869036267355,Fibroblast,S,
cell_5508553,-0.17647132566134915,0.9341342483318604,0.3102433179944085,Fibroblast,G1,
cell_5508784,0.9333696996115572,0.32629737004819936,0.14950256142984852,Fibroblast,G1,
cell_5508923,-0.03217953293058054,0.6683798693773678,0.7431236619165564,Fibroblast,S,
cell_5513580,0.1603974649064916,-0.3286558305091447,-0.9307298028068736,Fibroblast,G0,
cell_5514993,0.13134625415114226,-0.8429596094843375,-0.521696543509902,Fibroblast,G0,
cell_5517733,0.5969309100394194,0.4911096460522404,0.6344169642577326,Fibroblast,S,
cell_5517796,0.09416890814847012,0.13476607338742813,-0.9863926548306368,Fibroblast,G0,
cell_5518453,0.5464204829797631,0.22351263884375308,0.807134890819357,Fibroblast,S,
cell_5523419,0.1983443784323693,-0.6947849178196217,0.6913273175859407,Fibroblast,G2M,
cell_5525263,-0.42592792678552555,0.7225040736001007,0.5445854876369804,Fibroblast,G1,
cell_5526288,-0.6587375608030123,0.37939196620191906,0.6497126299880962,Fibroblast,G1,
cell_5532875,0.6202870329269038,-0.21101473582131341,0.755457948033537,Fibroblast,S,
cell_5533020,0.5088024319067785,-0.25533039997669227,-0.822147402172796,Fibroblast,G0,
cell_5534903,-0.1878708144376581,0.3839988198106125,0.9040184605049228,Fibroblast,S,
cell_5535527,-0.7290910139923392,0.458946652508896,0.5077342788131414,Fibroblast,G1-G0 transition,
cell_5535992,0.27897883756162817,-0.28067246076500185,0.9183646343141193,Fibroblast,S,
cell_5536631,0.24241192778042997,0.1511496558978285,-0.9583266897850824,Fibroblast,G0,
cell_5539053,0.3639431034952139,-0.210823204897974,0.9072481189128856,Fibroblast,S,
cell_5546882,0.20172012182178167,0.9572088511665031,-0.20750963308984124,Fibroblast,G1-G0 transition,
cell_5547170,-0.21406161542535232,0.6975161443768872,0.6838486212735848,Fibroblast,S,
cell_5547196,-0.38196968627480815,0.6804646942138465,-0.6253534675615775,Fibroblast,G0,
cell_5547440,0.5944601348301537,0.5708056476882842,0.5663902480565899,Fibroblast,S,
cell_5547655,0.397971997061509,0.16586061579490735,-0.9022796513600214,Fibroblast,G0,
cell_5547713,-0.17037345589806935,0.49644723830778825,-0.8511831795936342,Fibroblast,G0,
cell_5548953,0.5219669457008271,-0.3968234649093241,-0.7550374788252144,Fibroblast,G0,
cell_5549028,0.549036586316173,0.5744245884119271,0.607120337665372,Fibroblast,S,
cell_5549622,0.6849970426120767,-0.27047852375369663,0.6764765765661633,Fibroblast,S,
cell_5550294,0.6455071066089244,-0.6858942256438568,0.3359609532368294,Fibroblast,S,
cell_5551283,-0.01495533871641358,-0.8665830605001622,0.498808779721008,Fibroblast,G2M,
cell_5551664,-0.370378018549695,-0.7910434971790368,0.48689844702891616,Fibroblast,G2M,
cell_5552761,-0.8479633207082179,-0.3401345302144322,0.40653015069103854,Fibroblast,G1,
cell_5553214,0.05230325199856456,0.09123400411187277,-0.9944550603320065,Fibroblast,G0,
cell_5554000,-0.052761190449772066,-0.9075392869193852,0.41663941331374854,Fibroblast,G2M,
cell_5554326,0.7023352400119443,0.10949051238682808,0.7033754758597057,Fibroblast,S,
cell_5556802,-0.31595641033130695,0.33611252296345867,-0.8872428034182489,Fibroblast,G0,
cell_5557414,-0.7082375053159446,-0.46270594808786747,0.5332003822621619,Fibroblast,G1,
cell_5558704,-0.0033727830053900953,-0.5327979186723057,-0.8462357420584328,Fibroblast,G0,
cell_5559555,0.5821011686438979,0.8131160798399834,-0.0004590271630456888,Fibroblast,G1,
cell_5564322,0.21082379691912714,0.6542027361192722,0.7263415346561787,Fibroblast,S,
cell_5564908,0.0922249911909438,0.1805878271806179,0.9792254790800513,Fibroblast,S,
cell_5565991,-0.12159185144347207,-0.797240282807704,0.5912894545387507,Fibroblast,G2M,
cell_5566062,0.2389369190064937,0.9432788286086857,-0.23050864168590698,Fibroblast,G1-G0 transition,
cell_5566237,0.9354217423499264,-0.04244781619928445,0.3509760091140652,Fibroblast,G1,
cell_5566522,-0.095428281104181,0.3886062696881175,-0.9164488981801794,Fibroblast,G1-G0 transition,
cell_5567303,-0.9856537768583311,0.12115180051464769,0.11751110833974748,Fibroblast,G1-G0 transition,
cell_5567693,-0.39251321391682564,0.7341609622443644,-0.5540227534132585,Fibroblast,G0,
cell_5568473,-0.8143913846582025,0.47819703303979666,0.3287771213322481,Fibroblast,G1-G0 transition,
cell_5569459,-0.5518074444193821,-0.11523282528418233,0.8259722612785085,Fibroblast,G1,
cell_5570484,0.6241463297969548,-0.07002917872039834,0.7781627066455841,Fibroblast,S,
cell_5571731,-0.9463154641418324,0.1228386366258061,0.2989943418548531,Fibroblast,G1-G0 transition,
cell_5572261,0.22032948082975246,-0.2266646526388402,-0.9487244532305525,Fibroblast,G0,
cell_5572580,-0.8515515401363695,-0.1470954555175732,0.5032123922108546,Fibroblast,G1,
cell_5572633,-0.03690249719695249,0.09298836859372765,-0.9949830592628122,Fibroblast,G0,
cell_5573811,-0.2865029246840747,0.1447886116687836,-0.947075708261992,Fibroblast,G0,
cell_5575387,0.44331765237042153,-0.3130408383914232,-0.839925409408107,Fibroblast,G0,
cell_5576260,0.06296988410033416,0.1747230308239512,-0.9826020630302161,Fibroblast,G0,
cell_5576885,0.329272459540264,0.46773019301193747,-0.8202487717837871,Fibroblast,G0,
cell_5580641,-0.3866340285470139,0.7886230608193814,0.47810846890713143,Fibroblast,G1,
cell_5584532,-0.35428636813036013,0.7132992146065651,-0.6047193719020163,Fibroblast,G0,
cell_5585937,0.13060809923154298,-0.9272382702139175,0.3509568954981372,Fibroblast,G2M,
cell_5593678,-0.8330561546098683,0.46050645861738904,-0.3065143190748717,Fibroblast,G0,
cell_5594493,-0.5419135734794323,0.8261181416283091,0.1544618037632069,Fibroblast,G1-G0 transition,
cell_5596539,0.6605741206525213,0.3949932731888401,-0.6384529311119376,Fibroblast,G0,
cell_5596634,-0.20095859852439937,-0.41346001432059026,-0.8880689217014601,Fibroblast,G0,
cell_5598294,-0.36891355841725615,0.47175071299646454,0.8008457613483404,Fibroblast,S,
cell_5601164,0.05104632044161089,-0.26234669565195856,-0.9636225609259684,Fibroblast,G0,
cell_5602498,0.9514359022946146,-0.03798299429878005,0.30549466467260955,Fibroblast,S,
cell_5603884,-0.7063055060718152,-0.4395963551636297,0.5548761848627509,Fibroblast,G1,
cell_5605464,0.8134485739904385,-0.17057281327827162,0.5560631097751718,Fibroblast,S,
cell_5607987,-0.6690032174111649,0.6648717111094998,-0.3322350979374932,Fibroblast,G0,
cell_5609211,-0.7487848428807182,0.6582530062673201,0.07761515356669191,Fibroblast,G1-G0 transition,
cell_5611982,-0.4346407128781117,0.18665749839970427,-0.881048427356311,Fibroblast,G0,
cell_5615012,0.7150014394590517,-0.04590544031603501,0.6976142764960368,Fibroblast,S,
cell_5619034,-0.1333545867433178,-0.8625614437962503,0.48806179655431714,Fibroblast,G2M,
cell_5622086,-0.728087636396794,-0.34959846741675826,0.589634958700411,Fibroblast,G1,
cell_5622836,-0.39898190656417276,-0.7911735859648933,0.4635275419704227,Fibroblast,G2M,
cell_5624334,-0.9768400779600184,-0.1784368480292937,-0.118082572899125,Fibroblast,G0,
cell_5624459,0.511221828621551,-0.57521317843225,-0.638578193109502,Fibroblast,G0,
cell_5625194,-0.19836335912107014,-0.26617804750689034,-0.9432926893832095,Fibroblast,G0,
cell_5627587,-0.7017139419368664,0.0024269342480980755,-0.7124546650855818,Fibroblast,G0,
cell_5628121,0.7839886720527455,0.2556338238181276,-0.5656970655905411,Fibroblast,G0,
cell_5628552,0.8491525491114282,-0.2968199549117379,0.43684974147649797,Fibroblast,S,
cell_5630736,0.616063886871099,0.5472103785764606,0.5665916516116172,Fibroblast,S,
cell_5631557,-0.6783358067211126,0.24444601406307095,0.6928973259541114,Fibroblast,G1,
cell_5632722,-0.3395245468984876,0.7484030424965985,0.5697507452789249,Fibroblast,S,
cell_5639340,0.6710064256183919,0.2766179598901548,0.6879192132326142,Fibroblast,S,
cell_5640139,-0.1477627816011859,-0.8533604687653599,0.4999419939198172,Fibroblast,G2M,
cell_5641653,-0.8819577239852935,0.2438629162666611,0.4033377853820443,Fibroblast,G1,
cell_5641717,0.4616272419744638,-0.25018816389866216,-0.8510618899391673,Fibroblast,G0,
cell_5641963,0.22287524728639202,-0.6054620623558228,-0.7640304477761771,Fibroblast,G0,
cell_5642056,0.5006460026535688,-0.14736300370492098,-0.8530168955010953,Fibroblast,G0,
cell_5642723,-0.3734432464377016,-0.8300039347832558,0.41428680837872156,Fibroblast,G2M,
cell_5644583,0.5927976996618256,0.08863812851033098,0.8004587690030304,Fibroblast,S,
cell_5644960,0.7963400692250867,-0.23743406404396006,0.5562981571120418,Fibroblast,S,
cell_5645412,0.6654984726133206,0.7462416724582898,0.015336493689848518,Fibroblast,G1,
cell_5645792,0.7028550082864784,0.5789250483717076,0.4133285332341143,Fibroblast,G0,
cell_5647114,0.1609821621644716,-0.35164286169214354,-0.9221886782343158,Fibroblast,G0,
cell_5652419,-0.4616671250614436,0.7797303017954854,-0.4229468869126877,Fibroblast,G0,
cell_5653092,-0.430646353920542,0.8993851961820317,0.07516620544177653,Fibroblast,G1-G0 transition,
cell_5657178,-0.5838789307119598,-0.6832611258661629,0.438451652634674,Fibroblast,G2M,
cell_5657282,0.593629777580881,0.031223955288401224,0.8041322443088369,Fibroblast,S,
cell_5659121,-0.40012249704640324,-0.12315757293778277,-0.9081487529423972,Fibroblast,G0,
cell_5659373,-0.02115950117699028,0.6112662881411766,-0.7911421603422245,Fibroblast,G0,
cell_5660259,-0.49486769688976895,0.7759668309931884,0.39112831342381194,Fibroblast,G1-G0 transition,
cell_5665441,-0.22693776193901816,0.49395383674740695,-0.8393501934656501,Fibroblast,G0,
cell_5667863,-0.9686458061371601,0.24430401996841336,0.04517453086315587,Fibroblast,G1-G0 transition,
cell_5670468,0.34285602345502086,0.8176600891724588,0.4624736447610361,Fibroblast,S,
cell_5671669,0.777176918416742,0.09517764887193071,0.6220427565309645,Fibroblast,S,
cell_5673640,0.32557946791323716,-0.3635288626551929,-0.8728371370037902,Fibroblast,G0,
cell_5675115,-0.9276860582740889,-0.035000120399225315,0.37171705392424914,Fibroblast,G1,
cell_5680915,0.5395648294398463,-0.5656330971055602,-0.6236416504350637,Fibroblast,G0,
cell_5684297,0.41521633175336364,0.9051602688073223,0.09099657226236582,Fibroblast,G1,
cell_5685758,-0.25678872863506763,0.9571906125234622,0.13358756172913933,Fibroblast,G1,
cell_5687384,0.752582091957623,-0.42080706308795124,0.5064992450828464,Fibroblast,S,
cell_5688230,-0.5643745523616779,-0.020265265881950316,-0.8252700271528239,Fibroblast,G0,
cell_5690285,0.3864964653897052,-0.8009533864590601,0.4572681527906786,Fibroblast,G2M,
cell_5692124,0.019181464087485084,-0.630809853571408,-0.7757003926860885,Fibroblast,G0,
cell_5693387,0.8624037948026184,-0.3793686844573958,0.33516995598352567,Fibroblast,S,
cell_5695494,-0.8718691185550249,-0.15405875573092867,0.4648763217695915,Fibroblast,G1,
cell_5696036,0.4001351766357717,0.17100337197902557,0.9003608291204512,Fibroblast,S,
cell_5696901,0.36604953903238546,-0.8444876065008248,0.390958254253895,Fibroblast,G2M,
cell_5697426,-0.7238329211477782,-0.6738297358175861,0.14838920984608378,Fibroblast,G1,
cell_5699623,0.3802429412957906,0.9207315249431796,0.08757126096507128,Fibroblast,G1,
cell_5701305,-0.49944941338144444,0.8653167882793482,0.0421575800013375,Fibroblast,G1-G0 transition,
cell_5702747,0.38827026248588475,0.9052478420206672,0.1725474022564777,Fibroblast,G1-G0 transition,
cell_5703027,0.37798306153554573,-0.08654056208011245,0.921758909779845,Fibroblast,S,
cell_5704333,0.518482322072782,-0.525950350945619,-0.6742049845926188,Fibroblast,G0,
cell_5707059,0.02356273989755764,-0.6783255898541627,0.7343835791071832,Fibroblast,G2M,
cell_5707464,0.2512588065228903,-0.651073965573294,-0.7162203615587969,Fibroblast,G0,
cell_5707717,-0.07838624822955703,-0.07849491461529846,-0.9938279405191652,Fibroblast,G0,
cell_5709130,-0.7536497121998122,-0.43598724549609064,0.49186107602225776,Fibroblast,G1,
cell_5709863,-0.1418677743506403,0.6268566555002494,-0.7661098040243355,Fibroblast,G0,
cell_5710198,-0.8799184084566982,0.45723374781661397,0.12915412746739663,Fibroblast,G1-G0 transition,
cell_5710472,0.4446680717750343,0.42435779353956804,0.7887906620223634,Fibroblast,S,
cell_5710627,-0.44344796154460164,0.5490896602521746,-0.7084167250586446,Fibroblast,G0,
cell_5713104,0.33942195794179886,-0.0032671256940099425,-0.9406284601010355,Fibroblast,G0,
cell_5713108,0.4572382180783613,0.7148014034066041,0.529142932694779,Fibroblast,S,
cell_5721087,0.47712571024346173,-0.34675819011752496,-0.8075332737545797,Fibroblast,G0,
cell_5721613,0.41463128635684887,-0.2612325720460412,-0.8716871135676809,Fibroblast,G0,
cell_5722473,0.25218227632845003,-0.7736193805861071,0.5813063229209965,Fibroblast,G2M,
cell_5722842,0.8513464083094378,-0.08986380405166175,0.5168498587334796,Fibroblast,S,
cell_5723982,0.2912675880241169,-0.6812234459713227,0.6716380962674393,Fibroblast,G2M,
cell_5724038,0.5780753971697318,0.04781389569967487,-0.8145813177277212,Fibroblast,G0,
cell_5724363,0.009960952416332908,-0.6001971735320698,-0.7997899076085074,Fibroblast,G0,
cell_5729219,0.06970909415792781,0.8195826535931615,-0.5687047129742139,Fibroblast,G0,
cell_5730014,-0.9293991046488677,0.34631638375885,-0.12760204313925932,Fibroblast,G1-G0 transition,
cell_5731191,0.3482323209879329,-0.14887760321879914,-0.9255104735408921,Fibroblast,G0,
cell_5732097,-0.6722311237484832,0.6964158568859772,-0.2512179700689592,Fibroblast,G0,
cell_5733164,0.20248050044226368,-0.582643449161319,0.7871012279181329,Fibroblast,G2M,
cell_5733482,-0.4055213874116649,0.7517953792138766,-0.5199578595918104,Fibroblast,G0,
cell_5738918,0.41769774832205603,0.7241140410952018,0.5488055695363147,Fibroblast,S,
cell_5739325,-0.4482961425236812,-0.5680298830074434,-0.6901974125765161,Fibroblast,G0,
cell_5739731,0.3924227777614877,-0.17684207799141566,-0.9026246529092462,Fibroblast,G0,
cell_5739852,-0.18946895067083216,0.977775884650173,0.08975457139743671,Fibroblast,G1-G0 transition,
cell_5742572,0.6025568694639447,-0.2693119345240277,-0.7512629840216172,Fibroblast,G0,
cell_5742850,0.3674207247232597,0.004891509818743728,-0.9300419700994769,Fibroblast,G0,
cell_5743168,0.6888230275497612,-0.17020586935213725,-0.7046650857954435,Fibroblast,G0,
cell_5743309,-0.23844324896078112,0.7924380747471944,0.5614150405837169,Fibroblast,S,
cell_5743652,-0.19788065594930004,0.7668321044259243,-0.6105830881125642,Fibroblast,G0,
cell_5743693,-0.8805187342870113,0.4736427930807197,-0.018684416323346942,Fibroblast,G1-G0 transition,
cell_5743740,-0.693465472611952,0.5296910308252688,-0.48839865853350434,Fibroblast,G0,
cell_5744807,0.8073684114758313,-0.3632018582655976,0.4650169075258226,Fibroblast,S,
cell_5745228,0.4149774855516286,0.3304056968193616,-0.8477180249047993,Fibroblast,G0,
cell_5745296,0.7586469989255411,-0.4430886051082109,0.4776267739392485,Fibroblast,S,
cell_5750433,-0.3997027794953938,-0.022306773773694756,-0.91637322205926,Fibroblast,G0,
cell_5751159,0.678254860757362,0.37040126851640554,0.6346442738972535,Fibroblast,S,
cell_5752481,0.9479050543278087,0.14412425544523022,0.2840849771431625,Fibroblast,S,
cell_5753038,0.2886940946154228,-0.10106644737301598,-0.9520721226265734,Fibroblast,G0,
cell_5753263,0.6210522351414647,0.2760638821998659,0.7335412447663963,Fibroblast,S,
cell_5755664,-0.20354917834211628,0.4454022390429832,-0.871885663907516,Fibroblast,G0,
cell_5755751,-0.7627774614252071,0.01068636258343078,0.6465726962215465,Fibroblast,G1,
cell_5756768,-0.8697393729655285,0.14494283205436545,0.4717464646446772,Fibroblast,G1,
cell_5757540,0.35234232036877244,-0.47349635778227206,-0.8072521356463946,Fibroblast,G0,
cell_5758441,-0.9621708694787957,0.23450645697407269,0.13868600094538802,Fibroblast,G1-G0 transition,
cell_5758761,-0.22798651213837362,0.9671089178584072,-0.11279399767012432,Fibroblast,G1-G0 transition,
cell_5760046,0.8900140565843597,0.449235556691045,0.07786127882977795,Fibroblast,S,
cell_5760670,0.34372271178803177,-0.2308873920607076,-0.9102449224042461,Fibroblast,G0,
cell_5762835,0.8014710572155052,0.4721202807615321,0.36707858085146544,Fibroblast,G1,
cell_5765261,-0.11766859140568192,-0.8280162823145207,0.5482180405425933,Fibroblast,G2M,
cell_5765312,0.3105770788596998,-0.3473096424194838,0.8848264553054596,Fibroblast,S,
cell_5767372,-0.08934002881069142,0.6959019292384293,-0.7125579805824508,Fibroblast,G0,
cell_5770060,0.6327520113704036,0.031573624912161084,0.7737105488324462,Fibroblast,S,
cell_5772094,-0.0033639051160977984,0.4825919826867787,-0.8758388006024944,Fibroblast,G0,
cell_5772450,0.5661150070992598,0.6382359274150574,0.5216978135874989,Fibroblast,S,
cell_5773687,0.5136983109791404,0.7042877083975583,0.489992609324479,Fibroblast,G1,
cell_5775373,0.013466736427898862,-0.48032830582918395,-0.8769853557172788,Fibroblast,G0,
cell_5777465,-0.7900676630297003,0.15800186797130117,0.5923077019985982,Fibroblast,G1,
cell_5777830,0.23078496755378214,-0.7202672501280225,-0.6541815092675907,Fibroblast,G0,
cell_5778378,-0.7368176508606079,0.49463446944585965,0.4609084916402969,Fibroblast,G1,
cell_5779362,-0.612316100247287,-0.3673971054629681,-0.7000629767792012,Fibroblast,G0,
cell_5779387,0.7830492415586249,-0.2508855058836632,-0.5691136609402647,Fibroblast,G0,
cell_5779597,-0.6054866846650795,0.2794666259080103,0.7451739408627729,Fibroblast,G1,
cell_5779766,-0.3025515694913717,0.5028260583688134,-0.8097088046996019,Fibroblast,G0,
cell_5781231,-0.9458480865959769,0.32026165618099517,-0.05295142596229807,Fibroblast,G1-G0 transition,
cell_5781593,-0.3376025757605459,-0.6940132757016444,-0.6359009341527724,Fibroblast,G0,
cell_5781686,-0.760180701258828,-0.41032225313836157,0.5037470155375559,Fibroblast,G1,
cell_5786970,0.0910009748766854,0.44770976247301186,-0.8895363202018419,Fibroblast,G0,
cell_5787651,-0.15157429750572127,-0.19758579104881963,-0.9684963681118245,Fibroblast,G0,
cell_5787740,0.3232254796604013,-0.06465396068556842,-0.9441107145338128,Fibroblast,G0,
cell_5789164,-0.8030389432484384,0.25556243840457193,0.5383460116567301,Fibroblast,G1,
cell_5789705,-0.8923298437060099,0.024675596408683026,0.4507090683949719,Fibroblast,G1,
cell_5790912,-0.8520035849483287,-0.06186441956454447,0.5198678444194577,Fibroblast,G1,
cell_5793057,-0.36801438856784674,0.040597052976878344,-0.9289334690748621,Fibroblast,G0,
cell_5794907,-0.00877950694848234,0.1714724133002944,-0.9851498085681798,Fibroblast,G0,
cell_5795436,0.34844545995380866,0.42903103235490525,0.833377431458376,Fibroblast,S,
cell_5795516,-0.9916859530081775,-0.0505893072029695,0.11832112891407193,Fibroblast,G1,
cell_5797747,0.1692539762590179,-0.802948794722971,0.5715122163013119,Fibroblast,G2M,
cell_5798817,0.03414128097758712,0.26237508644630214,-0.9643617696321994,Fibroblast,G0,
cell_5801759,0.9679440047850891,0.19443575832114918,0.15899385295865381,Fibroblast,S,
cell_5802437,0.7829224584945159,0.01604926454350307,0.6219122555465215,Fibroblast,S,
cell_5803049,0.3941830749367328,-0.4732515642796352,0.7878151012596899,Fibroblast,S,
cell_5803523,0.27620416006331405,-0.35246222867039534,-0.8941373265411708,Fibroblast,G0,
cell_5803526,0.9114647363244683,0.3126118028664079,-0.26740595058329386,Fibroblast,G1,
cell_5804435,0.4170577817338761,0.9037385705466483,-0.09653747567912302,Fibroblast,G0,
cell_5804557,0.2399314060833268,-0.5834935941018048,-0.7758659618093763,Fibroblast,G0,
cell_5805351,-0.15670033348063572,0.3410968741219824,-0.9268753330493394,Fibroblast,G0,
cell_5806297,-0.6726113974739802,-0.5311112442913553,0.5152811972478278,Fibroblast,G1,
cell_5806808,-0.10474253695425384,-0.6436152902581649,-0.7581479117666439,Fibroblast,G0,
cell_5807026,0.4248055034086752,-0.14194883290003743,-0.8940866246313064,Fibroblast,G0,
cell_5807347,-0.39271613388588866,0.5227139185773537,0.7566665069944902,Fibroblast,S,
cell_5808726,0.6742252369017001,0.7090939976688682,0.20641157867541782,Fibroblast,G1,
cell_5811203,-0.5066241327716341,0.27154240895563797,-0.818288860545182,Fibroblast,G0,
cell_5811283,0.43862387888931653,-0.5781942265786193,-0.6879683012501775,Fibroblast,G0,
cell_5815044,0.5960152903480991,-0.12318388778190831,0.7934680925755054,Fibroblast,S,
cell_5815511,0.23521903444891917,0.7592563610049258,-0.606796337861524,Fibroblast,G0,
cell_5815667,0.4773048249743689,-0.6648155452217922,-0.5746305306551026,Fibroblast,G0,
cell_5818118,-0.3255103623838771,0.3438754244681906,-0.8807909047535828,Fibroblast,G0,
cell_5828818,-0.42675753207075673,0.6219536265546474,-0.6565452927084692,Fibroblast,G0,
cell_5829499,0.6105035445232952,-0.0054961001296890966,0.7919943595519866,Fibroblast,S,
cell_5830186,0.335881286280619,0.17132668103662763,-0.9261917043800953,Fibroblast,G0,
cell_5831679,-0.09475116810378567,0.9660289533113546,0.24043758821160435,Fibroblast,G1-G0 transition,
cell_5836144,0.03465060855710511,0.27528578175278107,-0.9607377254101107,Fibroblast,G0,
cell_5836584,-0.10571595595513862,-0.5399695905520352,-0.8350190511429152,Fibroblast,G0,
cell_5837437,-0.7040122390217088,0.4391318409655368,0.55814860272938,Fibroblast,G1,
cell_5837827,0.34558935970281474,-0.808945777739457,0.47557831472734957,Fibroblast,G2M,
cell_5841218,0.4939198929623887,-0.41946557593308603,0.7616375823732652,Fibroblast,G2M,
cell_5845224,0.9245593353879192,0.367085114897834,0.10216887952088516,Fibroblast,G1,
cell_5845433,0.8420066643095943,0.01227791089052753,0.5393274937582069,Fibroblast,S,
cell_5846859,0.20200863700523303,0.011670825909742416,-0.9793141023938673,Fibroblast,G0,
cell_5847623,0.045970089888655585,-0.2377545469921797,-0.970236813770968,Fibroblast,G0,
cell_5848916,0.03997431732008988,-0.48023711665443175,-0.876227373167506,Fibroblast,G0,
cell_5848942,-0.8921078511538897,-0.3201441909897632,0.3188280400926318,Fibroblast,G1,
cell_5851084,-0.5799070870566303,-0.4558869377064666,-0.6751849374378175,Fibroblast,G0,
cell_5854834,0.6552800482827952,0.7395839652437848,0.15369951590626924,Fibroblast,G1,
cell_5855413,-0.8795563589769229,-0.37868260889418964,0.2880629053661674,Fibroblast,G1,
cell_5856547,-0.44662183453976223,-0.0650769080098675,-0.892353071107959,Fibroblast,G0,
cell_5857194,0.8500373343204248,-0.1009468778804092,0.516958433244868,Fibroblast,S,
cell_5857490,-0.8931485198245345,0.3489102428477725,0.28380881067933905,Fibroblast,G1-G0 transition,
cell_5857740,0.5558206061599872,0.5580782300002415,0.6161267826385205,Fibroblast,S,
cell_5861092,0.48932497478252057,-0.5333911704479541,-0.6899672627219424,Fibroblast,G0,
cell_5861988,0.7878017692063364,0.5424434509604856,0.29175932829042084,Fibroblast,G1,
cell_5862515,0.12120322576922085,0.6391612091579834,0.7594621471543609,Fibroblast,S,
cell_5863497,0.18248623623055604,0.9740370033445642,0.13398038799155948,Fibroblast,G1,
cell_5864745,-0.7721782368722541,0.6176520782785683,-0.14915362765463266,Fibroblast,G1-G0 transition,
cell_5864841,-0.6229881929455391,0.7092863847310018,-0.32984583932740097,Fibroblast,G1-G0 transition,
cell_5864876,0.23149456085428732,-0.8857240950256181,-0.40237198728594253,Fibroblast,G0,
cell_5866357,-0.1764361747434352,0.7031840804226317,-0.6887685933426367,Fibroblast,G0,
cell_5866552,0.4600993092659766,-0.2059187333357139,0.863658538544292,Fibroblast,S,
cell_5866808,0.45113342352857416,0.27096386545216705,0.850327719401643,Fibroblast,S,
cell_5868835,-0.061231428514444464,-0.10363419751824861,-0.9927288749183367,Fibroblast,G0,
cell_5870218,0.15942010928650058,0.39203675044359,-0.9060310856100674,Fibroblast,G0,
cell_5871585,-0.44218992443481053,0.04788849355019507,-0.8956420964302234,Fibroblast,G0,
cell_5871806,-0.8810329862061,-0.17868302342532133,0.4380106044876541,Fibroblast,G1,
cell_5872200,-0.18043801977509039,0.26636283377269643,-0.9468330707751325,Fibroblast,G0,
cell_5872527,0.2878113839116094,-0.26256592798759615,-0.9209906170669206,Fibroblast,G0,
cell_5876080,0.4216975119833773,-0.3150758984761953,-0.8502343856469956,Fibroblast,G0,
cell_5876690,0.2832247167074615,-0.3616489548850209,-0.8882532166944797,Fibroblast,G0,
cell_5876852,-0.7107121050735117,-0.6048670683333168,0.35919938679438546,Fibroblast,G1,
cell_5877812,-0.5973434683633132,-0.35780602531038463,0.7177434554904237,Fibroblast,G1,
cell_5878644,0.8126056675314228,-0.5184862074414816,0.2661655268540446,Fibroblast,S,
cell_5884610,-0.8208859178113834,0.5652992714809576,-0.08113646553026502,Fibroblast,G1-G0 transition,
cell_5886558,-0.03514202384276055,0.975498612235959,-0.21718052666946447,Fibroblast,G1-G0 transition,
cell_5886896,-0.3551066128649285,0.4129284022063148,-0.8386831652918179,Fibroblast,G1-G0 transition,
cell_5887391,-0.9828242589397665,0.18270448604340042,0.025988605342026183,Fibroblast,G1,
cell_5889214,-0.4677849129043422,0.4824893198120476,-0.740527667257392,Fibroblast,G0,
cell_5890734,0.007658402298023392,0.015274362914804662,-0.9998540158662614,Fibroblast,G0,
cell_5891461,0.1692660061260281,-0.33839894302241114,-0.9256538054561934,Fibroblast,G0,
cell_5894557,0.7413631855007032,0.48170631694939114,-0.46726817099004214,Fibroblast,G0,
cell_5895114,-0.07421586629368931,0.1468862679682789,-0.9863652013004531,Fibroblast,G0,
cell_5897057,-0.18192527577846768,-0.8564601624376244,0.48309328874768565,Fibroblast,G2M,
cell_5898197,-0.6024202836205557,0.7912751643212894,-0.10475453097099748,Fibroblast,G0,
cell_5898899,0.5211699665479866,-0.3232121936004745,0.7898833894698922,Fibroblast,S,
cell_5902948,-0.5963373803818427,0.06804590725995174,0.7998446869547231,Fibroblast,G1,
cell_5903324,0.3680582584424178,-0.5140053738372744,0.7748106856485583,Fibroblast,G2M,
cell_5905648,-0.779539674018065,-0.4989660476014199,0.37861673150306263,Fibroblast,G1,
cell_5911439,-0.5442792314902462,0.3808491801927368,-0.747471555878863,Fibroblast,G0,
cell_5913148,0.009581379996766393,0.32387230438256487,-0.9460522695820687,Fibroblast,G0,
cell_5913611,0.4913016534751911,-0.6401586813267153,0.5906094393459624,Fibroblast,G2M,
cell_5916740,-0.02617354904687665,-0.8281772916166268,-0.5598545136625972,Fibroblast,G0,
cell_5918269,0.5651055529973241,-0.3358018782246224,0.7535865785671286,Fibroblast,S,
cell_5919378,0.05550137579454091,0.884204126079802,0.46379180651059954,Fibroblast,G1,
cell_5922945,-0.9539214351716391,0.19890877681476762,-0.22465320569335817,Fibroblast,G1-G0 transition,
cell_5922986,0.7184499149653729,-0.19488468953929006,0.667719695523727,Fibroblast,S,
cell_5923369,-0.17059224813558993,0.719308263309402,0.673419544652936,Fibroblast,G1,
cell_5924713,-0.8856311180507961,0.46067997487138035,0.058578866918425926,Fibroblast,G1-G0 transition,
cell_5925870,0.5034158277919563,-0.6901598974963514,-0.5198575030506185,Fibroblast,G0,
cell_5929693,-0.721796605376064,-0.6366927396608519,0.2713522044348048,Fibroblast,G1,
cell_5930228,0.4970057557848804,0.6215544181959187,0.6055207759657587,Fibroblast,S,
cell_5931191,-0.2100121367165897,0.20574940952022513,-0.9558044530914442,Fibroblast,G0,
cell_5932838,0.4713028779503055,-0.08430966338247739,-0.8779325219131169,Fibroblast,G0,
cell_5933293,-0.16371694705744105,0.9690327895435359,0.18485716356292237,Fibroblast,G1-G0 transition,
cell_5933535,0.697217241781512,0.4140982030330257,0.5851588491968839,Fibroblast,S,
cell_5935064,0.6427512141671284,-0.22457292438750961,0.7324191865553953,Fibroblast,S,
cell_5935706,0.2745100893212618,-0.4612832483093502,-0.8437190480675245,Fibroblast,G0,
cell_5936895,-0.9492136771406672,-0.11206175525072817,0.2939988731827343,Fibroblast,G1,
cell_5937164,0.11117086565878093,0.2793266507529746,-0.9537387709248013,Fibroblast,G0,
cell_5938401,-0.4401949742828396,-0.7783658100246178,0.4476328540585328,Fibroblast,G2M,
cell_5939515,-0.9048299585246995,0.2653527920294192,-0.3329723066615989,Fibroblast,G1-G0 transition,
cell_5940531,0.7247864458102227,-0.10810637323424592,0.6804391862427182,Fibroblast,S,
cell_5940638,0.08059241633448783,0.23560455797326996,-0.9685016490671492,Fibroblast,G0,
cell_5942016,-0.5908705676186038,-0.525034676299988,0.6125442914168604,Fibroblast,G1,
cell_5942876,-0.30384389095207986,0.6912110583668013,-0.6556722536843657,Fibroblast,G0,
cell_5944653,0.7532485014492799,-0.5912312489468846,0.28820541619888196,Fibroblast,S,
cell_5944978,-0.34460508332838025,0.8216371324556391,-0.454048086868621,Fibroblast,G1-G0 transition,
cell_5945078,0.7837494969324906,-0.1544671832504667,0.6015617706748262,Fibroblast,S,
cell_5945804,0.0008396113711681141,0.004065381255391215,-0.9999913829575573,Fibroblast,G0,
cell_5946917,0.4350605110539465,-0.6049435050671683,-0.6669075850417671,Fibroblast,G0,
cell_5948099,-0.6797627927514549,-0.6732499220013716,0.29095843723588427,Fibroblast,G2M,
cell_5948587,0.3945850797348523,-0.005484708890650142,-0.9188429074337006,Fibroblast,G0,
cell_5948915,0.08934937380442637,-0.9239614231627166,0.371903300903331,Fibroblast,G2M,
cell_5949322,0.3596363397143477,0.6553819339524819,-0.664180789057842,Fibroblast,G0,
cell_5951754,0.25139631083905295,-0.6801790246492785,-0.6885900872871473,Fibroblast,G0,
cell_5951782,-0.3306833462226465,0.6242968938134927,0.7077442086639214,Fibroblast,S,
cell_5952145,0.8263816423580013,-0.3584134239727228,0.4343191808439636,Fibroblast,S,
cell_5954889,-0.7975209037956272,0.2632675635157379,0.5428174466292792,Fibroblast,G1,
cell_5955841,-0.34644397414183054,-0.8558011025962575,0.3841627011563017,Fibroblast,G2M,
cell_5956430,0.16484855428100104,0.9376019282632272,0.30614922534577926,Fibroblast,G1-G0 transition,
cell_5956576,-0.993378505369017,0.049742938507051415,0.10356086174425067,Fibroblast,G1,
cell_5962911,-0.16449873829896372,0.47991589802471896,-0.861754422091909,Fibroblast,G0,
cell_5962913,-0.6000667966923512,-0.6709612709273884,0.43558092844950913,Fibroblast,G1,
cell_5963257,0.06718682110689794,-0.28015068162976803,-0.9576019489456183,Fibroblast,G0,
cell_5963556,0.9552738225876265,0.28704641605976894,-0.07110683825374775,Fibroblast,G1,
cell_5964491,-0.07378567738873648,-0.5095365719462538,-0.8572794633958525,Fibroblast,G0,
cell_5971049,-0.8874204642537651,0.45388214873661414,-0.08047212395955389,Fibroblast,G1-G0 transition,
cell_5974047,0.4005888265492379,0.6543094640497251,0.6414107745772333,Fibroblast,S,
cell_5975005,-0.20526984077079605,0.7777421931102015,-0.5941223209753748,Fibroblast,G0,
cell_5977778,0.035604124089751804,0.9991119577382389,-0.02252925289679203,Fibroblast,G1,
cell_5978432,-0.7673287604860687,-0.5984311459744576,0.23040552694457467,Fibroblast,G1,
cell_5979394,0.1399155094287432,-0.1457084168610864,-0.9793837953209465,Fibroblast,G0,
cell_5979751,-0.7226802576029009,0.4302858387675408,0.5409134239947855,Fibroblast,G1,
cell_5984172,0.7207376217138627,0.23646067735917956,0.6516315129629187,Fibroblast,S,
cell_5984264,0.35660052344119236,-0.3366540532551533,-0.8714930173613598,Fibroblast,G0,
cell_5984986,0.38630569895673433,0.17535618049489193,-0.9055485474445184,Fibroblast,G0,
cell_5987960,-0.45782990788935946,0.5785173611286841,-0.6750624999045012,Fibroblast,G0,
cell_5988814,0.2890779831254823,0.9547742173268853,0.06957192837702555,Fibroblast,G1-G0 transition,
cell_5989052,0.5530521174474898,-0.3553986860758739,0.753541633480417,Fibroblast,S,
cell_5990571,0.6076644952204104,0.592556915729683,0.5287910442115638,Fibroblast,S,
cell_5992954,0.20575139452264873,-0.516855174797053,-0.8309795732420096,Fibroblast,G0,
cell_5994604,0.1467126873884666,-0.44908467297578075,-0.881361618124658,Fibroblast,G0,
cell_5998354,-0.49062611781238247,-0.35238172478452157,-0.7969400123767838,Fibroblast,G0,
cell_5998952,-0.7073260991410883,0.5531174996481805,-0.4401711627842021,Fibroblast,G1-G0 transition,
cell_5999191,0.33119393652041124,-0.6892496033328359,-0.6443955742355734,Fibroblast,G0,
cell_6000340,-0.7045204693431759,0.26833850965003603,0.6569972410997467,Fibroblast,G1,
cell_6003524,0.47141042276446726,0.8623571095468194,-0.18469510868026567,Fibroblast,G1,
cell_6004010,0.018416832935821137,-0.18135794271134953,-0.9832446884589379,Fibroblast,G0,
cell_6004775,0.2660507083932635,-0.6110912808056828,-0.745509506852917,Fibroblast,G0,
cell_6005213,-0.14325136418825646,-0.9719891552266846,0.18632235591893595,Fibroblast,G2M,
cell_6005620,-0.007714089158558979,-0.7443247766043921,0.6677733842394725,Fibroblast,G2M,
cell_6005705,0.10600871489367747,-0.913257082034692,0.39334908463148777,Fibroblast,G2M,
cell_6006605,0.778697332589114,0.37083873581520854,0.5060720630837579,Fibroblast,S,
cell_6010331,0.0026956454576339516,0.8970213827996407,0.441978773000473,Fibroblast,G1,
cell_6011796,0.5880689132990602,0.43274848894225054,0.6833035960008456,Fibroblast,S,
cell_6013916,0.07137422484853648,0.9591141904399442,0.27387168852871285,Fibroblast,G1-G0 transition,
cell_6016721,-0.5087898285199376,0.5040881180259498,0.69787404802541,Fibroblast,G1,
cell_6018617,0.36313107189699106,-0.49590806335869564,0.7888035098675567,Fibroblast,S,
cell_6019562,-0.586743229090246,-0.362456735463228,0.7241252529736095,Fibroblast,G1,
cell_6021206,0.7134558370221982,0.5731496620051986,0.40308829110790556,Fibroblast,G1,
cell_6021287,-0.01538749075600504,0.2891764414693742,-0.9571521661062068,Fibroblast,G0,
cell_6023104,-0.7299197118781318,0.6803728130857528,0.06565206805000073,Fibroblast,G1-G0 transition,
cell_6025955,0.2353167991097862,-0.3760763360876232,-0.8962100930576804,Fibroblast,G0,
cell_6026973,-0.01068790558046151,-0.19734710697322916,-0.9802753565539728,Fibroblast,G0,
cell_6028901,0.5347259061421262,-0.6991545121393856,0.47460630835943,Fibroblast,G2M,
cell_6030846,0.34125413196909793,0.2581425999488302,0.9038297137063118,Fibroblast,S,
cell_6031039,-0.07391095951938731,-0.09548532783664054,-0.9926830591998261,Fibroblast,G0,
cell_6031601,0.11978174805457217,-0.9367306897685579,0.3289193834889247,Fibroblast,G2M,
cell_6032467,0.09241492306169807,0.050830631085554814,-0.9944221935390798,Fibroblast,G0,
cell_6033008,0.9178421833311752,-0.07505553580052945,0.38978517392227685,Fibroblast,S,
cell_6033370,0.8202082557868333,-0.2747434161377451,0.501771490725433,Fibroblast,S,
cell_6033821,-0.8169426630627791,-0.5144030435975084,0.26075681287906394,Fibroblast,G1,
cell_6034483,-0.0891710737301879,-0.9240166201360069,0.3718087374743201,Fibroblast,G2M,
cell_6034942,-0.1572310856215893,-0.264454716606594,-0.9514946853087077,Fibroblast,G0,
cell_6035540,-0.32315298502353373,-0.26506439028387635,-0.908467369101771,Fibroblast,G0,
cell_6036767,0.2838324982829083,0.06833637502570995,-0.9564355793821617,Fibroblast,G0,
cell_6038170,0.8919062282804158,0.42263864498429726,0.16087293062483998,Fibroblast,S,
cell_6038298,-0.1336185933994984,-0.8088573163745161,0.5726221815489614,Fibroblast,G2M,
cell_6040630,-0.0829893413616033,0.5309145882947588,-0.8433519844391866,Fibroblast,G0,
cell_6041015,-0.1221028610459271,0.3885165398957796,-0.9133157476198221,Fibroblast,G0,
cell_6041791,0.21376617558232577,-0.27226134676846375,-0.938177850132225,Fibroblast,G0,
cell_6048469,0.5114299482143168,0.8098412911978747,0.28739613762888083,Fibroblast,G1,
cell_6055324,-0.49631576903603425,0.3313003871323853,0.8024405037531539,Fibroblast,S,
cell_6055740,-0.7158350482307012,0.36025115912961303,0.5981633048662648,Fibroblast,G1,
cell_6056300,-0.08983164822511269,-0.8839973395724785,0.45877986127108117,Fibroblast,G2M,
cell_6056637,0.2822599679947911,-0.6718996872127168,-0.684748055381319,Fibroblast,G0,
cell_6057556,0.7143028234462601,0.6103794532954804,0.34235703995289396,Fibroblast,G1,
cell_6058485,0.23538118938585978,-0.14385964082477418,-0.9611972171922007,Fibroblast,G0,
cell_6058542,0.21109557805365065,0.07524087026798809,-0.9745652989005786,Fibroblast,G0,
cell_6058618,-0.803090023884491,-0.2787662064310504,0.526626832793879,Fibroblast,G1,
cell_6060590,-0.7662739778125167,0.1753083132620803,0.6181351917326131,Fibroblast,G1,
cell_6061164,-0.8845265786129557,-0.36238754506932963,0.29374797923912915,Fibroblast,G1,
cell_6062474,0.4869717826088497,-0.7597372430904009,0.43088040923553855,Fibroblast,G2M,
cell_6063556,0.23057397917170194,0.7841120173512097,0.576197799301522,Fibroblast,S,
cell_6064530,-0.7657808053189684,-0.5309614170676,0.3628493703036871,Fibroblast,G1,
cell_6065985,-0.31410243505996416,0.6676152533678388,-0.675003380243116,Fibroblast,G0,
cell_6066423,0.03360779034328587,0.17062336964515432,-0.9847630750187943,Fibroblast,G0,
cell_6066728,0.23082164088427334,0.59221075890283,0.7720154588007859,Fibroblast,S,
cell_6069208,-0.6216886719524517,0.2765208383071104,0.732829607108365,Fibroblast,G1,
cell_6070265,0.8325975795831946,-0.2083299578163311,0.5132056575650733,Fibroblast,S,
cell_6073654,0.07653566709574089,-0.04448256423395565,-0.9960741477480279,Fibroblast,G0,
cell_6073777,0.3162677752752885,0.2750341811270909,-0.9079267732781025,Fibroblast,G0,
cell_6081113,0.5226413383946639,-0.5319838759285407,0.6662124423093406,Fibroblast,G2M,
cell_6083179,-0.38828455783580385,0.43716784235624684,-0.8112456021010233,Fibroblast,G0,
cell_6084490,-0.688376568215489,0.07690318612532548,0.7212652697917541,Fibroblast,G1,
cell_6086197,-0.11196914658779478,0.05446671964854763,-0.9922178916066157,Fibroblast,G0,
cell_6086985,0.29446582189213377,0.9496567037490644,-0.10696758370795337,Fibroblast,G1-G0 transition,
cell_6088445,0.15899954762511637,-0.106842626759872,-0.9814803743515857,Fibroblast,G0,
cell_6097215,-0.6148996411690246,0.18043403132161007,0.767686149468916,Fibroblast,G1,
cell_6097458,0.74775025256608,-0.4653325495976868,0.4736400282838571,Fibroblast,S,
cell_6101428,0.13603738065725068,0.9905290417553375,-0.018601507322051403,Fibroblast,G1-G0 transition,
cell_6102152,0.3559573853272859,-0.21778335276505456,-0.9087710639867743,Fibroblast,G0,
cell_6102270,0.47979573821464194,-0.686087816805125,0.5468816136792921,Fibroblast,G2M,
cell_6103867,0.43397334813382243,-0.47054397804298936,0.7682808156303433,Fibroblast,S,
cell_6104197,-0.279317261025596,0.9325015598155847,-0.2289599573118444,Fibroblast,G1-G0 transition,
cell_6105154,-0.6043254501824533,0.15076929318395849,-0.7823421725316445,Fibroblast,G0,
cell_6105481,-0.744571093117299,0.644725642384061,-0.1730390960447986,Fibroblast,G0,
cell_6106196,0.18064143338844219,-0.04108876845370818,-0.9826904318019903,Fibroblast,G0,
cell_6106221,0.14460345019482723,0.5065031588029539,-0.8500261666327937,Fibroblast,G0,
cell_6106407,-0.12489668979678824,-0.6220614009105586,-0.7729426376216249,Fibroblast,G0,
cell_6106541,-0.5265392971648926,-0.3304406016447773,-0.7833040592717005,Fibroblast,G0,
cell_6107330,0.457338932897148,-0.11972184874683509,-0.8811967820882511,Fibroblast,G0,
cell_6107681,0.4073751712039649,-0.4753394347805513,-0.7798063847765737,Fibroblast,G0,
cell_6110123,0.7903511158830818,-0.0663083001371521,0.6090551722579629,Fibroblast,S,
cell_6111077,-0.5390914263838158,0.3936913239918091,-0.7445720256929113,Fibroblast,G0,
cell_6113526,0.9896294189629533,0.07975331572978875,0.1194695192361172,Fibroblast,S,
cell_6113997,0.05983174950637138,-0.909330951480127,0.41174924114453537,Fibroblast,G2M,
cell_6115089,-0.4506094756589758,0.13573537985460993,-0.8823417911707148,Fibroblast,G0,
cell_6115325,0.18808115294352057,-0.12055128129785062,-0.974727062627,Fibroblast,G0,
cell_6118575,-0.2928533911285329,0.5780686530686704,-0.7616256355535731,Fibroblast,G0,
cell_6118834,0.43135347630692744,-0.0745838466286837,-0.8990947989330925,Fibroblast,G0,
cell_6121605,-0.1817037857324853,-0.9719892011348136,0.14906632764062486,Fibroblast,G2M,
cell_6124843,0.07518744685853124,0.05080878910656911,-0.9958741014210675,Fibroblast,G0,
cell_6126025,0.838469747651141,0.19655496582331178,0.5082662510059761,Fibroblast,S,
cell_6128048,0.2700520571557507,0.06023448283103809,-0.9609597434267849,Fibroblast,G0,
cell_6131417,0.5341300859876529,0.09963114533208754,-0.8395109637759223,Fibroblast,G0,
cell_6131984,-0.717676226726044,-0.45991839768984794,0.5228917726254975,Fibroblast,G1,
cell_6132202,-0.713813704156134,-0.39691907477310784,0.5769965305162509,Fibroblast,G1,
cell_6135985,0.6054902748342966,-0.32672406508627544,0.7256947798299977,Fibroblast,S,
cell_6138951,-0.006735564005684702,-0.20481948149546694,-0.9787766342328592,Fibroblast,G0,
cell_6139675,-0.02861810526969255,0.369332359276866,-0.928856646881357,Fibroblast,G0,
cell_6140356,-0.278423126813109,0.3432140097036117,-0.8970421602082482,Fibroblast,G0,
cell_6141782,0.2956324752899602,-0.14645413799828153,-0.9440088176662673,Fibroblast,G0,
cell_6142429,0.04366379038739418,0.9711269597426597,0.23453302213361282,Fibroblast,G1,
cell_6143195,-0.8305334943804672,0.34319286732703097,0.43867176055168855,Fibroblast,G1,
cell_6144550,-0.382340833622834,0.5510407378907011,0.7417341912309884,Fibroblast,G1,
cell_6147645,-0.041471189310303136,0.6464082292162457,-0.7618638141053977,Fibroblast,G0,
cell_6153464,-0.8080537117460717,0.47829912472034575,0.3439172258231592,Fibroblast,G1-G0 transition,
cell_6154853,0.9508980507321751,0.2604014847009961,0.16728379047583913,Fibroblast,G1,
cell_6156723,0.6117191942506515,-0.5580626458805986,-0.5606833118463006,Fibroblast,G0,
cell_6158592,-0.3426558734229816,-0.8524521349781489,0.39485726833823176,Fibroblast,G2M,
cell_6159986,0.32554215295785843,-0.6629388194912094,-0.674191500475888,Fibroblast,G0,
cell_6162346,-0.4980850772848135,0.430053249796394,0.7529709195554,Fibroblast,G1,
cell_6164183,0.816101601919348,0.1347439461434125,0.5619806151426283,Fibroblast,S,
cell_6165521,0.4467119774043395,-0.5300155060365552,0.7207856893271452,Fibroblast,G2M,
cell_6166425,-0.04666416447869004,-0.15170747849685137,-0.9873232814331931,Fibroblast,G0,
cell_6166878,0.02868320571626462,-0.736746269171525,-0.6755606247059958,Fibroblast,G0,
cell_6167671,-0.740043190588247,-0.3394253170838168,0.5806260499545217,Fibroblast,G1,
cell_6168772,0.45896666045622314,0.4385304901297393,-0.772683948130795,Fibroblast,G0,
cell_6169521,0.5066063966987507,-0.5534434865074253,-0.6610978592992109,Fibroblast,G0,
cell_6169873,-0.7351263149833203,0.6255378754828301,0.2613267716996772,Fibroblast,G1-G0 transition,
cell_6171302,-0.852069039967712,-0.17267385042234396,0.49412764501477946,Fibroblast,G1,
cell_6171574,0.488379414937637,-0.08602031683022253,0.8683813195774419,Fibroblast,S,
cell_6173426,-0.7400928412956265,-0.5433788196406579,0.3962348640242029,Fibroblast,G1,
cell_6173510,-0.8337580959131434,0.5518805841510775,-0.016587658610596856,Fibroblast,G1-G0 transition,
cell_6174819,0.3324424858889349,-0.3420536459637986,-0.8789090813882042,Fibroblast,G0,
cell_6176238,0.11940849470559955,0.9782646592702011,0.16952817045565427,Fibroblast,G1,
cell_6177578,-0.7607905339557154,-0.5869362534930528,0.2769542652907546,Fibroblast,G1,
cell_6177704,-0.20232647736988707,-0.46519227239779465,-0.861777227703252,Fibroblast,G0,
cell_6177885,0.7763716275437644,-0.2578422755918004,0.5751212800173683,Fibroblast,S,
cell_6178096,0.6218151142080842,0.431931762856927,0.6532846539294428,Fibroblast,S,
cell_6179750,-0.49478569065928124,0.19803372406276992,-0.8461499526319624,Fibroblast,G0,
cell_6180456,-0.18249562252164597,-0.4275057044940166,-0.8854005786633816,Fibroblast,G0,
cell_6182016,0.7191689543985984,0.5021947381302717,0.48020453770193006,Fibroblast,G1,
cell_6182074,0.03139346771669588,-0.8046854561566772,0.5928708642850948,Fibroblast,G2M,
cell_6182347,-0.26750343328916715,-0.846460958846844,0.46037551451719116,Fibroblast,G2M,
cell_6186623,0.7513527167048368,-0.29997713815285915,0.5877780118793374,Fibroblast,S,
cell_6188193,-0.30965826372294747,-0.3281547036353698,-0.8924271609585088,Fibroblast,G0,
cell_6189953,0.15132016930928283,-0.6094522292810212,-0.7782482295665886,Fibroblast,G0,
cell_6191262,0.8249844110091645,0.46097957074339135,-0.32695358942952923,Fibroblast,G1,
cell_6193000,0.3385628721080776,0.9139141500827748,0.22391073631987585,Fibroblast,G1,
cell_6193449,-0.010768948698099912,0.20662434583492445,-0.9783611562818497,Fibroblast,G0,
cell_6195106,0.22617778056799315,0.9676926985544609,0.11142024292825453,Fibroblast,G1,
cell_6195459,0.46064954564013944,-0.6382500252019258,-0.6167972626237112,Fibroblast,G0,
cell_6199050,-0.16936859126680537,-0.45214072411571615,-0.8757185789629935,Fibroblast,G0,
cell_6200252,-0.6885042410280678,0.5350304142363462,-0.4895960406598038,Fibroblast,G0,
cell_6200901,-0.35575546572071354,0.8381043509144344,0.4135445201545394,Fibroblast,G1,
cell_6201060,-0.1326948575767474,0.9635984378755518,-0.23209962962288383,Fibroblast,G0,
cell_6201149,-0.6736839449772349,0.7206264311412375,0.163852041045058,Fibroblast,G1,
cell_6201778,-0.06386446515255548,0.9778998401937318,-0.1990808457119671,Fibroblast,G0,
cell_6201906,0.13153085904363376,0.19493435746430587,-0.9719569318816839,Fibroblast,G0,
cell_6203106,0.3860388710260674,-0.6847195895081644,-0.6181691420883242,Fibroblast,G0,
cell_6203618,-0.6992329992402068,0.7055418158444454,0.11525619059576955,Fibroblast,G1-G0 transition,
cell_6203859,0.2927687907619912,0.5709216003972435,0.7670300716646503,Fibroblast,S,
cell_6208587,0.634190999655091,0.12351689540616412,-0.7632464197533866,Fibroblast,G0,
cell_6208703,-0.5662185913791125,0.5104357077933376,-0.6471876925498192,Fibroblast,G0,
cell_6210197,0.1649863530772041,-0.5998941172214718,-0.7828834634551212,Fibroblast,G0,
cell_6211347,0.7502839264595045,0.08400381310143833,0.6557570099526336,Fibroblast,S,
cell_6211416,0.04205982101998129,0.9044517458753614,-0.4244974559008312,Fibroblast,G0,
cell_6214799,-0.23696567103923563,0.963374223708722,-0.1255281256647527,Fibroblast,G1-G0 transition,
cell_6215277,-0.2171671700096704,0.1562196196174897,-0.963552733976637,Fibroblast,G0,
cell_6215932,-0.4871383424396181,0.5711851335193138,0.6606388762367609,Fibroblast,G1,
cell_6216709,0.9489464953081599,0.2969894522138812,0.10629154531815727,Fibroblast,G1,
cell_6221646,0.7088769566707956,-0.23735307397595617,0.664196329435833,Fibroblast,S,
cell_6221962,0.2254994796479617,-0.06027528875836899,-0.9723769169711605,Fibroblast,G0,
cell_6223504,-0.593012022319152,0.6614907295315358,-0.4590934367513302,Fibroblast,G1-G0 transition,
cell_6225278,-0.712034058397053,0.07719999443787692,0.6978879882671778,Fibroblast,G1,
cell_6225807,0.034915975988470266,-0.6756831405171111,-0.7363647632360079,Fibroblast,G0,
cell_6229616,0.4828043411539884,0.8045512039171985,0.3458286877241239,Fibroblast,S,
cell_6229930,0.8193605428451174,-0.12506454051485116,0.5594706246020835,Fibroblast,S,
cell_6230348,-0.708489098313168,0.7045703516268733,-0.04029595773177533,Fibroblast,G1-G0 transition,
cell_6232892,0.7254500821980343,0.2671881162726263,0.6342968332973575,Fibroblast,S,
cell_6233829,0.48495786986927114,-0.05323176168096186,-0.8729159269067384,Fibroblast,G0,
cell_6234694,0.028552222401973026,0.9887935774962453,-0.1465327656824839,Fibroblast,G1-G0 transition,
cell_6235611,0.19618738584453704,-0.13401580352314615,-0.9713651039852262,Fibroblast,G0,
cell_6235883,-0.19823935856288555,0.9350674848049946,0.2938534601825012,Fibroblast,G1,
cell_6238685,-0.3000526185419705,0.8660833477960437,-0.39983519559015657,Fibroblast,G0,
cell_6239957,-0.4819680959734859,0.8755511467331948,0.033420705098691675,Fibroblast,G1-G0 transition,
cell_6240961,0.6041256368859801,0.7759141398598506,-0.1816302052908363,Fibroblast,S,
cell_6241240,-0.9178872058282841,0.32923263059185753,-0.221560240622723,Fibroblast,G1-G0 transition,
cell_6243634,0.553883238047965,-0.4290836321078408,0.7135128737091764,Fibroblast,S,
cell_6243921,0.6820330521186269,0.45426879698162653,0.5731236865594175,Fibroblast,S,
cell_6244699,-0.8849155425736533,0.40182353793697045,0.23550477052118937,Fibroblast,G1-G0 transition,
cell_6245830,0.19695681238159396,0.2775999712843873,-0.9402905067159132,Fibroblast,G0,
cell_6246463,-0.7632050984194465,-0.6379733850432454,0.1025085676846868,Fibroblast,G2M,
cell_6247364,0.626553973978248,-0.614979781588578,-0.47877989509180763,Fibroblast,G0,
cell_6247567,-0.9249058202128251,0.37019971886097014,-0.08661008404903847,Fibroblast,G1-G0 transition,
cell_6251541,-0.4549121516520109,0.7771333127388954,-0.4348778899967788,Fibroblast,G0,
cell_6251959,0.23803491416202888,0.8456601691376952,0.4777009664701058,Fibroblast,S,
cell_6254456,-0.6874557445058067,0.28899192639028914,-0.6662493670354565,Fibroblast,G0,
cell_6256275,0.6306658677177603,0.3292585723404837,0.702744231766986,Fibroblast,S,
cell_6256357,0.3785324947188159,-0.4957679468880146,-0.7816182942393134,Fibroblast,G0,
cell_6259087,0.41074605411838616,-0.23834697647516231,-0.8800445295968778,Fibroblast,G0,
cell_6259508,0.8208068100480852,0.454632486439878,-0.3458110957299968,Fibroblast,G1,
cell_6260261,0.47872012565779243,0.8056049174391617,0.34903829486045146,Fibroblast,G1,
cell_6260304,0.6009400127796682,0.3187466935601482,0.7329881649386081,Fibroblast,S,
cell_6261032,0.6896708798873808,-0.14793605429840068,0.708850383090431,Fibroblast,S,
cell_6264760,0.578047091435713,-0.6048444695090812,0.547745037397951,Fibroblast,S,
cell_6265507,0.9808081514946516,0.034448743915677954,0.1919078231342049,Fibroblast,G1,
cell_6265840,0.5456486529233598,-0.41419618652866164,-0.7284978268793649,Fibroblast,G0,
cell_6267213,-0.4251347031328524,-0.31537670800744394,-0.8484090757575354,Fibroblast,G0,
cell_6267812,0.7260606663184765,0.6874226813632214,0.016909483096025857,Fibroblast,G1,
cell_6268927,0.586309604059485,-0.09279771941253745,0.8047543611133472,Fibroblast,S,
cell_6272090,-0.520032248984754,0.8429784830246401,-0.13767266824636448,Fibroblast,G1-G0 transition,
cell_6273212,0.35607114698516573,-0.5344709006899073,-0.766520821586071,Fibroblast,G0,
cell_6273722,0.7541680286665053,0.13878390484421305,0.6418486465724382,Fibroblast,S,
cell_6275158,0.005230307866441131,-0.18907005706046623,-0.9819496274606596,Fibroblast,G0,
cell_6276224,-0.2409965188670604,0.8481084132171659,-0.47183982833461996,Fibroblast,G0,
cell_6279867,0.06276023811942963,-0.4249355394261956,-0.9030453101512588,Fibroblast,G0,
cell_6280775,0.06671546276495338,0.9946429574637623,0.07895670761694423,Fibroblast,G1-G0 transition,
cell_6286224,0.7749379239631278,0.171822144555129,0.608233671072547,Fibroblast,S,
cell_6286390,0.6098028159633825,-0.7050860761531024,0.36193085028499505,Fibroblast,S,
cell_6286615,0.2900965566035591,0.9416944530844067,0.1704572846535307,Fibroblast,S,
cell_6287239,0.2711488488264291,0.15326583291778179,-0.9502567318329778,Fibroblast,G0,
cell_6287285,-0.36761119442847695,0.8141483134011609,-0.4494712508160855,Fibroblast,G0,
cell_6287330,0.43503413268878144,0.8905967509150022,0.13259981554351796,Fibroblast,G1,
cell_6288629,0.5752696472770885,0.7919362290882479,0.20469944845565724,Fibroblast,G1,
cell_6289531,0.012411826256231051,-0.3242614567322101,-0.9458860902107069,Fibroblast,G0,
cell_6289758,0.24998654761798578,0.9681976962022435,0.009990900736829261,Fibroblast,G1,
cell_6291469,0.6831369813152227,0.6326936584287304,-0.36472251276159606,Fibroblast,G1,
cell_6295118,-0.07560402362808888,0.9599978950918769,-0.26960698692263674,Fibroblast,G0,
cell_6295374,0.06397899074232904,-0.953670038007254,0.2939729411013958,Fibroblast,G2M,
cell_6295624,-0.6543838520483386,0.7535482716252784,-0.06282303902636371,Fibroblast,G1-G0 transition,
cell_6296030,0.7704880876944304,-0.2803425464965966,0.5724999587964035,Fibroblast,S,
cell_6297795,-0.9680760960932376,-0.14525863569004271,0.20427588210382103,Fibroblast,G1,
cell_6298773,0.5870638630307614,-0.4466286430162903,-0.6751881383810255,Fibroblast,G0,
cell_6299334,0.4124441467959433,-0.415013593252354,0.8109584078775077,Fibroblast,S,
cell_6301380,0.7525928583964103,-0.3987793781759902,0.5240028829912343,Fibroblast,S,
cell_6305326,-0.6442994125190313,0.6538067361108304,0.39675549163384977,Fibroblast,G1-G0 transition,
cell_6306817,0.7383589833680974,-0.417410893897768,0.5297114585484042,Fibroblast,S,
cell_6308264,0.2795291775552193,0.7384362965267562,0.6136571036911335,Fibroblast,S,
cell_6309964,-0.3054200990814312,-0.7682740233288903,0.5625596647047391,Fibroblast,G2M,
cell_6310697,0.6270165543326995,0.26322648584853464,-0.7331861729147051,Fibroblast,G0,
cell_6313145,0.03259718738559664,-0.06299691186865372,-0.997481231957942,Fibroblast,G0,
cell_6316847,-0.2369522823046378,0.17267054388856273,-0.9560536211477279,Fibroblast,G0,
cell_6318186,-0.4880558628437092,0.37683716130056677,0.787270724646389,Fibroblast,G1,
cell_6318793,-0.8053178215334306,0.3232007399620029,0.49699559165568025,Fibroblast,G1,
cell_6320470,-0.637524502731094,-0.7006279671544791,0.32044188414013053,Fibroblast,G1,
cell_6320503,0.6139997525453694,0.7101136032073475,0.34459103421378967,Fibroblast,G1,
cell_6321008,-0.6475924199150045,0.7550176180034939,-0.10282271333947843,Fibroblast,G1-G0 transition,
cell_6321619,-0.31844874990846683,0.6942250967983502,-0.6454780258165382,Fibroblast,G0,
cell_6323286,0.7826499846486125,-0.03610085407724628,0.62141441238108,Fibroblast,S,
cell_6324115,-0.802269397125819,-0.0542183756859311,0.5944949793992138,Fibroblast,G1,
cell_6324187,-0.4482252914373316,-0.0258615968105966,-0.8935463590565809,Fibroblast,G0,
cell_6324877,0.07230847155209214,-0.36277742808028235,-0.9290661892995014,Fibroblast,G0,
cell_6325784,-0.21348796676173748,-0.03928426362894944,-0.9761555700815294,Fibroblast,G0,
cell_6326533,-0.5218302238218158,0.08047313791149771,0.8492451613341196,Fibroblast,G1,
cell_6326768,0.017525124924854696,0.11004351537366702,-0.9937721646671136,Fibroblast,G1-G0 transition,
cell_6328159,0.16674026630229105,-0.1407390469589587,-0.9759048124338692,Fibroblast,G0,
cell_6330269,-0.07404995259804609,-0.13518617647083986,-0.9880492800228924,Fibroblast,G0,
cell_6334344,-0.34532035180901555,0.09491865305496164,-0.9336725087642191,Fibroblast,G0,
cell_6334852,0.25981861329896117,0.35565442205892583,-0.8977773948405703,Fibroblast,G0,
cell_6335144,0.5843649360555776,0.26435410813242766,0.767225294164306,Fibroblast,S,
cell_6336150,-0.30514502749201755,-0.6576628339032907,-0.6887423809079585,Fibroblast,G0,
cell_6336809,0.4031980961396621,-0.5437873964976248,-0.7360205336594761,Fibroblast,G0,
cell_6338270,0.46846297344988663,0.6885015238201341,-0.5536316239641019,Fibroblast,G0,
cell_6338925,0.059137381955694235,-0.8527830372878628,0.5189064712490891,Fibroblast,G2M,
cell_6344235,-0.3365442578012059,-0.17038148911983644,-0.9261253512956386,Fibroblast,G0,
cell_6345056,-0.24470264561884109,0.7704215968117509,0.5887027365680338,Fibroblast,G1,
cell_6346173,-0.10327834394981705,-0.4582967524431074,-0.8827783427301865,Fibroblast,G0,
cell_6346524,0.19839811982736466,-0.5040577094071941,-0.8405736142622919,Fibroblast,G0,
cell_6346679,0.5022028148695361,-0.7196719784485673,0.4794420854088236,Fibroblast,S,
cell_6346768,0.0757240040201349,0.30685551372011594,-0.9487389200296115,Fibroblast,G0,
cell_6347665,-0.5847009345562068,0.13017464475371598,-0.8007367789230582,Fibroblast,G0,
cell_6350730,0.5403470347031774,0.6228235562961483,-0.5657877681073564,Fibroblast,G1-G0 transition,
cell_6353566,-0.25541709031089443,0.7311439982824232,-0.6326060718113415,Fibroblast,G0,
cell_6353622,-0.9553094518599525,0.1754764141523274,-0.2378902214111263,Fibroblast,G1-G0 transition,
cell_6354314,-0.08689044287143927,-0.9554726693267895,0.2819965679592794,Fibroblast,G2M,
cell_6356898,-0.6466035469768174,-0.730683136896244,0.21910242591966855,Fibroblast,G2M,
cell_6359100,0.7595370216363508,-0.37445884736622903,0.5318684050401402,Fibroblast,S,
cell_6360049,0.5282019513244358,0.21159392401397858,-0.8223324099783857,Fibroblast,G0,
cell_6360239,0.770245599109427,-0.10174477993217222,0.6295790489415991,Fibroblast,S,
cell_6363252,0.37755536346761215,-0.3482126836607524,-0.8580208839108325,Fibroblast,G0,
cell_6367134,0.05381426269627898,-0.8640311260369832,0.5005538566147909,Fibroblast,G2M,
cell_6368560,0.566720277989693,0.8124928708117898,0.13668682953394923,Fibroblast,G1,
cell_6368764,-0.9566816730962153,-0.024418190932623207,0.2901101666683885,Fibroblast,G1,
cell_6371109,-0.7237175906047518,-0.36349221320188896,0.5866055925546316,Fibroblast,G1,
cell_6371264,-0.22283708826742288,-0.06138560856239465,-0.9729210909417287,Fibroblast,G0,
cell_6372788,0.7260256469645875,0.6609335022951794,0.18987798287874952,Fibroblast,G1,
cell_6374203,0.6276235934461241,0.41556144229963976,0.6583292940374996,Fibroblast,S,
cell_6374478,-0.8876521483911639,0.39379648935909717,-0.2387427995563099,Fibroblast,G0,
cell_6376103,0.38666768694653175,0.4768845729348238,-0.7893473098792236,Fibroblast,G0,
cell_6378744,0.20184816656027815,-0.9297423555891222,0.3079552621773207,Fibroblast,G2M,
cell_6381629,0.4964984432061898,0.1110495347192635,-0.860904871004937,Fibroblast,G0,
cell_6382015,0.5299582418464261,0.2528742763547217,0.8094435561540794,Fibroblast,S,
cell_6382809,-0.5610769346756215,0.13851375183720696,-0.8160921890400574,Fibroblast,G0,
cell_6382932,-0.5744844624252201,-0.1149233106546856,-0.8104073961189344,Fibroblast,G0,
cell_6385076,0.8709133677678618,-0.25024591851597355,0.42295026451812523,Fibroblast,S,
cell_6386757,-0.2690617746892622,-0.10074098740368226,-0.9578396684002883,Fibroblast,G0,
cell_6386874,-0.43975869435120013,-0.8511945100376184,0.28649665280993064,Fibroblast,G2M,
cell_6387482,-0.0914885111498962,-0.8973981283253587,0.43163225665446436,Fibroblast,G2M,
cell_6390010,-0.34601676170326134,-0.2644074570568692,-0.9002006822017764,Fibroblast,G0,
cell_6392325,0.8513830742493993,-0.39329956146868844,0.3470768044520369,Fibroblast,S,
cell_6398620,-0.05003013876020723,0.2659464392293293,-0.9626886293536947,Fibroblast,G0,
cell_6399241,-0.061184773739893394,0.22476664488198767,-0.9724897442876482,Fibroblast,G0,
cell_6400397,-0.9815914581805412,0.08020641210156748,0.17333541007190142,Fibroblast,G1,
cell_6400913,0.6518067125614329,-0.50965198318823,0.5616073629005149,Fibroblast,S,
cell_6401230,-0.09062069406115719,-0.10615462382735776,-0.9902115576452758,Fibroblast,G0,
cell_6403850,-0.18126326341430374,-0.01995962784767849,-0.9832320236958562,Fibroblast,G0,
cell_6405394,0.4226360678017418,0.5686255677559646,0.7057220243325139,Fibroblast,S,
cell_6407580,-0.2557061996458969,-0.8668438080966295,0.4280141063491122,Fibroblast,G2M,
cell_6407872,0.6381202878933001,0.34392965188615443,0.6888504091741678,Fibroblast,S,
cell_6408732,0.6356441077368711,0.5069219816003884,0.5822256914908581,Fibroblast,S,
cell_6410468,-0.13301947182577906,-0.6986780549967885,0.702961572301633,Fibroblast,G2M,
cell_6413494,-0.13246961744685778,-0.6872316673173284,-0.7142579658145009,Fibroblast,G0,
cell_6415299,-0.7655046205326916,-0.36670708795846296,0.5287047211810029,Fibroblast,G1,
cell_6415821,0.6971435203979441,-0.5524894874508325,0.4568875674304426,Fibroblast,S,
cell_6416589,-0.9084093642181075,-0.050817247814521765,0.4149817131916929,Fibroblast,G1,
cell_6416599,-0.8235815218261348,0.5622842272447814,-0.07449785991450056,Fibroblast,G1-G0 transition,
cell_6418569,-0.531979314257074,-0.6506419281624483,0.5419069794934055,Fibroblast,G2M,
cell_6418977,-0.18020452807045895,-0.5332476731480034,-0.8265429843406475,Fibroblast,G0,
cell_6420076,-0.5087143050041397,0.8300113313245825,-0.22867239334331127,Fibroblast,G1-G0 transition,
cell_6421627,-0.024712025623241873,0.022479426620557963,-0.9994418454933394,Fibroblast,G0,
cell_6422128,0.6972689986606443,-0.42966801106191654,0.5737608164429309,Fibroblast,S,
cell_6424591,-0.0583427625430305,-0.534868148817219,-0.8429188542960429,Fibroblast,G0,
cell_6425197,-0.02638771610997187,0.6836183595459365,-0.7293623794290652,Fibroblast,G0,
cell_6425470,0.7225890437344729,0.6900659556879178,-0.040915230752220255,Fibroblast,G1,
cell_6427069,0.9676209254088117,0.17753195893093943,0.17942125469030207,Fibroblast,S,
cell_6429537,0.21360636375226355,0.27395389880788645,-0.9377214619437788,Fibroblast,G0,
cell_6432719,0.7698033724843025,-0.40133227483670186,0.49632156949785594,Fibroblast,S,
cell_6435608,0.45032395785614476,0.1450904901041461,-0.8809977397745155,Fibroblast,G0,
cell_6436481,0.7908674809501588,-0.03634752058605556,0.6109070640495917,Fibroblast,S,
cell_6438266,0.6210228983971573,-0.7025267449655522,0.34754392505958537,Fibroblast,S,
cell_6440319,0.2631371258036622,-0.6913019987916232,0.6729490131046474,Fibroblast,G2M,
cell_6442899,-0.6534220798018358,-0.018426357633254647,0.7567695448643866,Fibroblast,G1,
cell_6445017,-0.8756380607188138,-0.2498406347383641,0.4133253121600554,Fibroblast,G1,
cell_6445659,-0.4068152346205707,-0.7565892928440979,0.5119314983288678,Fibroblast,G2M,
cell_6445874,0.6835555619400517,0.2841500677212213,0.6723172373675614,Fibroblast,S,
cell_6446818,0.31779373875416894,0.8664168187986069,0.3851351241785434,Fibroblast,S,
cell_6446997,-0.36418698235797387,-0.8546424542112627,0.37007307378264764,Fibroblast,G2M,
cell_6452021,-0.6713551119562178,0.7281482750735556,-0.13813887559047944,Fibroblast,G0,
cell_6453009,0.5513553626850187,-0.5104041584329674,0.6599203546831068,Fibroblast,S,
cell_6456515,0.4511336888209777,-0.32492050702184966,-0.8312068671303325,Fibroblast,G0,
cell_6457277,0.3315616315726771,0.00802182569775442,-0.9433995503528445,Fibroblast,G0,
cell_6457580,0.23439918744743743,0.932009372815125,-0.2764335159603623,Fibroblast,G1-G0 transition,
cell_6457811,-0.12232209595289578,-0.0623463018347518,-0.9905302160401714,Fibroblast,G0,
cell_6458030,0.4071923333613773,-0.17794982274605964,0.8958392759898819,Fibroblast,S,
cell_6458571,0.05564943824112906,-0.9009107385964147,0.43042191642020206,Fibroblast,G2M,
cell_6458942,-0.4128377117113285,0.5991543866896927,-0.6859876156973503,Fibroblast,G0,
cell_6459065,0.237225023946395,-0.5662965145696415,-0.7893240970944722,Fibroblast,G0,
cell_6460352,0.009114300406566023,0.7715432666754013,-0.6361114497913547,Fibroblast,G0,
cell_6461782,-0.5263349169105798,0.6082130224773215,-0.594178880394728,Fibroblast,G0,
cell_6463291,0.6135350277016243,-0.4036404826398751,0.6787112963758706,Fibroblast,S,
cell_6463348,-0.04773177912245258,-0.14506809472538826,-0.9882696814235018,Fibroblast,G0,
cell_6467299,0.7678804782482171,-0.1842583350559097,0.6135213821555153,Fibroblast,S,
cell_6469809,-0.25197549551736254,-0.8920180320400444,0.3752493325190072,Fibroblast,G2M,
cell_6473372,0.38140630401996034,-0.4433723985865152,-0.8111413652886725,Fibroblast,G0,
cell_6473651,0.3903108633366139,-0.02456708072929678,-0.9203551689726068,Fibroblast,G0,
cell_6473898,0.21990472929544597,-0.22497699016122277,-0.9492245147995084,Fibroblast,G0,
cell_6473993,0.32339317761433606,-0.8261682831083361,0.4613707645548205,Fibroblast,G2M,
cell_6475570,0.8892071885220716,0.3534827535733031,-0.2904486492012155,Fibroblast,G1,
cell_6481661,-0.5747006804827159,0.6917578292166613,-0.4372529404195279,Fibroblast,G0,
cell_6483917,0.7992585400261196,0.20633399271892913,0.5644571844029642,Fibroblast,S,
cell_6485513,-0.20914711404807818,0.08270247624219906,-0.97438076489316,Fibroblast,G0,
cell_6485781,0.15999805700362774,-0.5943192322805153,0.7881531163071661,Fibroblast,G2M,
cell_6486805,-0.678829771215157,0.19482404524402414,0.7079786975993685,Fibroblast,G1,
cell_6487047,0.6369481506734959,-0.515245330381622,-0.5734275444095545,Fibroblast,G0,
cell_6487932,0.5276148884809793,-0.6614456645513851,0.5330214264332209,Fibroblast,S,
cell_6487969,-0.1658573805992784,0.3131117793668357,-0.9351216023078006,Fibroblast,G0,
cell_6488405,0.9618680586484349,0.24554318059488534,0.1204914247898276,Fibroblast,S,
cell_6489044,0.0004903699677175077,-0.3832475727549612,-0.923645559011808,Fibroblast,G0,
cell_6490240,-0.22281000318020852,0.758666862300293,0.6121932229846434,Fibroblast,G1,
cell_6491825,0.8347178735211942,0.008168006876890704,-0.5506173093390804,Fibroblast,G0,
cell_6492907,0.23601954481055049,-0.6216725256224612,-0.7468721495011305,Fibroblast,G0,
cell_6496037,0.5691893565464614,0.011982256412194886,0.8221191660414239,Fibroblast,S,
cell_6496309,0.5875667383613774,0.3070316443262843,-0.7486632687710987,Fibroblast,G0,
cell_6496789,0.5443841556850206,0.31440530343073264,0.7776858600201099,Fibroblast,S,
cell_6500472,0.43363647575809916,0.20111348702453957,-0.8783580079288182,Fibroblast,G0,
cell_6505844,-0.6497773872970077,-0.472162449747984,0.5956945042361164,Fibroblast,G1,
cell_6505882,0.28814830691063953,0.5028943359703778,0.8149035045403531,Fibroblast,S,
cell_6511933,-0.830986660195307,0.5542382434223742,-0.047760808126687954,Fibroblast,G1-G0 transition,
cell_6518142,-0.39252878493883114,0.500680546307605,0.7715180370418085,Fibroblast,S,
cell_6518577,0.04747398564350108,-0.7641241526080216,-0.6433199314169707,Fibroblast,G0,
cell_6522349,0.049924603685755464,-0.3375672753947362,-0.9399764170939484,Fibroblast,G0,
cell_6525299,0.8679858991046152,0.39168321173284715,-0.30526166441109015,Fibroblast,G1,
cell_6525636,0.41865185924530934,0.8964696372772565,-0.14516437528140722,Fibroblast,G1-G0 transition,
cell_6527962,0.03474565461639523,-0.6389780036865584,0.7684398824895863,Fibroblast,G2M,
cell_6528135,-0.6036421804293319,0.5745317818628073,-0.552747121153004,Fibroblast,G1-G0 transition,
cell_6528526,-0.8324836068801698,0.5338600997458868,-0.14820413242417577,Fibroblast,G1-G0 transition,
cell_6530115,0.6888405182075765,-0.556569303040703,0.4644666210797778,Fibroblast,G2M,
cell_6530617,-0.008129312677988887,0.16734377366946301,-0.985865028107235,Fibroblast,G0,
cell_6535242,0.20515596937681874,0.8603372784483987,-0.46661635626064435,Fibroblast,G0,
cell_6535568,0.7698749964272684,0.6298076101410556,0.10312459520232525,Fibroblast,G1,
cell_6536026,-0.004912630252113581,0.6126275135961308,-0.7903565630114753,Fibroblast,G0,
cell_6536143,-0.19337641858185792,-0.6813434926804784,-0.7059578538328217,Fibroblast,G0,
cell_6539620,0.5014117882120644,-0.39516801964549997,-0.7696937437058258,Fibroblast,G0,
cell_6540383,-0.0703890476864264,0.10570501846426086,-0.9919029830944875,Fibroblast,G0,
cell_6541369,0.01504916049153926,-0.9646905385042177,0.2629554610394981,Fibroblast,G2M,
cell_6543861,-0.7696142900150803,-0.3122694459536119,0.5569394625940806,Fibroblast,G1,
cell_6545194,-0.19459583787869694,0.5299509495741643,-0.8253994626566452,Fibroblast,G0,
cell_6545676,0.6161184024512137,-0.4087055047085518,-0.6733186435747964,Fibroblast,G0,
cell_6545721,0.07493908382553971,0.06048894370189477,-0.9953517835452099,Fibroblast,G0,
cell_6547389,-0.5531384805804983,0.7455827504508289,0.37167735863753837,Fibroblast,G1-G0 transition,
cell_6547663,0.3895633669881502,-0.8000983001776769,0.45616100154258926,Fibroblast,G2M,
cell_6547909,0.0018254105311744095,-0.3019003951079422,-0.9533376896079347,Fibroblast,G0,
cell_6548085,0.42205838671030677,-0.21430148221058443,0.8808754261454096,Fibroblast,S,
cell_6550658,-0.07275633010168586,0.3511969026157805,-0.9334704817797895,Fibroblast,G0,
cell_6551154,0.5530406055610437,-0.1904787390903001,0.8110880899988172,Fibroblast,S,
cell_6556475,0.846899987213376,-0.15264618818162784,0.509371845398062,Fibroblast,S,
cell_6558347,0.47652565859821,-0.5247543005832676,-0.7053766388732312,Fibroblast,G0,
cell_6559096,0.07337741503073392,-0.038301076684896504,-0.9965684900476597,Fibroblast,G0,
cell_6564017,-0.9510395329763038,0.2319181500425084,0.204297890219224,Fibroblast,G1-G0 transition,
cell_6566713,0.014906922698386116,-0.055866584535716024,-0.9983268885777304,Fibroblast,G0,
cell_6568705,-0.7908452987613271,-0.606832063609131,0.079488194243859,Fibroblast,G1,
cell_6570765,0.5825554801093851,-0.4658955842170299,0.6660108671846021,Fibroblast,S,
cell_6571473,-0.6624315237877114,0.19863073365049097,0.7223091494787108,Fibroblast,G1,
cell_6575626,0.6917250795494205,-0.364285061555216,0.6235484204451064,Fibroblast,S,
cell_6575996,0.8707690034330515,0.4851149321702274,0.08015560542537642,Fibroblast,G1,
cell_6576001,-0.4688311155785455,-0.45892581293217977,-0.7547083030668711,Fibroblast,G0,
cell_6577708,0.24661168972726016,-0.6104419717780493,-0.7526906815070392,Fibroblast,G0,
cell_6579898,0.3815468908085287,-0.6146818103373559,-0.6903537369074709,Fibroblast,G0,
cell_6580077,-0.9124653785814418,0.03259734113649845,-0.40785330698246025,Fibroblast,G1-G0 transition,
cell_6580478,0.17746273901388634,-0.9367297630330444,0.30173571841578983,Fibroblast,G2M,
cell_6584247,0.6243317724025061,-0.7041409496100189,0.338224060161562,Fibroblast,S,
cell_6585604,0.6439159339787565,0.07616423586380355,0.7612957556060462,Fibroblast,S,
cell_6585730,-0.3607523362210254,-0.4729186329820404,-0.8038691326219723,Fibroblast,G0,
cell_6585951,0.11900133034938826,-0.21404207058513422,-0.9695487376281262,Fibroblast,G0,
cell_6588426,-0.5370179986667292,-0.7320029583478467,0.41926539055811846,Fibroblast,G1,
cell_6589277,0.8411576759463895,-0.19395407657168576,0.5048125931198857,Fibroblast,S,
cell_6589651,-0.05840375551082866,0.07510634335158008,-0.9954637020925359,Fibroblast,G0,
cell_6592480,-0.09087504803018043,-0.7764812214336929,0.6235532073139894,Fibroblast,G2M,
cell_6592843,-0.7097948674410878,0.04318294009209395,0.703083416837351,Fibroblast,G1,
cell_6595867,0.11977307952721694,0.3938183558326557,-0.9113515377125048,Fibroblast,G0,
cell_6596828,-0.4474811251490033,-0.0019040729996550095,-0.8942911319029179,Fibroblast,G0,
cell_6598528,0.8724594698056396,0.48292856639928267,0.07479623707795979,Fibroblast,G1,
cell_6598613,0.950508522501906,0.3098380118356849,0.023110985609110124,Fibroblast,S,
cell_6600841,0.7615688705357895,-0.1953823231533592,0.6179309904488931,Fibroblast,S,
cell_6603113,-0.18039548392646665,0.06155893084084314,-0.9816658282691467,Fibroblast,G0,
cell_6603419,0.21331203997953846,-0.532991945643545,-0.8187903122415463,Fibroblast,G0,
cell_6604050,0.5981257264147277,0.7675575908742058,0.23043668793495292,Fibroblast,G1-G0 transition,
cell_6606033,-0.7234146052804766,0.5309632006344879,0.44130440485381195,Fibroblast,G1,
cell_6606285,-0.08347953644487904,-0.9408042784838648,0.3285094100125968,Fibroblast,G2M,
cell_6606455,0.13335452108683088,-0.29310301658052407,-0.9467350579713514,Fibroblast,G0,
cell_6607012,0.38958407926322147,-0.5320158376133423,0.7517868388385657,Fibroblast,G2M,
cell_6615797,-0.6580760508133062,0.2018738355516688,0.7253846426297035,Fibroblast,G1,
cell_6617924,0.32935640582369435,-0.3525996107378155,0.875898186958908,Fibroblast,S,
cell_6619472,0.5711018496926503,0.8104520619857997,-0.1304232760703817,Fibroblast,G1,
cell_6619896,0.1924399656687407,-0.6693017920728578,-0.7176363512275864,Fibroblast,G0,
cell_6620852,-0.5870604326444553,0.15668365226798342,-0.7942355934696896,Fibroblast,G0,
cell_6622778,0.35258906700884646,0.5005590207136204,0.7906463552351933,Fibroblast,S,
cell_6624347,-0.7163343102481107,-0.543285261487759,0.4378426710130683,Fibroblast,G1,
cell_6627263,0.7159838158355786,-0.6002812408112674,0.3564120555375829,Fibroblast,S,
cell_6627604,-0.2940805194291246,0.7878128860839371,-0.5411723110591872,Fibroblast,G0,
cell_6628429,0.6805209786452202,0.4053367705991222,0.6104042015082191,Fibroblast,S,
cell_6631295,0.0938106019848324,0.5524653248910771,0.8282401617996453,Fibroblast,S,
cell_6631309,-0.16526682642767238,0.7612825307992893,-0.6270052998932462,Fibroblast,G0,
cell_6634345,0.45476301274658826,-0.3409146006868181,-0.8227804847669866,Fibroblast,G0,
cell_6636313,0.11021983295779475,-0.4368197334630233,-0.892771020701489,Fibroblast,G0,
cell_6639391,0.625331112198951,0.04130368730092049,-0.7792656024516688,Fibroblast,G0,
cell_6639553,-0.7443571755040953,-0.3014293627648244,0.5958797122298471,Fibroblast,G1,
cell_6640492,-0.883108939091698,-0.2906232685524416,0.368316030389553,Fibroblast,G1,
cell_6641112,0.44963840407937494,-0.49903252862710407,-0.740804879990981,Fibroblast,G0,
cell_6641222,0.45797581784721425,-0.30102190728255224,0.836447284015356,Fibroblast,S,
cell_6641761,0.17480773610624797,0.7846383290197031,0.5947983960757095,Fibroblast,S,
cell_6644829,0.562826967487988,-0.5139625870831822,-0.6473548316014159,Fibroblast,G0,
cell_6646187,0.37797760717523166,-0.1285968153956033,-0.9168401680802296,Fibroblast,G0,
cell_6647374,0.08660719441902559,0.3581978521847057,-0.9296199863083772,Fibroblast,G0,
cell_6648617,-0.1551761433346734,-0.8968280643825814,0.4142701135557143,Fibroblast,G2M,
cell_6653667,0.062291864996038615,-0.7438663628886882,-0.6654191083846275,Fibroblast,G0,
cell_6653737,0.18807771776611448,-0.9470471253772018,0.26024713824198875,Fibroblast,G2M,
cell_6655560,0.2575126830507757,0.2809694086760226,-0.9245233544747191,Fibroblast,G0,
cell_6655608,0.7632377721515979,-0.4973921320459345,0.4123943889520917,Fibroblast,S,
cell_6658371,-0.08541488845555151,0.6211438098952867,-0.7790279647991767,Fibroblast,G0,
cell_6660005,0.17664207591929693,-0.5756179836023231,-0.7984117616012525,Fibroblast,G0,
cell_6663213,0.8395811629643724,-0.26596442686564287,0.47367325796692006,Fibroblast,S,
cell_6663439,0.1925627503895525,0.6475224581018731,-0.7373157443481884,Fibroblast,G0,
cell_6663682,-0.5361418813349177,0.6250961156782838,-0.5672801239344022,Fibroblast,G0,
cell_6664676,0.5108794536810511,-0.38797791179815133,-0.7671214835530905,Fibroblast,G0,
cell_6669227,0.7586272981559654,-0.06801504741899773,0.6479649611602168,Fibroblast,S,
cell_6671710,0.6679221934412644,0.7409517860351895,0.069787961476179,Fibroblast,G1,
cell_6672324,0.7568019181678892,0.41349323098838314,0.5062354064443435,Fibroblast,S,
cell_6673186,0.8869896680946521,-0.3830235240350882,0.25795813542797075,Fibroblast,S,
cell_6674158,0.4147414596180929,0.2662887418774067,-0.8701032724192076,Fibroblast,G0,
cell_6674862,0.3667285451570347,-0.06080686721295972,-0.9283386106607954,Fibroblast,G0,
cell_6676698,0.618371887026796,0.16891853154347938,0.7675171570845883,Fibroblast,S,
cell_6677940,0.7152514587024612,0.5200076424896578,0.4669124988234321,Fibroblast,G1,
cell_6680296,-0.5653242716014426,-0.2638591758446678,0.7815285616157349,Fibroblast,G1,
cell_6680331,-0.11567066574454685,-0.669536168453591,-0.7337176876334918,Fibroblast,G0,
cell_6680660,0.2545927174769641,-0.27854888720225446,-0.9260631857744729,Fibroblast,G0,
cell_6681724,0.3434277660531271,-0.42718500796348935,0.8364033670275677,Fibroblast,G2M,
cell_6682464,0.2501929290171253,-0.5721028753256001,-0.7810899985393243,Fibroblast,G0,
cell_6683422,0.6975235031887403,0.290852691353229,0.6548782243540956,Fibroblast,S,
cell_6685688,0.0882069353515133,0.8423928513200358,-0.5315956015680013,Fibroblast,G0,
cell_6685840,-0.5800996084478629,0.5882858500962702,0.563386446501813,Fibroblast,G1,
cell_6688296,-0.43804863143923073,0.4340890506239771,-0.7871976120445942,Fibroblast,G1-G0 transition,
cell_6690436,0.6663944613391843,-0.24103634285947612,0.7055635530052801,Fibroblast,S,
cell_6690691,0.2987008849873064,0.2675632291750801,0.9160719496070113,Fibroblast,S,
cell_6690720,-0.06696983981708243,0.2379522228788905,-0.9689652184114526,Fibroblast,G0,
cell_6691546,-0.48837946910800656,0.4285057256547638,-0.7601765713483886,Fibroblast,G0,
cell_6695006,0.3767326854873943,0.3035605844583572,-0.8751705851936172,Fibroblast,G0,
cell_6695485,-0.4082568422531965,-0.7735561275329332,0.48470328748136815,Fibroblast,G2M,
cell_6697819,0.5164630624295625,-0.45873315916150037,0.7230695918072174,Fibroblast,S,
cell_6700744,-0.16896609227201365,-0.8609267212630319,0.47984952715403817,Fibroblast,G2M,
cell_6701154,-0.9766594207993755,0.08834541435553234,0.1957840535591311,Fibroblast,G1-G0 transition,
cell_6703475,-0.07086697511363865,-0.8472660383143585,0.5264199191415581,Fibroblast,G2M,
cell_6705207,0.8882412396766399,0.42363459151821303,0.17765447791749978,Fibroblast,G1,
cell_6706311,-0.8438285202325773,0.19675141255736459,0.49924181338992385,Fibroblast,G1,
cell_6709103,0.2905310206924687,0.9548245421324729,-0.06246535628837749,Fibroblast,G1-G0 transition,
cell_6710242,0.08658695221756502,0.9863973770829786,0.13972427913433894,Fibroblast,G1,
cell_6710360,-0.25631201023864736,0.8982173520621772,0.3570852456305552,Fibroblast,G1,
cell_6714739,-0.018156581231973057,0.2945511599676216,-0.9554633200192881,Fibroblast,G0,
cell_6717061,0.7487931385621139,-0.44182220477209855,0.4940669308004823,Fibroblast,S,
cell_6718394,0.7223784862545385,-0.08435228802795877,-0.6863338089818347,Fibroblast,G0,
cell_6719458,-0.8342212505404418,0.5155847672816192,-0.1955688969444919,Fibroblast,G1-G0 transition,
cell_6721313,-0.21617100946262807,0.8312412689787622,0.5121603554322448,Fibroblast,G1,
cell_6721662,0.6889884067206221,-0.02864841710594987,-0.7242058722119297,Fibroblast,G1-G0 transition,
cell_6725853,0.7962333804316031,-0.4462520547819212,0.40849925601646553,Fibroblast,S,
cell_6725861,0.36570057266199063,0.7612495765782816,0.5355016689881329,Fibroblast,S,
cell_6726075,0.5910261164255833,0.11091940463269773,0.7989899669444419,Fibroblast,S,
cell_6726351,0.17110679365951276,-0.16791876995833557,-0.9708376212449193,Fibroblast,G0,
cell_6726948,-0.205888466247656,0.45010572159463536,-0.8689159057303071,Fibroblast,G0,
cell_6728140,-0.15750152316726057,0.3870249699173426,-0.9085178222901518,Fibroblast,G0,
cell_6728409,0.40250007703447893,0.7948983359315945,0.4540157388618414,Fibroblast,S,
cell_6732087,-0.6024820505918981,0.4346964220321798,-0.6693685683462058,Fibroblast,G0,
cell_6733192,0.7614876774409528,0.5501977905858764,0.342664524578674,Fibroblast,G1,
cell_6734168,-0.6927991531922519,0.6256153388298806,0.3586570220685379,Fibroblast,G1-G0 transition,
cell_6736877,0.5563649300617671,0.7721902202671496,0.3068881324328719,Fibroblast,S,
cell_6738209,0.3272275529104881,-0.4034233290904945,-0.8545009099032516,Fibroblast,G0,
cell_6739364,-0.08186494204855937,-0.9137838143092546,0.397865725019368,Fibroblast,G2M,
cell_6742838,0.843986306122734,0.5218067300925802,0.12411687790029835,Fibroblast,G1,
cell_6743226,0.6094176032125913,-0.3783480626829111,-0.6967517538485275,Fibroblast,G0,
cell_6744263,0.5763722235911701,0.7595153584126203,0.3015484725530196,Fibroblast,G1,
cell_6744584,-0.7555763963139744,-0.5564742163702138,0.34560169633222293,Fibroblast,G1,
cell_6744872,-0.452607852739916,0.7029917252358984,-0.5485880169318486,Fibroblast,G0,
cell_6744933,0.748966841274237,0.5583742534091358,0.35674468940930787,Fibroblast,G1,
cell_6748548,0.8212235159300081,0.024006750507493166,0.570101439579201,Fibroblast,S,
cell_6749101,-0.4653518713288164,-0.32937185106813155,-0.8215603828401263,Fibroblast,G0,
cell_6752294,-0.3229435314485638,-0.1656816323790758,-0.9318031717855009,Fibroblast,G0,
cell_6752826,-0.6852519665990257,0.572590828666419,0.4500772189882032,Fibroblast,G1,
cell_6752985,0.39625121875755687,-0.52234589309764,-0.7550759706874594,Fibroblast,G0,
cell_6753982,0.7398766051980044,0.6679004252355318,0.08056972986938554,Fibroblast,G1,
cell_6755001,-0.2794866758354718,0.24107373606881843,-0.9293927118112999,Fibroblast,G0,
cell_6760946,-0.23436085350788663,-0.28050256322458,-0.930802422075226,Fibroblast,G0,
cell_6762956,-0.4676387049982963,0.11144053448138919,-0.8768666236742187,Fibroblast,G0,
cell_6768327,-0.17637687263488844,-0.9106986803550664,0.37352266461123884,Fibroblast,G2M,
cell_6769233,-0.7287524996062902,-0.5054495573811686,0.46199598732018937,Fibroblast,G1,
cell_6769811,-0.662249568319042,-0.5674590119814323,0.4893014940164655,Fibroblast,G1,
cell_6770313,-0.396122247590373,-0.11900311971316374,-0.9104534269461573,Fibroblast,G0,
cell_6771360,-0.38181568836085256,0.5525552214230591,-0.7408775325778203,Fibroblast,G0,
cell_6772664,-0.6881632312315638,0.3919776285070401,0.6105611668151916,Fibroblast,G1,
cell_6774692,-0.3368616788114801,-0.4998148445100846,-0.7979405207275353,Fibroblast,G0,
cell_6775966,0.900282281342464,-0.14160945744777903,0.41162901520873374,Fibroblast,S,
cell_6777580,-0.10905430684452158,-0.3978358596111584,-0.9109521677621106,Fibroblast,G0,
cell_6781181,0.34011181976238625,-0.7835468582173258,0.5199789692571761,Fibroblast,G2M,
cell_6787570,0.5061432546975274,-0.5550906435105736,-0.6600706134601918,Fibroblast,G0,
cell_6788202,-0.3299940944629005,-0.3465003119938398,-0.87808971070731,Fibroblast,G0,
cell_6789106,0.1544265288917166,-0.4951124165646484,-0.8549947538497182,Fibroblast,G0,
cell_6789509,0.25166575428166393,-0.22211079925388338,-0.9419825525956904,Fibroblast,G0,
cell_6789519,-0.21817915720216874,-0.9451955094697627,0.24290587742006112,Fibroblast,G2M,
cell_6789658,-0.46355119679262907,0.09259638695726553,-0.8812184488046573,Fibroblast,G0,
cell_6789722,-0.15203257366219042,-0.8914441871049458,0.4268646181052791,Fibroblast,G2M,
cell_6790510,0.3465631122670252,-0.02488137717682337,-0.9376966248988803,Fibroblast,G0,
cell_6790593,-0.038508708327347346,0.9790954096937499,0.1997229192849736,Fibroblast,G1-G0 transition,
cell_6792757,0.05592204557319469,0.5300742023134433,-0.8461052290183815,Fibroblast,G0,
cell_6794226,-0.6741193988131541,0.5893433917805698,0.44523857362042596,Fibroblast,G1,
cell_6794481,0.3467394054050898,-0.1215486541907799,-0.9300525591443378,Fibroblast,G0,
cell_6794514,-0.029717206442024302,0.6556241626968209,-0.7545023554031076,Fibroblast,G0,
